CLASE SINIESTRO,CANTIDAD DE VEHICULOS DAÑADOS,DEPARTAMENTO,ZONA,TIPO DE VÍA,RED VIAL,COORDENADAS LATITUD,COORDENADAS  LONGITUD,CONDICIÓN CLIMÁTICA,ZONIFICACIÓN,CARACTERÍSTICAS DE VÍA,PERFIL LONGITUDINAL VÍA,SUPERFICIE DE CALZADA,¿EXISTE SEÑAL VERTICAL?,¿EXISTE SEÑAL HORIZONTAL?,CAUSA FACTOR PRINCIPAL,AÑO,MES,DIA_SEMANA,ES_FIN_SEMANA,HORA_NUM,FRANJA_HORARIA,REGION_NATURAL,MTC_RVN_LONGITUD_KM,MTC_RVN_N_CARRILES_MEDIANA,MTC_RVN_SUPERFICIE_DOMINANTE,MTC_RVN_ESTADO_DOMINANTE,MTC_RVN_ES_CONCESIONADA,MTC_RVN_CONCESION_PRINCIPAL,MTC_RVN_CORREDOR_LOGISTICO,MTC_RVN_N_TRAMOS,IDH_2019,IDH_ESP_VIDA_2019,IDH_EDUC_SECUND_PCT_2019,IDH_ANIOS_EDUC_2019,IDH_INGRESO_PERCAP_2019,IDH_POBLACION_2019,MTC_DEP_RED_TOTAL_KM,MTC_DEP_NACIONAL_TOTAL_KM,MTC_DEP_DEPARTAMENTAL_TOTAL_KM,MTC_DEP_VECINAL_TOTAL_KM,MTC_DEP_PAV_TOTAL_KM,MTC_DEP_NO_PAV_TOTAL_KM,MTC_DEP_PCT_PAVIMENTADA,CATEGORIA_SEVERIDAD,CATEGORIA_SEVERIDAD_ENC
6,1,14,0,4,2,-11.4828792384881,-77.25554675971524,0,4,7,1,7,2,2,0,2021,1,4,0,4,0,0,6543.555,2.0,4,4,1.0,14,33,1198.0,0.6447048661877788,79.92873744030881,69.7224229508107,9.344738893386534,1220.4608925685638,104439.11563169166,7626.313,1683.4029999999998,1599.0829999999996,4343.827000000001,1814.875,5811.438000000001,23.797541485643197,LEVE,2
6,0,14,2,2,4,-12.2294,-76.859412,0,2,7,1,2,2,2,2,2021,1,4,0,5,0,0,6543.555,2.0,4,4,1.0,14,33,1198.0,0.6463106547105882,77.51872248135703,70.89234783689217,9.27899743443454,1279.2302833246192,140977.61456102785,7626.313,1683.4029999999998,1599.0829999999996,4343.827000000001,1814.875,5811.438000000001,23.797541485643197,GRAVE_LESIONADOS,0
1,1,12,2,4,2,-8.414865,-78.754544,0,0,7,1,2,2,2,0,2021,1,4,0,6,1,0,6543.555,2.0,4,4,1.0,14,33,1198.0,0.5051395598219868,77.13285387085847,51.52067479184955,6.715328807318118,900.900383457586,67612.41755888652,8931.828000000005,1335.5899999999997,1935.9830000000004,5660.255000000005,1219.309,7712.519000000005,13.651281686122925,GRAVE_MORTALIDAD,1
3,2,12,0,4,1,-8.432617,-78.772242,0,4,7,1,2,2,2,2,2021,1,4,0,7,1,0,6543.555,3.0,2,0,1.0,0,30,1475.0,0.5051395598219868,77.13285387085847,51.52067479184955,6.715328807318118,900.900383457586,67612.41755888652,8931.828000000005,1335.5899999999997,1935.9830000000004,5660.255000000005,1219.309,7712.519000000005,13.651281686122925,LEVE,2
0,0,14,2,2,4,-12.164406,-76.953426,0,2,7,1,2,2,2,2,2021,1,4,0,14,3,0,6543.555,2.0,4,4,1.0,14,33,1198.0,0.689811994580126,79.88015655965044,73.89553442371854,9.755251380104111,1409.8432274455126,452660.364025696,7626.313,1683.4029999999998,1599.0829999999996,4343.827000000001,1814.875,5811.438000000001,23.797541485643197,LEVE,2
3,2,21,2,6,4,-6.063829,-77.171368,2,0,1,1,4,1,1,2,2021,1,4,0,17,3,1,6543.555,2.0,4,4,1.0,14,33,1198.0,0.5963332411867256,73.80959983510441,63.34953560123128,8.251886446437874,1232.7304200473363,24031.167023554604,5645.136,815.0759999999999,965.298,3864.762,1013.406,4631.73,17.95184385283189,LEVE,2
4,1,13,0,4,1,-6.680472,-79.903582,0,2,0,1,2,1,0,0,2021,1,4,0,21,2,0,6543.555,3.0,2,0,1.0,0,30,1475.0,0.5539280527450423,74.69452916859504,66.89728158703436,9.542777400516576,872.5509264417765,79617.09421841543,3459.691,515.0619999999999,689.7280000000001,2254.901,703.3549999999999,2756.336,20.329994788551925,LEVE,2
3,2,19,2,7,4,-5.164955595374173,-80.65128116025174,0,4,1,1,4,1,1,2,2021,1,5,1,8,1,0,6543.555,2.0,4,4,1.0,14,33,1198.0,0.6582040223794163,78.74105515718446,77.3206684883171,11.334167841567446,1124.177237253568,178905.3426124197,8965.846000060003,1782.4120000599992,636.9959999999999,6546.438000000004,2214.505000059999,6751.341000000004,24.699342371541725,LEVE,2
3,2,11,2,4,1,-11.5916549,-76.0752901,0,0,2,0,2,1,1,0,2021,1,5,1,9,1,2,875.67,2.0,2,0,1.0,3,14,156.0,0.727764014102057,80.04798576459473,69.54405534495044,10.377666215391256,1632.8207901729563,4146.224839400427,12264.545,1826.4639999999995,1105.5389999999998,9332.542,1588.5359999999996,10676.009,12.952261987705208,LEVE,2
3,2,20,0,4,1,-14.92116,-70.204043,2,4,7,1,2,2,2,2,2021,1,5,1,13,3,2,1761.8050000000003,2.0,2,0,1.0,6,22,410.0,0.4384088880022875,66.28408395269946,71.45267205250292,8.282733608109961,563.5418969725097,28239.627408993576,13642.312999999998,2020.7790000000005,2354.117,9267.416999999998,3314.0520000000006,10328.260999999997,24.29244952817019,LEVE,2
0,1,1,2,2,4,-9.103893283331551,-78.5542565472423,0,0,7,1,2,2,2,4,2021,1,5,1,21,2,2,6543.555,2.0,4,4,1.0,14,33,1198.0,0.6138280897610826,78.84695742989106,71.99259200326753,9.438855747011283,1055.78291711923,196830.83083511775,10767.648,1885.0630000000003,1222.721,7659.864000000001,2100.343,8667.305000000002,19.506051832303577,LEVE,2
3,2,19,2,4,0,-4.904804841419826,-80.81424317099258,0,4,7,1,2,0,0,2,2021,1,5,1,22,2,0,6543.555,2.0,4,4,1.0,14,33,1198.0,0.5214892169331304,81.30000138777692,64.69217807020043,6.638648670954715,828.5092750539112,9423.963597430407,8965.846000060003,1782.4120000599992,636.9959999999999,6546.438000000004,2214.505000059999,6751.341000000004,24.699342371541725,GRAVE_LESIONADOS,0
1,0,14,2,4,1,-12.225604,-76.971698,7,0,7,1,2,2,2,0,2021,1,6,1,0,0,0,6639.975,2.0,2,0,1.0,9,31,1616.0,0.6990481232857558,80.14597904142546,74.3851677794309,10.004397644056358,1432.5044292531525,459161.0728051392,7626.313,1683.4029999999998,1599.0829999999996,4343.827000000001,1814.875,5811.438000000001,23.797541485643197,LEVE,2
3,2,12,0,4,1,-7.84524,-79.150883,0,4,7,1,2,2,2,2,2021,1,6,1,9,1,0,6543.555,3.0,2,0,1.0,0,30,1475.0,0.5721567587688113,77.67102283812494,66.21373667954742,8.464777379360486,978.4498488219192,15563.077087794432,8931.828000000005,1335.5899999999997,1935.9830000000004,5660.255000000005,1219.309,7712.519000000005,13.651281686122925,LEVE,2
6,1,14,0,4,1,-10.88706939738808,-76.98079339602495,2,4,5,1,2,1,0,2,2021,1,6,1,16,3,0,1422.177,2.0,2,0,0.0,9,19,698.0,0.1640584330946609,78.15551662977417,55.49596103687552,6.225471087869532,64.54263566018727,1889.8800856531047,7626.313,1683.4029999999998,1599.0829999999996,4343.827000000001,1814.875,5811.438000000001,23.797541485643197,GRAVE_LESIONADOS,0
0,1,11,0,4,1,-11.299122793253288,-74.54719269575503,5,4,0,1,4,2,2,0,2021,1,6,1,20,2,2,5768.608,2.0,3,1,0.0,9,32,365.0,0.4285012061956566,75.41084938147766,60.01133023046341,7.293281496635318,514.084282951313,59216.39149500083,12264.545,1826.4639999999995,1105.5389999999998,9332.542,1588.5359999999996,10676.009,12.952261987705208,LEVE,2
0,1,12,2,4,1,-8.42432,-78.781809,0,4,7,1,2,2,2,2,2021,1,6,1,21,2,0,6543.555,3.0,2,0,1.0,0,30,1475.0,0.5051395598219868,77.13285387085847,51.52067479184955,6.715328807318118,900.900383457586,67612.41755888652,8931.828000000005,1335.5899999999997,1935.9830000000004,5660.255000000005,1219.309,7712.519000000005,13.651281686122925,LEVE,2
0,0,14,2,2,4,-12.026010259318932,-76.91912179578782,0,0,7,1,2,2,2,2,2021,1,0,0,1,0,0,6543.555,2.0,4,4,1.0,14,33,1198.0,0.6868549636939637,79.62363164345142,76.30894566128948,9.209137883551294,1425.4498631666322,684921.8484148846,7626.313,1683.4029999999998,1599.0829999999996,4343.827000000001,1814.875,5811.438000000001,23.797541485643197,LEVE,2
1,0,19,0,4,2,-5.334099525062091,-79.44716669304513,0,4,2,0,1,2,2,2,2021,1,0,0,4,0,0,6543.555,2.0,4,4,1.0,14,33,1198.0,0.19695808516567,66.95465978688351,41.09367215810477,3.7622106329648792,148.02988722938625,10412.837259100645,8965.846000060003,1782.4120000599992,636.9959999999999,6546.438000000004,2214.505000059999,6751.341000000004,24.699342371541725,LEVE,2
3,2,3,0,4,1,-16.528801,-71.758877,5,4,7,1,2,1,1,2,2021,1,0,0,4,0,0,1504.4250000000002,2.0,2,0,1.0,7,25,241.0,0.6105481451420971,78.10653088113892,68.35418098658066,8.411557426919764,1158.5430895193692,35025.678800856535,10322.272,1495.236,1749.739,7077.2970000000005,2886.595,7435.677000000001,27.964725207783708,LEVE,2
3,2,1,0,4,1,-9.48456685315444,-78.27405272080628,0,4,1,0,2,2,2,2,2021,1,0,0,7,1,2,6543.555,3.0,2,0,1.0,0,30,1475.0,0.5873460606982213,78.04758132038613,65.8701248560095,8.596987164492063,1041.0659985770535,35482.29764453961,10767.648,1885.0630000000003,1222.721,7659.864000000001,2100.343,8667.305000000002,19.506051832303577,LEVE,2
7,0,7,0,4,3,-13.234828053175768,-71.49185821194068,0,4,2,0,7,2,2,6,2021,1,0,0,15,3,2,6543.555,2.0,4,4,1.0,14,33,1198.0,0.2466226927938573,59.50771953912937,42.678907967899015,3.991373779253808,285.51302601039464,12676.173447537472,17779.13499998999,2097.3709999899997,2863.123,12818.640999999989,2878.713,14900.421999989989,16.19152450331032,LEVE,2
3,1,20,0,4,0,-16.687,-69.176,6,5,6,2,6,2,2,0,2021,1,0,0,20,2,2,6543.555,2.0,4,4,1.0,14,33,1198.0,0.3395425415266465,75.63312664085699,79.14276868152973,8.009431562906503,229.36973523840712,20389.45182012848,13642.312999999998,2020.7790000000005,2354.117,9267.416999999998,3314.0520000000006,10328.260999999997,24.29244952817019,LEVE,2
3,2,12,0,4,1,-7.41567,-79.548581,0,4,7,1,2,2,2,2,2021,1,0,0,20,2,0,6543.555,3.0,2,0,1.0,0,30,1475.0,0.5968586479601472,81.56479096531379,74.23398565025978,9.72444636404026,898.7633596995952,27553.955032119917,8931.828000000005,1335.5899999999997,1935.9830000000004,5660.255000000005,1219.309,7712.519000000005,13.651281686122925,LEVE,2
3,2,3,2,4,1,-16.6066661330461,-72.6996068528726,0,4,5,0,2,2,2,0,2021,1,0,0,21,2,0,6639.975,2.0,2,0,1.0,9,31,1616.0,0.6438160463426852,84.71218617950387,69.3595667037428,8.966372569949256,1152.2024707992498,16526.967880085653,10322.272,1495.236,1749.739,7077.2970000000005,2886.595,7435.677000000001,27.964725207783708,LEVE,2
2,0,11,2,2,4,-12.0596872,-75.2879895,0,0,0,0,2,1,1,6,2021,1,1,0,10,1,2,6543.555,2.0,4,4,1.0,14,33,1198.0,0.5484926229087004,71.68710358104774,72.11550957589158,9.507801722229406,870.5033230695167,21173.26124197002,12264.545,1826.4639999999995,1105.5389999999998,9332.542,1588.5359999999996,10676.009,12.952261987705208,LEVE,2
0,0,2,0,4,1,-14.51889722017264,-73.2761202903143,0,4,7,1,2,1,0,4,2021,1,1,0,17,3,2,2238.6850000000004,2.0,2,0,1.0,4,27,115.0,0.3664074671664916,64.98461839600242,49.21626723104894,6.514538355458617,485.1304734113088,4508.062098501071,8358.971,1282.451,1298.0969999999998,5778.423,1432.683,6926.288,17.139466089785454,LEVE,2
1,0,14,2,4,1,-10.788981442173975,-77.71142585156548,0,4,7,0,2,2,2,0,2021,1,1,0,23,2,0,6543.555,3.0,2,0,1.0,0,30,1475.0,0.6308271130775358,79.95164649343668,65.83291929627318,8.147513189673957,1280.4873677124128,24646.92291220557,7626.313,1683.4029999999998,1599.0829999999996,4343.827000000001,1814.875,5811.438000000001,23.797541485643197,LEVE,2
0,1,20,0,4,1,-15.257925,-69.876396,2,4,7,1,2,1,1,4,2021,1,2,0,6,1,2,1762.84,2.0,1,0,0.0,9,32,485.0,0.3120136684565522,74.56643070176949,67.13828218150482,6.277409990126978,231.9912855577296,12390.518201284798,13642.312999999998,2020.7790000000005,2354.117,9267.416999999998,3314.0520000000006,10328.260999999997,24.29244952817019,LEVE,2
1,0,11,0,4,1,-12.2348153,-75.1553866,0,4,7,1,2,2,2,0,2021,1,2,0,7,1,2,7586.903,2.0,2,0,1.0,9,5,1198.0,0.1854661422104703,75.42543174369051,49.2342895519335,4.358203261955064,97.8282950369456,1421.4218415417567,12264.545,1826.4639999999995,1105.5389999999998,9332.542,1588.5359999999996,10676.009,12.952261987705208,LEVE,2
3,0,14,2,2,4,-12.173039,-76.995706,0,0,7,1,2,2,2,2,2021,1,2,0,20,2,0,6543.555,2.0,4,4,1.0,14,33,1198.0,0.7583553928164398,79.82595632107274,76.7651270103073,11.46351379457763,1662.7771470294065,333655.3618843683,7626.313,1683.4029999999998,1599.0829999999996,4343.827000000001,1814.875,5811.438000000001,23.797541485643197,GRAVE_MORTALIDAD,1
6,1,7,0,4,2,-12.58222,-72.39343,0,4,0,0,2,2,2,0,2021,1,3,0,12,3,2,6543.555,2.0,4,4,1.0,14,33,1198.0,0.3224274496902619,73.65891617421137,66.5279854491578,5.808947591818988,270.08697278161645,17387.97858672377,17779.13499998999,2097.3709999899997,2863.123,12818.640999999989,2878.713,14900.421999989989,16.19152450331032,LEVE,2
0,1,1,0,4,1,-9.004006503532352,-78.61846985128324,0,4,7,1,2,2,2,4,2021,1,3,0,19,2,2,6543.555,3.0,2,0,1.0,0,30,1475.0,0.5751416396314166,79.13313360862875,61.07686741629993,7.835804203082414,1055.1585250692096,20995.070663811563,10767.648,1885.0630000000003,1222.721,7659.864000000001,2100.343,8667.305000000002,19.506051832303577,LEVE,2
3,1,10,2,4,1,-14.11280351736792,-75.71768884490805,0,3,7,1,2,2,2,2,2021,1,4,0,5,0,0,6639.975,2.0,2,0,1.0,9,31,1616.0,0.6017391761868336,78.042802452235,72.28583389723312,10.31007692281154,958.0333772224832,5487.43897216274,3721.461,698.1859999999996,744.866,2278.409,1102.9029999999996,2618.558,29.636290693359403,LEVE,2
3,2,20,2,2,4,-15.511687,-70.125365,2,0,1,1,2,1,0,2,2021,1,4,0,20,2,2,6543.555,2.0,4,4,1.0,14,33,1198.0,0.5759734352119,73.55929462493827,78.89306383943827,10.174966342239475,888.1716010638444,232834.39603082248,13642.312999999998,2020.7790000000005,2354.117,9267.416999999998,3314.0520000000006,10328.260999999997,24.29244952817019,LEVE,2
3,2,3,0,4,1,-15.296713,-74.915512,0,4,7,1,2,2,2,0,2021,1,5,1,6,1,0,6639.975,2.0,2,0,1.0,9,31,1616.0,0.5140293355498681,82.11897853059659,54.01885147561242,9.200693902288776,697.8064626086847,1477.7837259100645,10322.272,1495.236,1749.739,7077.2970000000005,2886.595,7435.677000000001,27.964725207783708,GRAVE_MORTALIDAD,1
3,2,7,0,4,2,-14.255447,-72.051308,0,4,7,1,2,2,2,0,2021,1,5,1,8,1,2,6543.555,2.0,4,4,1.0,14,33,1198.0,0.3582063239468129,73.72125513625039,50.68912238545782,4.370934077592676,495.5648271945098,7210.27408993576,17779.13499998999,2097.3709999899997,2863.123,12818.640999999989,2878.713,14900.421999989989,16.19152450331032,LEVE,2
6,0,14,2,2,4,-11.980617,-77.012747,0,0,7,1,2,2,2,6,2021,1,5,1,10,1,0,6543.555,2.0,4,4,1.0,14,33,1198.0,0.701053025277506,79.62867561460851,73.1469484600971,10.064317505194426,1464.6926161541437,1150285.0494171206,7626.313,1683.4029999999998,1599.0829999999996,4343.827000000001,1814.875,5811.438000000001,23.797541485643197,LEVE,2
6,1,13,0,4,2,-6.821616,-79.855199,0,4,7,1,2,2,2,0,2021,1,5,1,15,3,0,6543.555,2.0,4,4,1.0,14,33,1198.0,0.5698121065713132,80.7750211042815,73.24532007426484,9.611369875155264,807.8835749369007,96903.36830835116,3459.691,515.0619999999999,689.7280000000001,2254.901,703.3549999999999,2756.336,20.329994788551925,LEVE,2
3,2,14,0,4,1,-10.658884060554785,-77.6526383087629,7,4,0,1,2,0,1,2,2021,1,5,1,16,3,0,1031.172,-1.0,1,0,0.0,9,32,405.0,0.6089995249782627,83.27989923505345,68.21266463461673,7.753898352965485,1106.793700553604,19807.916488222698,7626.313,1683.4029999999998,1599.0829999999996,4343.827000000001,1814.875,5811.438000000001,23.797541485643197,GRAVE_LESIONADOS,0
3,2,10,2,4,1,-13.963668753161592,-75.69515216658996,0,1,7,1,2,2,2,2,2021,1,5,1,19,2,0,583.2950000000001,1.0,1,3,0.0,9,32,248.0,0.6267320904570742,78.75055145863993,77.68950629139908,9.132898531488795,1104.4394499003888,6644.670235546039,3721.461,698.1859999999996,744.866,2278.409,1102.9029999999996,2618.558,29.636290693359403,LEVE,2
0,1,13,2,4,1,-6.145723,-79.718245,0,3,0,0,2,1,1,0,2021,1,6,1,2,0,0,1305.18,2.0,2,0,1.0,1,20,163.0,0.4974674218418852,75.93907983080418,58.3357972839862,7.69595447676265,761.2908213145297,28734.96573875803,3459.691,515.0619999999999,689.7280000000001,2254.901,703.3549999999999,2756.336,20.329994788551925,LEVE,2
1,0,14,0,4,1,-11.030083804634163,-77.5926482784233,0,4,7,1,2,2,2,0,2021,1,6,1,5,0,0,6543.555,3.0,2,0,1.0,0,30,1475.0,0.6058977644686256,75.86009868534626,65.24867654925505,8.328201694517173,1216.0018080234922,26242.524625267662,7626.313,1683.4029999999998,1599.0829999999996,4343.827000000001,1814.875,5811.438000000001,23.797541485643197,LEVE,2
3,2,21,2,4,1,-6.039758,-77.060566,0,4,7,1,2,1,0,2,2021,1,6,1,5,0,1,7758.33400008,2.0,2,0,1.0,9,20,2133.0,0.5147882301210585,74.70882653725891,51.74890369370718,6.543161279603341,1011.2929178100565,4267.862955032119,5645.136,815.0759999999999,965.298,3864.762,1013.406,4631.73,17.95184385283189,LEVE,2
3,2,12,0,4,2,-7.723725,-79.342576,0,4,7,1,2,2,2,0,2021,1,6,1,12,3,0,6543.555,2.0,4,4,1.0,14,33,1198.0,0.5345074857798321,76.79673752589963,64.57887254166187,7.835494818831411,867.2803588353443,27037.03854389721,8931.828000000005,1335.5899999999997,1935.9830000000004,5660.255000000005,1219.309,7712.519000000005,13.651281686122925,LEVE,2
10,1,13,0,4,1,-6.880811,-79.363869,0,4,9,1,2,1,1,2,2021,1,6,1,14,3,0,574.472,1.0,2,3,1.0,9,32,139.0,0.4828871661592251,81.92459531274005,52.45086805096869,7.420303097580289,677.0859623339926,2320.618843683083,3459.691,515.0619999999999,689.7280000000001,2254.901,703.3549999999999,2756.336,20.329994788551925,LEVE,2
3,3,9,2,4,1,-9.913026,-76.23101,0,4,7,0,2,2,2,2,2021,1,6,1,20,2,2,693.175,2.0,2,3,0.0,9,10,249.0,0.6180444460983137,74.03039022888252,77.03642562714263,10.109576076622472,1095.6415212894094,74635.5374732334,8209.057,1333.4779999999996,791.9770000000001,6083.602,1059.8589999999997,7149.198,12.910849565303296,LEVE,2
3,2,14,0,4,1,-11.605630713512038,-77.24177233479881,0,4,7,1,2,1,0,2,2021,1,6,1,20,2,0,6543.555,3.0,2,0,1.0,0,30,1475.0,0.6328991168419597,79.8522840328396,72.51785912375117,8.65057438382499,1190.6734036432963,65701.61456102783,7626.313,1683.4029999999998,1599.0829999999996,4343.827000000001,1814.875,5811.438000000001,23.797541485643197,LEVE,2
0,1,13,0,4,1,-6.637867,-79.950015,0,4,7,1,2,2,2,0,2021,1,0,0,1,0,0,6543.555,3.0,2,0,1.0,0,30,1475.0,0.5539280527450423,74.69452916859504,66.89728158703436,9.542777400516576,872.5509264417765,79617.09421841543,3459.691,515.0619999999999,689.7280000000001,2254.901,703.3549999999999,2756.336,20.329994788551925,LEVE,2
6,1,22,0,4,1,-17.4667790645833,-70.0345603030153,0,4,7,0,2,2,2,2,2021,1,0,0,6,1,0,1139.285,1.0,1,3,0.0,9,32,176.0,0.479144354938278,77.10269572406608,76.83021049540254,8.144639641847931,567.9442590994697,3239.852248394004,2650.572,630.6729999999998,487.3610000000001,1532.5379999999998,1068.7019999999998,1581.87,40.31967439480987,LEVE,2
0,1,7,0,4,1,-14.9720021054264,-71.1823097310146,5,4,7,1,7,1,0,0,2021,1,0,0,7,1,2,568.5409999999999,1.0,2,3,0.0,9,3,93.0,0.3491291336434085,68.34579473193322,63.63866309000273,4.984551874124405,419.36068685534286,1114.627408993576,17779.13499998999,2097.3709999899997,2863.123,12818.640999999989,2878.713,14900.421999989989,16.19152450331032,LEVE,2
3,2,12,0,4,1,-7.743064,-79.08115,0,4,7,1,2,2,2,2,2021,1,0,0,7,1,0,748.6850000000001,2.0,2,0,0.0,9,32,215.0,0.5721567587688113,77.67102283812494,66.21373667954742,8.464777379360486,978.4498488219192,15563.077087794432,8931.828000000005,1335.5899999999997,1935.9830000000004,5660.255000000005,1219.309,7712.519000000005,13.651281686122925,GRAVE_LESIONADOS,0
6,0,14,2,2,4,-12.1622,-76.943612,0,2,7,1,2,2,2,0,2021,1,0,0,9,1,0,6543.555,2.0,4,4,1.0,14,33,1198.0,0.689811994580126,79.88015655965044,73.89553442371854,9.755251380104111,1409.8432274455126,452660.364025696,7626.313,1683.4029999999998,1599.0829999999996,4343.827000000001,1814.875,5811.438000000001,23.797541485643197,LEVE,2
3,2,10,0,4,2,-15.379907203177597,-75.13640471810838,7,4,7,1,7,2,2,2,2021,1,0,0,10,1,0,6543.555,2.0,4,4,1.0,14,33,1198.0,0.5563774842369664,77.00938809632027,69.10246351364754,8.476961866273152,914.8835608305218,27932.19700214133,3721.461,698.1859999999996,744.866,2278.409,1102.9029999999996,2618.558,29.636290693359403,LEVE,2
3,2,17,2,4,1,-17.192137,-70.918786,7,0,7,0,2,1,0,2,2021,1,0,0,10,1,0,1529.105,2.0,2,0,1.0,9,21,200.0,0.7019393796398946,77.75173796903684,74.13909206921859,10.843210004831542,1446.2028877191838,64680.35760171306,2949.174,470.28500000000025,903.055,1575.834,866.4460000000004,2082.728,29.37927704503025,LEVE,2
6,1,20,0,4,1,-15.617333238431144,-70.32051956332245,0,4,7,1,2,1,1,2,2021,1,0,0,13,3,2,1504.4250000000002,2.0,2,0,1.0,7,25,241.0,0.3295055776475686,72.2087445727939,72.62976900035994,6.627409791568738,260.5608856829442,4240.3019271948615,13642.312999999998,2020.7790000000005,2354.117,9267.416999999998,3314.0520000000006,10328.260999999997,24.29244952817019,LEVE,2
6,1,12,0,4,0,-7.692107,-77.663357,0,4,0,0,1,2,2,0,2021,1,0,0,20,2,0,6543.555,2.0,4,4,1.0,14,33,1198.0,0.4686292122960986,72.39347765706144,42.14285241633188,6.687776775372348,878.2652317159998,9440.374732334049,8931.828000000005,1335.5899999999997,1935.9830000000004,5660.255000000005,1219.309,7712.519000000005,13.651281686122925,LEVE,2
3,3,13,2,4,1,-6.152203,-79.710059,7,3,7,1,2,1,0,0,2021,1,1,0,11,1,0,1305.18,2.0,2,0,1.0,1,20,163.0,0.4974674218418852,75.93907983080418,58.3357972839862,7.69595447676265,761.2908213145297,28734.96573875803,3459.691,515.0619999999999,689.7280000000001,2254.901,703.3549999999999,2756.336,20.329994788551925,LEVE,2
6,1,17,0,4,0,-16.144516,-70.5461854,7,4,7,1,7,2,2,2,2021,1,1,0,12,3,0,6543.555,2.0,4,4,1.0,14,33,1198.0,0.4873313348483032,78.36690571029916,72.34237646190944,7.900640422821254,610.3461810518504,4189.880085653104,2949.174,470.28500000000025,903.055,1575.834,866.4460000000004,2082.728,29.37927704503025,LEVE,2
3,3,14,0,4,1,-11.18428545214436,-77.57624035482478,0,4,7,1,2,2,2,6,2021,1,1,0,19,2,0,6543.555,3.0,2,0,1.0,0,30,1475.0,0.7327345537337897,78.20903814342847,76.31492653513806,13.642917835589472,1405.6698219039215,62016.21841541756,7626.313,1683.4029999999998,1599.0829999999996,4343.827000000001,1814.875,5811.438000000001,23.797541485643197,LEVE,2
1,1,12,0,4,1,-7.879217,-79.130121,0,4,7,1,2,2,2,0,2021,1,2,0,3,0,0,6543.555,3.0,2,0,1.0,0,30,1475.0,0.5721567587688113,77.67102283812494,66.21373667954742,8.464777379360486,978.4498488219192,15563.077087794432,8931.828000000005,1335.5899999999997,1935.9830000000004,5660.255000000005,1219.309,7712.519000000005,13.651281686122925,LEVE,2
0,1,11,2,4,1,-11.9379866,-75.3100902,0,4,7,0,2,1,1,4,2021,1,2,0,5,0,2,7586.903,2.0,2,0,1.0,9,5,1198.0,0.5461790591051493,72.19386023762785,72.7128913820118,9.62011242666309,841.9001076549624,11141.967880085656,12264.545,1826.4639999999995,1105.5389999999998,9332.542,1588.5359999999996,10676.009,12.952261987705208,LEVE,2
6,1,20,0,4,3,-14.362895,-69.605853,5,4,5,0,7,2,2,2,2021,1,2,0,10,1,2,6543.555,2.0,4,4,1.0,14,33,1198.0,0.2146081196987753,73.91109969634066,52.05922625223997,4.7184311369476415,126.3734004867676,3495.2077087794432,13642.312999999998,2020.7790000000005,2354.117,9267.416999999998,3314.0520000000006,10328.260999999997,24.29244952817019,LEVE,2
3,3,18,0,4,1,-10.8866919,-76.0892939,2,4,7,1,2,2,2,0,2021,1,2,0,19,2,2,9936.932,2.0,2,0,1.0,9,32,3830.0,0.3809805024475937,74.2650289070001,82.89783498714431,7.452077577745868,324.00556378663055,3505.5546038543894,3677.119863,564.5869999999999,910.845,2201.687863000001,590.8779999999998,3086.2418630000006,16.06904376290656,LEVE,2
10,1,21,0,4,0,-5.986513,-77.189591,0,4,7,1,2,2,2,2,2021,1,3,0,0,0,1,6543.555,2.0,4,4,1.0,14,33,1198.0,0.4373955627788819,76.3317023344811,38.415843335752136,5.060708244370348,846.7805495484145,1935.1820128479656,5645.136,815.0759999999999,965.298,3864.762,1013.406,4631.73,17.95184385283189,LEVE,2
6,1,3,0,4,1,-16.500643,-72.4077,0,4,7,1,2,2,2,0,2021,1,3,0,0,0,0,6639.975,2.0,2,0,1.0,9,31,1616.0,0.6077843615696785,76.53072135400231,69.81276959706165,8.77367759087771,1135.5159013374655,74658.55888650964,10322.272,1495.236,1749.739,7077.2970000000005,2886.595,7435.677000000001,27.964725207783708,LEVE,2
10,1,14,2,7,4,-12.252695,-76.898016,0,0,7,0,2,2,2,2,2021,1,3,0,1,0,0,6543.555,2.0,4,4,1.0,14,33,1198.0,0.6909236767275176,78.41626133969348,70.97436336767564,9.826485374940413,1476.8351947609171,95908.53319057816,7626.313,1683.4029999999998,1599.0829999999996,4343.827000000001,1814.875,5811.438000000001,23.797541485643197,LEVE,2
0,1,14,2,2,4,-12.0436,-76.971412,0,2,7,1,2,2,2,2,2021,1,3,0,6,1,0,6543.555,2.0,4,4,1.0,14,33,1198.0,0.7347309224519117,80.70014842215761,76.47981423089655,10.519505095866096,1571.8150981252256,229834.5310492505,7626.313,1683.4029999999998,1599.0829999999996,4343.827000000001,1814.875,5811.438000000001,23.797541485643197,LEVE,2
3,2,3,2,3,4,-16.354465086246055,-72.18903239920719,0,3,1,0,2,1,1,2,2021,1,3,0,13,3,0,6543.555,2.0,4,4,1.0,14,33,1198.0,0.6077843615696785,76.53072135400231,69.81276959706165,8.77367759087771,1135.5159013374655,74658.55888650964,10322.272,1495.236,1749.739,7077.2970000000005,2886.595,7435.677000000001,27.964725207783708,LEVE,2