CLASE SINIESTRO,CANTIDAD DE VEHICULOS DAÑADOS,DEPARTAMENTO,ZONA,TIPO DE VÍA,RED VIAL,COORDENADAS LATITUD,COORDENADAS  LONGITUD,CONDICIÓN CLIMÁTICA,ZONIFICACIÓN,CARACTERÍSTICAS DE VÍA,PERFIL LONGITUDINAL VÍA,SUPERFICIE DE CALZADA,¿EXISTE SEÑAL VERTICAL?,¿EXISTE SEÑAL HORIZONTAL?,CAUSA FACTOR PRINCIPAL,AÑO,MES,DIA_SEMANA,ES_FIN_SEMANA,HORA_NUM,FRANJA_HORARIA,REGION_NATURAL,MTC_RVN_LONGITUD_KM,MTC_RVN_N_CARRILES_MEDIANA,MTC_RVN_SUPERFICIE_DOMINANTE,MTC_RVN_ESTADO_DOMINANTE,MTC_RVN_ES_CONCESIONADA,MTC_RVN_CONCESION_PRINCIPAL,MTC_RVN_CORREDOR_LOGISTICO,MTC_RVN_N_TRAMOS,IDH_2019,IDH_ESP_VIDA_2019,IDH_EDUC_SECUND_PCT_2019,IDH_ANIOS_EDUC_2019,IDH_INGRESO_PERCAP_2019,IDH_POBLACION_2019,MTC_DEP_RED_TOTAL_KM,MTC_DEP_NACIONAL_TOTAL_KM,MTC_DEP_DEPARTAMENTAL_TOTAL_KM,MTC_DEP_VECINAL_TOTAL_KM,MTC_DEP_PAV_TOTAL_KM,MTC_DEP_NO_PAV_TOTAL_KM,MTC_DEP_PCT_PAVIMENTADA,CATEGORIA_SEVERIDAD,CATEGORIA_SEVERIDAD_ENC
3,2,13,2,4,1,-6.985744,-79.629806,0,3,7,1,2,1,0,0,2021,1,2,0,16,3,0,6543.555,3.0,2,0,1.0,0,30,1475.0,0.5328313946151968,80.14557682903842,69.10246351364754,7.779461377421685,787.1306410578989,10221.605995717344,3459.691,515.0619999999999,689.7280000000001,2254.901,703.3549999999999,2756.336,20.329994788551925,LEVE,2
6,1,11,0,4,1,-11.4378895,-75.935218,2,4,7,1,2,1,1,0,2021,1,2,0,18,2,2,9936.932,2.0,2,0,1.0,9,32,3830.0,0.6020098864645433,75.79573668887026,73.05899519649367,9.146056396622448,1068.3131989230606,1494.9850107066384,12264.545,1826.4639999999995,1105.5389999999998,9332.542,1588.5359999999996,10676.009,12.952261987705208,LEVE,2
5,1,14,0,4,1,-11.932369,-77.072179,0,4,7,1,2,2,2,2,2021,1,3,0,5,0,0,6543.555,3.0,2,0,1.0,0,30,1475.0,0.7218926988400113,80.0902077245261,77.9581888264889,10.971588327733102,1458.3206086290393,530000.3426124197,7626.313,1683.4029999999998,1599.0829999999996,4343.827000000001,1814.875,5811.438000000001,23.797541485643197,LEVE,2
3,2,19,0,4,1,-5.573981,-80.580521,0,4,2,1,2,2,2,2,2021,1,3,0,16,3,0,6543.555,3.0,2,0,1.0,0,30,1475.0,0.418056282317269,71.12284878359286,55.374588951304105,6.512474484123322,581.5384507227678,4274.164882226981,8965.846000060003,1782.4120000599992,636.9959999999999,6546.438000000004,2214.505000059999,6751.341000000004,24.699342371541725,GRAVE_LESIONADOS,0
3,0,14,2,2,4,-11.89,-77.02691153,0,0,1,1,2,2,2,0,2021,1,3,0,17,3,0,6543.555,2.0,4,4,1.0,14,33,1198.0,0.6498693508177541,78.84967382596041,74.11456675539837,9.21786785255454,1246.479589064551,356854.23554603854,7626.313,1683.4029999999998,1599.0829999999996,4343.827000000001,1814.875,5811.438000000001,23.797541485643197,LEVE,2
0,1,13,2,4,1,-6.876218,-79.816787,0,3,7,0,1,2,2,0,2021,1,4,0,7,1,0,6543.555,3.0,2,0,1.0,0,30,1475.0,0.5641992796027862,80.882527751483,65.9094339982314,9.073972195368588,853.0395030552988,16475.406852248394,3459.691,515.0619999999999,689.7280000000001,2254.901,703.3549999999999,2756.336,20.329994788551925,LEVE,2
6,1,0,0,4,1,-6.3407682286398686,-77.50705857466426,0,4,0,1,1,2,2,0,2021,1,4,0,8,1,1,2760.8550000000005,1.0,1,3,0.0,9,32,1208.0,0.4828187626600175,73.00435172260774,53.83169450284718,6.391832856849296,866.1359969875144,1369.3297644539612,3903.732,1155.121,585.018,2163.5930000000003,943.591,2960.1410000000005,24.17151074920102,GRAVE_MORTALIDAD,1
3,1,14,2,2,4,-12.02939938288795,-77.01008051633836,0,0,7,1,2,2,2,2,2021,1,4,0,10,1,0,6543.555,2.0,4,4,1.0,14,33,1198.0,0.701053025277506,79.62867561460851,73.1469484600971,10.064317505194426,1464.6926161541437,1150285.0494171206,7626.313,1683.4029999999998,1599.0829999999996,4343.827000000001,1814.875,5811.438000000001,23.797541485643197,LEVE,2
3,2,20,0,4,1,-15.6609065,-70.4690692,7,4,7,1,2,0,1,2,2021,1,4,0,11,1,2,1504.4250000000002,2.0,2,0,1.0,7,25,241.0,0.4387767884413746,74.08026937973001,72.73571788884047,7.487249530915593,506.6407671536068,4885.396145610278,13642.312999999998,2020.7790000000005,2354.117,9267.416999999998,3314.0520000000006,10328.260999999997,24.29244952817019,GRAVE_MORTALIDAD,1
6,1,1,0,4,1,-9.5553723,-77.6120294,2,4,0,0,2,1,0,2,2021,1,4,0,17,3,2,729.0909999999999,1.0,2,0,0.0,9,4,195.0,0.5849977076393457,75.29860916717843,73.3703897539794,9.670945225325228,958.0920369809884,78605.04710920772,10767.648,1885.0630000000003,1222.721,7659.864000000001,2100.343,8667.305000000002,19.506051832303577,GRAVE_LESIONADOS,0
0,1,20,0,4,1,-15.5359261,-70.1144705,0,4,7,1,2,0,1,6,2021,1,4,0,20,2,2,7586.903,2.0,2,0,1.0,9,5,1198.0,0.3646929504779869,74.39003066237748,63.71456574957328,5.594162012040831,387.0285253251433,5552.2119914346895,13642.312999999998,2020.7790000000005,2354.117,9267.416999999998,3314.0520000000006,10328.260999999997,24.29244952817019,LEVE,2
6,1,20,0,4,1,-15.2802355,-70.2564289,0,4,0,1,2,1,1,2,2021,1,4,0,20,2,2,7586.903,2.0,2,0,1.0,9,5,1198.0,0.289549626938555,77.56938441814937,61.26176615135224,5.519427583790393,205.49658062526288,1447.8907922912204,13642.312999999998,2020.7790000000005,2354.117,9267.416999999998,3314.0520000000006,10328.260999999997,24.29244952817019,LEVE,2
1,0,14,2,2,4,-11.987377,-76.897774,0,0,7,1,2,2,2,0,2021,1,5,1,0,0,0,6543.555,2.0,4,4,1.0,14,33,1198.0,0.6831952456039544,78.60873873772867,74.49000793376607,10.00420210847705,1376.0472418044385,255143.7301927195,7626.313,1683.4029999999998,1599.0829999999996,4343.827000000001,1814.875,5811.438000000001,23.797541485643197,LEVE,2
1,0,14,0,4,1,-11.169286827738713,-77.58567814112875,0,4,7,1,2,2,2,0,2021,1,5,1,4,0,0,6543.555,3.0,2,0,1.0,0,30,1475.0,0.7327345537337897,78.20903814342847,76.31492653513806,13.642917835589472,1405.6698219039215,62016.21841541756,7626.313,1683.4029999999998,1599.0829999999996,4343.827000000001,1814.875,5811.438000000001,23.797541485643197,LEVE,2
0,1,12,0,4,1,-7.818645,-78.019036,0,4,7,1,2,2,2,0,2021,1,5,1,5,0,0,9936.932,2.0,2,0,1.0,9,32,3830.0,0.3986882084754764,72.97869269132666,58.65435142755623,5.605762371496486,527.7120199980477,69564.29978586723,8931.828000000005,1335.5899999999997,1935.9830000000004,5660.255000000005,1219.309,7712.519000000005,13.651281686122925,LEVE,2
3,3,21,0,4,1,-6.393684,-76.628262,0,4,7,1,2,0,1,2,2021,1,5,1,5,0,1,7758.33400008,2.0,2,0,1.0,9,20,2133.0,0.3395784981351988,71.02010551104725,44.75188012112102,5.086470241787386,426.0342434715467,13392.387580299788,5645.136,815.0759999999999,965.298,3864.762,1013.406,4631.73,17.95184385283189,LEVE,2
6,1,19,2,4,1,-5.103051878962269,-81.06725659719011,0,2,7,1,2,2,2,6,2021,1,5,1,9,1,0,245.29,2.0,2,0,1.0,1,20,18.0,0.5697476996509985,79.43113978237243,63.65426474340983,8.424646867174598,957.1839078119212,99196.84582441112,8965.846000060003,1782.4120000599992,636.9959999999999,6546.438000000004,2214.505000059999,6751.341000000004,24.699342371541725,GRAVE_MORTALIDAD,1
3,2,7,0,4,1,-13.203964,-72.297491,5,4,0,0,2,1,1,0,2021,1,5,1,11,1,2,3447.8009999999995,1.0,2,3,0.0,9,12,1109.0,0.4436910265814239,73.23231952981627,68.31759937357421,6.347812015893606,607.5963608103546,11277.284796573877,17779.13499998999,2097.3709999899997,2863.123,12818.640999999989,2878.713,14900.421999989989,16.19152450331032,LEVE,2
6,1,5,0,4,0,-7.466563,-78.496466,0,4,7,1,7,2,2,2,2021,1,5,1,13,3,2,6543.555,2.0,4,4,1.0,14,33,1198.0,0.1913741190087475,72.16457305341952,25.12503806840365,3.650270193694703,156.4717005457997,6877.021413276232,15935.565011852366,1733.9250000199986,935.692,13265.948011832368,2000.1670000199988,13935.398011832369,12.551591352627522,LEVE,2
6,1,3,0,4,1,-16.447971,-71.696988,7,4,0,0,2,1,1,2,2021,1,5,1,13,3,0,1504.4250000000002,2.0,2,0,1.0,7,25,241.0,0.6689013265491138,80.68275010974979,77.5560025217936,10.466309714908672,1190.454984819332,14385.036402569593,10322.272,1495.236,1749.739,7077.2970000000005,2886.595,7435.677000000001,27.964725207783708,LEVE,2
6,0,10,0,4,2,-14.161648,-75.689689,0,4,7,1,7,2,2,2,2021,1,5,1,17,3,0,6543.555,2.0,4,4,1.0,14,33,1198.0,0.6282268423137738,79.93828214116469,74.91272224529042,9.72500083712261,1067.3079897436658,7330.025695931477,3721.461,698.1859999999996,744.866,2278.409,1102.9029999999996,2618.558,29.636290693359403,LEVE,2
3,2,0,2,4,1,-5.669654,-78.58634,0,4,0,0,2,1,1,0,2021,1,5,1,17,3,1,1432.285,1.0,1,3,0.0,9,0,277.0,0.5097283024547684,72.29125496481676,51.41982504028775,6.17075843024555,1076.1278232333143,5660.0256959314775,3903.732,1155.121,585.018,2163.5930000000003,943.591,2960.1410000000005,24.17151074920102,LEVE,2
3,2,6,2,4,1,-12.033276606846124,-77.10028573127246,0,3,7,1,4,2,2,2,2021,1,5,1,21,2,0,50.53,2.0,2,3,1.0,9,32,128.0,0.5563774842369664,77.00938809632027,69.10246351364754,8.476961866273152,914.8835608305218,27932.19700214133,51.58600000000001,44.68700000000001,6.899000000000001,0.0,49.838000000000015,1.748,96.61148373589734,LEVE,2
6,1,13,0,4,0,-6.8247686,-79.9362024,0,4,0,0,2,2,2,0,2021,1,5,1,23,2,0,6543.555,2.0,4,4,1.0,14,33,1198.0,0.582874900209372,79.91553229957624,74.28629633563499,9.98490789682274,850.0456977651463,50544.90364025696,3459.691,515.0619999999999,689.7280000000001,2254.901,703.3549999999999,2756.336,20.329994788551925,LEVE,2
3,2,13,2,4,1,-6.794637,-79.863534,0,3,7,1,2,1,0,0,2021,1,5,1,23,2,0,6543.555,3.0,2,0,1.0,0,30,1475.0,0.6336758582443321,79.57413791335281,79.43179781120509,10.959065315580176,998.3945232858084,284974.83725910063,3459.691,515.0619999999999,689.7280000000001,2254.901,703.3549999999999,2756.336,20.329994788551925,GRAVE_MORTALIDAD,1
3,1,3,0,4,1,-16.033304,-73.999519,0,4,7,1,2,2,2,0,2021,1,6,1,2,0,0,6639.975,2.0,2,0,1.0,9,31,1616.0,0.6631877816162056,85.0,62.38032208961896,9.195113194516647,1296.462734377275,5426.683083511777,10322.272,1495.236,1749.739,7077.2970000000005,2886.595,7435.677000000001,27.964725207783708,GRAVE_LESIONADOS,0
3,2,21,0,4,2,-6.51496,-76.70329,0,4,0,1,2,2,2,2,2021,1,6,1,15,3,1,6543.555,2.0,4,4,1.0,14,33,1198.0,0.3285791635678735,71.6128903553143,38.37925173253443,5.0447229257363695,415.0925101754232,8584.248394004282,5645.136,815.0759999999999,965.298,3864.762,1013.406,4631.73,17.95184385283189,LEVE,2
3,2,19,0,4,1,-5.13616,-80.115052,0,4,7,1,2,1,1,2,2021,1,6,1,19,2,0,892.7650002999999,-1.0,1,0,0.0,9,32,790.0,0.4653748048968089,74.19666709322776,61.11371397478021,6.596218102126203,701.9088264424688,75914.02997858672,8965.846000060003,1782.4120000599992,636.9959999999999,6546.438000000004,2214.505000059999,6751.341000000004,24.699342371541725,LEVE,2
3,2,9,0,4,1,-9.052429849137347,-76.07697428021588,0,4,7,1,4,2,2,2,2021,1,6,1,21,2,2,7758.33400008,2.0,2,0,1.0,9,20,2133.0,0.5563774842369664,77.00938809632027,69.10246351364754,8.476961866273152,914.8835608305218,27932.19700214133,8209.057,1333.4779999999996,791.9770000000001,6083.602,1059.8589999999997,7149.198,12.910849565303296,GRAVE_LESIONADOS,0
3,1,14,2,2,4,-12.09219,-77.032178,0,3,1,1,2,2,2,6,2021,2,0,0,4,0,0,6543.555,2.0,4,4,1.0,14,33,1198.0,0.7888324174847985,80.35414029442592,78.47021861578261,13.858205769646707,1641.6552926623544,53212.44111349037,7626.313,1683.4029999999998,1599.0829999999996,4343.827000000001,1814.875,5811.438000000001,23.797541485643197,LEVE,2
3,1,14,2,2,4,-11.937625632516268,-77.07126170396806,0,3,1,1,2,2,2,0,2021,2,0,0,7,1,0,6543.555,2.0,4,4,1.0,14,33,1198.0,0.7218926988400113,80.0902077245261,77.9581888264889,10.971588327733102,1458.3206086290393,530000.3426124197,7626.313,1683.4029999999998,1599.0829999999996,4343.827000000001,1814.875,5811.438000000001,23.797541485643197,LEVE,2
6,1,20,0,4,1,-14.365523022552429,-69.48053229031025,5,4,7,1,2,2,2,2,2021,2,0,0,15,3,2,1762.84,2.0,1,0,0.0,9,32,485.0,0.3677334628938986,70.7162173228883,67.35653663762525,5.8791954301434455,400.7331963961917,11267.128479657387,13642.312999999998,2020.7790000000005,2354.117,9267.416999999998,3314.0520000000006,10328.260999999997,24.29244952817019,LEVE,2
6,1,7,0,4,2,-13.5972,-71.6969,2,4,0,0,1,2,2,2,2021,2,0,0,18,2,2,6543.555,2.0,4,4,1.0,14,33,1198.0,0.2453332454181003,63.62240979432437,52.957767417083936,3.4671418703601677,261.7728599394745,2731.8715203426127,17779.13499998999,2097.3709999899997,2863.123,12818.640999999989,2878.713,14900.421999989989,16.19152450331032,GRAVE_LESIONADOS,0
1,0,3,0,4,2,-15.928147453816774,-73.13040730041367,0,4,5,0,7,2,2,0,2021,2,0,0,19,2,0,6543.555,2.0,4,4,1.0,14,33,1198.0,0.6537166303746537,75.546894100114,68.22773522633851,8.977223262588314,1426.9632380259302,2067.518201284797,10322.272,1495.236,1749.739,7077.2970000000005,2886.595,7435.677000000001,27.964725207783708,LEVE,2
3,2,19,0,4,1,-5.260848,-80.613699,0,4,0,1,2,1,0,2,2021,2,0,0,20,2,0,6543.555,3.0,2,0,1.0,0,30,1475.0,0.5034350778485951,78.14388603810477,62.51585839041032,7.698619805954479,731.8176685454189,76220.84796573877,8965.846000060003,1782.4120000599992,636.9959999999999,6546.438000000004,2214.505000059999,6751.341000000004,24.699342371541725,GRAVE_MORTALIDAD,1
3,2,21,0,4,1,-6.042342803993313,-77.05495127659906,0,4,7,1,2,2,2,2,2021,2,1,0,5,0,1,7758.33400008,2.0,2,0,1.0,9,20,2133.0,0.5147882301210585,74.70882653725891,51.74890369370718,6.543161279603341,1011.2929178100565,4267.862955032119,5645.136,815.0759999999999,965.298,3864.762,1013.406,4631.73,17.95184385283189,LEVE,2
3,2,10,0,4,1,-14.240577,-75.692856,0,4,7,1,2,2,2,2,2021,2,1,0,13,3,0,6639.975,2.0,2,0,1.0,9,31,1616.0,0.6261042306271147,80.48505954362174,76.55712631348362,9.341715591523595,1061.002261282891,31419.372591006424,3721.461,698.1859999999996,744.866,2278.409,1102.9029999999996,2618.558,29.636290693359403,LEVE,2
3,2,9,2,4,1,-9.31989,-75.99349,0,0,0,1,2,1,0,2,2021,2,1,0,15,3,2,693.175,2.0,2,3,0.0,9,10,249.0,0.5818337288935853,73.84436545241161,70.00654188026523,9.541274475508528,1000.4260420093171,59227.28479657388,8209.057,1333.4779999999996,791.9770000000001,6083.602,1059.8589999999997,7149.198,12.910849565303296,LEVE,2
0,1,1,2,4,1,-9.47433373914006,-78.2960977852209,0,3,1,1,2,2,2,2,2021,2,1,0,17,3,2,6543.555,3.0,2,0,1.0,0,30,1475.0,0.5873460606982213,78.04758132038613,65.8701248560095,8.596987164492063,1041.0659985770535,35482.29764453961,10767.648,1885.0630000000003,1222.721,7659.864000000001,2100.343,8667.305000000002,19.506051832303577,LEVE,2
6,1,22,0,4,1,-18.170141,-70.647195,7,4,7,1,2,2,2,2,2021,2,2,0,12,3,0,1926.94,2.0,2,0,1.0,9,32,393.0,0.5526222945995614,74.2498786138685,70.50025041365525,8.75355945120394,897.5682559826355,2956.51391862955,2650.572,630.6729999999998,487.3610000000001,1532.5379999999998,1068.7019999999998,1581.87,40.31967439480987,LEVE,2
6,1,1,0,4,1,-9.160781225717082,-76.92738104820685,5,4,7,0,7,1,1,2,2021,2,2,0,13,3,2,2135.1760000000004,1.0,1,0,0.0,9,32,705.0,0.3645022157035361,74.64187633017735,53.8500701535986,6.721999458560922,368.964849040393,1355.6895074946467,10767.648,1885.0630000000003,1222.721,7659.864000000001,2100.343,8667.305000000002,19.506051832303577,GRAVE_MORTALIDAD,1
6,1,17,0,4,1,-16.72916,-70.453007,1,4,0,0,2,2,2,5,2021,2,2,0,15,3,0,779.525,2.0,2,0,1.0,7,26,163.0,0.5419876249473067,75.01928818373936,69.53700510182367,7.323922344161046,940.130453935364,4186.792291220558,2949.174,470.28500000000025,903.055,1575.834,866.4460000000004,2082.728,29.37927704503025,LEVE,2
0,1,21,2,2,4,-6.47596,-76.36267,0,0,7,1,2,2,2,2,2021,2,2,0,19,2,1,6543.555,2.0,4,4,1.0,14,33,1198.0,0.6729354303196766,71.95034522710945,80.80288699428996,10.48054848161392,1400.8616704695874,76010.20342612421,5645.136,815.0759999999999,965.298,3864.762,1013.406,4631.73,17.95184385283189,LEVE,2
5,1,20,0,4,1,-16.11862696,-69.59255185,0,4,7,1,2,1,0,2,2021,2,3,0,2,0,2,7586.903,2.0,2,0,1.0,9,5,1198.0,0.2613641192883233,79.6090612964439,69.87345878214366,5.552108294960823,147.53606639786318,10083.702355460387,13642.312999999998,2020.7790000000005,2354.117,9267.416999999998,3314.0520000000006,10328.260999999997,24.29244952817019,LEVE,2
0,1,7,2,3,4,-14.14751,-71.46,0,3,1,1,1,2,2,6,2021,2,3,0,9,1,2,6543.555,2.0,4,4,1.0,14,33,1198.0,0.2991005536829932,62.21917574632246,64.88351505215614,6.097392066469024,274.9537670789565,1773.610278372591,17779.13499998999,2097.3709999899997,2863.123,12818.640999999989,2878.713,14900.421999989989,16.19152450331032,LEVE,2
6,1,5,0,4,2,-7.174738,-78.423229,0,4,0,0,2,1,1,0,2021,2,3,0,12,3,2,6543.555,2.0,4,4,1.0,14,33,1198.0,0.3658867820676106,77.61736312988027,56.72232982291409,4.846126768330761,429.7048027279435,5469.092077087795,15935.565011852366,1733.9250000199986,935.692,13265.948011832368,2000.1670000199988,13935.398011832369,12.551591352627522,LEVE,2
3,2,20,0,4,0,-14.8922844,-70.1617261,5,4,7,1,2,1,1,2,2021,2,3,0,12,3,2,6543.555,2.0,4,4,1.0,14,33,1198.0,0.2209037315406962,65.8457651921912,58.62386229128814,5.494577261551993,134.94357400061227,4928.188436830835,13642.312999999998,2020.7790000000005,2354.117,9267.416999999998,3314.0520000000006,10328.260999999997,24.29244952817019,LEVE,2
6,1,9,0,4,1,-9.712672764117524,-76.09245650562782,5,4,0,0,2,2,2,2,2021,2,3,0,14,3,2,693.175,2.0,2,3,0.0,9,10,249.0,0.3096549989431256,76.17431233061522,44.8813332706993,3.774794268602337,378.47949303176176,19256.764453961456,8209.057,1333.4779999999996,791.9770000000001,6083.602,1059.8589999999997,7149.198,12.910849565303296,LEVE,2
3,2,19,2,2,4,-5.167524,-80.655907,0,4,7,1,2,1,1,2,2021,2,3,0,22,2,0,6543.555,2.0,4,4,1.0,14,33,1198.0,0.6582040223794163,78.74105515718446,77.3206684883171,11.334167841567446,1124.177237253568,178905.3426124197,8965.846000060003,1782.4120000599992,636.9959999999999,6546.438000000004,2214.505000059999,6751.341000000004,24.699342371541725,GRAVE_LESIONADOS,0
6,1,19,0,4,3,-4.885024319059653,-80.33600611919029,0,4,7,1,2,2,2,0,2021,2,4,0,9,1,0,6543.555,2.0,4,4,1.0,14,33,1198.0,0.459857589992435,80.72202071327797,50.86886521100652,5.65389066385764,729.6720832259953,125429.93361884369,8965.846000060003,1782.4120000599992,636.9959999999999,6546.438000000004,2214.505000059999,6751.341000000004,24.699342371541725,LEVE,2
0,1,7,2,4,1,-14.2758759830276,-71.2356738655972,0,3,7,1,2,1,0,2,2021,2,4,0,9,1,2,7586.903,2.0,2,0,1.0,9,5,1198.0,0.5265643824923771,76.3202150422939,72.59240802938885,8.636399400985075,746.7361126929013,59032.11777301927,17779.13499998999,2097.3709999899997,2863.123,12818.640999999989,2878.713,14900.421999989989,16.19152450331032,LEVE,2
2,0,7,0,4,2,-13.493,-71.7882,0,4,7,1,2,2,2,2,2021,2,4,0,10,1,2,6543.555,2.0,4,4,1.0,14,33,1198.0,0.3026259544873475,73.96325815272854,51.57388201289304,4.44307015911855,305.2037031086013,5530.693790149893,17779.13499998999,2097.3709999899997,2863.123,12818.640999999989,2878.713,14900.421999989989,16.19152450331032,LEVE,2
3,3,10,0,4,1,-13.934894,-75.869417,0,4,7,1,2,2,2,2,2021,2,4,0,12,3,0,6639.975,2.0,2,0,1.0,9,31,1616.0,0.6053164595604621,78.88848309050202,67.63954639531094,9.133324993872453,1064.9426147896202,27932.19700214133,3721.461,698.1859999999996,744.866,2278.409,1102.9029999999996,2618.558,29.636290693359403,LEVE,2
0,0,14,0,4,0,-10.572365864241098,-77.15383704151937,5,4,5,0,3,2,2,0,2021,2,4,0,14,3,0,6543.555,2.0,4,4,1.0,14,33,1198.0,0.4741262708635928,69.89491240101852,58.91578823223716,7.868844328944413,734.7266776820641,898.9764453961457,7626.313,1683.4029999999998,1599.0829999999996,4343.827000000001,1814.875,5811.438000000001,23.797541485643197,LEVE,2
6,1,3,0,4,1,-16.6779758,-71.9100334,0,4,7,1,2,0,1,2,2021,2,4,0,17,3,0,289.55,2.0,2,0,1.0,7,25,10.0,0.6456305778571253,75.67334095395331,77.09261911098552,10.479683603540597,1179.2653123056473,21630.747323340474,10322.272,1495.236,1749.739,7077.2970000000005,2886.595,7435.677000000001,27.964725207783708,GRAVE_LESIONADOS,0
0,1,12,0,4,1,-7.733987,-79.300616,0,4,7,1,2,2,2,4,2021,2,4,0,22,2,0,6543.555,3.0,2,0,1.0,0,30,1475.0,0.5345074857798321,76.79673752589963,64.57887254166187,7.835494818831411,867.2803588353443,27037.03854389721,8931.828000000005,1335.5899999999997,1935.9830000000004,5660.255000000005,1219.309,7712.519000000005,13.651281686122925,LEVE,2
6,1,2,0,4,0,-13.57507,-73.46999,4,4,7,1,3,2,2,6,2021,2,5,1,7,1,2,6543.555,2.0,4,4,1.0,14,33,1198.0,0.241310185459975,70.83483413046108,58.5191389199668,4.887115219495449,162.12128067173168,8997.351177730192,8358.971,1282.451,1298.0969999999998,5778.423,1432.683,6926.288,17.139466089785454,GRAVE_MORTALIDAD,1
3,2,10,2,4,1,-14.005534,-75.766709,0,4,7,1,2,2,2,2,2021,2,6,1,12,3,0,6639.975,2.0,2,0,1.0,9,31,1616.0,0.6053164595604621,78.88848309050202,67.63954639531094,9.133324993872453,1064.9426147896202,27932.19700214133,3721.461,698.1859999999996,744.866,2278.409,1102.9029999999996,2618.558,29.636290693359403,GRAVE_MORTALIDAD,1
6,1,3,0,4,1,-16.604922514552918,-72.63072251414734,0,4,7,0,2,2,2,0,2021,2,6,1,13,3,0,6639.975,2.0,2,0,1.0,9,31,1616.0,0.6438160463426852,84.71218617950387,69.3595667037428,8.966372569949256,1152.2024707992498,16526.967880085653,10322.272,1495.236,1749.739,7077.2970000000005,2886.595,7435.677000000001,27.964725207783708,LEVE,2
6,1,11,0,4,2,-11.7295272,-75.074987,7,4,0,0,2,1,0,2,2021,2,6,1,17,3,2,6543.555,2.0,4,4,1.0,14,33,1198.0,0.3741910484279009,72.7880791531772,54.53316785672809,4.8878246652489725,505.8865373350269,4486.04710920771,12264.545,1826.4639999999995,1105.5389999999998,9332.542,1588.5359999999996,10676.009,12.952261987705208,LEVE,2
3,1,14,2,2,4,-12.025888,-76.98613,0,0,1,1,2,2,2,2,2021,2,0,0,11,1,0,6543.555,2.0,4,4,1.0,14,33,1198.0,0.701053025277506,79.62867561460851,73.1469484600971,10.064317505194426,1464.6926161541437,1150285.0494171206,7626.313,1683.4029999999998,1599.0829999999996,4343.827000000001,1814.875,5811.438000000001,23.797541485643197,LEVE,2
6,1,7,0,4,0,-12.9186583170426,-72.736736539381,0,4,7,1,7,2,2,2,2021,2,0,0,15,3,2,6543.555,2.0,4,4,1.0,14,33,1198.0,0.5803892132127203,77.20158157453214,80.09764322421019,9.63293466488124,868.3252877671093,30810.066381156317,17779.13499998999,2097.3709999899997,2863.123,12818.640999999989,2878.713,14900.421999989989,16.19152450331032,GRAVE_LESIONADOS,0
6,1,2,0,4,3,-14.323716971911608,-73.24946437688853,2,4,7,1,3,2,2,2,2021,2,0,0,15,3,2,6543.555,2.0,4,4,1.0,14,33,1198.0,0.5076215453766205,68.668087616669,67.55130470109707,9.169256416467892,783.2377390612756,5042.413276231264,8358.971,1282.451,1298.0969999999998,5778.423,1432.683,6926.288,17.139466089785454,LEVE,2
0,1,14,2,2,4,-12.029121,-76.99979,0,0,1,1,2,2,2,2,2021,2,0,0,15,3,0,6543.555,2.0,4,4,1.0,14,33,1198.0,0.6970617810314195,81.40501156526744,73.5715154770137,9.635174408411393,1428.892506292977,203379.9271948608,7626.313,1683.4029999999998,1599.0829999999996,4343.827000000001,1814.875,5811.438000000001,23.797541485643197,LEVE,2
3,2,1,0,4,1,-9.02562827779985,-77.8208550385728,5,4,0,0,2,1,1,0,2021,2,0,0,17,3,2,9936.932,2.0,2,0,1.0,9,32,3830.0,0.49842722626264,79.23197418574183,52.82270457174107,7.15398279838356,791.6819971737787,25526.81584582441,10767.648,1885.0630000000003,1222.721,7659.864000000001,2100.343,8667.305000000002,19.506051832303577,LEVE,2
6,1,2,0,4,0,-14.20255817645848,-73.13044804455083,0,4,4,0,1,2,2,2,2021,2,0,0,18,2,2,6543.555,2.0,4,4,1.0,14,33,1198.0,0.3539062886233517,63.66408427947245,76.28643910278069,6.396089177142039,376.2334221944466,1009.4432548179872,8358.971,1282.451,1298.0969999999998,5778.423,1432.683,6926.288,17.139466089785454,GRAVE_MORTALIDAD,1
3,1,16,0,4,1,-12.6768762957303,-69.3683650006837,6,5,6,2,6,2,2,0,2021,2,0,0,18,2,1,3263.58,2.0,2,0,1.0,5,18,566.0,0.6331639735785386,72.20641129524063,67.6175404202189,10.029362591344883,1305.419538589062,88506.68094218415,2090.391,399.431,340.021,1350.9389999999996,493.824,1596.5669999999996,23.62352306338862,LEVE,2
6,1,2,0,4,1,-14.223052227128653,-72.15168099959223,2,4,7,1,2,2,2,0,2021,2,1,0,8,1,2,1780.161,1.0,1,3,0.0,9,32,490.0,0.3520978499707536,75.79113454029141,70.65754442999749,5.108446282627832,348.27319594664493,10252.379014989294,8358.971,1282.451,1298.0969999999998,5778.423,1432.683,6926.288,17.139466089785454,LEVE,2
0,0,14,2,4,1,-12.156762275040451,-76.98325306177139,0,3,7,1,2,2,2,4,2021,2,1,0,20,2,0,6639.975,2.0,2,0,1.0,9,31,1616.0,0.7289998534947872,80.50926319493618,76.9124822838204,10.358587270463827,1551.106643515347,384728.5117773019,7626.313,1683.4029999999998,1599.0829999999996,4343.827000000001,1814.875,5811.438000000001,23.797541485643197,LEVE,2
6,1,14,2,2,4,-12.076163677993936,-77.02763028722859,0,3,7,0,2,2,2,2,2021,2,1,0,21,2,0,6543.555,2.0,4,4,1.0,14,33,1198.0,0.7141594849782824,79.90829932185413,74.79179886803175,10.522504814235935,1482.4793645077043,156887.87152034265,7626.313,1683.4029999999998,1599.0829999999996,4343.827000000001,1814.875,5811.438000000001,23.797541485643197,LEVE,2