CLASE SINIESTRO,CANTIDAD DE VEHICULOS DAÑADOS,DEPARTAMENTO,ZONA,TIPO DE VÍA,RED VIAL,COORDENADAS LATITUD,COORDENADAS  LONGITUD,CONDICIÓN CLIMÁTICA,ZONIFICACIÓN,CARACTERÍSTICAS DE VÍA,PERFIL LONGITUDINAL VÍA,SUPERFICIE DE CALZADA,¿EXISTE SEÑAL VERTICAL?,¿EXISTE SEÑAL HORIZONTAL?,CAUSA FACTOR PRINCIPAL,AÑO,MES,DIA_SEMANA,ES_FIN_SEMANA,HORA_NUM,FRANJA_HORARIA,REGION_NATURAL,MTC_RVN_LONGITUD_KM,MTC_RVN_N_CARRILES_MEDIANA,MTC_RVN_SUPERFICIE_DOMINANTE,MTC_RVN_ESTADO_DOMINANTE,MTC_RVN_ES_CONCESIONADA,MTC_RVN_CONCESION_PRINCIPAL,MTC_RVN_CORREDOR_LOGISTICO,MTC_RVN_N_TRAMOS,IDH_2019,IDH_ESP_VIDA_2019,IDH_EDUC_SECUND_PCT_2019,IDH_ANIOS_EDUC_2019,IDH_INGRESO_PERCAP_2019,IDH_POBLACION_2019,MTC_DEP_RED_TOTAL_KM,MTC_DEP_NACIONAL_TOTAL_KM,MTC_DEP_DEPARTAMENTAL_TOTAL_KM,MTC_DEP_VECINAL_TOTAL_KM,MTC_DEP_PAV_TOTAL_KM,MTC_DEP_NO_PAV_TOTAL_KM,MTC_DEP_PCT_PAVIMENTADA,CATEGORIA_SEVERIDAD,CATEGORIA_SEVERIDAD_ENC
3,0,14,2,2,4,-12.117716928281103,-77.00858920812608,0,0,1,1,2,2,2,1,2021,2,2,0,13,3,0,6543.555,2.0,4,4,1.0,14,33,1198.0,0.8171136689103559,80.21740365444107,79.57658595346267,12.295076294470428,1940.453431937829,88766.19486081369,7626.313,1683.4029999999998,1599.0829999999996,4343.827000000001,1814.875,5811.438000000001,23.797541485643197,LEVE,2
3,1,12,0,4,1,-7.834859,-79.157289,0,4,7,1,2,2,2,2,2021,2,2,0,14,3,0,6543.555,3.0,2,0,1.0,0,30,1475.0,0.5721567587688113,77.67102283812494,66.21373667954742,8.464777379360486,978.4498488219192,15563.077087794432,8931.828000000005,1335.5899999999997,1935.9830000000004,5660.255000000005,1219.309,7712.519000000005,13.651281686122925,LEVE,2
6,1,14,2,4,1,-12.290935854275048,-76.86632484197618,0,2,7,1,2,2,2,2,2021,2,2,0,15,3,0,6639.975,2.0,2,0,1.0,9,31,1616.0,0.6909236767275176,78.41626133969348,70.97436336767564,9.826485374940413,1476.8351947609171,95908.53319057816,7626.313,1683.4029999999998,1599.0829999999996,4343.827000000001,1814.875,5811.438000000001,23.797541485643197,LEVE,2
0,1,14,2,2,4,-12.081299174313552,-76.99488312005998,0,3,7,1,2,2,2,4,2021,2,2,0,16,3,0,6543.555,2.0,4,4,1.0,14,33,1198.0,0.7932581306844921,81.51631118964869,80.69904096659818,11.778592694814522,1769.655750737171,53672.69593147752,7626.313,1683.4029999999998,1599.0829999999996,4343.827000000001,1814.875,5811.438000000001,23.797541485643197,LEVE,2
5,1,21,0,4,1,-7.191479494207583,-76.73389059871813,7,4,2,1,1,2,2,0,2021,2,2,0,19,2,1,7758.33400008,2.0,2,0,1.0,9,20,2133.0,0.5392547770527324,71.22933684312659,57.63411231397672,8.19901917215584,1019.4194273014666,24446.57815845824,5645.136,815.0759999999999,965.298,3864.762,1013.406,4631.73,17.95184385283189,LEVE,2
3,2,12,0,2,4,-7.81973,-78.028613,0,4,7,1,1,2,2,0,2021,2,2,0,20,2,0,6543.555,2.0,4,4,1.0,14,33,1198.0,0.3986882084754764,72.97869269132666,58.65435142755623,5.605762371496486,527.7120199980477,69564.29978586723,8931.828000000005,1335.5899999999997,1935.9830000000004,5660.255000000005,1219.309,7712.519000000005,13.651281686122925,LEVE,2
6,1,7,0,4,0,-13.974894,-71.962837,5,4,0,1,1,2,2,2,2021,2,2,0,23,2,2,6543.555,2.0,4,4,1.0,14,33,1198.0,0.2529718795051618,68.51765103786276,63.19000497096079,4.087007548660088,207.4668571823833,3880.492505353319,17779.13499998999,2097.3709999899997,2863.123,12818.640999999989,2878.713,14900.421999989989,16.19152450331032,LEVE,2
3,2,9,0,4,2,-9.978324,-76.272743,0,4,5,0,1,2,2,2,2021,2,3,0,12,3,2,6543.555,2.0,4,4,1.0,14,33,1198.0,0.3792564187802505,75.2054728853778,61.9370964904314,5.133823905552175,456.4182643485858,5328.623126338329,8209.057,1333.4779999999996,791.9770000000001,6083.602,1059.8589999999997,7149.198,12.910849565303296,LEVE,2
6,1,2,0,4,2,-14.027349884168968,-72.60715432872891,0,4,0,0,7,2,2,0,2021,2,3,0,15,3,2,6543.555,2.0,4,4,1.0,14,33,1198.0,0.1839968578731584,63.055450885140985,54.943022528692666,4.589919106144032,108.68424110943978,1986.5567451820127,8358.971,1282.451,1298.0969999999998,5778.423,1432.683,6926.288,17.139466089785454,LEVE,2
3,2,3,2,7,4,-16.323438,-71.594112,0,3,1,1,2,1,1,2,2021,2,3,0,17,3,0,6543.555,2.0,4,4,1.0,14,33,1198.0,0.6411767862503931,77.2408324916572,78.204125011303,10.595705083047717,1107.223861768016,193412.3169164882,10322.272,1495.236,1749.739,7077.2970000000005,2886.595,7435.677000000001,27.964725207783708,LEVE,2
3,2,5,2,4,1,-6.0414394,-79.1254947,0,2,0,0,2,1,0,0,2021,2,3,0,22,2,2,9936.932,2.0,2,0,1.0,9,32,3830.0,0.5089064260692896,75.49593859459377,56.74492330977312,6.743539171475742,903.5347616610204,6985.957173447538,15935.565011852366,1733.9250000199986,935.692,13265.948011832368,2000.1670000199988,13935.398011832369,12.551591352627522,LEVE,2
10,1,7,0,4,0,-13.6828285595271,-72.0160588098124,2,4,7,1,1,2,2,6,2021,2,4,0,2,0,2,6543.555,2.0,4,4,1.0,14,33,1198.0,0.1493166157235738,65.02362306289024,43.62641764353532,3.5972346725403064,87.35319489390007,4993.312633832977,17779.13499998999,2097.3709999899997,2863.123,12818.640999999989,2878.713,14900.421999989989,16.19152450331032,GRAVE_LESIONADOS,0
0,0,14,2,4,1,-11.954708647868603,-77.08510190248491,0,0,1,1,2,2,2,0,2021,2,4,0,7,1,0,28.915,-1.0,6,2,0.0,9,32,10.0,0.7419979630670723,80.31822295927182,79.00446395716813,11.084203715652809,1554.6868971011318,739416.2413542903,7626.313,1683.4029999999998,1599.0829999999996,4343.827000000001,1814.875,5811.438000000001,23.797541485643197,LEVE,2
3,2,3,0,4,2,-17.1583427,-71.7933493,0,4,2,0,2,1,1,2,2021,2,4,0,11,1,0,6543.555,2.0,4,4,1.0,14,33,1198.0,0.6064020802559494,77.82737834960788,75.48658600973863,8.303531284530445,1096.758694527593,6370.241970021414,10322.272,1495.236,1749.739,7077.2970000000005,2886.595,7435.677000000001,27.964725207783708,LEVE,2
3,1,6,2,2,4,-12.055772845365071,-77.12188849777318,0,3,7,1,2,2,2,6,2021,2,4,0,11,1,0,6543.555,2.0,4,4,1.0,14,33,1198.0,0.5563774842369664,77.00938809632027,69.10246351364754,8.476961866273152,914.8835608305218,27932.19700214133,51.58600000000001,44.68700000000001,6.899000000000001,0.0,49.838000000000015,1.748,96.61148373589734,LEVE,2
0,0,7,2,4,0,-13.40901,-71.83107314,0,3,7,1,2,2,2,6,2021,2,4,0,13,3,2,6543.555,2.0,4,4,1.0,14,33,1198.0,0.4168644219609223,76.74940152408504,64.55327366555804,6.067767533089989,505.0369445670448,10179.415417558886,17779.13499998999,2097.3709999899997,2863.123,12818.640999999989,2878.713,14900.421999989989,16.19152450331032,LEVE,2
3,2,13,0,4,0,-6.7453118,-79.8012296,0,4,7,1,2,1,1,2,2021,2,4,0,20,2,0,6543.555,2.0,4,4,1.0,14,33,1198.0,0.5415697888341857,80.94178299597955,72.69485501755445,9.042819482789628,724.6578159158644,183060.58029978588,3459.691,515.0619999999999,689.7280000000001,2254.901,703.3549999999999,2756.336,20.329994788551925,LEVE,2
0,0,14,2,4,1,-12.030233594117089,-76.99354463022675,0,3,1,1,2,2,2,2,2021,2,5,1,8,1,0,6543.555,3.0,2,0,1.0,0,30,1475.0,0.6970617810314195,81.40501156526744,73.5715154770137,9.635174408411393,1428.892506292977,203379.9271948608,7626.313,1683.4029999999998,1599.0829999999996,4343.827000000001,1814.875,5811.438000000001,23.797541485643197,LEVE,2
6,1,1,0,4,2,-8.691887465999999,-77.36824103548135,5,4,5,0,7,2,2,2,2021,2,5,1,10,1,2,6543.555,2.0,4,4,1.0,14,33,1198.0,0.1863150862968927,73.48837915729621,37.15392618592008,2.485752976248181,182.2761890038932,2178.58886509636,10767.648,1885.0630000000003,1222.721,7659.864000000001,2100.343,8667.305000000002,19.506051832303577,LEVE,2
3,1,14,2,2,4,-12.199057991412102,-76.94201409816743,0,3,1,1,2,2,2,2,2021,2,5,1,17,3,0,6543.555,2.0,4,4,1.0,14,33,1198.0,0.6990481232857558,80.14597904142546,74.3851677794309,10.004397644056358,1432.5044292531525,459161.0728051392,7626.313,1683.4029999999998,1599.0829999999996,4343.827000000001,1814.875,5811.438000000001,23.797541485643197,LEVE,2
0,1,20,0,4,1,-16.21621,-69.45559,0,4,7,1,2,2,2,4,2021,2,5,1,18,2,2,7586.903,2.0,2,0,1.0,9,5,1198.0,0.4138545322335047,72.42365757071663,75.18782800461412,7.422478928805024,440.156451811849,19964.802997858675,13642.312999999998,2020.7790000000005,2354.117,9267.416999999998,3314.0520000000006,10328.260999999997,24.29244952817019,LEVE,2
10,0,14,2,3,4,-12.116940683422827,-77.03471392393112,0,3,1,1,2,2,2,2,2021,2,5,1,18,2,0,6543.555,2.0,4,4,1.0,14,33,1198.0,0.8326399351216524,80.31446032722859,77.78409882620639,13.96507415980228,1925.7868972542449,87898.66595289079,7626.313,1683.4029999999998,1599.0829999999996,4343.827000000001,1814.875,5811.438000000001,23.797541485643197,LEVE,2
3,0,21,0,4,1,-6.91336178149583,-76.3323315713814,0,4,7,1,2,2,2,2,2021,2,5,1,19,2,1,7758.33400008,2.0,2,0,1.0,9,20,2133.0,0.5348373114087734,74.72209379840524,50.761128211223074,7.730460204225324,1023.3669112145984,8873.344753747322,5645.136,815.0759999999999,965.298,3864.762,1013.406,4631.73,17.95184385283189,LEVE,2
0,1,12,0,4,1,-8.012936,-79.071356,0,4,7,1,1,2,2,2,2021,2,5,1,20,2,0,6543.555,3.0,2,0,1.0,0,30,1475.0,0.583006771156836,78.2441938961209,62.24037484511178,8.807312392374042,1028.2282118265089,76607.295503212,8931.828000000005,1335.5899999999997,1935.9830000000004,5660.255000000005,1219.309,7712.519000000005,13.651281686122925,LEVE,2
1,0,14,2,2,4,-11.861366118567192,-77.05357243780493,0,2,1,1,2,0,0,4,2021,2,5,1,20,2,0,6543.555,2.0,4,4,1.0,14,33,1198.0,0.6498693508177541,78.84967382596041,74.11456675539837,9.21786785255454,1246.479589064551,356854.23554603854,7626.313,1683.4029999999998,1599.0829999999996,4343.827000000001,1814.875,5811.438000000001,23.797541485643197,LEVE,2
3,2,19,2,7,4,-5.1824885,-80.6313471,0,3,1,1,2,1,0,2,2021,2,6,1,6,1,0,6543.555,2.0,4,4,1.0,14,33,1198.0,0.6582040223794163,78.74105515718446,77.3206684883171,11.334167841567446,1124.177237253568,178905.3426124197,8965.846000060003,1782.4120000599992,636.9959999999999,6546.438000000004,2214.505000059999,6751.341000000004,24.699342371541725,LEVE,2
6,1,2,0,4,2,-13.405828,-73.604734,0,4,0,0,7,2,2,2,2021,2,6,1,20,2,2,6543.555,2.0,4,4,1.0,14,33,1198.0,0.3586591509124671,68.04663803489149,68.13870484795856,4.978148188977928,440.9147630338738,5867.83511777302,8358.971,1282.451,1298.0969999999998,5778.423,1432.683,6926.288,17.139466089785454,LEVE,2
10,1,19,0,4,1,-4.844994929619984,-80.88665301972264,0,4,0,1,2,2,2,0,2021,2,6,1,21,2,0,6543.555,3.0,2,0,1.0,0,30,1475.0,0.5025299574090488,79.01836286278046,64.36359193150619,6.446953315269822,792.0987111400227,21809.66595289079,8965.846000060003,1782.4120000599992,636.9959999999999,6546.438000000004,2214.505000059999,6751.341000000004,24.699342371541725,LEVE,2
7,2,5,0,4,1,-7.19824358,-78.95239371,7,4,0,0,2,1,1,2,2021,2,0,0,7,1,2,887.28,2.0,2,0,1.0,8,17,155.0,0.4095613714220312,69.95619674953491,51.15883533026865,6.044934648261815,612.9415521199578,3213.601713062099,15935.565011852366,1733.9250000199986,935.692,13265.948011832368,2000.1670000199988,13935.398011832369,12.551591352627522,GRAVE_MORTALIDAD,1
6,1,12,0,4,3,-8.459044,-77.300349,0,4,7,1,1,2,2,0,2021,2,0,0,8,1,0,6543.555,2.0,4,4,1.0,14,33,1198.0,0.2315675747978999,79.97397266360144,36.77336878219674,4.21018291119795,168.72011949197312,6013.9743040685225,8931.828000000005,1335.5899999999997,1935.9830000000004,5660.255000000005,1219.309,7712.519000000005,13.651281686122925,LEVE,2
2,0,0,2,4,0,-5.750702122519955,-78.42147209445628,7,4,0,0,2,2,2,0,2021,2,0,0,15,3,1,6543.555,2.0,4,4,1.0,14,33,1198.0,0.451709642936526,71.53289088984752,56.20344511610869,4.9091327649756495,870.0823312758678,24816.633832976444,3903.732,1155.121,585.018,2163.5930000000003,943.591,2960.1410000000005,24.17151074920102,LEVE,2
3,2,20,0,4,1,-15.2968047,-69.9693645,0,4,7,1,2,1,1,2,2021,2,1,0,4,0,2,1762.84,2.0,1,0,0.0,9,32,485.0,0.3120136684565522,74.56643070176949,67.13828218150482,6.277409990126978,231.9912855577296,12390.518201284798,13642.312999999998,2020.7790000000005,2354.117,9267.416999999998,3314.0520000000006,10328.260999999997,24.29244952817019,GRAVE_MORTALIDAD,1
3,0,14,2,2,4,-12.07343065154641,-77.0361972507521,0,3,1,1,2,2,2,2,2021,2,1,0,8,1,0,6543.555,2.0,4,4,1.0,14,33,1198.0,0.7646845961658533,80.23682119426338,77.96082737891015,12.014176158371615,1633.787715186093,250806.0877944326,7626.313,1683.4029999999998,1599.0829999999996,4343.827000000001,1814.875,5811.438000000001,23.797541485643197,LEVE,2
6,1,8,0,4,0,-12.769323,-74.734499,0,4,5,1,7,2,2,0,2021,2,1,0,9,1,2,6543.555,2.0,4,4,1.0,14,33,1198.0,0.307095146119662,76.81714663053356,65.38121087509398,5.2153365399199,243.45603655769963,29603.12847965739,8511.426,1445.3929999999996,2008.516,5057.516999999999,1879.579,6631.846999999998,22.08300935706896,LEVE,2
0,1,11,2,4,1,-12.1572836,-75.2356973,0,3,0,1,2,2,2,0,2021,2,1,0,14,3,2,81.31,2.0,2,0,0.0,9,32,35.0,0.4322371864064515,73.89410123183234,69.21566639031371,7.147270490743742,513.4691955010172,2366.9871520342613,12264.545,1826.4639999999995,1105.5389999999998,9332.542,1588.5359999999996,10676.009,12.952261987705208,LEVE,2
3,2,11,0,4,1,-11.708441,-75.55653763,7,4,7,1,2,1,0,0,2021,2,1,0,15,3,2,311.82,2.0,2,0,0.0,9,32,74.0,0.4846609581848212,71.70970037684953,62.978404663645314,7.681608625268467,740.7899756467436,5696.379014989293,12264.545,1826.4639999999995,1105.5389999999998,9332.542,1588.5359999999996,10676.009,12.952261987705208,LEVE,2
7,3,0,0,4,0,-5.633006,-78.555329,7,4,7,1,2,2,2,0,2021,2,1,0,16,3,1,6543.555,2.0,4,4,1.0,14,33,1198.0,0.5840630337731323,73.02563696239686,70.79550120563063,8.794995318988285,1074.01502532359,26946.78823529412,3903.732,1155.121,585.018,2163.5930000000003,943.591,2960.1410000000005,24.17151074920102,LEVE,2
6,1,13,0,4,1,-5.960593,-79.672984,0,4,7,1,2,2,2,0,2021,2,1,0,17,3,0,305.38500000000005,2.0,2,0,1.0,1,20,50.0,0.4703091457296942,74.91176543888524,59.04522375211969,6.365443427676777,742.49897987499,44335.321199143465,3459.691,515.0619999999999,689.7280000000001,2254.901,703.3549999999999,2756.336,20.329994788551925,LEVE,2
3,1,14,2,2,4,-12.08513,-77.04855,0,3,7,1,2,2,2,2,2021,2,1,0,18,2,0,6543.555,2.0,4,4,1.0,14,33,1198.0,0.8424277365452573,80.46794153446162,82.55566521442681,12.702343140315376,2037.3265460598163,46298.76017130622,7626.313,1683.4029999999998,1599.0829999999996,4343.827000000001,1814.875,5811.438000000001,23.797541485643197,LEVE,2
3,2,10,0,4,1,-14.97386555992674,-74.98803833433065,0,4,0,1,2,1,0,2,2021,2,2,0,6,1,0,6639.975,2.0,2,0,1.0,9,31,1616.0,0.5563774842369664,77.00938809632027,69.10246351364754,8.476961866273152,914.8835608305218,27932.19700214133,3721.461,698.1859999999996,744.866,2278.409,1102.9029999999996,2618.558,29.636290693359403,GRAVE_LESIONADOS,0
5,2,13,0,4,0,-6.732341,-79.785366,0,4,0,1,2,2,2,0,2021,2,2,0,7,1,0,6543.555,2.0,4,4,1.0,14,33,1198.0,0.4538626297202813,80.94520104092902,62.24925040341902,8.047508647429995,507.2829711881181,10878.907922912204,3459.691,515.0619999999999,689.7280000000001,2254.901,703.3549999999999,2756.336,20.329994788551925,LEVE,2
3,1,15,2,2,4,-3.7657412959985743,-73.26442118723445,7,1,7,1,2,2,2,0,2021,2,2,0,9,1,1,6543.555,2.0,4,4,1.0,14,33,1198.0,0.529795353544325,72.41445562653223,53.44391779748307,8.289281910927794,973.5956743426708,73191.91006423984,1095.5949999999998,128.87099999999998,320.74700000000007,645.9769999999999,274.214,821.381,25.02877431897737,LEVE,2
0,0,14,2,2,4,-12.026901980340384,-77.04017210949648,0,3,1,1,2,2,2,4,2021,2,2,0,11,1,0,6543.555,2.0,4,4,1.0,14,33,1198.0,0.7300036506368504,80.21724456394445,75.11639588359114,10.636845733066124,1559.041185521695,156759.78800856532,7626.313,1683.4029999999998,1599.0829999999996,4343.827000000001,1814.875,5811.438000000001,23.797541485643197,LEVE,2
0,0,19,0,4,2,-4.957413,-80.64223,0,4,7,1,1,2,2,0,2021,2,2,0,13,3,0,6543.555,2.0,4,4,1.0,14,33,1198.0,0.5657000696312142,79.93504063107561,71.14438533384025,9.31841991972829,829.1233898514824,181599.8115631692,8965.846000060003,1782.4120000599992,636.9959999999999,6546.438000000004,2214.505000059999,6751.341000000004,24.699342371541725,LEVE,2
1,0,19,0,4,1,-5.1798425,-80.5700802,0,4,7,1,2,2,2,0,2021,2,2,0,17,3,0,1305.18,2.0,2,0,1.0,1,20,163.0,0.6220812987247925,80.20155828147696,72.71675503872983,10.02377668600292,1028.915688621886,159840.92719486082,8965.846000060003,1782.4120000599992,636.9959999999999,6546.438000000004,2214.505000059999,6751.341000000004,24.699342371541725,LEVE,2
0,1,10,2,2,4,-14.055739,-75.728511,0,3,7,1,2,2,2,4,2021,2,2,0,19,2,0,6543.555,2.0,4,4,1.0,14,33,1198.0,0.6637216310803388,79.6446050662278,81.37671161983333,11.724811319582514,1084.329233867723,142450.24411134905,3721.461,698.1859999999996,744.866,2278.409,1102.9029999999996,2618.558,29.636290693359403,LEVE,2
0,1,5,2,6,4,-7.13840293,-78.52786045,0,2,7,0,1,2,2,6,2021,2,2,0,19,2,2,6543.555,2.0,4,4,1.0,14,33,1198.0,0.6070175276741574,73.19224654097276,74.29530430690215,9.490386956642766,1117.141592366869,257380.9443254818,15935.565011852366,1733.9250000199986,935.692,13265.948011832368,2000.1670000199988,13935.398011832369,12.551591352627522,LEVE,2
1,0,13,0,4,1,-6.833033,-79.926935,0,3,7,1,2,2,2,2,2021,2,2,0,23,2,0,51.385000000000005,4.0,2,3,0.0,9,32,30.0,0.582874900209372,79.91553229957624,74.28629633563499,9.98490789682274,850.0456977651463,50544.90364025696,3459.691,515.0619999999999,689.7280000000001,2254.901,703.3549999999999,2756.336,20.329994788551925,LEVE,2
6,1,10,2,4,1,-13.923069,-75.993168,0,4,7,1,2,2,2,2,2021,2,3,0,0,0,0,6639.975,2.0,2,0,1.0,9,31,1616.0,0.6053164595604621,78.88848309050202,67.63954639531094,9.133324993872453,1064.9426147896202,27932.19700214133,3721.461,698.1859999999996,744.866,2278.409,1102.9029999999996,2618.558,29.636290693359403,LEVE,2
6,0,20,0,4,0,-16.266,-69.08,0,4,0,0,2,1,1,2,2021,2,3,0,7,1,2,6543.555,2.0,4,4,1.0,14,33,1198.0,0.4165447461855686,74.77127585660097,73.32833413464006,6.399479128468322,475.6850527085419,23516.528907922908,13642.312999999998,2020.7790000000005,2354.117,9267.416999999998,3314.0520000000006,10328.260999999997,24.29244952817019,LEVE,2
10,2,3,0,4,1,-16.666286,-72.556992,0,4,0,0,2,1,1,2,2021,2,3,0,10,1,0,1926.94,2.0,2,0,1.0,9,32,393.0,0.5506134487544145,84.11518135609504,66.07904665694413,8.594478109433165,777.7519971785225,628.7494646680942,10322.272,1495.236,1749.739,7077.2970000000005,2886.595,7435.677000000001,27.964725207783708,GRAVE_MORTALIDAD,1
10,1,7,0,4,0,-12.6365227,-72.55693921,5,4,0,1,1,2,2,6,2021,2,3,0,11,1,2,6543.555,2.0,4,4,1.0,14,33,1198.0,0.3224274496902619,73.65891617421137,66.5279854491578,5.808947591818988,270.08697278161645,17387.97858672377,17779.13499998999,2097.3709999899997,2863.123,12818.640999999989,2878.713,14900.421999989989,16.19152450331032,LEVE,2
0,0,20,2,6,4,-14.913518951915876,-69.86333177050078,2,3,7,1,4,2,2,4,2021,2,3,0,11,1,2,6543.555,2.0,4,4,1.0,14,33,1198.0,0.378190833410684,64.38599435143328,71.47428639887909,6.6558756897025,445.86091818087607,23481.556745182013,13642.312999999998,2020.7790000000005,2354.117,9267.416999999998,3314.0520000000006,10328.260999999997,24.29244952817019,LEVE,2
4,1,14,0,3,4,-12.14029,-76.9112,0,4,3,0,1,2,2,2,2021,2,3,0,15,3,0,6543.555,2.0,4,4,1.0,14,33,1198.0,0.689811994580126,79.88015655965044,73.89553442371854,9.755251380104111,1409.8432274455126,452660.364025696,7626.313,1683.4029999999998,1599.0829999999996,4343.827000000001,1814.875,5811.438000000001,23.797541485643197,GRAVE_LESIONADOS,0
1,0,14,2,4,1,-12.043103204032894,-77.02317771163345,0,2,7,1,2,2,2,0,2021,2,3,0,18,2,0,6543.555,3.0,2,0,1.0,0,30,1475.0,0.7300036506368504,80.21724456394445,75.11639588359114,10.636845733066124,1559.041185521695,156759.78800856532,7626.313,1683.4029999999998,1599.0829999999996,4343.827000000001,1814.875,5811.438000000001,23.797541485643197,LEVE,2
1,0,20,0,4,1,-16.34595052,-69.24282331,0,4,7,1,2,2,2,4,2021,2,4,0,3,0,2,7586.903,2.0,2,0,1.0,9,5,1198.0,0.3165090894545869,72.969641049674,69.1278394147308,6.0160374778788,250.7872170233644,13778.516059957172,13642.312999999998,2020.7790000000005,2354.117,9267.416999999998,3314.0520000000006,10328.260999999997,24.29244952817019,LEVE,2
1,0,13,2,2,4,-6.7546582,-79.8478185,0,0,7,1,2,2,2,2,2021,2,4,0,6,1,0,6543.555,2.0,4,4,1.0,14,33,1198.0,0.5415697888341857,80.94178299597955,72.69485501755445,9.042819482789628,724.6578159158644,183060.58029978588,3459.691,515.0619999999999,689.7280000000001,2254.901,703.3549999999999,2756.336,20.329994788551925,LEVE,2
3,1,6,2,4,1,-11.959804478406474,-77.12836781252078,0,2,7,1,4,2,2,0,2021,2,4,0,8,1,0,139.23,-1.0,2,0,0.0,9,32,69.0,0.5563774842369664,77.00938809632027,69.10246351364754,8.476961866273152,914.8835608305218,27932.19700214133,51.58600000000001,44.68700000000001,6.899000000000001,0.0,49.838000000000015,1.748,96.61148373589734,LEVE,2
6,1,1,0,4,1,-8.449816342225832,-78.02931243646064,0,4,0,0,1,2,2,1,2021,2,4,0,10,1,2,9936.932,2.0,2,0,1.0,9,32,3830.0,0.3037800567900134,68.33773772958087,32.806797267599826,5.606946026413372,357.5920117234093,2817.6531049250534,10767.648,1885.0630000000003,1222.721,7659.864000000001,2100.343,8667.305000000002,19.506051832303577,GRAVE_MORTALIDAD,1
6,1,20,0,4,0,-17.183,-69.645,0,4,7,1,7,2,2,2,2021,2,4,0,16,3,2,6543.555,2.0,4,4,1.0,14,33,1198.0,0.376560777628064,79.23471994049844,48.19749958189552,6.771283935348679,389.4815633284412,1815.1691648822268,13642.312999999998,2020.7790000000005,2354.117,9267.416999999998,3314.0520000000006,10328.260999999997,24.29244952817019,LEVE,2
10,1,3,0,4,2,-16.610207,-72.715164,0,4,7,1,2,2,2,0,2021,2,4,0,17,3,0,6543.555,2.0,4,4,1.0,14,33,1198.0,0.6438160463426852,84.71218617950387,69.3595667037428,8.966372569949256,1152.2024707992498,16526.967880085653,10322.272,1495.236,1749.739,7077.2970000000005,2886.595,7435.677000000001,27.964725207783708,LEVE,2
3,3,7,0,4,1,-14.320065,-72.13885,0,4,7,1,2,2,2,2,2021,2,4,0,19,2,2,1780.161,1.0,1,3,0.0,9,32,490.0,0.2411536248675914,71.16845637511706,43.01729543604399,3.905041875737651,212.9084000245184,4403.670235546038,17779.13499998999,2097.3709999899997,2863.123,12818.640999999989,2878.713,14900.421999989989,16.19152450331032,LEVE,2
0,0,14,2,2,4,-12.061018898523397,-77.01281365599989,0,0,1,1,2,2,2,2,2021,2,4,0,20,2,0,6543.555,2.0,4,4,1.0,14,33,1198.0,0.7646845961658533,80.23682119426338,77.96082737891015,12.014176158371615,1633.787715186093,250806.0877944326,7626.313,1683.4029999999998,1599.0829999999996,4343.827000000001,1814.875,5811.438000000001,23.797541485643197,GRAVE_MORTALIDAD,1
1,1,9,2,4,1,-9.913444,-76.231121,0,3,7,1,2,2,2,0,2021,2,4,0,21,2,2,693.175,2.0,2,3,0.0,9,10,249.0,0.6180444460983137,74.03039022888252,77.03642562714263,10.109576076622472,1095.6415212894094,74635.5374732334,8209.057,1333.4779999999996,791.9770000000001,6083.602,1059.8589999999997,7149.198,12.910849565303296,LEVE,2
6,0,19,0,4,1,-5.35371130978209,-80.7164430447336,0,4,0,1,7,2,2,0,2021,2,4,0,22,2,0,453.9549999999999,2.0,2,3,0.0,9,32,133.0,0.4148191461350484,77.82903686752694,50.46633746500447,5.286735901838059,602.6826383081411,38807.252676659526,8965.846000060003,1782.4120000599992,636.9959999999999,6546.438000000004,2214.505000059999,6751.341000000004,24.699342371541725,LEVE,2
6,1,9,2,4,2,-9.2972753,-76.0076681,0,0,7,1,2,2,2,0,2021,2,5,1,5,0,2,6543.555,2.0,4,4,1.0,14,33,1198.0,0.5694431606317135,72.41168816179938,63.20442727209492,8.663916362353174,1077.1214349169788,13147.148273155108,8209.057,1333.4779999999996,791.9770000000001,6083.602,1059.8589999999997,7149.198,12.910849565303296,LEVE,2
6,1,9,0,4,1,-9.89296941835359,-76.4520505758337,0,4,0,0,1,2,2,2,2021,2,5,1,10,1,2,9936.932,2.0,2,0,1.0,9,32,3830.0,0.5563774842369664,77.00938809632027,69.10246351364754,8.476961866273152,914.8835608305218,27932.19700214133,8209.057,1333.4779999999996,791.9770000000001,6083.602,1059.8589999999997,7149.198,12.910849565303296,LEVE,2
3,2,12,0,3,4,-7.243284,-79.399869,0,4,7,1,2,2,2,0,2021,2,5,1,19,2,0,6543.555,2.0,4,4,1.0,14,33,1198.0,0.5885704819472196,78.81449187577415,72.29060549742594,8.763210867480462,976.1586325354776,48424.389721627405,8931.828000000005,1335.5899999999997,1935.9830000000004,5660.255000000005,1219.309,7712.519000000005,13.651281686122925,LEVE,2