CLASE SINIESTRO,CANTIDAD DE VEHICULOS DAÑADOS,DEPARTAMENTO,ZONA,TIPO DE VÍA,RED VIAL,COORDENADAS LATITUD,COORDENADAS  LONGITUD,CONDICIÓN CLIMÁTICA,ZONIFICACIÓN,CARACTERÍSTICAS DE VÍA,PERFIL LONGITUDINAL VÍA,SUPERFICIE DE CALZADA,¿EXISTE SEÑAL VERTICAL?,¿EXISTE SEÑAL HORIZONTAL?,CAUSA FACTOR PRINCIPAL,AÑO,MES,DIA_SEMANA,ES_FIN_SEMANA,HORA_NUM,FRANJA_HORARIA,REGION_NATURAL,MTC_RVN_LONGITUD_KM,MTC_RVN_N_CARRILES_MEDIANA,MTC_RVN_SUPERFICIE_DOMINANTE,MTC_RVN_ESTADO_DOMINANTE,MTC_RVN_ES_CONCESIONADA,MTC_RVN_CONCESION_PRINCIPAL,MTC_RVN_CORREDOR_LOGISTICO,MTC_RVN_N_TRAMOS,IDH_2019,IDH_ESP_VIDA_2019,IDH_EDUC_SECUND_PCT_2019,IDH_ANIOS_EDUC_2019,IDH_INGRESO_PERCAP_2019,IDH_POBLACION_2019,MTC_DEP_RED_TOTAL_KM,MTC_DEP_NACIONAL_TOTAL_KM,MTC_DEP_DEPARTAMENTAL_TOTAL_KM,MTC_DEP_VECINAL_TOTAL_KM,MTC_DEP_PAV_TOTAL_KM,MTC_DEP_NO_PAV_TOTAL_KM,MTC_DEP_PCT_PAVIMENTADA,CATEGORIA_SEVERIDAD,CATEGORIA_SEVERIDAD_ENC
7,0,21,2,4,1,-5.746693705628321,-77.47625704613425,2,3,7,1,2,2,2,2,2021,3,5,1,8,1,1,7758.33400008,2.0,2,0,1.0,9,20,2133.0,0.395409368693869,74.01814372927417,48.94523443220634,5.029353255237231,594.0921143791977,22212.160599571733,5645.136,815.0759999999999,965.298,3864.762,1013.406,4631.73,17.95184385283189,LEVE,2
0,1,21,2,4,1,-5.92532612047425,-77.31517099342778,0,0,7,1,2,2,2,2,2021,3,5,1,15,3,1,7758.33400008,2.0,2,0,1.0,9,20,2133.0,0.4789759027469384,73.43778249935497,54.01635312204597,6.285279694551369,847.2910954428505,47552.6295503212,5645.136,815.0759999999999,965.298,3864.762,1013.406,4631.73,17.95184385283189,LEVE,2
3,2,19,0,4,3,-5.00954765882599,-80.2211168608005,0,4,0,1,7,2,2,0,2021,3,5,1,16,3,0,6543.555,2.0,4,4,1.0,14,33,1198.0,0.4653748048968089,74.19666709322776,61.11371397478021,6.596218102126203,701.9088264424688,75914.02997858672,8965.846000060003,1782.4120000599992,636.9959999999999,6546.438000000004,2214.505000059999,6751.341000000004,24.699342371541725,GRAVE_LESIONADOS,0
1,1,1,0,4,0,-9.033604854509422,-78.56125272044436,0,4,7,1,2,2,2,0,2021,3,5,1,20,2,2,6543.555,2.0,4,4,1.0,14,33,1198.0,0.6138280897610826,78.84695742989106,71.99259200326753,9.438855747011283,1055.78291711923,196830.83083511775,10767.648,1885.0630000000003,1222.721,7659.864000000001,2100.343,8667.305000000002,19.506051832303577,LEVE,2
5,1,13,0,4,2,-6.678596,-79.781781,0,4,2,1,7,2,2,0,2021,3,5,1,21,2,0,6543.555,2.0,4,4,1.0,14,33,1198.0,0.5110846256157147,68.87191436583258,65.67157893754222,9.535932277812948,787.4179581342529,35704.93147751606,3459.691,515.0619999999999,689.7280000000001,2254.901,703.3549999999999,2756.336,20.329994788551925,LEVE,2
1,1,3,2,2,4,-16.31881119565338,-71.52969234622411,0,3,0,0,2,2,2,2,2021,3,5,1,23,2,0,6543.555,2.0,4,4,1.0,14,33,1198.0,0.6738551636003771,78.16730405462371,80.12651178794934,11.26654579524565,1199.6180061497348,97926.27408993576,10322.272,1495.236,1749.739,7077.2970000000005,2886.595,7435.677000000001,27.964725207783708,LEVE,2
1,1,14,2,4,1,-11.946883,-77.070858,0,3,1,1,2,2,2,0,2021,3,6,1,3,0,0,6543.555,3.0,2,0,1.0,0,30,1475.0,0.7218926988400113,80.0902077245261,77.9581888264889,10.971588327733102,1458.3206086290393,530000.3426124197,7626.313,1683.4029999999998,1599.0829999999996,4343.827000000001,1814.875,5811.438000000001,23.797541485643197,LEVE,2
6,1,3,0,4,1,-15.663868,-71.05266,1,4,7,1,2,0,1,2,2021,3,6,1,14,3,0,568.5409999999999,1.0,2,3,0.0,9,3,93.0,0.4498224071382834,81.63336343193146,58.84842497065013,5.774685730039019,620.6584683449911,1358.612419700214,10322.272,1495.236,1749.739,7077.2970000000005,2886.595,7435.677000000001,27.964725207783708,LEVE,2
3,2,11,0,4,1,-11.894049,-75.341376,2,4,8,1,2,1,0,0,2021,3,6,1,18,2,2,7586.903,2.0,2,0,1.0,9,5,1198.0,0.5150103500707462,70.89081048633196,60.87981187517256,8.807736773952207,838.1727186702815,5279.312633832977,12264.545,1826.4639999999995,1105.5389999999998,9332.542,1588.5359999999996,10676.009,12.952261987705208,LEVE,2
3,2,12,0,4,2,-7.73735125059365,-79.30589344133942,0,4,7,1,2,2,2,2,2021,3,6,1,22,2,0,6543.555,2.0,4,4,1.0,14,33,1198.0,0.5345074857798321,76.79673752589963,64.57887254166187,7.835494818831411,867.2803588353443,27037.03854389721,8931.828000000005,1335.5899999999997,1935.9830000000004,5660.255000000005,1219.309,7712.519000000005,13.651281686122925,LEVE,2
3,2,4,2,4,1,-12.624625,-73.789154,0,4,0,1,7,0,1,6,2021,3,0,0,1,0,2,3447.8009999999995,1.0,2,3,0.0,9,12,1109.0,0.4156295677470426,73.79465064787826,58.14841838060486,6.388914560556915,537.0367398887602,10571.86295503212,12678.733000000004,1805.074000000001,1774.0339999999994,9099.625000000004,2485.375000000001,10193.358000000002,19.602707936195205,GRAVE_LESIONADOS,0
6,1,9,0,4,0,-9.97815888177728,-76.49972328540551,0,4,0,1,1,2,2,0,2021,3,0,0,5,0,2,6543.555,2.0,4,4,1.0,14,33,1198.0,0.3179776449594764,80.30064087615187,63.09676978642245,3.9591249641063806,312.6064131502951,5316.960326109821,8209.057,1333.4779999999996,791.9770000000001,6083.602,1059.8589999999997,7149.198,12.910849565303296,LEVE,2
6,1,19,0,4,3,-5.61141,-79.611036,0,4,0,0,1,2,2,0,2021,3,0,0,7,1,0,6543.555,2.0,4,4,1.0,14,33,1198.0,0.2117580020098525,65.37756662211437,42.30794939557186,3.975264599118591,171.62326554814578,38712.25053533191,8965.846000060003,1782.4120000599992,636.9959999999999,6546.438000000004,2214.505000059999,6751.341000000004,24.699342371541725,GRAVE_MORTALIDAD,1
3,2,14,0,4,2,-11.379775056306409,-77.31190138795026,0,4,7,1,2,2,2,2,2021,3,0,0,9,1,0,6543.555,2.0,4,4,1.0,14,33,1198.0,0.6447048661877788,79.92873744030881,69.7224229508107,9.344738893386534,1220.4608925685638,104439.11563169166,7626.313,1683.4029999999998,1599.0829999999996,4343.827000000001,1814.875,5811.438000000001,23.797541485643197,LEVE,2
0,1,5,0,4,2,-7.19258821260287,-78.4284867247807,0,4,7,1,7,2,2,4,2021,3,0,0,10,1,2,6543.555,2.0,4,4,1.0,14,33,1198.0,0.3658867820676106,77.61736312988027,56.72232982291409,4.846126768330761,429.7048027279435,5469.092077087795,15935.565011852366,1733.9250000199986,935.692,13265.948011832368,2000.1670000199988,13935.398011832369,12.551591352627522,LEVE,2
0,1,20,0,4,1,-15.290999,-69.95277,0,4,7,1,2,1,1,2,2021,3,0,0,12,3,2,1762.84,2.0,1,0,0.0,9,32,485.0,0.3120136684565522,74.56643070176949,67.13828218150482,6.277409990126978,231.9912855577296,12390.518201284798,13642.312999999998,2020.7790000000005,2354.117,9267.416999999998,3314.0520000000006,10328.260999999997,24.29244952817019,LEVE,2
0,0,11,0,6,4,-12.0884911,-75.286090516,0,4,7,1,7,2,2,0,2021,3,0,0,17,3,2,6543.555,2.0,4,4,1.0,14,33,1198.0,0.5484926229087004,71.68710358104774,72.11550957589158,9.507801722229406,870.5033230695167,21173.26124197002,12264.545,1826.4639999999995,1105.5389999999998,9332.542,1588.5359999999996,10676.009,12.952261987705208,LEVE,2
0,1,1,0,4,2,-9.356615206019528,-77.59713007455545,0,4,0,0,4,2,2,2,2021,3,1,0,8,1,2,6543.555,2.0,4,4,1.0,14,33,1198.0,0.3790378748513949,76.49423901708208,62.74220126454971,5.261195206480723,434.95267369706266,2388.5117773019274,10767.648,1885.0630000000003,1222.721,7659.864000000001,2100.343,8667.305000000002,19.506051832303577,LEVE,2
6,1,1,0,4,2,-9.291594640542083,-77.06817394987873,7,4,0,0,7,2,2,2,2021,3,1,0,14,3,2,6543.555,2.0,4,4,1.0,14,33,1198.0,0.326000270862385,76.26702144939782,62.622580517772185,4.513633280934267,323.92630552321475,2138.4304068522483,10767.648,1885.0630000000003,1222.721,7659.864000000001,2100.343,8667.305000000002,19.506051832303577,GRAVE_LESIONADOS,0
1,1,14,2,2,4,-12.00466,-77.06125,0,2,7,1,2,2,2,0,2021,3,1,0,16,3,0,6543.555,2.0,4,4,1.0,14,33,1198.0,0.6853375063928137,80.04346891299102,76.32428568750537,8.817291636093138,1443.328322024431,217176.83083511775,7626.313,1683.4029999999998,1599.0829999999996,4343.827000000001,1814.875,5811.438000000001,23.797541485643197,LEVE,2
0,1,6,2,2,4,-12.0474209170896,-77.08599033016722,0,0,7,1,4,2,2,4,2021,3,1,0,17,3,0,6543.555,2.0,4,4,1.0,14,33,1198.0,0.5563774842369664,77.00938809632027,69.10246351364754,8.476961866273152,914.8835608305218,27932.19700214133,51.58600000000001,44.68700000000001,6.899000000000001,0.0,49.838000000000015,1.748,96.61148373589734,LEVE,2
0,1,12,0,4,1,-7.151852,-79.449101,0,4,7,1,2,2,2,0,2021,3,1,0,17,3,0,6543.555,3.0,2,0,1.0,0,30,1475.0,0.5114727232493018,78.60606800160349,61.153108160372966,6.422343227671115,862.4189512831092,24701.19700214133,8931.828000000005,1335.5899999999997,1935.9830000000004,5660.255000000005,1219.309,7712.519000000005,13.651281686122925,LEVE,2
3,2,7,0,4,1,-13.454315,-72.411212,2,4,0,0,2,1,1,5,2021,3,2,0,3,0,2,7586.903,2.0,2,0,1.0,9,5,1198.0,0.3401816617977222,71.10991456121904,48.96986934460488,5.376243173322119,394.5611246991025,8685.158458244112,17779.13499998999,2097.3709999899997,2863.123,12818.640999999989,2878.713,14900.421999989989,16.19152450331032,LEVE,2
1,0,3,2,6,4,-16.496078,-71.836013,0,3,7,0,2,2,2,2,2021,3,2,0,3,0,0,6543.555,2.0,4,4,1.0,14,33,1198.0,0.6105481451420971,78.10653088113892,68.35418098658066,8.411557426919764,1158.5430895193692,35025.678800856535,10322.272,1495.236,1749.739,7077.2970000000005,2886.595,7435.677000000001,27.964725207783708,LEVE,2
3,2,22,0,4,1,-17.975617,-70.2867008,0,4,1,0,2,1,1,2,2021,3,2,0,6,1,0,6639.975,2.0,2,0,1.0,9,31,1616.0,0.6966125262955101,76.67066141771582,75.49195828278967,11.654573086271489,1371.819928142763,74177.24411134903,2650.572,630.6729999999998,487.3610000000001,1532.5379999999998,1068.7019999999998,1581.87,40.31967439480987,GRAVE_LESIONADOS,0
0,1,14,2,2,4,-12.03756,-77.04597,7,2,7,1,2,2,2,4,2021,3,2,0,10,1,0,6543.555,2.0,4,4,1.0,14,33,1198.0,0.7419979630670723,80.31822295927182,79.00446395716813,11.084203715652809,1554.6868971011318,739416.2413542903,7626.313,1683.4029999999998,1599.0829999999996,4343.827000000001,1814.875,5811.438000000001,23.797541485643197,LEVE,2
10,1,14,2,2,4,-12.38028,-76.78787,0,2,7,1,2,2,2,0,2021,3,2,0,17,3,0,6543.555,2.0,4,4,1.0,14,33,1198.0,0.6997623570346938,76.1024633480164,67.4916969677081,10.594360693484372,1568.8925177861563,8292.871520342613,7626.313,1683.4029999999998,1599.0829999999996,4343.827000000001,1814.875,5811.438000000001,23.797541485643197,LEVE,2
3,1,16,2,4,1,-12.883538,-70.026828,6,5,6,2,6,2,2,0,2021,3,3,0,3,0,1,3263.58,2.0,2,0,1.0,5,18,566.0,0.5847607793961872,74.2269863647676,56.54783510482739,8.321017414125608,1213.9031663194648,11048.877944325484,2090.391,399.431,340.021,1350.9389999999996,493.824,1596.5669999999996,23.62352306338862,LEVE,2
0,0,7,2,3,4,-13.526312,-71.929567,7,3,7,0,1,2,2,2,2021,3,3,0,9,1,2,6543.555,2.0,4,4,1.0,14,33,1198.0,0.6806292796157144,77.51447806142957,82.6599812385644,11.044400293146794,1245.5372385926626,131240.7944325482,17779.13499998999,2097.3709999899997,2863.123,12818.640999999989,2878.713,14900.421999989989,16.19152450331032,LEVE,2
6,1,10,0,4,1,-14.495542593746388,-75.28891236341828,0,4,7,1,2,0,1,0,2021,3,3,0,12,3,0,6639.975,2.0,2,0,1.0,9,31,1616.0,0.5696116876324925,79.88318888188034,75.55587353424704,8.850381306951043,848.1473782480846,771.1927194860813,3721.461,698.1859999999996,744.866,2278.409,1102.9029999999996,2618.558,29.636290693359403,LEVE,2
6,1,5,0,4,2,-6.03268818,-78.76084474,0,4,0,0,1,2,2,2,2021,3,3,0,13,3,2,6543.555,2.0,4,4,1.0,14,33,1198.0,0.2763855319034314,76.84602581530338,42.36605887587545,4.775043596869378,237.1562113182656,4772.815845824411,15935.565011852366,1733.9250000199986,935.692,13265.948011832368,2000.1670000199988,13935.398011832369,12.551591352627522,LEVE,2
6,1,9,0,4,3,-10.138769,-76.222358,0,4,0,0,1,2,2,2,2021,3,3,0,17,3,2,6543.555,2.0,4,4,1.0,14,33,1198.0,0.4409568562886455,71.99386853840333,62.37771036855066,6.367924120649262,637.4004565004427,18841.897216274087,8209.057,1333.4779999999996,791.9770000000001,6083.602,1059.8589999999997,7149.198,12.910849565303296,LEVE,2
1,1,14,2,4,1,-12.47704286581339,-76.74824147897822,0,2,7,1,2,2,2,0,2021,3,3,0,23,2,0,6639.975,2.0,2,0,1.0,9,31,1616.0,0.7033052422048006,79.27699023084553,78.75787716925494,10.495980139511614,1399.9661523613097,18759.880085653105,7626.313,1683.4029999999998,1599.0829999999996,4343.827000000001,1814.875,5811.438000000001,23.797541485643197,LEVE,2
3,2,7,2,4,1,-13.566591,-71.833875,0,3,7,1,2,2,2,2,2021,3,4,0,2,0,2,7586.903,2.0,2,0,1.0,9,5,1198.0,0.5196848738299176,77.87933372563211,69.4675909511807,8.375864983409588,727.1162363854935,6457.1220556745175,17779.13499998999,2097.3709999899997,2863.123,12818.640999999989,2878.713,14900.421999989989,16.19152450331032,LEVE,2
6,1,14,2,2,4,-12.13744,-77.01514,0,2,7,1,2,2,2,2,2021,3,4,0,8,1,0,6543.555,2.0,4,4,1.0,14,33,1198.0,0.8017574897902351,80.48487267736287,78.74302427848284,13.156716040468266,1766.1488062170545,359776.608137045,7626.313,1683.4029999999998,1599.0829999999996,4343.827000000001,1814.875,5811.438000000001,23.797541485643197,LEVE,2
3,2,19,0,4,1,-4.930936712113596,-80.5380034003376,0,4,7,1,2,1,1,0,2021,3,4,0,9,1,0,640.6200000000001,2.0,2,3,0.0,9,32,72.0,0.459857589992435,80.72202071327797,50.86886521100652,5.65389066385764,729.6720832259953,125429.93361884369,8965.846000060003,1782.4120000599992,636.9959999999999,6546.438000000004,2214.505000059999,6751.341000000004,24.699342371541725,LEVE,2
6,1,20,0,4,1,-15.68907120928058,-70.81193843738657,0,4,0,0,2,1,1,2,2021,3,4,0,9,1,2,1504.4250000000002,2.0,2,0,1.0,7,25,241.0,0.4698599762559323,78.4228993312338,68.12786536644234,6.991927650318564,610.3916333612686,6938.8501070663815,13642.312999999998,2020.7790000000005,2354.117,9267.416999999998,3314.0520000000006,10328.260999999997,24.29244952817019,LEVE,2
3,2,12,2,4,1,-7.434928,-79.501621,0,4,7,1,2,2,2,2,2021,3,4,0,11,1,0,6543.555,3.0,2,0,1.0,0,30,1475.0,0.6138517538553948,80.84826225715301,64.49339622566798,9.143362084626023,1095.689060330069,16852.97430406852,8931.828000000005,1335.5899999999997,1935.9830000000004,5660.255000000005,1219.309,7712.519000000005,13.651281686122925,LEVE,2
6,1,7,0,4,1,-12.6442572040192,-72.9332272616422,5,4,0,0,7,2,2,5,2021,3,4,0,14,3,2,3447.8009999999995,1.0,2,3,0.0,9,12,1109.0,0.4297325556987851,76.15904795703717,58.63823936731875,6.097264629229048,579.625724446144,29458.58458244112,17779.13499998999,2097.3709999899997,2863.123,12818.640999999989,2878.713,14900.421999989989,16.19152450331032,GRAVE_MORTALIDAD,1
6,1,14,2,4,1,-10.67120414605662,-76.76976285249098,0,4,0,0,2,1,0,0,2021,3,4,0,15,3,0,1422.177,2.0,2,0,0.0,9,19,698.0,0.6329626849738527,79.69467338238256,55.60978991784313,10.43485646497054,1214.2298061072966,14347.565310492504,7626.313,1683.4029999999998,1599.0829999999996,4343.827000000001,1814.875,5811.438000000001,23.797541485643197,GRAVE_MORTALIDAD,1
6,1,12,2,4,0,-8.0959207,-79.1139278,0,4,7,1,2,2,2,2,2021,3,4,0,18,2,0,6543.555,2.0,4,4,1.0,14,33,1198.0,0.583006771156836,78.2441938961209,62.24037484511178,8.807312392374042,1028.2282118265089,76607.295503212,8931.828000000005,1335.5899999999997,1935.9830000000004,5660.255000000005,1219.309,7712.519000000005,13.651281686122925,LEVE,2
3,2,3,0,4,0,-16.5407845,-71.6995849,0,4,7,1,2,1,1,2,2021,3,4,0,20,2,0,6543.555,2.0,4,4,1.0,14,33,1198.0,0.6689013265491138,80.68275010974979,77.5560025217936,10.466309714908672,1190.454984819332,14385.036402569593,10322.272,1495.236,1749.739,7077.2970000000005,2886.595,7435.677000000001,27.964725207783708,GRAVE_LESIONADOS,0
3,2,20,0,4,2,-16.148,-69.622,0,4,7,1,2,2,2,6,2021,3,4,0,21,2,2,6543.555,2.0,4,4,1.0,14,33,1198.0,0.4020198374784472,77.80062735845667,75.295761294875,7.279851651626652,372.63390314535104,50686.62526766595,13642.312999999998,2020.7790000000005,2354.117,9267.416999999998,3314.0520000000006,10328.260999999997,24.29244952817019,LEVE,2
6,1,11,0,4,2,-12.047251,-75.303147,0,4,0,1,2,2,2,2,2021,3,5,1,6,1,2,6543.555,2.0,4,4,1.0,14,33,1198.0,0.5285636336071157,73.42501182291251,72.99402084998901,8.480900339546155,804.6146188752779,13113.002141327624,12264.545,1826.4639999999995,1105.5389999999998,9332.542,1588.5359999999996,10676.009,12.952261987705208,GRAVE_LESIONADOS,0
6,1,12,0,4,1,-8.964107,-78.624423,0,4,7,1,2,2,2,0,2021,3,5,1,6,1,0,6543.555,3.0,2,0,1.0,0,30,1475.0,0.4867987483268106,77.5825534369154,52.95148122709723,6.150547060309878,840.5788229266196,9838.736616702356,8931.828000000005,1335.5899999999997,1935.9830000000004,5660.255000000005,1219.309,7712.519000000005,13.651281686122925,GRAVE_LESIONADOS,0
0,1,14,2,2,4,-12.00624,-77.0827,0,2,7,1,2,2,2,2,2021,3,5,1,7,1,0,6543.555,2.0,4,4,1.0,14,33,1198.0,0.7419979630670723,80.31822295927182,79.00446395716813,11.084203715652809,1554.6868971011318,739416.2413542903,7626.313,1683.4029999999998,1599.0829999999996,4343.827000000001,1814.875,5811.438000000001,23.797541485643197,LEVE,2
1,0,14,2,4,1,-11.120528053750226,-77.59414475468402,0,4,7,1,2,2,2,0,2021,3,5,1,9,1,0,6543.555,3.0,2,0,1.0,0,30,1475.0,0.7327345537337897,78.20903814342847,76.31492653513806,13.642917835589472,1405.6698219039215,62016.21841541756,7626.313,1683.4029999999998,1599.0829999999996,4343.827000000001,1814.875,5811.438000000001,23.797541485643197,LEVE,2
3,2,14,0,4,1,-10.65249977216015,-77.84463793068983,0,4,7,1,2,1,0,2,2021,3,5,1,11,1,0,6543.555,3.0,2,0,1.0,0,30,1475.0,0.6268687897946689,82.18096720561557,72.30753381266985,8.959173721649861,1090.279660993292,20521.346895074952,7626.313,1683.4029999999998,1599.0829999999996,4343.827000000001,1814.875,5811.438000000001,23.797541485643197,GRAVE_MORTALIDAD,1
10,1,21,2,6,4,-6.924153,-76.329368,7,0,7,1,2,0,1,1,2021,3,5,1,11,1,1,6543.555,2.0,4,4,1.0,14,33,1198.0,0.5348373114087734,74.72209379840524,50.761128211223074,7.730460204225324,1023.3669112145984,8873.344753747322,5645.136,815.0759999999999,965.298,3864.762,1013.406,4631.73,17.95184385283189,LEVE,2
0,1,9,0,4,1,-10.058429,-76.222235,0,4,7,0,2,2,2,0,2021,3,5,1,13,3,2,9936.932,2.0,2,0,1.0,9,32,3830.0,0.4099761862104573,75.21754572690584,49.32523159637682,4.993439572064588,644.3528377665261,5708.92505353319,8209.057,1333.4779999999996,791.9770000000001,6083.602,1059.8589999999997,7149.198,12.910849565303296,LEVE,2
3,1,14,2,4,1,-12.0427,-76.98674,0,4,1,1,2,2,2,2,2021,3,5,1,14,3,0,6543.555,3.0,2,0,1.0,0,30,1475.0,0.6970617810314195,81.40501156526744,73.5715154770137,9.635174408411393,1428.892506292977,203379.9271948608,7626.313,1683.4029999999998,1599.0829999999996,4343.827000000001,1814.875,5811.438000000001,23.797541485643197,LEVE,2
3,2,3,0,4,1,-16.0735194,-71.4758204,0,4,7,1,2,2,2,2,2021,3,5,1,16,3,0,1504.4250000000002,2.0,2,0,1.0,7,25,241.0,0.6005060748875158,78.21704200773246,77.40211893847457,8.994742794352394,996.014120858737,33335.45824411135,10322.272,1495.236,1749.739,7077.2970000000005,2886.595,7435.677000000001,27.964725207783708,LEVE,2
3,2,20,0,4,0,-15.05,-70.24757,5,4,0,1,7,2,2,2,2021,3,5,1,18,2,2,6543.555,2.0,4,4,1.0,14,33,1198.0,0.192208961369019,68.76766266610497,65.94920879656723,5.568539909379126,92.3572780511386,4011.042826552462,13642.312999999998,2020.7790000000005,2354.117,9267.416999999998,3314.0520000000006,10328.260999999997,24.29244952817019,LEVE,2
3,2,13,0,4,1,-6.661266789375377,-79.9278410687739,0,4,7,1,2,1,1,2,2021,3,5,1,19,2,0,6543.555,3.0,2,0,1.0,0,30,1475.0,0.5539280527450423,74.69452916859504,66.89728158703436,9.542777400516576,872.5509264417765,79617.09421841543,3459.691,515.0619999999999,689.7280000000001,2254.901,703.3549999999999,2756.336,20.329994788551925,LEVE,2
2,1,11,0,4,1,-11.205682145657612,-74.66242047948204,0,4,7,1,2,2,2,0,2021,3,5,1,19,2,2,5768.608,2.0,3,1,0.0,9,32,365.0,0.3896449199426799,73.52944498752588,58.12847486528723,6.818497881997056,432.7706547473175,27485.456102783723,12264.545,1826.4639999999995,1105.5389999999998,9332.542,1588.5359999999996,10676.009,12.952261987705208,LEVE,2
5,1,20,0,4,2,-14.471582977069756,-70.63235122851832,5,4,7,1,7,2,2,2,2021,3,5,1,20,2,2,6543.555,2.0,4,4,1.0,14,33,1198.0,0.3785159657563678,72.65745241856251,60.7417406981411,5.492258813720908,458.4912550206169,8943.509635974304,13642.312999999998,2020.7790000000005,2354.117,9267.416999999998,3314.0520000000006,10328.260999999997,24.29244952817019,LEVE,2
3,2,12,0,4,1,-7.336833,-79.495344,0,4,7,1,2,2,2,0,2021,3,5,1,20,2,0,6543.555,3.0,2,0,1.0,0,30,1475.0,0.5351117900300902,83.23861437968503,65.52389176988291,6.875649646518558,839.0613958405557,12592.21841541756,8931.828000000005,1335.5899999999997,1935.9830000000004,5660.255000000005,1219.309,7712.519000000005,13.651281686122925,LEVE,2
6,1,5,2,4,1,-7.32351431,-78.17276079,0,0,0,0,2,1,1,2,2021,3,5,1,23,2,2,9936.932,2.0,2,0,1.0,9,32,3830.0,0.4160404978708171,68.76371319246165,57.446543719682,6.107473048719884,617.9908903297805,21466.32119914347,15935.565011852366,1733.9250000199986,935.692,13265.948011832368,2000.1670000199988,13935.398011832369,12.551591352627522,LEVE,2
3,2,5,0,4,1,-7.222726156837997,-79.20615785520997,0,4,0,1,1,1,1,2,2021,3,6,1,10,1,2,887.28,2.0,2,0,1.0,8,17,155.0,0.5563774842369664,73.07406660240972,65.2611721745993,7.77984257932775,1045.7361851012442,7379.728051391864,15935.565011852366,1733.9250000199986,935.692,13265.948011832368,2000.1670000199988,13935.398011832369,12.551591352627522,GRAVE_LESIONADOS,0
3,2,11,0,4,1,-11.103631107497216,-74.69443274237562,0,4,7,0,2,2,2,0,2021,3,6,1,11,1,2,5768.608,2.0,3,1,0.0,9,32,365.0,0.3896449199426799,73.52944498752588,58.12847486528723,6.818497881997056,432.7706547473175,27485.456102783723,12264.545,1826.4639999999995,1105.5389999999998,9332.542,1588.5359999999996,10676.009,12.952261987705208,LEVE,2
6,0,14,2,8,4,-11.999400281006354,-77.0437503319536,0,2,7,1,2,2,2,0,2021,3,6,1,12,3,0,6543.555,2.0,4,4,1.0,14,33,1198.0,0.6853375063928137,80.04346891299102,76.32428568750537,8.817291636093138,1443.328322024431,217176.83083511775,7626.313,1683.4029999999998,1599.0829999999996,4343.827000000001,1814.875,5811.438000000001,23.797541485643197,LEVE,2
5,2,5,2,4,1,-5.696099,-78.806165,7,0,0,0,2,2,2,0,2021,3,6,1,14,3,2,7758.33400008,2.0,2,0,1.0,9,20,2133.0,0.5803239946829384,74.49544278598792,68.33065356443184,8.733179344969395,1046.078117086984,102362.46895074946,15935.565011852366,1733.9250000199986,935.692,13265.948011832368,2000.1670000199988,13935.398011832369,12.551591352627522,LEVE,2
3,2,21,0,4,0,-6.044007,-77.171703,0,3,0,1,2,2,2,2,2021,3,6,1,18,2,1,6543.555,2.0,4,4,1.0,14,33,1198.0,0.5963332411867256,73.80959983510441,63.34953560123128,8.251886446437874,1232.7304200473363,24031.167023554604,5645.136,815.0759999999999,965.298,3864.762,1013.406,4631.73,17.95184385283189,LEVE,2
3,2,1,0,4,1,-9.51666637187945,-77.98920716539112,0,4,7,1,2,2,2,0,2021,3,6,1,19,2,2,729.0909999999999,1.0,2,0,0.0,9,4,195.0,0.4604307906078795,79.99924510469356,52.11460713107193,6.100263783162891,695.7260220012494,8571.824411134903,10767.648,1885.0630000000003,1222.721,7659.864000000001,2100.343,8667.305000000002,19.506051832303577,LEVE,2
3,2,20,2,4,1,-15.2710254,-69.895208,5,4,7,1,2,1,1,2,2021,3,6,1,19,2,2,1762.84,2.0,1,0,0.0,9,32,485.0,0.3120136684565522,74.56643070176949,67.13828218150482,6.277409990126978,231.9912855577296,12390.518201284798,13642.312999999998,2020.7790000000005,2354.117,9267.416999999998,3314.0520000000006,10328.260999999997,24.29244952817019,LEVE,2
0,1,14,2,2,4,-12.00193,-77.087,0,2,7,1,2,2,2,2,2021,3,6,1,20,2,0,6543.555,2.0,4,4,1.0,14,33,1198.0,0.7419979630670723,80.31822295927182,79.00446395716813,11.084203715652809,1554.6868971011318,739416.2413542903,7626.313,1683.4029999999998,1599.0829999999996,4343.827000000001,1814.875,5811.438000000001,23.797541485643197,LEVE,2
1,0,3,2,4,1,-16.438828,-73.103706,0,3,7,1,2,1,1,4,2021,3,6,1,21,2,0,6639.975,2.0,2,0,1.0,9,31,1616.0,0.6193008310774621,82.69408159482029,66.92621392177676,8.70769637174445,1102.1398098925033,4520.503211991434,10322.272,1495.236,1749.739,7077.2970000000005,2886.595,7435.677000000001,27.964725207783708,LEVE,2
3,2,12,0,4,1,-7.255380444143223,-79.4904159816797,0,4,0,0,2,2,2,2,2021,3,6,1,22,2,0,6543.555,3.0,2,0,1.0,0,30,1475.0,0.5650979329787121,81.32490571897102,68.6769211482833,7.868096912305706,909.6843705053026,43897.946466809415,8931.828000000005,1335.5899999999997,1935.9830000000004,5660.255000000005,1219.309,7712.519000000005,13.651281686122925,LEVE,2
3,2,5,0,4,1,-6.0517875,-79.1069385,0,4,7,1,2,2,2,0,2021,3,0,0,0,0,2,9936.932,2.0,2,0,1.0,9,32,3830.0,0.5089064260692896,75.49593859459377,56.74492330977312,6.743539171475742,903.5347616610204,6985.957173447538,15935.565011852366,1733.9250000199986,935.692,13265.948011832368,2000.1670000199988,13935.398011832369,12.551591352627522,LEVE,2