CLASE SINIESTRO,CANTIDAD DE VEHICULOS DAÑADOS,DEPARTAMENTO,ZONA,TIPO DE VÍA,RED VIAL,COORDENADAS LATITUD,COORDENADAS  LONGITUD,CONDICIÓN CLIMÁTICA,ZONIFICACIÓN,CARACTERÍSTICAS DE VÍA,PERFIL LONGITUDINAL VÍA,SUPERFICIE DE CALZADA,¿EXISTE SEÑAL VERTICAL?,¿EXISTE SEÑAL HORIZONTAL?,CAUSA FACTOR PRINCIPAL,AÑO,MES,DIA_SEMANA,ES_FIN_SEMANA,HORA_NUM,FRANJA_HORARIA,REGION_NATURAL,MTC_RVN_LONGITUD_KM,MTC_RVN_N_CARRILES_MEDIANA,MTC_RVN_SUPERFICIE_DOMINANTE,MTC_RVN_ESTADO_DOMINANTE,MTC_RVN_ES_CONCESIONADA,MTC_RVN_CONCESION_PRINCIPAL,MTC_RVN_CORREDOR_LOGISTICO,MTC_RVN_N_TRAMOS,IDH_2019,IDH_ESP_VIDA_2019,IDH_EDUC_SECUND_PCT_2019,IDH_ANIOS_EDUC_2019,IDH_INGRESO_PERCAP_2019,IDH_POBLACION_2019,MTC_DEP_RED_TOTAL_KM,MTC_DEP_NACIONAL_TOTAL_KM,MTC_DEP_DEPARTAMENTAL_TOTAL_KM,MTC_DEP_VECINAL_TOTAL_KM,MTC_DEP_PAV_TOTAL_KM,MTC_DEP_NO_PAV_TOTAL_KM,MTC_DEP_PCT_PAVIMENTADA,CATEGORIA_SEVERIDAD,CATEGORIA_SEVERIDAD_ENC
0,1,13,0,4,1,-6.6321239,-79.3980907,0,4,7,1,2,2,2,0,2021,3,2,0,15,3,0,919.085,2.0,2,3,0.0,9,7,218.0,0.5503029539517347,79.99127591066559,68.1090917289538,7.641427786921865,881.7633092588721,18003.3426124197,3459.691,515.0619999999999,689.7280000000001,2254.901,703.3549999999999,2756.336,20.329994788551925,LEVE,2
0,0,14,2,2,4,-12.096617,-77.055005,7,3,7,1,2,2,2,2,2021,3,2,0,15,3,0,6543.555,2.0,4,4,1.0,14,33,1198.0,0.7888324174847985,80.35414029442592,78.47021861578261,13.858205769646707,1641.6552926623544,53212.44111349037,7626.313,1683.4029999999998,1599.0829999999996,4343.827000000001,1814.875,5811.438000000001,23.797541485643197,LEVE,2
6,1,11,0,4,1,-11.948392,-75.325018,2,4,7,1,2,2,2,0,2021,3,2,0,17,3,2,196.88,2.0,2,0,1.0,3,32,35.0,0.5094324469192663,69.80046164182401,68.30814412618273,8.9065528403411,781.4898849740999,1269.9314775160597,12264.545,1826.4639999999995,1105.5389999999998,9332.542,1588.5359999999996,10676.009,12.952261987705208,GRAVE_LESIONADOS,0
0,1,1,0,4,1,-9.269004270679783,-77.67599794945315,2,4,7,1,2,1,1,2,2021,3,2,0,21,2,2,9936.932,2.0,2,0,1.0,9,32,3830.0,0.4587978361428124,78.55357819250929,75.00490137952089,6.798229716455806,554.0808499913494,3284.7344753747325,10767.648,1885.0630000000003,1222.721,7659.864000000001,2100.343,8667.305000000002,19.506051832303577,LEVE,2
3,2,12,0,4,1,-7.715331,-79.310961,0,4,7,1,2,2,2,2,2021,3,2,0,21,2,0,6543.555,3.0,2,0,1.0,0,30,1475.0,0.5345074857798321,76.79673752589963,64.57887254166187,7.835494818831411,867.2803588353443,27037.03854389721,8931.828000000005,1335.5899999999997,1935.9830000000004,5660.255000000005,1219.309,7712.519000000005,13.651281686122925,LEVE,2
0,1,14,2,2,4,-12.2617770804141,-76.8831283306641,0,3,7,1,2,2,2,4,2021,3,2,0,21,2,0,6543.555,2.0,4,4,1.0,14,33,1198.0,0.6909236767275176,78.41626133969348,70.97436336767564,9.826485374940413,1476.8351947609171,95908.53319057816,7626.313,1683.4029999999998,1599.0829999999996,4343.827000000001,1814.875,5811.438000000001,23.797541485643197,LEVE,2
1,2,12,0,4,1,-7.839252,-79.152646,0,4,7,1,2,2,2,0,2021,4,3,0,3,0,0,6543.555,3.0,2,0,1.0,0,30,1475.0,0.5721567587688113,77.67102283812494,66.21373667954742,8.464777379360486,978.4498488219192,15563.077087794432,8931.828000000005,1335.5899999999997,1935.9830000000004,5660.255000000005,1219.309,7712.519000000005,13.651281686122925,LEVE,2
3,1,1,2,4,1,-9.15999212082273,-78.49698374553051,0,3,7,1,2,2,2,0,2021,4,3,0,4,0,2,6543.555,3.0,2,0,1.0,0,30,1475.0,0.6459598096056908,78.63908715089502,73.94922643905556,10.615650526897664,1131.8657131941532,175440.59743040687,10767.648,1885.0630000000003,1222.721,7659.864000000001,2100.343,8667.305000000002,19.506051832303577,GRAVE_MORTALIDAD,1
3,2,15,2,3,4,-3.727735,-73.247409,0,0,7,1,2,2,2,2,2021,4,3,0,7,1,1,6543.555,2.0,4,4,1.0,14,33,1198.0,0.5706668125918415,75.09964516635742,53.96567614691405,10.363459721608116,996.7055119355156,86909.8886509636,1095.5949999999998,128.87099999999998,320.74700000000007,645.9769999999999,274.214,821.381,25.02877431897737,LEVE,2
6,1,11,0,4,2,-11.441708317287668,-75.53182458966285,0,4,7,0,2,2,2,0,2021,4,3,0,8,1,2,6543.555,2.0,4,4,1.0,14,33,1198.0,0.2783009324476304,76.27831804549716,46.01078693421135,4.74478481165958,236.26392874087455,5155.263383297644,12264.545,1826.4639999999995,1105.5389999999998,9332.542,1588.5359999999996,10676.009,12.952261987705208,LEVE,2
7,1,4,2,4,1,-13.16257,-74.2396644,0,1,0,1,2,2,2,6,2021,4,3,0,8,1,2,1679.5849999999998,2.0,2,3,1.0,9,24,315.0,0.5506252633070053,69.90928763641818,75.08622643893038,10.15415260514822,862.2051674470921,104520.79871520343,12678.733000000004,1805.074000000001,1774.0339999999994,9099.625000000004,2485.375000000001,10193.358000000002,19.602707936195205,LEVE,2
0,1,20,0,4,0,-16.094171,-69.544627,0,4,7,1,2,2,2,4,2021,4,3,0,9,1,2,6543.555,2.0,4,4,1.0,14,33,1198.0,0.2613641192883233,79.6090612964439,69.87345878214366,5.552108294960823,147.53606639786318,10083.702355460387,13642.312999999998,2020.7790000000005,2354.117,9267.416999999998,3314.0520000000006,10328.260999999997,24.29244952817019,LEVE,2
6,1,6,2,2,4,-11.91868873071722,-77.1287114439881,0,2,7,1,4,2,2,2,2021,4,3,0,21,2,0,6543.555,2.0,4,4,1.0,14,33,1198.0,0.5563774842369664,77.00938809632027,69.10246351364754,8.476961866273152,914.8835608305218,27932.19700214133,51.58600000000001,44.68700000000001,6.899000000000001,0.0,49.838000000000015,1.748,96.61148373589734,GRAVE_MORTALIDAD,1
6,1,5,0,4,2,-6.69908934,-78.4326443,2,4,7,0,1,2,2,0,2021,4,3,0,22,2,2,6543.555,2.0,4,4,1.0,14,33,1198.0,0.3484871558022944,76.33677469666252,53.28672218475212,4.131981838863427,447.1658531581213,76209.5845824411,15935.565011852366,1733.9250000199986,935.692,13265.948011832368,2000.1670000199988,13935.398011832369,12.551591352627522,GRAVE_LESIONADOS,0
0,1,13,2,2,4,-6.750371,-79.829915,7,3,1,1,4,2,2,2,2021,4,4,0,7,1,0,6543.555,2.0,4,4,1.0,14,33,1198.0,0.5415697888341857,80.94178299597955,72.69485501755445,9.042819482789628,724.6578159158644,183060.58029978588,3459.691,515.0619999999999,689.7280000000001,2254.901,703.3549999999999,2756.336,20.329994788551925,LEVE,2
0,1,22,2,4,1,-18.029503,-70.264294,7,3,7,0,2,1,1,4,2021,4,4,0,13,3,0,6639.975,2.0,2,0,1.0,9,31,1616.0,0.6966125262955101,76.67066141771582,75.49195828278967,11.654573086271489,1371.819928142763,74177.24411134903,2650.572,630.6729999999998,487.3610000000001,1532.5379999999998,1068.7019999999998,1581.87,40.31967439480987,LEVE,2
6,1,3,2,3,4,-16.419573506649474,-71.50312824858133,0,3,1,0,2,0,1,2,2021,4,5,1,6,1,0,6543.555,2.0,4,4,1.0,14,33,1198.0,0.6497628344872909,78.50677470622946,79.58517547019379,10.832141867699551,1100.753355561081,126056.75374732334,10322.272,1495.236,1749.739,7077.2970000000005,2886.595,7435.677000000001,27.964725207783708,LEVE,2
0,1,9,2,2,4,-9.938782,-76.244047,0,0,7,1,2,2,2,2,2021,4,5,1,7,1,2,6543.555,2.0,4,4,1.0,14,33,1198.0,0.6180444460983137,74.03039022888252,77.03642562714263,10.109576076622472,1095.6415212894094,74635.5374732334,8209.057,1333.4779999999996,791.9770000000001,6083.602,1059.8589999999997,7149.198,12.910849565303296,LEVE,2
0,1,14,0,2,4,-12.015548,-77.052266,0,2,7,1,2,2,2,4,2021,4,5,1,10,1,0,6543.555,2.0,4,4,1.0,14,33,1198.0,0.7419979630670723,80.31822295927182,79.00446395716813,11.084203715652809,1554.6868971011318,739416.2413542903,7626.313,1683.4029999999998,1599.0829999999996,4343.827000000001,1814.875,5811.438000000001,23.797541485643197,LEVE,2
6,1,7,0,4,3,-13.93799,-71.619028188,0,4,0,0,7,2,2,6,2021,4,5,1,13,3,2,6543.555,2.0,4,4,1.0,14,33,1198.0,0.2839733004600617,60.62202310654004,65.3437272939549,4.857201866936671,288.4908469332223,3215.259100642398,17779.13499998999,2097.3709999899997,2863.123,12818.640999999989,2878.713,14900.421999989989,16.19152450331032,LEVE,2
0,1,1,0,4,1,-9.12154631379743,-77.76274894606632,5,4,7,1,2,1,0,2,2021,4,5,1,13,3,2,9936.932,2.0,2,0,1.0,9,32,3830.0,0.4225175571417921,72.0073136099048,61.38289654748469,6.311615395277217,572.3923378688387,21231.406852248398,10767.648,1885.0630000000003,1222.721,7659.864000000001,2100.343,8667.305000000002,19.506051832303577,LEVE,2
6,1,10,2,4,1,-13.93082,-75.925659,0,3,7,1,2,2,2,2,2021,4,6,1,4,0,0,6639.975,2.0,2,0,1.0,9,31,1616.0,0.6053164595604621,78.88848309050202,67.63954639531094,9.133324993872453,1064.9426147896202,27932.19700214133,3721.461,698.1859999999996,744.866,2278.409,1102.9029999999996,2618.558,29.636290693359403,GRAVE_LESIONADOS,0
0,1,19,2,3,4,-4.909915205679431,-80.68494015346894,0,4,7,1,1,2,2,2,2021,4,6,1,12,3,0,6543.555,2.0,4,4,1.0,14,33,1198.0,0.5657000696312142,79.93504063107561,71.14438533384025,9.31841991972829,829.1233898514824,181599.8115631692,8965.846000060003,1782.4120000599992,636.9959999999999,6546.438000000004,2214.505000059999,6751.341000000004,24.699342371541725,LEVE,2
3,2,11,2,6,4,-12.0738047,-75.210433317,0,0,1,1,2,2,2,0,2021,4,6,1,14,3,2,6543.555,2.0,4,4,1.0,14,33,1198.0,0.6083413875375813,71.66982597817598,76.35118091119013,11.05243180238688,1046.538532645036,119236.36616702356,12264.545,1826.4639999999995,1105.5389999999998,9332.542,1588.5359999999996,10676.009,12.952261987705208,LEVE,2
3,2,12,0,4,1,-7.156068,-79.444243,0,4,7,1,2,2,2,2,2021,4,6,1,17,3,0,6543.555,3.0,2,0,1.0,0,30,1475.0,0.5114727232493018,78.60606800160349,61.153108160372966,6.422343227671115,862.4189512831092,24701.19700214133,8931.828000000005,1335.5899999999997,1935.9830000000004,5660.255000000005,1219.309,7712.519000000005,13.651281686122925,LEVE,2
6,1,19,0,4,1,-5.008129,-79.713425,0,4,0,0,7,2,2,0,2021,4,6,1,17,3,0,892.7650002999999,-1.0,1,0,0.0,9,32,790.0,0.1900070040755593,67.02551393447025,31.739914268299977,3.0893428849540148,177.20702638341197,22544.957173447536,8965.846000060003,1782.4120000599992,636.9959999999999,6546.438000000004,2214.505000059999,6751.341000000004,24.699342371541725,LEVE,2
3,2,1,0,4,1,-9.44103432558107,-77.54961201855198,5,4,0,0,2,0,1,2,2021,4,6,1,19,2,2,9936.932,2.0,2,0,1.0,9,32,3830.0,0.4494840816302098,76.58174958748486,60.44532954386632,6.126030498705479,641.7825208069339,6289.884368308352,10767.648,1885.0630000000003,1222.721,7659.864000000001,2100.343,8667.305000000002,19.506051832303577,LEVE,2
6,1,2,0,4,3,-13.5634716,-73.4540211,2,4,0,0,7,2,2,5,2021,4,6,1,21,2,2,6543.555,2.0,4,4,1.0,14,33,1198.0,0.4793125427546004,75.37161635090715,71.73219271520676,7.118816891231773,658.761072373094,17232.488222698074,8358.971,1282.451,1298.0969999999998,5778.423,1432.683,6926.288,17.139466089785454,LEVE,2
0,1,14,2,4,1,-10.928013700836738,-77.65143687572593,0,1,7,1,2,1,0,4,2021,4,6,1,21,2,0,6543.555,3.0,2,0,1.0,0,30,1475.0,0.6058977644686256,75.86009868534626,65.24867654925505,8.328201694517173,1216.0018080234922,26242.524625267662,7626.313,1683.4029999999998,1599.0829999999996,4343.827000000001,1814.875,5811.438000000001,23.797541485643197,LEVE,2
5,1,7,2,4,1,-14.184078,-71.351995,0,4,7,1,2,2,2,0,2021,4,6,1,22,2,2,7586.903,2.0,2,0,1.0,9,5,1198.0,0.4107458749971457,72.1547719826022,75.11691677377222,6.84079438286104,455.9087564374382,2466.282655246253,17779.13499998999,2097.3709999899997,2863.123,12818.640999999989,2878.713,14900.421999989989,16.19152450331032,LEVE,2
3,2,8,0,4,1,-13.44379,-74.964815,0,4,7,1,2,2,2,2,2021,4,0,0,7,1,2,1679.5849999999998,2.0,2,3,1.0,9,24,315.0,0.2997946406100768,72.83003345209801,46.42647217987546,4.997510303405721,292.6881439974165,3327.8779443254816,8511.426,1445.3929999999996,2008.516,5057.516999999999,1879.579,6631.846999999998,22.08300935706896,GRAVE_LESIONADOS,0
0,0,7,2,2,4,-13.53252,-71.929495,0,3,7,1,2,2,2,4,2021,4,0,0,13,3,2,6543.555,2.0,4,4,1.0,14,33,1198.0,0.6806292796157144,77.51447806142957,82.6599812385644,11.044400293146794,1245.5372385926626,131240.7944325482,17779.13499998999,2097.3709999899997,2863.123,12818.640999999989,2878.713,14900.421999989989,16.19152450331032,LEVE,2
6,1,1,0,4,2,-10.179600375182709,-77.47241302532659,7,4,0,1,1,2,2,2,2021,4,0,0,14,3,2,6543.555,2.0,4,4,1.0,14,33,1198.0,0.3698277092299585,75.50696542030133,58.315009794942405,5.770482626155436,401.8154218070398,931.1113490364024,10767.648,1885.0630000000003,1222.721,7659.864000000001,2100.343,8667.305000000002,19.506051832303577,GRAVE_MORTALIDAD,1
3,2,5,2,6,4,-7.15509546,-78.51223546,0,1,7,1,4,1,1,2,2021,4,0,0,14,3,2,6543.555,2.0,4,4,1.0,14,33,1198.0,0.6070175276741574,73.19224654097276,74.29530430690215,9.490386956642766,1117.141592366869,257380.9443254818,15935.565011852366,1733.9250000199986,935.692,13265.948011832368,2000.1670000199988,13935.398011832369,12.551591352627522,LEVE,2
6,1,20,0,4,0,-14.133438,-69.683171,5,4,0,0,7,2,2,2,2021,4,0,0,15,3,2,6543.555,2.0,4,4,1.0,14,33,1198.0,0.4054636753271492,71.11425203779537,73.0954033909002,6.795262750488988,456.6079906513959,3926.3961456102784,13642.312999999998,2020.7790000000005,2354.117,9267.416999999998,3314.0520000000006,10328.260999999997,24.29244952817019,GRAVE_MORTALIDAD,1
3,2,4,0,4,1,-13.2162044,-74.2269812,0,4,0,1,2,1,0,2,2021,4,0,0,17,3,2,7586.903,2.0,2,0,1.0,9,5,1198.0,0.5305121431560528,73.7668210059112,68.45651702301488,8.941396366509018,806.7469451554633,27605.87794432548,12678.733000000004,1805.074000000001,1774.0339999999994,9099.625000000004,2485.375000000001,10193.358000000002,19.602707936195205,LEVE,2
5,1,11,0,4,1,-11.30223695862583,-74.54661386778807,0,4,0,1,2,2,2,0,2021,4,0,0,18,2,2,5768.608,2.0,3,1,0.0,9,32,365.0,0.4285012061956566,75.41084938147766,60.01133023046341,7.293281496635318,514.084282951313,59216.39149500083,12264.545,1826.4639999999995,1105.5389999999998,9332.542,1588.5359999999996,10676.009,12.952261987705208,LEVE,2
6,1,2,0,4,1,-14.065016610059931,-72.06663619986575,0,4,5,1,2,1,0,2,2021,4,0,0,20,2,2,781.9099999999999,-1.0,0,3,0.0,9,32,75.0,0.2890033757841554,71.08739551307794,72.02833342283576,4.396397733737986,248.45269054492056,5861.336188436831,8358.971,1282.451,1298.0969999999998,5778.423,1432.683,6926.288,17.139466089785454,LEVE,2
6,1,5,0,4,1,-7.165161,-78.83830201,2,4,0,0,2,1,1,2,2021,4,1,0,1,0,2,372.674,2.0,2,0,1.0,8,32,66.0,0.2737187302851982,67.63966633396905,40.953211486842825,3.7263390622442008,336.78785003448525,4122.6017130620985,15935.565011852366,1733.9250000199986,935.692,13265.948011832368,2000.1670000199988,13935.398011832369,12.551591352627522,LEVE,2
3,1,9,0,4,1,-9.529889,-75.965192,2,4,5,0,2,2,2,2,2021,4,1,0,5,0,2,693.175,2.0,2,3,0.0,9,10,249.0,0.3096549989431256,76.17431233061522,44.8813332706993,3.774794268602337,378.47949303176176,19256.764453961456,8209.057,1333.4779999999996,791.9770000000001,6083.602,1059.8589999999997,7149.198,12.910849565303296,LEVE,2
3,0,14,2,2,4,-12.054878,-77.004339,0,2,7,1,2,2,2,0,2021,4,1,0,10,1,0,6543.555,2.0,4,4,1.0,14,33,1198.0,0.6970617810314195,81.40501156526744,73.5715154770137,9.635174408411393,1428.892506292977,203379.9271948608,7626.313,1683.4029999999998,1599.0829999999996,4343.827000000001,1814.875,5811.438000000001,23.797541485643197,GRAVE_LESIONADOS,0
0,1,20,0,4,0,-15.63747592480151,-70.3295756686597,0,4,0,1,2,2,2,6,2021,4,1,0,12,3,2,6543.555,2.0,4,4,1.0,14,33,1198.0,0.3295055776475686,72.2087445727939,72.62976900035994,6.627409791568738,260.5608856829442,4240.3019271948615,13642.312999999998,2020.7790000000005,2354.117,9267.416999999998,3314.0520000000006,10328.260999999997,24.29244952817019,LEVE,2
6,1,5,0,4,1,-6.02857,-78.791621,0,4,0,0,2,2,2,0,2021,4,1,0,12,3,2,687.412,-1.0,1,3,0.0,9,32,530.0,0.3934942813224024,75.42708969274362,36.60429559452359,5.012084632425816,656.01801746111,3073.203426124197,15935.565011852366,1733.9250000199986,935.692,13265.948011832368,2000.1670000199988,13935.398011832369,12.551591352627522,LEVE,2
6,1,7,0,4,1,-13.474206,-72.15724,0,4,7,0,2,1,0,2,2021,4,1,0,15,3,2,7586.903,2.0,2,0,1.0,9,5,1198.0,0.4461630003962475,73.21502670801013,72.39928330950325,7.637017072327872,534.399353077353,18328.770877944324,17779.13499998999,2097.3709999899997,2863.123,12818.640999999989,2878.713,14900.421999989989,16.19152450331032,LEVE,2
3,1,1,2,4,1,-9.426303877037506,-78.36322055623961,0,3,7,1,2,2,2,0,2021,4,2,0,4,0,2,6543.555,3.0,2,0,1.0,0,30,1475.0,0.5251751210310205,77.14627034141115,56.67845536974452,7.010859306686808,935.819648213232,1908.370449678801,10767.648,1885.0630000000003,1222.721,7659.864000000001,2100.343,8667.305000000002,19.506051832303577,LEVE,2
7,1,3,0,4,1,-17.03281264289713,-71.69802188826868,0,4,2,1,2,1,1,2,2021,4,2,0,10,1,0,6639.975,2.0,2,0,1.0,9,31,1616.0,0.6449493635682252,78.44719582624413,79.23084709401536,8.759364777311836,1226.330683483547,8054.678800856533,10322.272,1495.236,1749.739,7077.2970000000005,2886.595,7435.677000000001,27.964725207783708,LEVE,2
0,1,14,2,2,4,-12.041403,-77.020181,0,3,7,1,2,2,2,4,2021,4,2,0,17,3,0,6543.555,2.0,4,4,1.0,14,33,1198.0,0.7300036506368504,80.21724456394445,75.11639588359114,10.636845733066124,1559.041185521695,156759.78800856532,7626.313,1683.4029999999998,1599.0829999999996,4343.827000000001,1814.875,5811.438000000001,23.797541485643197,LEVE,2
1,0,14,2,2,4,-12.05516205666465,-77.01369525044477,0,2,7,1,2,2,2,0,2021,4,2,0,18,2,0,6543.555,2.0,4,4,1.0,14,33,1198.0,0.7646845961658533,80.23682119426338,77.96082737891015,12.014176158371615,1633.787715186093,250806.0877944326,7626.313,1683.4029999999998,1599.0829999999996,4343.827000000001,1814.875,5811.438000000001,23.797541485643197,LEVE,2
0,1,14,2,6,4,-12.053118221273774,-77.00628305305597,0,0,7,1,2,2,2,6,2021,4,2,0,18,2,0,6543.555,2.0,4,4,1.0,14,33,1198.0,0.6970617810314195,81.40501156526744,73.5715154770137,9.635174408411393,1428.892506292977,203379.9271948608,7626.313,1683.4029999999998,1599.0829999999996,4343.827000000001,1814.875,5811.438000000001,23.797541485643197,LEVE,2
0,1,14,2,4,1,-11.83371,-77.113468,0,4,7,1,2,2,2,2,2021,4,2,0,21,2,0,6543.555,3.0,2,0,1.0,0,30,1475.0,0.6632628912836565,79.15155564666024,73.19223743118206,9.629669813837666,1289.452647666346,383699.2119914347,7626.313,1683.4029999999998,1599.0829999999996,4343.827000000001,1814.875,5811.438000000001,23.797541485643197,LEVE,2
6,0,7,0,4,0,-14.317023,-71.736049,0,4,7,1,2,2,2,2,2021,4,3,0,1,0,2,6543.555,2.0,4,4,1.0,14,33,1198.0,0.3019380525213365,67.820248318162,51.97930810478111,4.325305912165344,347.7119433349018,12588.336188436831,17779.13499998999,2097.3709999899997,2863.123,12818.640999999989,2878.713,14900.421999989989,16.19152450331032,LEVE,2
6,1,15,0,4,0,-4.091061573355892,-73.45173545621408,7,4,4,1,2,2,2,0,2021,4,3,0,4,0,1,6543.555,2.0,4,4,1.0,14,33,1198.0,0.578134350962316,72.90307998335238,55.49705098903474,10.509480811415798,1057.596132242517,149460.57173447538,1095.5949999999998,128.87099999999998,320.74700000000007,645.9769999999999,274.214,821.381,25.02877431897737,LEVE,2
6,1,4,0,4,1,-14.6399303,-73.71511169,0,4,0,0,2,1,0,2,2021,4,3,0,6,1,2,2238.6850000000004,2.0,2,0,1.0,4,27,115.0,0.4355926891324041,58.82502819131429,71.96201174844037,8.219242570356164,668.6105263145189,14980.72591006424,12678.733000000004,1805.074000000001,1774.0339999999994,9099.625000000004,2485.375000000001,10193.358000000002,19.602707936195205,GRAVE_MORTALIDAD,1
6,1,14,0,4,1,-10.56150256814494,-77.75940758797587,7,4,7,1,7,2,2,2,2021,4,3,0,9,1,0,616.825,2.0,2,3,0.0,9,6,145.0,0.6268687897946689,82.18096720561557,72.30753381266985,8.959173721649861,1090.279660993292,20521.346895074952,7626.313,1683.4029999999998,1599.0829999999996,4343.827000000001,1814.875,5811.438000000001,23.797541485643197,LEVE,2
6,1,3,0,4,0,-16.485472868789834,-71.62227539440323,0,4,7,0,2,0,1,2,2021,4,3,0,10,1,0,6543.555,2.0,4,4,1.0,14,33,1198.0,0.6689013265491138,80.68275010974979,77.5560025217936,10.466309714908672,1190.454984819332,14385.036402569593,10322.272,1495.236,1749.739,7077.2970000000005,2886.595,7435.677000000001,27.964725207783708,LEVE,2
6,1,11,0,4,0,-11.256094405732266,-75.90572115138157,5,4,0,0,1,2,2,0,2021,4,3,0,12,3,2,6543.555,2.0,4,4,1.0,14,33,1198.0,0.3806721892335712,78.77245225217325,56.81421208719683,5.920101618692288,408.70034160859785,4341.336188436831,12264.545,1826.4639999999995,1105.5389999999998,9332.542,1588.5359999999996,10676.009,12.952261987705208,LEVE,2
0,1,21,2,4,1,-5.821697,-77.378454,0,4,7,1,2,2,2,4,2021,4,3,0,14,3,1,7758.33400008,2.0,2,0,1.0,9,20,2133.0,0.4789759027469384,73.43778249935497,54.01635312204597,6.285279694551369,847.2910954428505,47552.6295503212,5645.136,815.0759999999999,965.298,3864.762,1013.406,4631.73,17.95184385283189,LEVE,2
3,2,20,0,4,1,-16.16267320425616,-69.54302245792485,0,4,7,1,2,2,2,2,2021,4,3,0,17,3,2,7586.903,2.0,2,0,1.0,9,5,1198.0,0.4138545322335047,72.42365757071663,75.18782800461412,7.422478928805024,440.156451811849,19964.802997858675,13642.312999999998,2020.7790000000005,2354.117,9267.416999999998,3314.0520000000006,10328.260999999997,24.29244952817019,GRAVE_MORTALIDAD,1
3,2,7,0,4,1,-13.6114352,-71.2451296,5,4,0,0,2,2,2,2,2021,4,3,0,18,2,2,3263.58,2.0,2,0,1.0,5,18,566.0,0.2701433460922377,67.03086854576458,59.596346222865,3.690268129191559,281.2948228692088,16118.58886509636,17779.13499998999,2097.3709999899997,2863.123,12818.640999999989,2878.713,14900.421999989989,16.19152450331032,LEVE,2
6,0,14,2,4,1,-12.0208394,-77.0591224,0,0,7,1,2,2,2,0,2021,4,4,0,8,1,0,6543.555,3.0,2,0,1.0,0,30,1475.0,0.7419979630670723,80.31822295927182,79.00446395716813,11.084203715652809,1554.6868971011318,739416.2413542903,7626.313,1683.4029999999998,1599.0829999999996,4343.827000000001,1814.875,5811.438000000001,23.797541485643197,LEVE,2
10,1,20,0,4,3,-15.786983164153632,-70.08120213017172,0,4,0,0,7,2,2,6,2021,4,4,0,9,1,2,6543.555,2.0,4,4,1.0,14,33,1198.0,0.3204026151964153,69.29426309416309,70.2364823564305,6.371809812333516,265.9551058733816,4850.546038543897,13642.312999999998,2020.7790000000005,2354.117,9267.416999999998,3314.0520000000006,10328.260999999997,24.29244952817019,LEVE,2
3,2,3,0,4,1,-16.019093,-71.2838097,2,4,0,1,2,2,2,2,2021,4,4,0,14,3,0,1504.4250000000002,2.0,2,0,1.0,7,25,241.0,0.4685280505645348,81.83746865987648,70.74305753660312,6.037751599761188,617.4715908037651,1751.8736616702354,10322.272,1495.236,1749.739,7077.2970000000005,2886.595,7435.677000000001,27.964725207783708,GRAVE_LESIONADOS,0
3,2,5,2,4,1,-7.23580207,-78.70758406,0,0,0,0,2,1,1,2,2021,4,4,0,18,2,2,887.28,2.0,2,0,1.0,8,17,155.0,0.3525993018381438,70.15046326003123,29.12153056039457,5.907581124913621,529.7596874353078,7217.852248394005,15935.565011852366,1733.9250000199986,935.692,13265.948011832368,2000.1670000199988,13935.398011832369,12.551591352627522,LEVE,2
6,1,9,0,4,1,-9.525074,-75.954437,0,4,7,1,2,2,2,2,2021,4,4,0,18,2,2,693.175,2.0,2,3,0.0,9,10,249.0,0.3096549989431256,76.17431233061522,44.8813332706993,3.774794268602337,378.47949303176176,19256.764453961456,8209.057,1333.4779999999996,791.9770000000001,6083.602,1059.8589999999997,7149.198,12.910849565303296,LEVE,2
1,1,14,2,2,4,-11.969483,-77.005295,0,2,7,1,2,2,2,4,2021,4,4,0,20,2,0,6543.555,2.0,4,4,1.0,14,33,1198.0,0.701053025277506,79.62867561460851,73.1469484600971,10.064317505194426,1464.6926161541437,1150285.0494171206,7626.313,1683.4029999999998,1599.0829999999996,4343.827000000001,1814.875,5811.438000000001,23.797541485643197,LEVE,2
0,0,21,2,4,1,-6.533466,-76.373776,7,0,2,1,2,0,1,0,2021,4,4,0,20,2,1,7758.33400008,2.0,2,0,1.0,9,20,2133.0,0.6729354303196766,71.95034522710945,80.80288699428996,10.48054848161392,1400.8616704695874,76010.20342612421,5645.136,815.0759999999999,965.298,3864.762,1013.406,4631.73,17.95184385283189,LEVE,2
3,2,2,2,4,1,-13.664063,-73.406394,0,0,7,1,2,0,1,2,2021,4,4,0,21,2,2,7586.903,2.0,2,0,1.0,9,5,1198.0,0.5127888132519094,75.56818459680073,75.23806976002929,8.476961866273152,698.0439852679892,48362.40899357601,8358.971,1282.451,1298.0969999999998,5778.423,1432.683,6926.288,17.139466089785454,LEVE,2
6,1,7,0,4,1,-14.124041695076892,-71.45938409956628,5,4,7,0,2,2,2,2,2021,4,5,1,4,0,2,566.7160000000001,2.0,5,2,0.0,9,3,137.0,0.2991005536829932,62.21917574632246,64.88351505215614,6.097392066469024,274.9537670789565,1773.610278372591,17779.13499998999,2097.3709999899997,2863.123,12818.640999999989,2878.713,14900.421999989989,16.19152450331032,LEVE,2
0,1,14,2,2,4,-11.936976,-77.057317,0,0,7,1,2,2,2,2,2021,4,5,1,8,1,0,6543.555,2.0,4,4,1.0,14,33,1198.0,0.7218926988400113,80.0902077245261,77.9581888264889,10.971588327733102,1458.3206086290393,530000.3426124197,7626.313,1683.4029999999998,1599.0829999999996,4343.827000000001,1814.875,5811.438000000001,23.797541485643197,LEVE,2