CLASE SINIESTRO,CANTIDAD DE VEHICULOS DAÑADOS,DEPARTAMENTO,ZONA,TIPO DE VÍA,RED VIAL,COORDENADAS LATITUD,COORDENADAS  LONGITUD,CONDICIÓN CLIMÁTICA,ZONIFICACIÓN,CARACTERÍSTICAS DE VÍA,PERFIL LONGITUDINAL VÍA,SUPERFICIE DE CALZADA,¿EXISTE SEÑAL VERTICAL?,¿EXISTE SEÑAL HORIZONTAL?,CAUSA FACTOR PRINCIPAL,AÑO,MES,DIA_SEMANA,ES_FIN_SEMANA,HORA_NUM,FRANJA_HORARIA,REGION_NATURAL,MTC_RVN_LONGITUD_KM,MTC_RVN_N_CARRILES_MEDIANA,MTC_RVN_SUPERFICIE_DOMINANTE,MTC_RVN_ESTADO_DOMINANTE,MTC_RVN_ES_CONCESIONADA,MTC_RVN_CONCESION_PRINCIPAL,MTC_RVN_CORREDOR_LOGISTICO,MTC_RVN_N_TRAMOS,IDH_2019,IDH_ESP_VIDA_2019,IDH_EDUC_SECUND_PCT_2019,IDH_ANIOS_EDUC_2019,IDH_INGRESO_PERCAP_2019,IDH_POBLACION_2019,MTC_DEP_RED_TOTAL_KM,MTC_DEP_NACIONAL_TOTAL_KM,MTC_DEP_DEPARTAMENTAL_TOTAL_KM,MTC_DEP_VECINAL_TOTAL_KM,MTC_DEP_PAV_TOTAL_KM,MTC_DEP_NO_PAV_TOTAL_KM,MTC_DEP_PCT_PAVIMENTADA,CATEGORIA_SEVERIDAD,CATEGORIA_SEVERIDAD_ENC
6,1,19,0,4,3,-5.327202,-80.709734,0,4,2,1,1,2,2,0,2021,4,5,1,8,1,0,6543.555,2.0,4,4,1.0,14,33,1198.0,0.4148191461350484,77.82903686752694,50.46633746500447,5.286735901838059,602.6826383081411,38807.252676659526,8965.846000060003,1782.4120000599992,636.9959999999999,6546.438000000004,2214.505000059999,6751.341000000004,24.699342371541725,LEVE,2
0,1,13,1,4,1,-6.779284,-79.8729521,2,3,7,1,2,2,2,0,2021,4,5,1,9,1,0,6543.555,3.0,2,0,1.0,0,30,1475.0,0.582874900209372,79.91553229957624,74.28629633563499,9.98490789682274,850.0456977651463,50544.90364025696,3459.691,515.0619999999999,689.7280000000001,2254.901,703.3549999999999,2756.336,20.329994788551925,LEVE,2
0,0,20,2,6,4,-15.32126358,-69.34099316,0,3,7,1,4,2,2,4,2021,4,5,1,10,1,2,6543.555,2.0,4,4,1.0,14,33,1198.0,0.1378993509884547,74.32834783624571,55.05528653195324,5.045628000501996,57.16427646570867,2985.0706638115626,13642.312999999998,2020.7790000000005,2354.117,9267.416999999998,3314.0520000000006,10328.260999999997,24.29244952817019,LEVE,2
1,0,2,0,4,1,-13.770326,-73.35418,5,4,7,1,7,2,2,0,2021,4,5,1,14,3,2,890.338,1.0,1,0,0.0,9,32,295.0,0.5563774842369664,77.00938809632027,69.10246351364754,8.476961866273152,914.8835608305218,27932.19700214133,8358.971,1282.451,1298.0969999999998,5778.423,1432.683,6926.288,17.139466089785454,LEVE,2
6,1,14,2,2,4,-12.046567,-77.045112,7,2,7,1,2,2,2,6,2021,4,5,1,14,3,0,6543.555,2.0,4,4,1.0,14,33,1198.0,0.7646845961658533,80.23682119426338,77.96082737891015,12.014176158371615,1633.787715186093,250806.0877944326,7626.313,1683.4029999999998,1599.0829999999996,4343.827000000001,1814.875,5811.438000000001,23.797541485643197,GRAVE_LESIONADOS,0
0,1,9,0,4,1,-9.888402,-76.207281,0,0,7,0,2,2,2,4,2021,4,5,1,15,3,2,693.175,2.0,2,3,0.0,9,10,249.0,0.6180444460983137,74.03039022888252,77.03642562714263,10.109576076622472,1095.6415212894094,74635.5374732334,8209.057,1333.4779999999996,791.9770000000001,6083.602,1059.8589999999997,7149.198,12.910849565303296,LEVE,2
1,0,22,2,2,4,-17.994464,-70.251829,7,0,7,0,2,2,2,4,2021,4,5,1,15,3,0,6543.555,2.0,4,4,1.0,14,33,1198.0,0.6032564872134053,77.72075801274941,75.5365068569389,10.04753185941615,964.8143690551144,34456.60813704497,2650.572,630.6729999999998,487.3610000000001,1532.5379999999998,1068.7019999999998,1581.87,40.31967439480987,LEVE,2
3,0,11,2,4,1,-11.814453,-75.614052,2,4,0,0,2,1,0,0,2021,4,5,1,16,3,2,7586.903,2.0,2,0,1.0,9,5,1198.0,0.4545643050211295,68.73444804749025,55.05670880126828,7.076811092931955,737.237129067086,1424.8051391862955,12264.545,1826.4639999999995,1105.5389999999998,9332.542,1588.5359999999996,10676.009,12.952261987705208,LEVE,2
0,1,7,0,4,0,-13.60298,-71.956285,0,4,7,0,2,1,1,2,2021,4,5,1,18,2,2,6543.555,2.0,4,4,1.0,14,33,1198.0,0.6348954939297919,77.6245715059073,78.73535107148551,10.276562257168177,1084.1455565765216,94654.62312633834,17779.13499998999,2097.3709999899997,2863.123,12818.640999999989,2878.713,14900.421999989989,16.19152450331032,LEVE,2
4,3,3,2,4,0,-16.349449,-71.609067,0,3,7,0,2,2,2,2,2021,4,5,1,22,2,0,6543.555,2.0,4,4,1.0,14,33,1198.0,0.6411767862503931,77.2408324916572,78.204125011303,10.595705083047717,1107.223861768016,193412.3169164882,10322.272,1495.236,1749.739,7077.2970000000005,2886.595,7435.677000000001,27.964725207783708,LEVE,2
3,3,6,2,2,4,-11.856284191345669,-77.12128517216202,0,3,7,0,2,2,2,2,2021,4,5,1,22,2,0,6543.555,2.0,4,4,1.0,14,33,1198.0,0.5563774842369664,77.00938809632027,69.10246351364754,8.476961866273152,914.8835608305218,27932.19700214133,51.58600000000001,44.68700000000001,6.899000000000001,0.0,49.838000000000015,1.748,96.61148373589734,LEVE,2
3,0,14,0,4,1,-12.28545,-76.87457,0,2,7,1,2,2,2,0,2021,4,6,1,4,0,0,6639.975,2.0,2,0,1.0,9,31,1616.0,0.6909236767275176,78.41626133969348,70.97436336767564,9.826485374940413,1476.8351947609171,95908.53319057816,7626.313,1683.4029999999998,1599.0829999999996,4343.827000000001,1814.875,5811.438000000001,23.797541485643197,LEVE,2
3,2,12,0,4,1,-8.957886,-78.629494,0,4,7,1,2,2,2,2,2021,4,6,1,5,0,0,6543.555,3.0,2,0,1.0,0,30,1475.0,0.4867987483268106,77.5825534369154,52.95148122709723,6.150547060309878,840.5788229266196,9838.736616702356,8931.828000000005,1335.5899999999997,1935.9830000000004,5660.255000000005,1219.309,7712.519000000005,13.651281686122925,LEVE,2
0,1,14,2,3,4,-12.01158658248876,-77.00225764657088,7,2,7,1,2,2,2,2,2021,4,6,1,9,1,0,6543.555,2.0,4,4,1.0,14,33,1198.0,0.701053025277506,79.62867561460851,73.1469484600971,10.064317505194426,1464.6926161541437,1150285.0494171206,7626.313,1683.4029999999998,1599.0829999999996,4343.827000000001,1814.875,5811.438000000001,23.797541485643197,LEVE,2
0,1,14,0,4,1,-10.73740879294424,-77.74961095594773,6,5,6,2,6,2,2,0,2021,4,6,1,17,3,0,6543.555,3.0,2,0,1.0,0,30,1475.0,0.6351794046894105,80.8024412070713,71.35332766738335,9.404359888374977,1133.7779214188106,74926.62740899358,7626.313,1683.4029999999998,1599.0829999999996,4343.827000000001,1814.875,5811.438000000001,23.797541485643197,LEVE,2
3,2,21,0,4,1,-6.490609,-76.334311,0,4,0,0,2,2,2,2,2021,4,6,1,19,2,1,631.88,2.0,2,0,1.0,1,20,65.0,0.5922286793787175,72.59477240316922,67.39355678691273,8.909919415857164,1146.168364233512,47338.141327623125,5645.136,815.0759999999999,965.298,3864.762,1013.406,4631.73,17.95184385283189,LEVE,2
3,2,20,0,4,1,-15.306874856261128,-70.23276326719375,5,4,7,1,2,1,1,2,2021,4,6,1,23,2,2,7586.903,2.0,2,0,1.0,9,5,1198.0,0.289549626938555,77.56938441814937,61.26176615135224,5.519427583790393,205.49658062526288,1447.8907922912204,13642.312999999998,2020.7790000000005,2354.117,9267.416999999998,3314.0520000000006,10328.260999999997,24.29244952817019,GRAVE_LESIONADOS,0
6,1,11,0,4,2,-10.853432177122563,-74.85401646881803,0,4,0,0,1,2,2,0,2021,4,0,0,0,0,2,6543.555,2.0,4,4,1.0,14,33,1198.0,0.4504704361939795,78.21109613042135,53.36127577481231,6.956854509393587,612.1696439943328,61517.46466809421,12264.545,1826.4639999999995,1105.5389999999998,9332.542,1588.5359999999996,10676.009,12.952261987705208,GRAVE_MORTALIDAD,1
3,2,14,0,4,1,-10.65534662249617,-77.8399700098646,7,4,7,1,2,2,2,2,2021,4,0,0,2,0,0,6543.555,3.0,2,0,1.0,0,30,1475.0,0.6268687897946689,82.18096720561557,72.30753381266985,8.959173721649861,1090.279660993292,20521.346895074952,7626.313,1683.4029999999998,1599.0829999999996,4343.827000000001,1814.875,5811.438000000001,23.797541485643197,LEVE,2
6,1,1,0,4,1,-8.69666005388224,-77.53486365347635,2,4,7,0,1,2,2,2,2021,4,0,0,7,1,2,1134.015,-1.0,0,2,0.0,9,32,173.0,0.1843315854532847,75.47310330968506,35.12438623234664,3.463282946428317,125.48241310612576,6053.08993576017,10767.648,1885.0630000000003,1222.721,7659.864000000001,2100.343,8667.305000000002,19.506051832303577,GRAVE_MORTALIDAD,1
7,1,21,0,4,1,-6.38853,-76.62908,7,4,7,0,2,0,1,5,2021,4,0,0,9,1,1,7758.33400008,2.0,2,0,1.0,9,20,2133.0,0.3395784981351988,71.02010551104725,44.75188012112102,5.086470241787386,426.0342434715467,13392.387580299788,5645.136,815.0759999999999,965.298,3864.762,1013.406,4631.73,17.95184385283189,LEVE,2
3,2,19,0,4,1,-5.3270303,-80.7091891,0,4,7,1,2,2,2,0,2021,4,0,0,11,1,0,453.9549999999999,2.0,2,3,0.0,9,32,133.0,0.4148191461350484,77.82903686752694,50.46633746500447,5.286735901838059,602.6826383081411,38807.252676659526,8965.846000060003,1782.4120000599992,636.9959999999999,6546.438000000004,2214.505000059999,6751.341000000004,24.699342371541725,LEVE,2
3,1,1,0,4,1,-9.386123724420107,-78.38270036653594,0,4,7,1,2,2,2,0,2021,4,0,0,14,3,2,6543.555,3.0,2,0,1.0,0,30,1475.0,0.5251751210310205,77.14627034141115,56.67845536974452,7.010859306686808,935.819648213232,1908.370449678801,10767.648,1885.0630000000003,1222.721,7659.864000000001,2100.343,8667.305000000002,19.506051832303577,LEVE,2
0,1,11,2,2,4,-12.044233,-75.226414,0,0,7,1,2,2,2,0,2021,4,0,0,21,2,2,6543.555,2.0,4,4,1.0,14,33,1198.0,0.6349620447591086,73.34739425042062,78.85040671556425,11.216598893401857,1118.0127433957432,167365.50535331905,12264.545,1826.4639999999995,1105.5389999999998,9332.542,1588.5359999999996,10676.009,12.952261987705208,LEVE,2
10,1,3,0,4,1,-16.44309281961517,-71.98043251709701,0,4,7,1,2,0,1,2,2021,4,1,0,8,1,0,6639.975,2.0,2,0,1.0,9,31,1616.0,0.6455852322566902,78.58826324858522,78.38415596279924,8.472481180514539,1258.6172876652156,2628.282655246253,10322.272,1495.236,1749.739,7077.2970000000005,2886.595,7435.677000000001,27.964725207783708,LEVE,2
6,1,20,0,4,3,-15.143904525808171,-70.28900647426507,5,4,7,1,7,2,2,2,2021,4,1,0,13,3,2,6543.555,2.0,4,4,1.0,14,33,1198.0,0.192208961369019,68.76766266610497,65.94920879656723,5.568539909379126,92.3572780511386,4011.042826552462,13642.312999999998,2020.7790000000005,2354.117,9267.416999999998,3314.0520000000006,10328.260999999997,24.29244952817019,LEVE,2
6,2,12,0,4,1,-7.818842,-78.051671,0,4,7,1,2,2,2,0,2021,4,1,0,15,3,0,9936.932,2.0,2,0,1.0,9,32,3830.0,0.3986882084754764,72.97869269132666,58.65435142755623,5.605762371496486,527.7120199980477,69564.29978586723,8931.828000000005,1335.5899999999997,1935.9830000000004,5660.255000000005,1219.309,7712.519000000005,13.651281686122925,LEVE,2
1,0,14,2,4,1,-12.016930624496403,-76.89219493519806,0,2,7,1,2,2,2,0,2021,4,1,0,21,2,0,875.67,2.0,2,0,1.0,3,14,156.0,0.6868549636939637,79.62363164345142,76.30894566128948,9.209137883551294,1425.4498631666322,684921.8484148846,7626.313,1683.4029999999998,1599.0829999999996,4343.827000000001,1814.875,5811.438000000001,23.797541485643197,LEVE,2
6,1,20,0,4,1,-15.78966549,-70.03369678,0,4,0,1,2,0,1,2,2021,4,2,0,6,1,2,7586.903,2.0,2,0,1.0,9,5,1198.0,0.6488901960567479,69.67312345830231,82.12448375199249,11.701623814093702,1230.336353415943,144745.3597430407,13642.312999999998,2020.7790000000005,2354.117,9267.416999999998,3314.0520000000006,10328.260999999997,24.29244952817019,GRAVE_LESIONADOS,0
3,2,10,0,4,1,-14.016173,-75.705801,0,4,7,1,2,2,2,2,2021,4,2,0,7,1,0,583.2950000000001,1.0,1,3,0.0,9,32,248.0,0.6334452857707165,80.80911649970582,77.64182672621133,10.427088264173843,1015.7414505565088,38005.36402569593,3721.461,698.1859999999996,744.866,2278.409,1102.9029999999996,2618.558,29.636290693359403,GRAVE_LESIONADOS,0
3,2,9,0,4,2,-8.943214,-76.131939,0,4,7,1,2,2,2,0,2021,4,2,0,10,1,2,6543.555,2.0,4,4,1.0,14,33,1198.0,0.4488980782274319,72.32233236849576,48.83099256769076,6.808038769056246,716.252056011431,32955.28479657388,8209.057,1333.4779999999996,791.9770000000001,6083.602,1059.8589999999997,7149.198,12.910849565303296,LEVE,2
6,1,11,0,4,1,-11.443254109535014,-75.69294148260842,0,4,7,0,2,2,2,2,2021,4,2,0,11,1,2,311.82,2.0,2,0,0.0,9,32,74.0,0.5493260347632952,73.03034893900043,68.8291687441095,9.22858629364709,885.6439218717968,43269.004282655245,12264.545,1826.4639999999995,1105.5389999999998,9332.542,1588.5359999999996,10676.009,12.952261987705208,LEVE,2
3,1,14,2,2,4,-12.07116,-77.050526,0,2,7,1,2,2,2,2,2021,4,2,0,17,3,0,6543.555,2.0,4,4,1.0,14,33,1198.0,0.5563774842369664,77.00938809632027,69.10246351364754,8.476961866273152,914.8835608305218,27932.19700214133,7626.313,1683.4029999999998,1599.0829999999996,4343.827000000001,1814.875,5811.438000000001,23.797541485643197,LEVE,2
10,1,7,0,4,3,-13.581504,-71.711606,0,4,2,0,7,2,2,6,2021,4,2,0,19,2,2,6543.555,2.0,4,4,1.0,14,33,1198.0,0.4475472256372688,60.13165495576951,63.56521874336077,7.651720948254891,772.3586316120596,4267.871520342612,17779.13499998999,2097.3709999899997,2863.123,12818.640999999989,2878.713,14900.421999989989,16.19152450331032,LEVE,2
3,1,14,2,2,4,-11.967223,-76.936176,0,4,7,1,2,2,2,2,2021,4,3,0,13,3,0,6543.555,2.0,4,4,1.0,14,33,1198.0,0.6831952456039544,78.60873873772867,74.49000793376607,10.00420210847705,1376.0472418044385,255143.7301927195,7626.313,1683.4029999999998,1599.0829999999996,4343.827000000001,1814.875,5811.438000000001,23.797541485643197,LEVE,2
6,1,15,0,4,2,-3.775162235994497,-73.30292675957386,7,4,0,1,2,2,2,2,2021,4,3,0,14,3,1,6543.555,2.0,4,4,1.0,14,33,1198.0,0.578134350962316,72.90307998335238,55.49705098903474,10.509480811415798,1057.596132242517,149460.57173447538,1095.5949999999998,128.87099999999998,320.74700000000007,645.9769999999999,274.214,821.381,25.02877431897737,LEVE,2
3,2,5,2,4,1,-6.040112930190763,-79.0328333510505,0,4,7,1,2,2,2,0,2021,4,3,0,15,3,2,9936.932,2.0,2,0,1.0,9,32,3830.0,0.5089064260692896,75.49593859459377,56.74492330977312,6.743539171475742,903.5347616610204,6985.957173447538,15935.565011852366,1733.9250000199986,935.692,13265.948011832368,2000.1670000199988,13935.398011832369,12.551591352627522,LEVE,2
0,1,10,2,4,1,-14.71645977,-75.09105373,0,4,7,1,2,1,0,4,2021,4,4,0,4,0,0,6639.975,2.0,2,0,1.0,9,31,1616.0,0.5563774842369664,77.00938809632027,69.10246351364754,8.476961866273152,914.8835608305218,27932.19700214133,3721.461,698.1859999999996,744.866,2278.409,1102.9029999999996,2618.558,29.636290693359403,LEVE,2
3,2,19,1,4,1,-5.1131573,-81.0028846,0,4,7,1,2,2,2,0,2021,4,4,0,6,1,0,245.29,2.0,2,0,1.0,1,20,18.0,0.5697476996509985,79.43113978237243,63.65426474340983,8.424646867174598,957.1839078119212,99196.84582441112,8965.846000060003,1782.4120000599992,636.9959999999999,6546.438000000004,2214.505000059999,6751.341000000004,24.699342371541725,LEVE,2
0,0,14,2,2,4,-12.076392689319754,-76.99618090398323,0,3,7,1,2,2,2,0,2021,4,4,0,7,1,0,6543.555,2.0,4,4,1.0,14,33,1198.0,0.7932581306844921,81.51631118964869,80.69904096659818,11.778592694814522,1769.655750737171,53672.69593147752,7626.313,1683.4029999999998,1599.0829999999996,4343.827000000001,1814.875,5811.438000000001,23.797541485643197,LEVE,2
1,0,7,0,4,1,-12.764117,-72.586902,0,4,7,1,2,2,2,2,2021,4,4,0,11,1,2,3447.8009999999995,1.0,2,3,0.0,9,12,1109.0,0.4297325556987851,76.15904795703717,58.63823936731875,6.097264629229048,579.625724446144,29458.58458244112,17779.13499998999,2097.3709999899997,2863.123,12818.640999999989,2878.713,14900.421999989989,16.19152450331032,LEVE,2
6,1,7,2,4,2,-13.55511,-71.875119,2,3,7,1,2,2,2,2,2021,4,4,0,20,2,2,6543.555,2.0,4,4,1.0,14,33,1198.0,0.6549025615332805,78.59637500870319,78.62696287300767,10.432612491698492,1156.1148957567648,59698.74304068524,17779.13499998999,2097.3709999899997,2863.123,12818.640999999989,2878.713,14900.421999989989,16.19152450331032,LEVE,2
3,2,20,0,4,1,-16.184,-69.531,0,4,7,1,2,2,2,2,2021,4,4,0,21,2,2,7586.903,2.0,2,0,1.0,9,5,1198.0,0.4138545322335047,72.42365757071663,75.18782800461412,7.422478928805024,440.156451811849,19964.802997858675,13642.312999999998,2020.7790000000005,2354.117,9267.416999999998,3314.0520000000006,10328.260999999997,24.29244952817019,LEVE,2
3,2,6,2,2,4,-12.061784813699616,-77.13568562333947,0,3,7,1,2,2,2,0,2021,4,5,1,4,0,0,6543.555,2.0,4,4,1.0,14,33,1198.0,0.5563774842369664,77.00938809632027,69.10246351364754,8.476961866273152,914.8835608305218,27932.19700214133,51.58600000000001,44.68700000000001,6.899000000000001,0.0,49.838000000000015,1.748,96.61148373589734,GRAVE_LESIONADOS,0
3,1,3,0,4,1,-16.518226425911358,-71.79940535161711,0,4,7,1,2,2,2,0,2021,4,5,1,7,1,0,6639.975,2.0,2,0,1.0,9,31,1616.0,0.6105481451420971,78.10653088113892,68.35418098658066,8.411557426919764,1158.5430895193692,35025.678800856535,10322.272,1495.236,1749.739,7077.2970000000005,2886.595,7435.677000000001,27.964725207783708,LEVE,2
6,1,3,0,4,0,-16.247762045592907,-71.47610770583664,0,4,7,0,7,2,2,0,2021,4,5,1,15,3,0,6543.555,2.0,4,4,1.0,14,33,1198.0,0.6738551636003771,78.16730405462371,80.12651178794934,11.26654579524565,1199.6180061497348,97926.27408993576,10322.272,1495.236,1749.739,7077.2970000000005,2886.595,7435.677000000001,27.964725207783708,LEVE,2
3,2,10,2,4,1,-14.858588,-74.972278,0,3,7,1,2,1,0,2,2021,4,5,1,22,2,0,6639.975,2.0,2,0,1.0,9,31,1616.0,0.5563774842369664,77.00938809632027,69.10246351364754,8.476961866273152,914.8835608305218,27932.19700214133,3721.461,698.1859999999996,744.866,2278.409,1102.9029999999996,2618.558,29.636290693359403,GRAVE_MORTALIDAD,1
6,1,7,0,4,0,-14.233373,-71.432597,5,4,7,0,1,2,2,6,2021,4,6,1,4,0,2,6543.555,2.0,4,4,1.0,14,33,1198.0,0.2882750993706783,61.105307438693615,62.64723700455549,5.709419886190102,271.2955650853845,8821.728051391863,17779.13499998999,2097.3709999899997,2863.123,12818.640999999989,2878.713,14900.421999989989,16.19152450331032,LEVE,2
1,0,22,0,4,2,-18.282521,-70.440696,5,4,7,1,2,1,0,4,2021,4,6,1,5,0,0,6543.555,2.0,4,4,1.0,14,33,1198.0,0.5551799999072031,75.37994385062687,62.699954828476905,7.065143842078104,1076.8792057258834,6114.0,2650.572,630.6729999999998,487.3610000000001,1532.5379999999998,1068.7019999999998,1581.87,40.31967439480987,LEVE,2
6,1,20,0,4,0,-15.555315,-70.019694,0,4,0,1,2,1,1,2,2021,4,6,1,10,1,2,6543.555,2.0,4,4,1.0,14,33,1198.0,0.3646929504779869,74.39003066237748,63.71456574957328,5.594162012040831,387.0285253251433,5552.2119914346895,13642.312999999998,2020.7790000000005,2354.117,9267.416999999998,3314.0520000000006,10328.260999999997,24.29244952817019,LEVE,2
6,1,3,0,4,1,-16.408865127793135,-71.42158259761975,0,4,0,1,2,0,1,2,2021,4,6,1,17,3,0,1101.78,1.0,5,2,0.0,9,32,202.0,0.5190855925362763,79.39283977390295,72.48255180521485,7.936018582862833,714.5594676610276,3114.021413276231,10322.272,1495.236,1749.739,7077.2970000000005,2886.595,7435.677000000001,27.964725207783708,LEVE,2
6,2,11,0,4,1,-11.6130433,-76.0269168,2,4,4,1,2,1,1,0,2021,4,6,1,17,3,2,875.67,2.0,2,0,1.0,3,14,156.0,0.7045048858113412,76.03866905687309,68.74554898563056,10.756160359254002,1573.7987000498822,4922.96573875803,12264.545,1826.4639999999995,1105.5389999999998,9332.542,1588.5359999999996,10676.009,12.952261987705208,GRAVE_MORTALIDAD,1
1,0,19,0,4,1,-5.228093,-80.653777,0,4,7,1,2,1,0,0,2021,4,0,0,4,0,0,6543.555,3.0,2,0,1.0,0,30,1475.0,0.5034350778485951,78.14388603810477,62.51585839041032,7.698619805954479,731.8176685454189,76220.84796573877,8965.846000060003,1782.4120000599992,636.9959999999999,6546.438000000004,2214.505000059999,6751.341000000004,24.699342371541725,LEVE,2
0,0,21,2,6,4,-5.944299,-77.302306,0,0,1,1,1,2,2,2,2021,4,0,0,17,3,1,6543.555,2.0,4,4,1.0,14,33,1198.0,0.4789759027469384,73.43778249935497,54.01635312204597,6.285279694551369,847.2910954428505,47552.6295503212,5645.136,815.0759999999999,965.298,3864.762,1013.406,4631.73,17.95184385283189,LEVE,2
0,2,12,0,2,4,-8.041961,-79.058879,0,4,7,1,2,2,2,2,2021,4,0,0,19,2,0,6543.555,2.0,4,4,1.0,14,33,1198.0,0.583006771156836,78.2441938961209,62.24037484511178,8.807312392374042,1028.2282118265089,76607.295503212,8931.828000000005,1335.5899999999997,1935.9830000000004,5660.255000000005,1219.309,7712.519000000005,13.651281686122925,LEVE,2
0,1,14,2,4,1,-12.143660765494351,-76.98169504559282,0,2,7,1,2,2,2,4,2021,4,0,0,19,2,0,6639.975,2.0,2,0,1.0,9,31,1616.0,0.8017574897902351,80.48487267736287,78.74302427848284,13.156716040468266,1766.1488062170545,359776.608137045,7626.313,1683.4029999999998,1599.0829999999996,4343.827000000001,1814.875,5811.438000000001,23.797541485643197,LEVE,2
6,1,10,0,4,1,-13.837511143746196,-75.55509477784405,0,4,5,1,2,2,2,5,2021,4,0,0,19,2,0,583.2950000000001,1.0,1,3,0.0,9,32,248.0,0.6267320904570742,78.75055145863993,77.68950629139908,9.132898531488795,1104.4394499003888,6644.670235546039,3721.461,698.1859999999996,744.866,2278.409,1102.9029999999996,2618.558,29.636290693359403,GRAVE_LESIONADOS,0
6,1,7,0,4,3,-13.491315,-72.277111,0,4,0,0,7,2,2,2,2021,4,0,0,23,2,2,6543.555,2.0,4,4,1.0,14,33,1198.0,0.2811173960891883,77.11100763906057,59.78223574586323,5.012239116376277,206.45731953948768,6402.226980728051,17779.13499998999,2097.3709999899997,2863.123,12818.640999999989,2878.713,14900.421999989989,16.19152450331032,LEVE,2
10,1,11,2,2,4,-12.055297,-75.212626,7,2,7,0,2,2,2,0,2021,4,1,0,9,1,2,6543.555,2.0,4,4,1.0,14,33,1198.0,0.6349620447591086,73.34739425042062,78.85040671556425,11.216598893401857,1118.0127433957432,167365.50535331905,12264.545,1826.4639999999995,1105.5389999999998,9332.542,1588.5359999999996,10676.009,12.952261987705208,LEVE,2
3,2,13,0,4,1,-6.740117852627036,-79.67576966896017,0,4,7,1,2,2,2,0,2021,4,1,0,20,2,0,919.085,2.0,2,3,0.0,9,7,218.0,0.5368990377599975,81.14791216819076,67.58350560537582,7.829746599316162,796.0036204699745,23182.03854389721,3459.691,515.0619999999999,689.7280000000001,2254.901,703.3549999999999,2756.336,20.329994788551925,GRAVE_MORTALIDAD,1
3,2,10,0,4,1,-13.9346253,-75.870705217,0,4,7,1,2,2,2,2,2021,4,2,0,5,0,0,6639.975,2.0,2,0,1.0,9,31,1616.0,0.6053164595604621,78.88848309050202,67.63954639531094,9.133324993872453,1064.9426147896202,27932.19700214133,3721.461,698.1859999999996,744.866,2278.409,1102.9029999999996,2618.558,29.636290693359403,LEVE,2
6,1,3,0,4,1,-16.605183,-72.630501,2,4,0,0,2,0,1,5,2021,4,2,0,5,0,0,6639.975,2.0,2,0,1.0,9,31,1616.0,0.6438160463426852,84.71218617950387,69.3595667037428,8.966372569949256,1152.2024707992498,16526.967880085653,10322.272,1495.236,1749.739,7077.2970000000005,2886.595,7435.677000000001,27.964725207783708,LEVE,2
0,0,6,2,2,4,-12.039089714698626,-77.09487395265722,0,3,7,1,2,0,1,0,2021,4,2,0,8,1,0,6543.555,2.0,4,4,1.0,14,33,1198.0,0.5563774842369664,77.00938809632027,69.10246351364754,8.476961866273152,914.8835608305218,27932.19700214133,51.58600000000001,44.68700000000001,6.899000000000001,0.0,49.838000000000015,1.748,96.61148373589734,LEVE,2
0,1,14,2,2,4,-11.916645,-76.969383,0,0,7,1,2,2,2,4,2021,4,2,0,10,1,0,6543.555,2.0,4,4,1.0,14,33,1198.0,0.701053025277506,79.62867561460851,73.1469484600971,10.064317505194426,1464.6926161541437,1150285.0494171206,7626.313,1683.4029999999998,1599.0829999999996,4343.827000000001,1814.875,5811.438000000001,23.797541485643197,LEVE,2
6,1,8,0,4,0,-13.15336,-75.64931,0,4,5,0,3,2,2,0,2021,4,2,0,10,1,2,6543.555,2.0,4,4,1.0,14,33,1198.0,0.431948728633663,70.59723527683362,53.21296545556788,7.899489412244051,581.7829501469798,617.1498929336187,8511.426,1445.3929999999996,2008.516,5057.516999999999,1879.579,6631.846999999998,22.08300935706896,GRAVE_MORTALIDAD,1
6,1,8,0,4,1,-13.185949,-75.572333,0,4,0,1,2,2,2,0,2021,4,2,0,11,1,2,1482.81,1.0,1,3,0.0,9,16,270.0,0.3350977923231871,68.89558289355473,47.3438883832626,6.105182048508107,369.6405022278763,1173.4582441113491,8511.426,1445.3929999999996,2008.516,5057.516999999999,1879.579,6631.846999999998,22.08300935706896,LEVE,2
3,2,13,0,4,0,-6.79093,-79.598616,0,4,7,1,2,2,2,0,2021,4,2,0,19,2,0,6543.555,2.0,4,4,1.0,14,33,1198.0,0.5269774463263404,80.68574196150158,64.40465614050751,7.841572542584764,777.5245054244522,9737.584582441114,3459.691,515.0619999999999,689.7280000000001,2254.901,703.3549999999999,2756.336,20.329994788551925,LEVE,2
0,1,13,2,4,1,-6.7296316,-79.8883738,0,2,7,1,2,1,0,0,2021,4,2,0,20,2,0,6543.555,3.0,2,0,1.0,0,30,1475.0,0.582874900209372,79.91553229957624,74.28629633563499,9.98490789682274,850.0456977651463,50544.90364025696,3459.691,515.0619999999999,689.7280000000001,2254.901,703.3549999999999,2756.336,20.329994788551925,LEVE,2
0,1,11,2,4,1,-10.9311262,-76.0555103,0,0,7,1,2,1,0,0,2021,4,2,0,21,2,2,9936.932,2.0,2,0,1.0,9,32,3830.0,0.4515021227868664,71.4196998727447,62.336219650226376,7.581270728582125,617.1133018029116,6161.010706638115,12264.545,1826.4639999999995,1105.5389999999998,9332.542,1588.5359999999996,10676.009,12.952261987705208,LEVE,2