CLASE SINIESTRO,CANTIDAD DE VEHICULOS DAÑADOS,DEPARTAMENTO,ZONA,TIPO DE VÍA,RED VIAL,COORDENADAS LATITUD,COORDENADAS  LONGITUD,CONDICIÓN CLIMÁTICA,ZONIFICACIÓN,CARACTERÍSTICAS DE VÍA,PERFIL LONGITUDINAL VÍA,SUPERFICIE DE CALZADA,¿EXISTE SEÑAL VERTICAL?,¿EXISTE SEÑAL HORIZONTAL?,CAUSA FACTOR PRINCIPAL,AÑO,MES,DIA_SEMANA,ES_FIN_SEMANA,HORA_NUM,FRANJA_HORARIA,REGION_NATURAL,MTC_RVN_LONGITUD_KM,MTC_RVN_N_CARRILES_MEDIANA,MTC_RVN_SUPERFICIE_DOMINANTE,MTC_RVN_ESTADO_DOMINANTE,MTC_RVN_ES_CONCESIONADA,MTC_RVN_CONCESION_PRINCIPAL,MTC_RVN_CORREDOR_LOGISTICO,MTC_RVN_N_TRAMOS,IDH_2019,IDH_ESP_VIDA_2019,IDH_EDUC_SECUND_PCT_2019,IDH_ANIOS_EDUC_2019,IDH_INGRESO_PERCAP_2019,IDH_POBLACION_2019,MTC_DEP_RED_TOTAL_KM,MTC_DEP_NACIONAL_TOTAL_KM,MTC_DEP_DEPARTAMENTAL_TOTAL_KM,MTC_DEP_VECINAL_TOTAL_KM,MTC_DEP_PAV_TOTAL_KM,MTC_DEP_NO_PAV_TOTAL_KM,MTC_DEP_PCT_PAVIMENTADA,CATEGORIA_SEVERIDAD,CATEGORIA_SEVERIDAD_ENC
0,1,23,2,4,1,-3.568419150202117,-80.45914645042534,0,0,1,1,2,1,0,4,2021,4,2,0,22,2,0,6543.555,3.0,2,0,1.0,0,30,1475.0,0.6025111043634478,77.63758231637303,72.22144062196868,9.79150322507506,998.9716590818762,109744.95931477516,1009.101,138.47399999999996,287.471,583.156,276.972,732.129,27.447401201663663,LEVE,2
6,2,12,0,4,1,-8.960994,-78.628281,0,4,7,1,2,2,2,6,2021,4,3,0,11,1,0,6543.555,3.0,2,0,1.0,0,30,1475.0,0.4867987483268106,77.5825534369154,52.95148122709723,6.150547060309878,840.5788229266196,9838.736616702356,8931.828000000005,1335.5899999999997,1935.9830000000004,5660.255000000005,1219.309,7712.519000000005,13.651281686122925,GRAVE_MORTALIDAD,1
1,0,11,2,4,1,-11.70311,-75.559091,0,4,7,1,2,2,2,0,2021,4,3,0,12,3,2,311.82,2.0,2,0,0.0,9,32,74.0,0.4846609581848212,71.70970037684953,62.978404663645314,7.681608625268467,740.7899756467436,5696.379014989293,12264.545,1826.4639999999995,1105.5389999999998,9332.542,1588.5359999999996,10676.009,12.952261987705208,LEVE,2
3,2,9,2,4,1,-9.950517,-76.250307,0,0,7,1,2,2,2,2,2021,4,3,0,16,3,2,9936.932,2.0,2,0,1.0,9,32,3830.0,0.6216164930359083,73.83445245401661,82.32001856648495,9.834238570262777,1100.9295903910202,39141.07922912206,8209.057,1333.4779999999996,791.9770000000001,6083.602,1059.8589999999997,7149.198,12.910849565303296,LEVE,2
6,1,2,0,4,0,-14.392414259366753,-72.92141519023642,0,4,0,0,7,2,2,0,2021,4,3,0,18,2,2,6543.555,2.0,4,4,1.0,14,33,1198.0,0.2922073932238643,54.579295591827965,51.82017867565583,5.921432724945376,356.6803688048953,1782.4582441113494,8358.971,1282.451,1298.0969999999998,5778.423,1432.683,6926.288,17.139466089785454,GRAVE_MORTALIDAD,1
1,1,14,0,4,0,-10.721502022389227,-77.77330574542792,6,5,6,2,6,2,2,0,2021,4,3,0,19,2,0,6543.555,2.0,4,4,1.0,14,33,1198.0,0.6351794046894105,80.8024412070713,71.35332766738335,9.404359888374977,1133.7779214188106,74926.62740899358,7626.313,1683.4029999999998,1599.0829999999996,4343.827000000001,1814.875,5811.438000000001,23.797541485643197,LEVE,2
0,1,14,2,4,1,-12.139552,-76.981017,0,2,7,1,2,2,2,4,2021,4,3,0,22,2,0,6639.975,2.0,2,0,1.0,9,31,1616.0,0.8017574897902351,80.48487267736287,78.74302427848284,13.156716040468266,1766.1488062170545,359776.608137045,7626.313,1683.4029999999998,1599.0829999999996,4343.827000000001,1814.875,5811.438000000001,23.797541485643197,LEVE,2
6,1,3,0,4,1,-15.615523,-74.649963,0,4,0,0,2,2,2,0,2021,4,4,0,0,0,0,6639.975,2.0,2,0,1.0,9,31,1616.0,0.6797600924877553,85.0,57.62627477620983,8.647491043389012,1503.7642038027566,6089.3083511777295,10322.272,1495.236,1749.739,7077.2970000000005,2886.595,7435.677000000001,27.964725207783708,LEVE,2
0,1,17,2,4,1,-17.20278080851402,-70.91790671033618,0,4,7,0,2,1,1,4,2021,4,4,0,4,0,0,1529.105,2.0,2,0,1.0,9,21,200.0,0.7019393796398946,77.75173796903684,74.13909206921859,10.843210004831542,1446.2028877191838,64680.35760171306,2949.174,470.28500000000025,903.055,1575.834,866.4460000000004,2082.728,29.37927704503025,LEVE,2
3,3,10,0,4,1,-15.1371348,-74.9825958,0,4,7,1,2,2,2,2,2021,4,4,0,5,0,0,6639.975,2.0,2,0,1.0,9,31,1616.0,0.5563774842369664,77.00938809632027,69.10246351364754,8.476961866273152,914.8835608305218,27932.19700214133,3721.461,698.1859999999996,744.866,2278.409,1102.9029999999996,2618.558,29.636290693359403,LEVE,2
1,0,20,0,4,1,-16.124706747287654,-69.58561060283843,0,4,7,1,2,2,2,2,2021,4,4,0,6,1,2,7586.903,2.0,2,0,1.0,9,5,1198.0,0.4020198374784472,77.80062735845667,75.295761294875,7.279851651626652,372.63390314535104,50686.62526766595,13642.312999999998,2020.7790000000005,2354.117,9267.416999999998,3314.0520000000006,10328.260999999997,24.29244952817019,LEVE,2
3,2,7,0,4,3,-14.0437031306402,-71.2729837080364,0,4,7,1,2,2,2,2,2021,4,4,0,7,1,2,6543.555,2.0,4,4,1.0,14,33,1198.0,0.3409107564841972,74.2782790389362,69.85088681249269,5.816184127144114,302.53841952167744,4833.456102783726,17779.13499998999,2097.3709999899997,2863.123,12818.640999999989,2878.713,14900.421999989989,16.19152450331032,LEVE,2
0,1,7,2,3,4,-14.452748,-72.082632,7,3,4,0,4,2,2,6,2021,4,4,0,7,1,2,6543.555,2.0,4,4,1.0,14,33,1198.0,0.339323744940919,67.8567694463257,60.573677132379146,5.206321478431428,388.7128879370376,24527.03426124197,17779.13499998999,2097.3709999899997,2863.123,12818.640999999989,2878.713,14900.421999989989,16.19152450331032,LEVE,2
6,1,21,0,4,1,-6.38954,-76.628213,7,4,0,0,2,1,1,2,2021,4,4,0,10,1,1,7758.33400008,2.0,2,0,1.0,9,20,2133.0,0.3395784981351988,71.02010551104725,44.75188012112102,5.086470241787386,426.0342434715467,13392.387580299788,5645.136,815.0759999999999,965.298,3864.762,1013.406,4631.73,17.95184385283189,LEVE,2
6,1,1,0,4,2,-9.31913474485371,-77.20134579694593,5,4,0,0,7,2,2,2,2021,4,4,0,14,3,2,6543.555,2.0,4,4,1.0,14,33,1198.0,0.4706020961968497,75.17338170095528,50.050190802728096,7.931940341600224,695.8436410574652,9915.20556745182,10767.648,1885.0630000000003,1222.721,7659.864000000001,2100.343,8667.305000000002,19.506051832303577,GRAVE_MORTALIDAD,1
3,2,20,0,4,1,-15.689975004885174,-70.52936698439152,0,4,7,1,2,0,1,2,2021,4,4,0,14,3,2,1504.4250000000002,2.0,2,0,1.0,7,25,241.0,0.4698599762559323,78.4228993312338,68.12786536644234,6.991927650318564,610.3916333612686,6938.8501070663815,13642.312999999998,2020.7790000000005,2354.117,9267.416999999998,3314.0520000000006,10328.260999999997,24.29244952817019,GRAVE_MORTALIDAD,1
3,2,5,0,4,1,-6.46931532,-79.04992001,0,4,7,1,2,1,1,2,2021,4,4,0,14,3,2,919.085,2.0,2,3,0.0,9,7,218.0,0.2654992518529382,70.41180563073365,40.80906856799879,3.652062959940575,299.1966256007116,8379.012847965738,15935.565011852366,1733.9250000199986,935.692,13265.948011832368,2000.1670000199988,13935.398011832369,12.551591352627522,LEVE,2
3,0,7,0,4,1,-14.780251,-71.396026,5,4,7,1,2,1,0,2,2021,4,4,0,19,2,2,1780.161,1.0,1,3,0.0,9,32,490.0,0.553052655456334,69.21726434550523,74.04128761826507,8.709280027519238,977.6848841665504,33976.192719486084,17779.13499998999,2097.3709999899997,2863.123,12818.640999999989,2878.713,14900.421999989989,16.19152450331032,LEVE,2
6,1,3,2,4,2,-15.89423,-73.190285,0,4,2,0,1,2,2,0,2021,4,5,1,4,0,0,6543.555,2.0,4,4,1.0,14,33,1198.0,0.6537166303746537,75.546894100114,68.22773522633851,8.977223262588314,1426.9632380259302,2067.518201284797,10322.272,1495.236,1749.739,7077.2970000000005,2886.595,7435.677000000001,27.964725207783708,GRAVE_LESIONADOS,0
3,0,11,0,4,1,-11.94441779,-75.33027359,7,0,7,1,2,2,2,0,2021,4,5,1,10,1,2,262.81,2.0,0,3,0.0,9,32,10.0,0.5094324469192663,69.80046164182401,68.30814412618273,8.9065528403411,781.4898849740999,1269.9314775160597,12264.545,1826.4639999999995,1105.5389999999998,9332.542,1588.5359999999996,10676.009,12.952261987705208,GRAVE_LESIONADOS,0
3,1,1,2,2,4,-9.514670460171162,-77.53099610976474,7,3,7,1,4,1,1,2,2021,4,5,1,11,1,2,6543.555,2.0,4,4,1.0,14,33,1198.0,0.5849977076393457,75.29860916717843,73.3703897539794,9.670945225325228,958.0920369809884,78605.04710920772,10767.648,1885.0630000000003,1222.721,7659.864000000001,2100.343,8667.305000000002,19.506051832303577,LEVE,2
3,1,11,0,4,1,-10.89080429083629,-74.94928842950357,0,4,7,0,2,2,2,0,2021,4,5,1,17,3,2,5768.608,2.0,3,1,0.0,9,32,365.0,0.4295860411633357,74.52920034355449,56.24873272101314,6.697659727647938,572.4658040665552,73767.52890792291,12264.545,1826.4639999999995,1105.5389999999998,9332.542,1588.5359999999996,10676.009,12.952261987705208,LEVE,2
6,1,13,0,4,1,-6.8548202,-79.8257166,0,4,4,1,2,1,0,0,2021,4,5,1,19,2,0,6543.555,3.0,2,0,1.0,0,30,1475.0,0.5641992796027862,80.882527751483,65.9094339982314,9.073972195368588,853.0395030552988,16475.406852248394,3459.691,515.0619999999999,689.7280000000001,2254.901,703.3549999999999,2756.336,20.329994788551925,LEVE,2
5,2,12,0,4,0,-7.974098,-78.812277,0,4,7,1,2,2,2,0,2021,4,5,1,21,2,0,6543.555,2.0,4,4,1.0,14,33,1198.0,0.4511366358384425,77.59010744042445,54.722554597765935,5.940436701537406,681.4371719975779,4289.124197002141,8931.828000000005,1335.5899999999997,1935.9830000000004,5660.255000000005,1219.309,7712.519000000005,13.651281686122925,LEVE,2
6,1,11,2,3,4,-12.0765584,-75.207582417,0,0,7,1,2,1,0,0,2021,4,5,1,22,2,2,6543.555,2.0,4,4,1.0,14,33,1198.0,0.6083413875375813,71.66982597817598,76.35118091119013,11.05243180238688,1046.538532645036,119236.36616702356,12264.545,1826.4639999999995,1105.5389999999998,9332.542,1588.5359999999996,10676.009,12.952261987705208,LEVE,2
0,0,6,2,4,1,-12.050127977587698,-77.13967692583283,0,0,7,1,4,2,2,0,2021,4,6,1,2,0,0,139.23,-1.0,2,0,0.0,9,32,69.0,0.5563774842369664,77.00938809632027,69.10246351364754,8.476961866273152,914.8835608305218,27932.19700214133,51.58600000000001,44.68700000000001,6.899000000000001,0.0,49.838000000000015,1.748,96.61148373589734,LEVE,2
3,1,20,0,4,1,-15.1201561,-69.5422729,5,4,7,1,2,2,2,2,2021,4,6,1,4,0,2,573.9449999999999,-1.0,1,0,0.0,9,32,128.0,0.2364715545850459,70.80113252262655,69.38498084505231,4.775584543785275,146.98348147582652,6569.51391862955,13642.312999999998,2020.7790000000005,2354.117,9267.416999999998,3314.0520000000006,10328.260999999997,24.29244952817019,LEVE,2
6,1,8,0,4,0,-12.64179,-74.86311,0,4,5,0,2,1,0,0,2021,4,6,1,10,1,2,6543.555,2.0,4,4,1.0,14,33,1198.0,0.2663454843382838,65.45457395221479,57.3335802782264,4.413119915061238,247.66524826450583,29100.053533190578,8511.426,1445.3929999999996,2008.516,5057.516999999999,1879.579,6631.846999999998,22.08300935706896,GRAVE_MORTALIDAD,1
0,1,18,2,4,1,-10.86696127535042,-76.28819879898643,6,5,6,2,6,2,2,0,2021,4,6,1,11,1,2,1084.715,2.0,2,3,0.0,9,23,1025.0,0.5504119035884192,75.43230905365627,74.36517816070992,8.725728339328322,846.9876218279496,2500.653104925054,3677.119863,564.5869999999999,910.845,2201.687863000001,590.8779999999998,3086.2418630000006,16.06904376290656,LEVE,2
3,2,20,0,4,1,-15.778642,-70.032045,0,4,0,1,2,1,1,2,2021,4,6,1,16,3,2,7586.903,2.0,2,0,1.0,9,5,1198.0,0.3204026151964153,69.29426309416309,70.2364823564305,6.371809812333516,265.9551058733816,4850.546038543897,13642.312999999998,2020.7790000000005,2354.117,9267.416999999998,3314.0520000000006,10328.260999999997,24.29244952817019,LEVE,2
1,0,20,2,4,1,-16.577499,-69.053221,0,4,7,1,2,2,2,2,2021,4,6,1,16,3,2,1529.105,2.0,2,0,1.0,9,21,200.0,0.4241160460464029,74.28732425011668,75.63340579586843,8.070404038634907,431.1198673050291,28095.749464668093,13642.312999999998,2020.7790000000005,2354.117,9267.416999999998,3314.0520000000006,10328.260999999997,24.29244952817019,LEVE,2
10,0,21,0,4,2,-5.77609532941348,-77.1690432205311,0,4,2,0,3,2,2,2,2021,4,6,1,18,2,1,6543.555,2.0,4,4,1.0,14,33,1198.0,0.5294800468051228,72.46713251445857,60.50982579904599,7.757161651692042,952.984823255978,86435.21199143468,5645.136,815.0759999999999,965.298,3864.762,1013.406,4631.73,17.95184385283189,LEVE,2
6,1,0,0,6,4,-6.308780146917162,-77.89786413559592,0,4,1,0,1,2,2,0,2021,4,6,1,18,2,1,6543.555,2.0,4,4,1.0,14,33,1198.0,0.3242953075464235,76.45234932351796,39.631719909082726,4.146043813067061,418.12422320150586,671.4346895074947,3903.732,1155.121,585.018,2163.5930000000003,943.591,2960.1410000000005,24.17151074920102,LEVE,2
3,2,11,0,4,1,-11.506640080742583,-74.45938332501434,0,4,7,1,2,2,2,2,2021,4,6,1,20,2,2,1337.175,1.0,1,3,0.0,9,32,315.0,0.3570817332180048,73.74932476832508,43.805659202757695,6.484925788605561,398.3541927461293,66993.35796966725,12264.545,1826.4639999999995,1105.5389999999998,9332.542,1588.5359999999996,10676.009,12.952261987705208,LEVE,2
3,1,6,2,4,1,-11.969749205859332,-77.12548212654109,0,0,7,1,4,2,2,0,2021,4,6,1,22,2,0,139.23,-1.0,2,0,0.0,9,32,69.0,0.5563774842369664,77.00938809632027,69.10246351364754,8.476961866273152,914.8835608305218,27932.19700214133,51.58600000000001,44.68700000000001,6.899000000000001,0.0,49.838000000000015,1.748,96.61148373589734,LEVE,2
1,0,14,2,4,1,-12.018517,-77.059519,0,2,7,1,2,2,2,0,2021,4,0,0,2,0,0,6543.555,3.0,2,0,1.0,0,30,1475.0,0.7419979630670723,80.31822295927182,79.00446395716813,11.084203715652809,1554.6868971011318,739416.2413542903,7626.313,1683.4029999999998,1599.0829999999996,4343.827000000001,1814.875,5811.438000000001,23.797541485643197,LEVE,2
6,1,23,2,4,0,-3.580171143202091,-80.44856768971081,0,0,1,1,4,2,2,2,2021,4,0,0,4,0,0,6543.555,2.0,4,4,1.0,14,33,1198.0,0.6025111043634478,77.63758231637303,72.22144062196868,9.79150322507506,998.9716590818762,109744.95931477516,1009.101,138.47399999999996,287.471,583.156,276.972,732.129,27.447401201663663,LEVE,2
3,1,11,0,4,0,-12.177069,-75.259884,0,2,7,0,2,2,2,0,2021,4,0,0,5,0,2,6543.555,2.0,4,4,1.0,14,33,1198.0,0.429226383468113,71.46819472717786,73.35355948973464,7.390908805073481,503.3429339203134,1586.9443254817988,12264.545,1826.4639999999995,1105.5389999999998,9332.542,1588.5359999999996,10676.009,12.952261987705208,LEVE,2
6,0,20,0,4,1,-16.28037824,-69.68476687,0,4,7,1,2,2,2,2,2021,4,0,0,6,1,2,417.30000000000007,1.0,0,3,0.0,9,32,52.0,0.4020198374784472,77.80062735845667,75.295761294875,7.279851651626652,372.63390314535104,50686.62526766595,13642.312999999998,2020.7790000000005,2354.117,9267.416999999998,3314.0520000000006,10328.260999999997,24.29244952817019,LEVE,2
1,1,13,2,4,1,-6.420400190210845,-79.83478720198148,0,4,7,1,2,2,2,0,2021,4,0,0,6,1,0,1305.18,2.0,2,0,1.0,1,20,163.0,0.5059173540051534,75.20849370321716,65.55087882905781,7.516301845742602,777.5523013576318,18529.839400428264,3459.691,515.0619999999999,689.7280000000001,2254.901,703.3549999999999,2756.336,20.329994788551925,LEVE,2
1,0,14,0,7,4,-12.036416235190408,-77.00151550062228,0,3,7,1,5,2,2,0,2021,4,0,0,7,1,0,6543.555,2.0,4,4,1.0,14,33,1198.0,0.6970617810314195,81.40501156526744,73.5715154770137,9.635174408411393,1428.892506292977,203379.9271948608,7626.313,1683.4029999999998,1599.0829999999996,4343.827000000001,1814.875,5811.438000000001,23.797541485643197,LEVE,2
6,1,4,0,7,4,-13.674243,-74.320074,5,4,2,0,7,2,2,6,2021,4,0,0,11,1,2,6543.555,2.0,4,4,1.0,14,33,1198.0,0.2584010205918519,81.19271605778682,30.850516934892248,3.619131346784202,263.42926609799645,2593.7344753747325,12678.733000000004,1805.074000000001,1774.0339999999994,9099.625000000004,2485.375000000001,10193.358000000002,19.602707936195205,GRAVE_LESIONADOS,0
4,1,14,2,2,4,-12.009293,-77.004063,0,2,7,1,2,2,2,2,2021,4,0,0,12,3,0,6543.555,2.0,4,4,1.0,14,33,1198.0,0.701053025277506,79.62867561460851,73.1469484600971,10.064317505194426,1464.6926161541437,1150285.0494171206,7626.313,1683.4029999999998,1599.0829999999996,4343.827000000001,1814.875,5811.438000000001,23.797541485643197,LEVE,2
0,1,9,0,4,1,-8.7514023548135,-76.1221856331335,0,4,7,1,2,2,2,2,2021,4,0,0,14,3,2,7758.33400008,2.0,2,0,1.0,9,20,2133.0,0.3327512625619986,70.03323242660845,28.716001301217947,4.496116329911438,553.2115225688121,3608.4891044538335,8209.057,1333.4779999999996,791.9770000000001,6083.602,1059.8589999999997,7149.198,12.910849565303296,LEVE,2
0,1,14,2,4,1,-12.007427,-77.061738,0,2,7,1,2,2,2,4,2021,4,0,0,18,2,0,6543.555,3.0,2,0,1.0,0,30,1475.0,0.758462599563312,80.5192231989937,79.20045639149897,11.33839041452458,1628.5661148492152,363987.54389721627,7626.313,1683.4029999999998,1599.0829999999996,4343.827000000001,1814.875,5811.438000000001,23.797541485643197,LEVE,2
3,2,21,0,4,1,-7.072906374001675,-76.71596313007927,0,4,0,0,2,0,1,2,2021,4,0,0,18,2,1,7758.33400008,2.0,2,0,1.0,9,20,2133.0,0.4502918333277692,78.09266300859836,40.01995299410318,6.301912164080189,749.0411697784568,2246.6059957173447,5645.136,815.0759999999999,965.298,3864.762,1013.406,4631.73,17.95184385283189,LEVE,2
0,1,14,2,6,4,-11.975217,-77.00532,0,2,7,1,2,2,2,2,2021,4,0,0,19,2,0,6543.555,2.0,4,4,1.0,14,33,1198.0,0.701053025277506,79.62867561460851,73.1469484600971,10.064317505194426,1464.6926161541437,1150285.0494171206,7626.313,1683.4029999999998,1599.0829999999996,4343.827000000001,1814.875,5811.438000000001,23.797541485643197,LEVE,2
3,1,19,1,4,1,-5.102095,-81.069194,0,4,7,1,2,2,2,2,2021,4,0,0,20,2,0,245.29,2.0,2,0,1.0,1,20,18.0,0.5697476996509985,79.43113978237243,63.65426474340983,8.424646867174598,957.1839078119212,99196.84582441112,8965.846000060003,1782.4120000599992,636.9959999999999,6546.438000000004,2214.505000059999,6751.341000000004,24.699342371541725,LEVE,2
6,1,14,2,4,1,-11.980851,-76.792388,0,2,7,1,2,2,2,2,2021,4,0,0,23,2,0,875.67,2.0,2,0,1.0,3,14,156.0,0.7410537419693288,80.72873693175681,77.76911521289269,11.20634409407566,1539.7635062745433,43755.852248394,7626.313,1683.4029999999998,1599.0829999999996,4343.827000000001,1814.875,5811.438000000001,23.797541485643197,GRAVE_MORTALIDAD,1
1,1,10,2,4,1,-14.826,-74.955,0,0,7,1,2,1,0,0,2021,4,1,0,4,0,0,6639.975,2.0,2,0,1.0,9,31,1616.0,0.5563774842369664,77.00938809632027,69.10246351364754,8.476961866273152,914.8835608305218,27932.19700214133,3721.461,698.1859999999996,744.866,2278.409,1102.9029999999996,2618.558,29.636290693359403,LEVE,2
2,1,3,2,3,4,-16.391007942757486,-71.54839748858807,0,3,7,1,2,2,2,3,2021,4,1,0,7,1,0,6543.555,2.0,4,4,1.0,14,33,1198.0,0.6738551636003771,78.16730405462371,80.12651178794934,11.26654579524565,1199.6180061497348,97926.27408993576,10322.272,1495.236,1749.739,7077.2970000000005,2886.595,7435.677000000001,27.964725207783708,LEVE,2
6,2,12,0,4,0,-7.719236,-77.662911,0,4,7,1,2,2,2,0,2021,4,1,0,8,1,0,6543.555,2.0,4,4,1.0,14,33,1198.0,0.4686292122960986,72.39347765706144,42.14285241633188,6.687776775372348,878.2652317159998,9440.374732334049,8931.828000000005,1335.5899999999997,1935.9830000000004,5660.255000000005,1219.309,7712.519000000005,13.651281686122925,LEVE,2
3,2,12,0,4,1,-8.024046,-79.076353,0,4,7,1,2,2,2,2,2021,4,1,0,11,1,0,6543.555,3.0,2,0,1.0,0,30,1475.0,0.583006771156836,78.2441938961209,62.24037484511178,8.807312392374042,1028.2282118265089,76607.295503212,8931.828000000005,1335.5899999999997,1935.9830000000004,5660.255000000005,1219.309,7712.519000000005,13.651281686122925,LEVE,2
3,2,13,2,4,1,-6.8626205138730185,-79.81867247722157,0,3,1,1,2,1,0,0,2021,4,1,0,18,2,0,6543.555,3.0,2,0,1.0,0,30,1475.0,0.5641992796027862,80.882527751483,65.9094339982314,9.073972195368588,853.0395030552988,16475.406852248394,3459.691,515.0619999999999,689.7280000000001,2254.901,703.3549999999999,2756.336,20.329994788551925,LEVE,2
3,1,17,0,4,0,-17.213738,-70.922987,0,4,7,0,2,1,1,2,2021,4,1,0,18,2,0,6543.555,2.0,4,4,1.0,14,33,1198.0,0.7019393796398946,77.75173796903684,74.13909206921859,10.843210004831542,1446.2028877191838,64680.35760171306,2949.174,470.28500000000025,903.055,1575.834,866.4460000000004,2082.728,29.37927704503025,LEVE,2
3,1,14,2,2,4,-11.923226255573336,-77.07654145949084,0,2,7,1,2,2,2,2,2021,4,2,0,4,0,0,6543.555,2.0,4,4,1.0,14,33,1198.0,0.758462599563312,80.5192231989937,79.20045639149897,11.33839041452458,1628.5661148492152,363987.54389721627,7626.313,1683.4029999999998,1599.0829999999996,4343.827000000001,1814.875,5811.438000000001,23.797541485643197,LEVE,2
0,1,14,2,3,4,-12.28618,-76.87237,0,2,7,1,2,2,2,2,2021,4,2,0,16,3,0,6543.555,2.0,4,4,1.0,14,33,1198.0,0.6909236767275176,78.41626133969348,70.97436336767564,9.826485374940413,1476.8351947609171,95908.53319057816,7626.313,1683.4029999999998,1599.0829999999996,4343.827000000001,1814.875,5811.438000000001,23.797541485643197,LEVE,2
6,0,20,1,4,2,-16.249499,-69.390472,0,4,5,0,7,2,2,2,2021,4,2,0,17,3,2,6543.555,2.0,4,4,1.0,14,33,1198.0,0.4138545322335047,72.42365757071663,75.18782800461412,7.422478928805024,440.156451811849,19964.802997858675,13642.312999999998,2020.7790000000005,2354.117,9267.416999999998,3314.0520000000006,10328.260999999997,24.29244952817019,LEVE,2
0,1,7,0,4,1,-13.804365,-71.545984,0,4,7,1,2,2,2,2,2021,4,2,0,19,2,2,7586.903,2.0,2,0,1.0,9,5,1198.0,0.2662629803896222,69.177138363648,53.22953524136351,4.064477176468824,251.91361966271845,10643.807280513918,17779.13499998999,2097.3709999899997,2863.123,12818.640999999989,2878.713,14900.421999989989,16.19152450331032,LEVE,2
3,0,14,2,2,4,-11.937824603362309,-77.07888112938127,0,2,7,1,2,2,2,0,2021,4,3,0,0,0,0,6543.555,2.0,4,4,1.0,14,33,1198.0,0.758462599563312,80.5192231989937,79.20045639149897,11.33839041452458,1628.5661148492152,363987.54389721627,7626.313,1683.4029999999998,1599.0829999999996,4343.827000000001,1814.875,5811.438000000001,23.797541485643197,LEVE,2
6,1,11,0,4,1,-11.485281,-75.9531612,7,4,0,1,2,1,0,2,2021,4,3,0,7,1,2,9936.932,2.0,2,0,1.0,9,32,3830.0,0.6020098864645433,75.79573668887026,73.05899519649367,9.146056396622448,1068.3131989230606,1494.9850107066384,12264.545,1826.4639999999995,1105.5389999999998,9332.542,1588.5359999999996,10676.009,12.952261987705208,LEVE,2
6,1,7,0,4,0,-13.92986,-71.0209,0,4,0,0,7,2,2,6,2021,4,3,0,9,1,2,6543.555,2.0,4,4,1.0,14,33,1198.0,0.3279828331329419,74.93726764380844,47.17261878454185,4.163619664547984,407.9126524591313,7289.100642398288,17779.13499998999,2097.3709999899997,2863.123,12818.640999999989,2878.713,14900.421999989989,16.19152450331032,LEVE,2
6,1,14,0,4,1,-11.398112453019715,-77.33464609261696,0,4,7,1,2,2,2,6,2021,4,3,0,10,1,0,1422.177,2.0,2,0,0.0,9,19,698.0,0.6328991168419597,79.8522840328396,72.51785912375117,8.65057438382499,1190.6734036432963,65701.61456102783,7626.313,1683.4029999999998,1599.0829999999996,4343.827000000001,1814.875,5811.438000000001,23.797541485643197,LEVE,2
1,1,12,0,4,2,-8.092592,-78.956074,0,4,7,1,2,2,2,2,2021,4,3,0,11,1,0,6543.555,2.0,4,4,1.0,14,33,1198.0,0.5929579484728337,80.24150924632623,64.75837382721711,8.51830466766158,1043.4182142665843,34739.39614561028,8931.828000000005,1335.5899999999997,1935.9830000000004,5660.255000000005,1219.309,7712.519000000005,13.651281686122925,LEVE,2
0,1,14,0,4,3,-11.430781799922846,-77.08143126557555,0,4,5,0,3,2,2,0,2021,4,3,0,11,1,0,6543.555,2.0,4,4,1.0,14,33,1198.0,0.606011890732538,79.10580202061365,64.14379964647316,7.172095916125169,1269.9879605915198,20981.39186295503,7626.313,1683.4029999999998,1599.0829999999996,4343.827000000001,1814.875,5811.438000000001,23.797541485643197,LEVE,2
3,2,19,2,2,4,-5.187268,-80.613112,0,4,1,1,2,2,2,0,2021,4,3,0,15,3,0,6543.555,2.0,4,4,1.0,14,33,1198.0,0.6220812987247925,80.20155828147696,72.71675503872983,10.02377668600292,1028.915688621886,159840.92719486082,8965.846000060003,1782.4120000599992,636.9959999999999,6546.438000000004,2214.505000059999,6751.341000000004,24.699342371541725,GRAVE_LESIONADOS,0
0,1,6,2,4,1,-11.994407401910234,-77.12599190223546,0,0,7,1,4,2,2,0,2021,4,3,0,16,3,0,139.23,-1.0,2,0,0.0,9,32,69.0,0.5563774842369664,77.00938809632027,69.10246351364754,8.476961866273152,914.8835608305218,27932.19700214133,51.58600000000001,44.68700000000001,6.899000000000001,0.0,49.838000000000015,1.748,96.61148373589734,LEVE,2
0,0,14,2,4,1,-10.989429946855031,-77.63791485551336,0,4,7,1,2,1,0,2,2021,4,3,0,18,2,0,6543.555,3.0,2,0,1.0,0,30,1475.0,0.6058977644686256,75.86009868534626,65.24867654925505,8.328201694517173,1216.0018080234922,26242.524625267662,7626.313,1683.4029999999998,1599.0829999999996,4343.827000000001,1814.875,5811.438000000001,23.797541485643197,LEVE,2
4,1,23,0,4,1,-3.603042926354615,-80.49703530897278,0,4,7,1,2,1,1,2,2021,4,3,0,23,2,0,6543.555,3.0,2,0,1.0,0,30,1475.0,0.5691277377037675,76.83860361118322,66.3560753457607,8.686409348773196,962.153294603348,23971.755888650965,1009.101,138.47399999999996,287.471,583.156,276.972,732.129,27.447401201663663,LEVE,2