CLASE SINIESTRO,CANTIDAD DE VEHICULOS DAÑADOS,DEPARTAMENTO,ZONA,TIPO DE VÍA,RED VIAL,COORDENADAS LATITUD,COORDENADAS  LONGITUD,CONDICIÓN CLIMÁTICA,ZONIFICACIÓN,CARACTERÍSTICAS DE VÍA,PERFIL LONGITUDINAL VÍA,SUPERFICIE DE CALZADA,¿EXISTE SEÑAL VERTICAL?,¿EXISTE SEÑAL HORIZONTAL?,CAUSA FACTOR PRINCIPAL,AÑO,MES,DIA_SEMANA,ES_FIN_SEMANA,HORA_NUM,FRANJA_HORARIA,REGION_NATURAL,MTC_RVN_LONGITUD_KM,MTC_RVN_N_CARRILES_MEDIANA,MTC_RVN_SUPERFICIE_DOMINANTE,MTC_RVN_ESTADO_DOMINANTE,MTC_RVN_ES_CONCESIONADA,MTC_RVN_CONCESION_PRINCIPAL,MTC_RVN_CORREDOR_LOGISTICO,MTC_RVN_N_TRAMOS,IDH_2019,IDH_ESP_VIDA_2019,IDH_EDUC_SECUND_PCT_2019,IDH_ANIOS_EDUC_2019,IDH_INGRESO_PERCAP_2019,IDH_POBLACION_2019,MTC_DEP_RED_TOTAL_KM,MTC_DEP_NACIONAL_TOTAL_KM,MTC_DEP_DEPARTAMENTAL_TOTAL_KM,MTC_DEP_VECINAL_TOTAL_KM,MTC_DEP_PAV_TOTAL_KM,MTC_DEP_NO_PAV_TOTAL_KM,MTC_DEP_PCT_PAVIMENTADA,CATEGORIA_SEVERIDAD,CATEGORIA_SEVERIDAD_ENC
3,1,20,0,4,1,-15.3979771,-70.0630439,5,4,7,1,2,2,2,6,2021,4,4,0,3,0,2,1762.84,2.0,1,0,0.0,9,32,485.0,0.2399049659709538,73.66748174046536,65.59496565670392,5.108032967220759,142.3423295419015,4818.295503211992,13642.312999999998,2020.7790000000005,2354.117,9267.416999999998,3314.0520000000006,10328.260999999997,24.29244952817019,LEVE,2
1,0,23,0,4,1,-3.553035560485589,-80.42390441286221,0,4,4,1,2,1,1,2,2021,4,4,0,6,1,0,6543.555,3.0,2,0,1.0,0,30,1475.0,0.6025111043634478,77.63758231637303,72.22144062196868,9.79150322507506,998.9716590818762,109744.95931477516,1009.101,138.47399999999996,287.471,583.156,276.972,732.129,27.447401201663663,LEVE,2
3,2,12,0,4,1,-8.15108,-79.034121,0,4,7,1,2,2,2,2,2021,4,4,0,19,2,0,6543.555,3.0,2,0,1.0,0,30,1475.0,0.7531641124604342,80.00312647864715,76.99495003849329,11.742569192588208,1599.6362666139996,66889.78372591006,8931.828000000005,1335.5899999999997,1935.9830000000004,5660.255000000005,1219.309,7712.519000000005,13.651281686122925,LEVE,2
0,1,14,0,4,1,-10.738742225081932,-77.74812410503186,0,4,7,1,2,2,2,4,2021,5,5,1,0,0,0,6543.555,3.0,2,0,1.0,0,30,1475.0,0.6351794046894105,80.8024412070713,71.35332766738335,9.404359888374977,1133.7779214188106,74926.62740899358,7626.313,1683.4029999999998,1599.0829999999996,4343.827000000001,1814.875,5811.438000000001,23.797541485643197,LEVE,2
1,1,12,0,4,3,-8.025953,-79.047857,0,2,0,1,1,2,2,0,2021,5,5,1,4,0,0,6543.555,2.0,4,4,1.0,14,33,1198.0,0.583006771156836,78.2441938961209,62.24037484511178,8.807312392374042,1028.2282118265089,76607.295503212,8931.828000000005,1335.5899999999997,1935.9830000000004,5660.255000000005,1219.309,7712.519000000005,13.651281686122925,LEVE,2
5,0,14,2,2,4,-11.930175,-76.69002,0,3,7,1,2,2,2,0,2021,5,5,1,5,0,0,6543.555,2.0,4,4,1.0,14,33,1198.0,0.6831952456039544,78.60873873772867,74.49000793376607,10.00420210847705,1376.0472418044385,255143.7301927195,7626.313,1683.4029999999998,1599.0829999999996,4343.827000000001,1814.875,5811.438000000001,23.797541485643197,LEVE,2
3,1,11,2,4,1,-12.023939,-75.271322,7,3,1,1,2,1,0,0,2021,5,5,1,11,1,2,196.88,2.0,2,0,1.0,3,32,35.0,0.5285636336071157,73.42501182291251,72.99402084998901,8.480900339546155,804.6146188752779,13113.002141327624,12264.545,1826.4639999999995,1105.5389999999998,9332.542,1588.5359999999996,10676.009,12.952261987705208,LEVE,2
0,1,1,2,2,4,-9.124688512201416,-78.52870251604854,0,0,7,1,2,2,2,2,2021,5,5,1,15,3,2,6543.555,2.0,4,4,1.0,14,33,1198.0,0.6459598096056908,78.63908715089502,73.94922643905556,10.615650526897664,1131.8657131941532,175440.59743040687,10767.648,1885.0630000000003,1222.721,7659.864000000001,2100.343,8667.305000000002,19.506051832303577,LEVE,2
0,0,14,2,2,4,-11.962209,-77.054503,0,2,7,1,2,2,2,0,2021,5,5,1,15,3,0,6543.555,2.0,4,4,1.0,14,33,1198.0,0.7218926988400113,80.0902077245261,77.9581888264889,10.971588327733102,1458.3206086290393,530000.3426124197,7626.313,1683.4029999999998,1599.0829999999996,4343.827000000001,1814.875,5811.438000000001,23.797541485643197,LEVE,2
0,1,7,0,4,1,-13.374216,-71.917709,0,4,7,1,2,2,2,6,2021,5,5,1,16,3,2,3447.8009999999995,1.0,2,3,0.0,9,12,1109.0,0.3373243871105438,75.90412141914639,57.87168794363291,5.114446597456778,338.4338532185294,5497.58886509636,17779.13499998999,2097.3709999899997,2863.123,12818.640999999989,2878.713,14900.421999989989,16.19152450331032,LEVE,2
6,1,5,0,4,1,-6.56770394,-78.64263126,0,4,0,0,2,1,1,0,2021,5,5,1,16,3,2,9936.932,2.0,2,0,1.0,9,32,3830.0,0.4700875779194959,72.66081436888122,64.8808353209258,6.163018167008406,756.997154110016,46090.54817987152,15935.565011852366,1733.9250000199986,935.692,13265.948011832368,2000.1670000199988,13935.398011832369,12.551591352627522,LEVE,2
0,1,21,0,4,3,-6.225567,-77.134417,0,4,0,0,2,2,2,2,2021,5,5,1,16,3,1,6543.555,2.0,4,4,1.0,14,33,1198.0,0.4209273482033048,73.3551698063197,46.02617740809915,5.54816545192792,689.4538596354846,31717.576017130617,5645.136,815.0759999999999,965.298,3864.762,1013.406,4631.73,17.95184385283189,LEVE,2
0,1,20,0,4,1,-15.5354642,-70.1146895,5,4,7,1,2,1,1,4,2021,5,5,1,18,2,2,7586.903,2.0,2,0,1.0,9,5,1198.0,0.5759734352119,73.55929462493827,78.89306383943827,10.174966342239475,888.1716010638444,232834.39603082248,13642.312999999998,2020.7790000000005,2354.117,9267.416999999998,3314.0520000000006,10328.260999999997,24.29244952817019,LEVE,2
3,2,10,2,4,1,-13.679986618506526,-76.14755565186188,0,0,1,1,2,2,2,0,2021,5,5,1,20,2,0,1679.5849999999998,2.0,2,3,1.0,9,24,315.0,0.5723734005661165,76.14778354007997,72.53650205141851,9.107715991741182,922.4721268572972,24272.76659528908,3721.461,698.1859999999996,744.866,2278.409,1102.9029999999996,2618.558,29.636290693359403,LEVE,2
3,2,11,0,4,1,-11.05411900879454,-75.32400898727913,0,4,7,1,2,2,2,0,2021,5,6,1,3,0,2,600.0300000000001,2.0,2,0,0.0,9,8,178.0,0.587430624814192,75.05837214886559,65.27778442559935,9.160286843623986,1064.616047731197,24595.453961456104,12264.545,1826.4639999999995,1105.5389999999998,9332.542,1588.5359999999996,10676.009,12.952261987705208,LEVE,2
3,1,14,2,2,4,-12.053072448541595,-77.01305632819688,7,2,7,1,2,2,2,2,2021,5,6,1,9,1,0,6543.555,2.0,4,4,1.0,14,33,1198.0,0.7646845961658533,80.23682119426338,77.96082737891015,12.014176158371615,1633.787715186093,250806.0877944326,7626.313,1683.4029999999998,1599.0829999999996,4343.827000000001,1814.875,5811.438000000001,23.797541485643197,LEVE,2
6,1,20,0,4,1,-14.119034,-69.050906,0,4,3,0,7,2,2,2,2021,5,6,1,16,3,2,1762.84,2.0,1,0,0.0,9,32,485.0,0.5563774842369664,77.00938809632027,69.10246351364754,8.476961866273152,914.8835608305218,27932.19700214133,13642.312999999998,2020.7790000000005,2354.117,9267.416999999998,3314.0520000000006,10328.260999999997,24.29244952817019,GRAVE_MORTALIDAD,1
6,1,2,0,4,1,-13.977506644269104,-72.38680757070567,0,4,7,1,3,2,2,2,2021,5,0,0,2,0,2,428.67,-1.0,0,3,0.0,9,32,52.0,0.2901560454891014,71.32208688690824,57.91815688426187,4.514973497070771,269.3845261568443,7519.826552462528,8358.971,1282.451,1298.0969999999998,5778.423,1432.683,6926.288,17.139466089785454,LEVE,2
0,1,14,2,4,1,-12.033464037862172,-76.99048730611834,7,2,7,1,2,2,2,4,2021,5,0,0,6,1,0,6543.555,3.0,2,0,1.0,0,30,1475.0,0.6970617810314195,81.40501156526744,73.5715154770137,9.635174408411393,1428.892506292977,203379.9271948608,7626.313,1683.4029999999998,1599.0829999999996,4343.827000000001,1814.875,5811.438000000001,23.797541485643197,LEVE,2
6,1,20,0,4,0,-15.4328266547477,-70.22161597565652,0,4,7,0,2,2,2,6,2021,5,0,0,7,1,2,6543.555,2.0,4,4,1.0,14,33,1198.0,0.5759734352119,73.55929462493827,78.89306383943827,10.174966342239475,888.1716010638444,232834.39603082248,13642.312999999998,2020.7790000000005,2354.117,9267.416999999998,3314.0520000000006,10328.260999999997,24.29244952817019,LEVE,2
0,1,11,2,2,4,-11.957304,-75.26739,0,4,7,1,4,2,2,2,2021,5,0,0,8,1,2,6543.555,2.0,4,4,1.0,14,33,1198.0,0.5461790591051493,72.19386023762785,72.7128913820118,9.62011242666309,841.9001076549624,11141.967880085656,12264.545,1826.4639999999995,1105.5389999999998,9332.542,1588.5359999999996,10676.009,12.952261987705208,LEVE,2
0,1,14,2,2,4,-11.905596557455068,-77.04212480216349,0,2,7,1,2,2,2,4,2021,5,0,0,15,3,0,6543.555,2.0,4,4,1.0,14,33,1198.0,0.7218926988400113,80.0902077245261,77.9581888264889,10.971588327733102,1458.3206086290393,530000.3426124197,7626.313,1683.4029999999998,1599.0829999999996,4343.827000000001,1814.875,5811.438000000001,23.797541485643197,LEVE,2
6,1,9,0,4,2,-9.830753,-76.153403,0,4,0,0,1,2,2,3,2021,5,0,0,16,3,2,6543.555,2.0,4,4,1.0,14,33,1198.0,0.1985758242270937,77.55714392657784,34.95706096213289,2.03851168355126,322.5659269507394,24762.20985010707,8209.057,1333.4779999999996,791.9770000000001,6083.602,1059.8589999999997,7149.198,12.910849565303296,GRAVE_LESIONADOS,0
3,2,20,0,4,1,-16.54100210832694,-69.05834507787692,0,4,7,1,2,2,2,2,2021,5,0,0,18,2,2,7586.903,2.0,2,0,1.0,9,5,1198.0,0.4241160460464029,74.28732425011668,75.63340579586843,8.070404038634907,431.1198673050291,28095.749464668093,13642.312999999998,2020.7790000000005,2354.117,9267.416999999998,3314.0520000000006,10328.260999999997,24.29244952817019,LEVE,2
3,2,19,2,4,1,-5.221969,-80.654578,0,4,0,1,2,1,1,0,2021,5,0,0,20,2,0,6543.555,3.0,2,0,1.0,0,30,1475.0,0.5034350778485951,78.14388603810477,62.51585839041032,7.698619805954479,731.8176685454189,76220.84796573877,8965.846000060003,1782.4120000599992,636.9959999999999,6546.438000000004,2214.505000059999,6751.341000000004,24.699342371541725,LEVE,2
6,1,7,0,4,0,-13.323248,-71.587061,0,4,0,0,7,2,2,2,2021,5,0,0,23,2,2,6543.555,2.0,4,4,1.0,14,33,1198.0,0.2466226927938573,59.50771953912937,42.678907967899015,3.991373779253808,285.51302601039464,12676.173447537472,17779.13499998999,2097.3709999899997,2863.123,12818.640999999989,2878.713,14900.421999989989,16.19152450331032,GRAVE_MORTALIDAD,1
4,1,9,0,4,1,-10.258065,-76.147926,0,4,0,1,2,2,2,2,2021,5,1,0,6,1,2,9936.932,2.0,2,0,1.0,9,32,3830.0,0.2701280162338842,73.64856031271022,44.54106753143592,3.986088600746413,263.8426934638171,9851.79443254818,8209.057,1333.4779999999996,791.9770000000001,6083.602,1059.8589999999997,7149.198,12.910849565303296,LEVE,2
3,2,10,2,4,1,-14.008209193958823,-75.76604954345218,0,0,1,1,2,2,2,2,2021,5,1,0,6,1,0,6639.975,2.0,2,0,1.0,9,31,1616.0,0.6350781586942635,79.3721196581268,77.51375521876884,10.809406137631074,1028.5280705927485,31104.417558886507,3721.461,698.1859999999996,744.866,2278.409,1102.9029999999996,2618.558,29.636290693359403,LEVE,2
5,1,19,0,4,0,-4.905415927210847,-80.70526061283559,0,2,7,1,2,2,2,0,2021,5,1,0,16,3,0,6543.555,2.0,4,4,1.0,14,33,1198.0,0.5657000696312142,79.93504063107561,71.14438533384025,9.31841991972829,829.1233898514824,181599.8115631692,8965.846000060003,1782.4120000599992,636.9959999999999,6546.438000000004,2214.505000059999,6751.341000000004,24.699342371541725,LEVE,2
0,1,7,0,4,1,-14.1841,-71.35309818,0,4,7,1,2,1,1,2,2021,5,1,0,20,2,2,7586.903,2.0,2,0,1.0,9,5,1198.0,0.4107458749971457,72.1547719826022,75.11691677377222,6.84079438286104,455.9087564374382,2466.282655246253,17779.13499998999,2097.3709999899997,2863.123,12818.640999999989,2878.713,14900.421999989989,16.19152450331032,LEVE,2
0,0,19,0,4,1,-5.255503,-80.616913,0,4,7,1,2,1,0,0,2021,5,2,0,0,0,0,6543.555,3.0,2,0,1.0,0,30,1475.0,0.5034350778485951,78.14388603810477,62.51585839041032,7.698619805954479,731.8176685454189,76220.84796573877,8965.846000060003,1782.4120000599992,636.9959999999999,6546.438000000004,2214.505000059999,6751.341000000004,24.699342371541725,LEVE,2
6,1,11,0,4,1,-11.33568,-74.52846,6,5,6,2,6,2,2,0,2021,5,2,0,5,0,2,1337.175,1.0,1,3,0.0,9,32,315.0,0.3570817332180048,73.74932476832508,43.805659202757695,6.484925788605561,398.3541927461293,66993.35796966725,12264.545,1826.4639999999995,1105.5389999999998,9332.542,1588.5359999999996,10676.009,12.952261987705208,LEVE,2
0,1,1,2,2,4,-9.663039536688188,-77.467772744454,0,3,7,0,4,2,2,2,2021,5,2,0,7,1,2,6543.555,2.0,4,4,1.0,14,33,1198.0,0.3221880038524312,74.4958654901739,52.39022079051925,5.660975440982674,299.7877491538902,1871.4304068522488,10767.648,1885.0630000000003,1222.721,7659.864000000001,2100.343,8667.305000000002,19.506051832303577,LEVE,2
6,1,2,0,4,2,-13.6516219,-73.0590121,0,4,0,0,7,2,2,2,2021,5,2,0,12,3,2,6543.555,2.0,4,4,1.0,14,33,1198.0,0.3578205954835702,70.81186921086326,57.26773782397438,4.934940528666231,450.96871553721166,5992.246252676659,8358.971,1282.451,1298.0969999999998,5778.423,1432.683,6926.288,17.139466089785454,LEVE,2
3,2,10,2,4,1,-13.678722126115671,-76.13532408819252,0,0,7,1,2,2,2,0,2021,5,2,0,13,3,0,1679.5849999999998,2.0,2,3,1.0,9,24,315.0,0.5723734005661165,76.14778354007997,72.53650205141851,9.107715991741182,922.4721268572972,24272.76659528908,3721.461,698.1859999999996,744.866,2278.409,1102.9029999999996,2618.558,29.636290693359403,LEVE,2
6,1,7,0,4,1,-13.133249,-72.316248,4,4,0,0,2,1,1,6,2021,5,2,0,14,3,2,3447.8009999999995,1.0,2,3,0.0,9,12,1109.0,0.4706944943299555,76.79406176595778,61.64424635983724,7.141255198110581,653.4175319142125,3282.6252676659524,17779.13499998999,2097.3709999899997,2863.123,12818.640999999989,2878.713,14900.421999989989,16.19152450331032,GRAVE_MORTALIDAD,1
6,1,7,0,4,1,-13.457944,-72.4116,0,4,0,0,2,2,2,6,2021,5,2,0,17,3,2,7586.903,2.0,2,0,1.0,9,5,1198.0,0.3401816617977222,71.10991456121904,48.96986934460488,5.376243173322119,394.5611246991025,8685.158458244112,17779.13499998999,2097.3709999899997,2863.123,12818.640999999989,2878.713,14900.421999989989,16.19152450331032,LEVE,2
3,2,14,0,4,1,-10.7369133660656,-77.74969622049346,0,4,7,1,2,2,2,2,2021,5,2,0,19,2,0,6543.555,3.0,2,0,1.0,0,30,1475.0,0.6351794046894105,80.8024412070713,71.35332766738335,9.404359888374977,1133.7779214188106,74926.62740899358,7626.313,1683.4029999999998,1599.0829999999996,4343.827000000001,1814.875,5811.438000000001,23.797541485643197,LEVE,2
6,1,13,2,4,1,-6.8512811,-79.8269899,0,0,7,1,2,1,0,0,2021,5,2,0,20,2,0,6543.555,3.0,2,0,1.0,0,30,1475.0,0.4741120956135246,82.20413595948395,63.9148290245543,7.357156496189524,585.9356712133833,32071.66595289079,3459.691,515.0619999999999,689.7280000000001,2254.901,703.3549999999999,2756.336,20.329994788551925,LEVE,2
0,1,14,2,2,4,-12.044108,-77.046872,0,2,7,1,2,2,2,4,2021,5,2,0,21,2,0,6543.555,2.0,4,4,1.0,14,33,1198.0,0.7646845961658533,80.23682119426338,77.96082737891015,12.014176158371615,1633.787715186093,250806.0877944326,7626.313,1683.4029999999998,1599.0829999999996,4343.827000000001,1814.875,5811.438000000001,23.797541485643197,LEVE,2
0,0,14,2,4,1,-11.9919966,-76.8256921,0,2,7,1,4,2,2,0,2021,5,3,0,13,3,0,875.67,2.0,2,0,1.0,3,14,156.0,0.7410537419693288,80.72873693175681,77.76911521289269,11.20634409407566,1539.7635062745433,43755.852248394,7626.313,1683.4029999999998,1599.0829999999996,4343.827000000001,1814.875,5811.438000000001,23.797541485643197,LEVE,2
3,2,12,0,4,1,-8.412773,-78.798247,0,4,7,1,2,2,2,2,2021,5,4,0,2,0,0,6543.555,3.0,2,0,1.0,0,30,1475.0,0.5051395598219868,77.13285387085847,51.52067479184955,6.715328807318118,900.900383457586,67612.41755888652,8931.828000000005,1335.5899999999997,1935.9830000000004,5660.255000000005,1219.309,7712.519000000005,13.651281686122925,GRAVE_MORTALIDAD,1
0,1,10,2,4,1,-14.8729674,-74.9904761,0,3,7,1,2,2,2,0,2021,5,4,0,4,0,0,6639.975,2.0,2,0,1.0,9,31,1616.0,0.5563774842369664,77.00938809632027,69.10246351364754,8.476961866273152,914.8835608305218,27932.19700214133,3721.461,698.1859999999996,744.866,2278.409,1102.9029999999996,2618.558,29.636290693359403,LEVE,2
0,1,20,0,4,1,-15.281613,-69.9257604,0,4,7,1,2,1,1,4,2021,5,4,0,9,1,2,1762.84,2.0,1,0,0.0,9,32,485.0,0.3120136684565522,74.56643070176949,67.13828218150482,6.277409990126978,231.9912855577296,12390.518201284798,13642.312999999998,2020.7790000000005,2354.117,9267.416999999998,3314.0520000000006,10328.260999999997,24.29244952817019,LEVE,2
6,1,17,0,4,0,-17.210263,-70.921352,7,4,7,0,2,1,0,2,2021,5,4,0,10,1,0,6543.555,2.0,4,4,1.0,14,33,1198.0,0.7019393796398946,77.75173796903684,74.13909206921859,10.843210004831542,1446.2028877191838,64680.35760171306,2949.174,470.28500000000025,903.055,1575.834,866.4460000000004,2082.728,29.37927704503025,LEVE,2
6,1,19,1,4,1,-4.68356635520392,-81.09414331545014,0,4,7,1,2,2,2,0,2021,5,4,0,15,3,0,6543.555,3.0,2,0,1.0,0,30,1475.0,0.5876647399116196,78.30047449326607,74.775430587285,9.93132837285568,895.6170797161305,10993.18629550321,8965.846000060003,1782.4120000599992,636.9959999999999,6546.438000000004,2214.505000059999,6751.341000000004,24.699342371541725,LEVE,2
6,1,12,0,4,1,-8.141737,-78.197709,0,4,7,1,2,2,2,2,2021,5,4,0,15,3,0,9936.932,2.0,2,0,1.0,9,32,3830.0,0.3206757529914507,75.21333323806027,45.341846366223095,5.318686972331122,324.76888338207965,18794.94860813704,8931.828000000005,1335.5899999999997,1935.9830000000004,5660.255000000005,1219.309,7712.519000000005,13.651281686122925,LEVE,2
3,1,3,0,4,1,-15.841667921338228,-71.10177723625667,0,4,7,1,2,0,1,2,2021,5,4,0,19,2,0,1504.4250000000002,2.0,2,0,1.0,7,25,241.0,0.4498224071382834,81.63336343193146,58.84842497065013,5.774685730039019,620.6584683449911,1358.612419700214,10322.272,1495.236,1749.739,7077.2970000000005,2886.595,7435.677000000001,27.964725207783708,LEVE,2
6,1,1,0,4,1,-9.077566096117572,-77.78314446226604,0,4,0,0,2,1,1,2,2021,5,4,0,20,2,2,9936.932,2.0,2,0,1.0,9,32,3830.0,0.49842722626264,79.23197418574183,52.82270457174107,7.15398279838356,791.6819971737787,25526.81584582441,10767.648,1885.0630000000003,1222.721,7659.864000000001,2100.343,8667.305000000002,19.506051832303577,GRAVE_MORTALIDAD,1
3,2,11,0,4,1,-10.932901566892642,-74.86769527334864,0,4,7,1,2,2,2,0,2021,5,5,1,3,0,2,5768.608,2.0,3,1,0.0,9,32,365.0,0.4504704361939795,78.21109613042135,53.36127577481231,6.956854509393587,612.1696439943328,61517.46466809421,12264.545,1826.4639999999995,1105.5389999999998,9332.542,1588.5359999999996,10676.009,12.952261987705208,LEVE,2
3,2,2,0,4,1,-13.541964783452272,-72.80367104108937,0,4,0,0,2,1,1,2,2021,5,5,1,4,0,2,7586.903,2.0,2,0,1.0,9,5,1198.0,0.377913005157653,70.27445875446921,58.80536162354749,5.787058770254275,468.91015143438335,16627.231263383295,8358.971,1282.451,1298.0969999999998,5778.423,1432.683,6926.288,17.139466089785454,LEVE,2
0,0,4,2,4,1,-13.203862,-74.217087,0,4,0,0,2,2,2,2,2021,5,5,1,5,0,2,7586.903,2.0,2,0,1.0,9,5,1198.0,0.5434028420964154,74.57852402616055,77.17897354337184,9.727501250603307,764.2338344578611,55908.47323340471,12678.733000000004,1805.074000000001,1774.0339999999994,9099.625000000004,2485.375000000001,10193.358000000002,19.602707936195205,LEVE,2
3,2,20,0,4,1,-16.260407,-69.296237,0,4,7,1,2,2,2,0,2021,5,5,1,7,1,2,7586.903,2.0,2,0,1.0,9,5,1198.0,0.3165090894545869,72.969641049674,69.1278394147308,6.0160374778788,250.7872170233644,13778.516059957172,13642.312999999998,2020.7790000000005,2354.117,9267.416999999998,3314.0520000000006,10328.260999999997,24.29244952817019,LEVE,2
3,2,21,2,4,1,-6.0414216,-77.1308047,0,3,7,1,2,2,2,2,2021,5,5,1,17,3,1,7758.33400008,2.0,2,0,1.0,9,20,2133.0,0.5147882301210585,74.70882653725891,51.74890369370718,6.543161279603341,1011.2929178100565,4267.862955032119,5645.136,815.0759999999999,965.298,3864.762,1013.406,4631.73,17.95184385283189,LEVE,2
3,2,12,0,4,1,-8.954141,-78.629623,0,4,7,1,2,2,2,2,2021,5,5,1,19,2,0,6543.555,3.0,2,0,1.0,0,30,1475.0,0.4867987483268106,77.5825534369154,52.95148122709723,6.150547060309878,840.5788229266196,9838.736616702356,8931.828000000005,1335.5899999999997,1935.9830000000004,5660.255000000005,1219.309,7712.519000000005,13.651281686122925,LEVE,2
0,1,14,2,2,4,-11.491536,-77.211604,6,5,6,2,6,2,2,0,2021,5,5,1,19,2,0,6543.555,2.0,4,4,1.0,14,33,1198.0,0.6447048661877788,79.92873744030881,69.7224229508107,9.344738893386534,1220.4608925685638,104439.11563169166,7626.313,1683.4029999999998,1599.0829999999996,4343.827000000001,1814.875,5811.438000000001,23.797541485643197,LEVE,2
3,2,12,0,4,1,-8.415622,-78.789251,0,4,7,1,2,2,2,2,2021,5,5,1,19,2,0,6543.555,3.0,2,0,1.0,0,30,1475.0,0.5051395598219868,77.13285387085847,51.52067479184955,6.715328807318118,900.900383457586,67612.41755888652,8931.828000000005,1335.5899999999997,1935.9830000000004,5660.255000000005,1219.309,7712.519000000005,13.651281686122925,GRAVE_MORTALIDAD,1
6,1,2,0,4,1,-13.540684,-72.690852,0,4,0,1,2,2,2,2,2021,5,5,1,20,2,2,7586.903,2.0,2,0,1.0,9,5,1198.0,0.377913005157653,70.27445875446921,58.80536162354749,5.787058770254275,468.91015143438335,16627.231263383295,8358.971,1282.451,1298.0969999999998,5778.423,1432.683,6926.288,17.139466089785454,LEVE,2
0,1,14,2,4,1,-12.17513,-76.97776,0,2,7,1,2,2,2,4,2021,5,6,1,2,0,0,6639.975,2.0,2,0,1.0,9,31,1616.0,0.7289998534947872,80.50926319493618,76.9124822838204,10.358587270463827,1551.106643515347,384728.5117773019,7626.313,1683.4029999999998,1599.0829999999996,4343.827000000001,1814.875,5811.438000000001,23.797541485643197,LEVE,2
4,1,19,1,2,4,-5.092568522791758,-81.10497948374011,0,0,1,1,4,2,2,0,2021,5,6,1,4,0,0,6543.555,2.0,4,4,1.0,14,33,1198.0,0.5697476996509985,79.43113978237243,63.65426474340983,8.424646867174598,957.1839078119212,99196.84582441112,8965.846000060003,1782.4120000599992,636.9959999999999,6546.438000000004,2214.505000059999,6751.341000000004,24.699342371541725,LEVE,2
6,1,2,0,4,1,-13.6899950332972,-72.3357962695401,0,4,7,1,2,2,2,2,2021,5,6,1,5,0,2,2176.715,1.0,1,3,0.0,9,32,756.0,0.3568650330495143,70.19875269067077,69.25079335316339,5.724667667903091,374.92575005196,3544.1563169164883,8358.971,1282.451,1298.0969999999998,5778.423,1432.683,6926.288,17.139466089785454,GRAVE_MORTALIDAD,1
6,1,14,0,4,2,-10.683096746105509,-77.5875042875954,0,4,7,1,7,2,2,2,2021,5,6,1,8,1,0,6543.555,2.0,4,4,1.0,14,33,1198.0,0.6351794046894105,80.8024412070713,71.35332766738335,9.404359888374977,1133.7779214188106,74926.62740899358,7626.313,1683.4029999999998,1599.0829999999996,4343.827000000001,1814.875,5811.438000000001,23.797541485643197,LEVE,2
3,2,23,0,4,0,-3.597169772707001,-80.20990498828526,0,4,7,1,2,1,0,2,2021,5,6,1,18,2,0,6543.555,2.0,4,4,1.0,14,33,1198.0,0.506393213976091,71.09604779417722,66.88716723772843,7.8873292871222835,813.0857960318671,5253.152034261242,1009.101,138.47399999999996,287.471,583.156,276.972,732.129,27.447401201663663,LEVE,2
3,2,21,2,4,1,-6.045477,-77.015953,0,3,0,0,2,2,2,2,2021,5,6,1,21,2,1,7758.33400008,2.0,2,0,1.0,9,20,2133.0,0.5294800468051228,72.46713251445857,60.50982579904599,7.757161651692042,952.984823255978,86435.21199143468,5645.136,815.0759999999999,965.298,3864.762,1013.406,4631.73,17.95184385283189,LEVE,2
5,2,7,2,3,4,-14.448563,-72.084076,0,3,7,1,2,2,2,2,2021,5,6,1,22,2,2,6543.555,2.0,4,4,1.0,14,33,1198.0,0.339323744940919,67.8567694463257,60.573677132379146,5.206321478431428,388.7128879370376,24527.03426124197,17779.13499998999,2097.3709999899997,2863.123,12818.640999999989,2878.713,14900.421999989989,16.19152450331032,LEVE,2
6,1,20,0,4,0,-16.620514622644144,-69.40568275124429,0,4,7,1,2,2,2,5,2021,5,0,0,1,0,2,6543.555,2.0,4,4,1.0,14,33,1198.0,0.2671908646315166,73.48292793161005,74.06901237312874,7.506971110385738,141.65155915099854,20223.04710920771,13642.312999999998,2020.7790000000005,2354.117,9267.416999999998,3314.0520000000006,10328.260999999997,24.29244952817019,LEVE,2
6,1,13,0,4,1,-6.974972,-79.672524,5,4,7,1,2,2,2,0,2021,5,0,0,6,1,0,6543.555,3.0,2,0,1.0,0,30,1475.0,0.5328313946151968,80.14557682903842,69.10246351364754,7.779461377421685,787.1306410578989,10221.605995717344,3459.691,515.0619999999999,689.7280000000001,2254.901,703.3549999999999,2756.336,20.329994788551925,GRAVE_MORTALIDAD,1
6,1,13,0,4,1,-6.525155041984445,-80.04043742758363,0,4,2,1,2,1,0,0,2021,5,0,0,7,1,0,6543.555,3.0,2,0,1.0,0,30,1475.0,0.3879800350664534,75.68222437543551,50.64551119758177,4.891651630735472,548.2382997194167,48902.40256959316,3459.691,515.0619999999999,689.7280000000001,2254.901,703.3549999999999,2756.336,20.329994788551925,LEVE,2
0,0,2,2,2,4,-13.4404845,-73.5999776,7,0,7,1,7,2,2,2,2021,5,0,0,13,3,2,6543.555,2.0,4,4,1.0,14,33,1198.0,0.2939673751652363,69.20475586600952,67.55474171155265,3.9242529684639273,302.3681787408628,2007.0,8358.971,1282.451,1298.0969999999998,5778.423,1432.683,6926.288,17.139466089785454,LEVE,2