CLASE SINIESTRO,CANTIDAD DE VEHICULOS DAÑADOS,DEPARTAMENTO,ZONA,TIPO DE VÍA,RED VIAL,COORDENADAS LATITUD,COORDENADAS  LONGITUD,CONDICIÓN CLIMÁTICA,ZONIFICACIÓN,CARACTERÍSTICAS DE VÍA,PERFIL LONGITUDINAL VÍA,SUPERFICIE DE CALZADA,¿EXISTE SEÑAL VERTICAL?,¿EXISTE SEÑAL HORIZONTAL?,CAUSA FACTOR PRINCIPAL,AÑO,MES,DIA_SEMANA,ES_FIN_SEMANA,HORA_NUM,FRANJA_HORARIA,REGION_NATURAL,MTC_RVN_LONGITUD_KM,MTC_RVN_N_CARRILES_MEDIANA,MTC_RVN_SUPERFICIE_DOMINANTE,MTC_RVN_ESTADO_DOMINANTE,MTC_RVN_ES_CONCESIONADA,MTC_RVN_CONCESION_PRINCIPAL,MTC_RVN_CORREDOR_LOGISTICO,MTC_RVN_N_TRAMOS,IDH_2019,IDH_ESP_VIDA_2019,IDH_EDUC_SECUND_PCT_2019,IDH_ANIOS_EDUC_2019,IDH_INGRESO_PERCAP_2019,IDH_POBLACION_2019,MTC_DEP_RED_TOTAL_KM,MTC_DEP_NACIONAL_TOTAL_KM,MTC_DEP_DEPARTAMENTAL_TOTAL_KM,MTC_DEP_VECINAL_TOTAL_KM,MTC_DEP_PAV_TOTAL_KM,MTC_DEP_NO_PAV_TOTAL_KM,MTC_DEP_PCT_PAVIMENTADA,CATEGORIA_SEVERIDAD,CATEGORIA_SEVERIDAD_ENC
6,1,6,2,2,4,-12.06817959541864,-77.11449708038921,0,3,7,1,2,2,2,0,2021,5,5,1,21,2,0,6543.555,2.0,4,4,1.0,14,33,1198.0,0.5563774842369664,77.00938809632027,69.10246351364754,8.476961866273152,914.8835608305218,27932.19700214133,51.58600000000001,44.68700000000001,6.899000000000001,0.0,49.838000000000015,1.748,96.61148373589734,LEVE,2
3,2,0,2,6,4,-6.233383980919296,-77.86731715212338,0,0,1,1,4,2,2,0,2021,5,5,1,21,2,1,6543.555,2.0,4,4,1.0,14,33,1198.0,0.6423605938903921,72.19267446694317,79.56270499773225,10.018339197102774,1259.1302441074904,33038.252676659526,3903.732,1155.121,585.018,2163.5930000000003,943.591,2960.1410000000005,24.17151074920102,LEVE,2
2,1,19,0,4,1,-4.898257,-80.35187,0,4,7,1,2,2,2,0,2021,5,6,1,13,3,0,640.6200000000001,2.0,2,3,0.0,9,32,72.0,0.459857589992435,80.72202071327797,50.86886521100652,5.65389066385764,729.6720832259953,125429.93361884369,8965.846000060003,1782.4120000599992,636.9959999999999,6546.438000000004,2214.505000059999,6751.341000000004,24.699342371541725,LEVE,2
3,2,13,0,4,1,-5.9407622508173565,-79.60256158934189,0,4,7,1,2,0,1,0,2021,5,6,1,21,2,0,305.38500000000005,2.0,2,0,1.0,1,20,50.0,0.4703091457296942,74.91176543888524,59.04522375211969,6.365443427676777,742.49897987499,44335.321199143465,3459.691,515.0619999999999,689.7280000000001,2254.901,703.3549999999999,2756.336,20.329994788551925,LEVE,2
6,1,5,0,4,1,-6.538239205064491,-79.12057235970696,0,4,0,0,2,0,1,2,2021,5,0,0,8,1,2,919.085,2.0,2,3,0.0,9,7,218.0,0.4198705264500552,71.07710978950026,66.58810225494344,5.455993657128185,608.8154659157517,7079.2912205567445,15935.565011852366,1733.9250000199986,935.692,13265.948011832368,2000.1670000199988,13935.398011832369,12.551591352627522,LEVE,2
3,2,11,0,4,1,-11.293946470583588,-74.54910274211872,0,4,7,0,2,2,2,2,2021,5,0,0,9,1,2,5768.608,2.0,3,1,0.0,9,32,365.0,0.4285012061956566,75.41084938147766,60.01133023046341,7.293281496635318,514.084282951313,59216.39149500083,12264.545,1826.4639999999995,1105.5389999999998,9332.542,1588.5359999999996,10676.009,12.952261987705208,LEVE,2
6,1,13,0,4,2,-6.8402936,-79.8596427,0,4,7,1,2,2,2,0,2021,5,0,0,13,3,0,6543.555,2.0,4,4,1.0,14,33,1198.0,0.5698121065713132,80.7750211042815,73.24532007426484,9.611369875155264,807.8835749369007,96903.36830835116,3459.691,515.0619999999999,689.7280000000001,2254.901,703.3549999999999,2756.336,20.329994788551925,LEVE,2
3,2,13,0,4,1,-6.1602298,-79.6997597,0,4,7,1,2,2,2,0,2021,5,1,0,3,0,0,1305.18,2.0,2,0,1.0,1,20,163.0,0.4974674218418852,75.93907983080418,58.3357972839862,7.69595447676265,761.2908213145297,28734.96573875803,3459.691,515.0619999999999,689.7280000000001,2254.901,703.3549999999999,2756.336,20.329994788551925,LEVE,2
3,2,3,0,4,1,-16.839662,-71.858213,0,4,7,1,2,1,1,6,2021,5,1,0,4,0,0,6639.975,2.0,2,0,1.0,9,31,1616.0,0.6456305778571253,75.67334095395331,77.09261911098552,10.479683603540597,1179.2653123056473,21630.747323340474,10322.272,1495.236,1749.739,7077.2970000000005,2886.595,7435.677000000001,27.964725207783708,GRAVE_MORTALIDAD,1
6,1,20,0,4,0,-14.761245337213078,-69.98398249345642,0,4,0,1,7,1,0,5,2021,5,1,0,4,0,2,6543.555,2.0,4,4,1.0,14,33,1198.0,0.2703664339761765,66.68338818571706,75.95280389907683,5.485681327527101,192.93444381627555,7594.096359743041,13642.312999999998,2020.7790000000005,2354.117,9267.416999999998,3314.0520000000006,10328.260999999997,24.29244952817019,LEVE,2
6,1,11,0,4,1,-11.0198215161014,-74.75027911457556,0,4,7,0,7,2,2,6,2021,5,1,0,11,1,2,5768.608,2.0,3,1,0.0,9,32,365.0,0.4504704361939795,78.21109613042135,53.36127577481231,6.956854509393587,612.1696439943328,61517.46466809421,12264.545,1826.4639999999995,1105.5389999999998,9332.542,1588.5359999999996,10676.009,12.952261987705208,LEVE,2
3,2,3,0,4,1,-15.81381,-74.354744,0,4,0,0,2,1,1,2,2021,5,1,0,14,3,0,6639.975,2.0,2,0,1.0,9,31,1616.0,0.5759660838327949,85.0,57.78458871790271,8.237349280259481,955.2212903110584,731.8543897216274,10322.272,1495.236,1749.739,7077.2970000000005,2886.595,7435.677000000001,27.964725207783708,LEVE,2
0,0,5,2,4,1,-7.20238724,-78.32503492,0,0,7,0,2,0,1,2,2021,5,1,0,17,3,2,9936.932,2.0,2,0,1.0,9,32,3830.0,0.2723221878437338,73.9254469105048,35.794306883925714,3.6855018180311454,315.0310385486801,10335.051391862957,15935.565011852366,1733.9250000199986,935.692,13265.948011832368,2000.1670000199988,13935.398011832369,12.551591352627522,LEVE,2
3,2,19,0,4,0,-5.080388,-80.595817,0,4,7,1,2,2,2,0,2021,5,1,0,18,2,0,6543.555,2.0,4,4,1.0,14,33,1198.0,0.6220812987247925,80.20155828147696,72.71675503872983,10.02377668600292,1028.915688621886,159840.92719486082,8965.846000060003,1782.4120000599992,636.9959999999999,6546.438000000004,2214.505000059999,6751.341000000004,24.699342371541725,LEVE,2
3,2,14,2,4,1,-12.295693338530304,-76.85870128496227,0,3,7,1,2,2,2,2,2021,5,2,0,7,1,0,6639.975,2.0,2,0,1.0,9,31,1616.0,0.6909236767275176,78.41626133969348,70.97436336767564,9.826485374940413,1476.8351947609171,95908.53319057816,7626.313,1683.4029999999998,1599.0829999999996,4343.827000000001,1814.875,5811.438000000001,23.797541485643197,LEVE,2
0,1,7,2,4,1,-13.5657362822115,-71.8359251424733,0,3,7,1,2,2,2,4,2021,5,2,0,8,1,2,7586.903,2.0,2,0,1.0,9,5,1198.0,0.5196848738299176,77.87933372563211,69.4675909511807,8.375864983409588,727.1162363854935,6457.1220556745175,17779.13499998999,2097.3709999899997,2863.123,12818.640999999989,2878.713,14900.421999989989,16.19152450331032,LEVE,2
6,1,13,0,4,3,-6.041945,-79.532663,5,4,3,1,7,2,2,0,2021,5,2,0,9,1,0,6543.555,2.0,4,4,1.0,14,33,1198.0,0.272563437302167,76.9777289182809,44.76351317284775,4.6741645459372485,226.41675209598932,11987.942184154175,3459.691,515.0619999999999,689.7280000000001,2254.901,703.3549999999999,2756.336,20.329994788551925,LEVE,2
6,1,7,0,4,1,-13.13635,-72.284437,0,4,7,1,2,2,2,2,2021,5,2,0,16,3,2,3447.8009999999995,1.0,2,3,0.0,9,12,1109.0,0.4436910265814239,73.23231952981627,68.31759937357421,6.347812015893606,607.5963608103546,11277.284796573877,17779.13499998999,2097.3709999899997,2863.123,12818.640999999989,2878.713,14900.421999989989,16.19152450331032,GRAVE_LESIONADOS,0
3,2,3,0,4,1,-15.755638,-70.949413,0,4,7,1,2,0,1,0,2021,5,3,0,1,0,0,1504.4250000000002,2.0,2,0,1.0,7,25,241.0,0.4498224071382834,81.63336343193146,58.84842497065013,5.774685730039019,620.6584683449911,1358.612419700214,10322.272,1495.236,1749.739,7077.2970000000005,2886.595,7435.677000000001,27.964725207783708,LEVE,2
0,1,20,2,4,1,-14.914385,-69.861438,0,0,1,1,2,2,2,2,2021,5,3,0,6,1,2,1762.84,2.0,1,0,0.0,9,32,485.0,0.378190833410684,64.38599435143328,71.47428639887909,6.6558756897025,445.86091818087607,23481.556745182013,13642.312999999998,2020.7790000000005,2354.117,9267.416999999998,3314.0520000000006,10328.260999999997,24.29244952817019,LEVE,2
3,2,9,0,6,4,-8.92963,-76.11737,0,4,1,1,7,2,2,2,2021,5,3,0,8,1,2,6543.555,2.0,4,4,1.0,14,33,1198.0,0.4488980782274319,72.32233236849576,48.83099256769076,6.808038769056246,716.252056011431,32955.28479657388,8209.057,1333.4779999999996,791.9770000000001,6083.602,1059.8589999999997,7149.198,12.910849565303296,LEVE,2
0,0,14,2,2,4,-11.961375,-77.062622,0,3,1,1,2,2,2,4,2021,5,3,0,17,3,0,6543.555,2.0,4,4,1.0,14,33,1198.0,0.7218926988400113,80.0902077245261,77.9581888264889,10.971588327733102,1458.3206086290393,530000.3426124197,7626.313,1683.4029999999998,1599.0829999999996,4343.827000000001,1814.875,5811.438000000001,23.797541485643197,LEVE,2
6,1,2,0,4,1,-14.091548205417949,-72.4669091751593,0,4,0,0,2,2,2,2,2021,5,4,0,4,0,2,2176.715,1.0,1,3,0.0,9,32,756.0,0.3077814730458334,72.03706539083781,54.68625976348542,5.154409235317387,290.0659087184123,3487.0813704496786,8358.971,1282.451,1298.0969999999998,5778.423,1432.683,6926.288,17.139466089785454,LEVE,2
6,1,20,0,4,1,-15.00976941005684,-70.1810931569851,0,4,7,1,2,2,2,2,2021,5,4,0,5,0,2,1761.8050000000003,2.0,2,0,1.0,6,22,410.0,0.192208961369019,68.76766266610497,65.94920879656723,5.568539909379126,92.3572780511386,4011.042826552462,13642.312999999998,2020.7790000000005,2354.117,9267.416999999998,3314.0520000000006,10328.260999999997,24.29244952817019,GRAVE_MORTALIDAD,1
3,2,19,2,4,0,-4.989286677,-80.58363662,0,4,0,1,2,1,1,0,2021,5,4,0,6,1,0,6543.555,2.0,4,4,1.0,14,33,1198.0,0.6220812987247925,80.20155828147696,72.71675503872983,10.02377668600292,1028.915688621886,159840.92719486082,8965.846000060003,1782.4120000599992,636.9959999999999,6546.438000000004,2214.505000059999,6751.341000000004,24.699342371541725,LEVE,2
3,2,12,0,4,1,-8.064051,-79.090253,0,4,7,1,2,2,2,2,2021,5,4,0,8,1,0,6543.555,3.0,2,0,1.0,0,30,1475.0,0.583006771156836,78.2441938961209,62.24037484511178,8.807312392374042,1028.2282118265089,76607.295503212,8931.828000000005,1335.5899999999997,1935.9830000000004,5660.255000000005,1219.309,7712.519000000005,13.651281686122925,LEVE,2
0,1,2,2,3,4,-14.339813536651096,-72.8950592666448,0,4,7,1,7,2,2,0,2021,5,4,0,9,1,2,6543.555,2.0,4,4,1.0,14,33,1198.0,0.4158052748576591,59.71909824794018,47.24475152837385,7.126353515118808,762.4817691256368,1659.3319057815847,8358.971,1282.451,1298.0969999999998,5778.423,1432.683,6926.288,17.139466089785454,LEVE,2
3,2,7,0,4,1,-14.574877,-71.722283,0,4,0,0,7,2,2,2,2021,5,4,0,10,1,2,1780.161,1.0,1,3,0.0,9,32,490.0,0.4670263153502933,65.5237709552973,70.61273193256336,7.074467358088314,760.9316629253258,9065.880085653103,17779.13499998999,2097.3709999899997,2863.123,12818.640999999989,2878.713,14900.421999989989,16.19152450331032,LEVE,2
6,1,1,0,4,2,-10.004290953091829,-77.59659360353507,0,4,7,1,7,2,2,5,2021,5,4,0,11,1,2,6543.555,2.0,4,4,1.0,14,33,1198.0,0.4208169632304392,68.5037886972693,43.164251661668246,8.28570540056018,605.5901398045125,521.5053533190579,10767.648,1885.0630000000003,1222.721,7659.864000000001,2100.343,8667.305000000002,19.506051832303577,LEVE,2
3,2,21,0,4,0,-5.956872,-77.228726,0,4,0,1,2,2,2,2,2021,5,4,0,15,3,1,6543.555,2.0,4,4,1.0,14,33,1198.0,0.4797278789109669,73.57625129312893,47.93902103362005,6.3765489816209255,890.1840358018073,3398.1798715203427,5645.136,815.0759999999999,965.298,3864.762,1013.406,4631.73,17.95184385283189,LEVE,2
3,2,22,0,4,1,-18.122931,-70.38478,0,4,7,0,2,2,2,2,2021,5,4,0,16,3,0,1926.94,2.0,2,0,1.0,9,32,393.0,0.5551799999072031,75.37994385062687,62.699954828476905,7.065143842078104,1076.8792057258834,6114.0,2650.572,630.6729999999998,487.3610000000001,1532.5379999999998,1068.7019999999998,1581.87,40.31967439480987,LEVE,2
0,0,14,2,4,1,-12.249579685482042,-76.9317592700767,0,3,7,1,2,2,2,4,2021,5,4,0,19,2,0,6639.975,2.0,2,0,1.0,9,31,1616.0,0.6909236767275176,78.41626133969348,70.97436336767564,9.826485374940413,1476.8351947609171,95908.53319057816,7626.313,1683.4029999999998,1599.0829999999996,4343.827000000001,1814.875,5811.438000000001,23.797541485643197,GRAVE_MORTALIDAD,1
6,1,17,0,4,1,-17.287596,-71.452845,0,4,0,0,2,1,1,2,2021,5,4,0,19,2,0,1926.94,2.0,2,0,1.0,9,32,393.0,0.7679607503195659,78.54282659820022,70.56951363392463,12.908522413383151,1718.8035257172005,3079.066381156317,2949.174,470.28500000000025,903.055,1575.834,866.4460000000004,2082.728,29.37927704503025,GRAVE_MORTALIDAD,1
1,1,11,0,6,4,-11.416427633523844,-75.68733561864786,0,4,1,1,2,2,2,0,2021,5,4,0,20,2,2,6543.555,2.0,4,4,1.0,14,33,1198.0,0.5493260347632952,73.03034893900043,68.8291687441095,9.22858629364709,885.6439218717968,43269.004282655245,12264.545,1826.4639999999995,1105.5389999999998,9332.542,1588.5359999999996,10676.009,12.952261987705208,LEVE,2
3,2,11,0,4,1,-11.21403305737037,-74.65583372642733,0,4,7,0,2,2,2,0,2021,5,4,0,22,2,2,5768.608,2.0,3,1,0.0,9,32,365.0,0.3896449199426799,73.52944498752588,58.12847486528723,6.818497881997056,432.7706547473175,27485.456102783723,12264.545,1826.4639999999995,1105.5389999999998,9332.542,1588.5359999999996,10676.009,12.952261987705208,GRAVE_MORTALIDAD,1
6,1,14,0,4,1,-10.639530450713131,-77.85450685967196,0,4,0,0,2,2,2,2,2021,5,5,1,11,1,0,6543.555,3.0,2,0,1.0,0,30,1475.0,0.6268687897946689,82.18096720561557,72.30753381266985,8.959173721649861,1090.279660993292,20521.346895074952,7626.313,1683.4029999999998,1599.0829999999996,4343.827000000001,1814.875,5811.438000000001,23.797541485643197,LEVE,2
3,2,14,2,3,4,-11.939689,-77.002096,0,3,7,0,2,2,2,0,2021,5,5,1,18,2,0,6543.555,2.0,4,4,1.0,14,33,1198.0,0.701053025277506,79.62867561460851,73.1469484600971,10.064317505194426,1464.6926161541437,1150285.0494171206,7626.313,1683.4029999999998,1599.0829999999996,4343.827000000001,1814.875,5811.438000000001,23.797541485643197,LEVE,2
5,2,3,0,4,1,-15.8632427205141,-74.2205506526191,0,4,7,0,2,1,1,2,2021,5,5,1,19,2,0,6639.975,2.0,2,0,1.0,9,31,1616.0,0.6553711019743399,83.87583882018131,68.07167228965774,9.68405683927558,1185.2149766329244,9167.179871520344,10322.272,1495.236,1749.739,7077.2970000000005,2886.595,7435.677000000001,27.964725207783708,GRAVE_MORTALIDAD,1
3,2,11,0,4,1,-10.932906833946245,-74.86763641307203,0,4,7,0,2,2,2,2,2021,5,5,1,19,2,2,5768.608,2.0,3,1,0.0,9,32,365.0,0.4504704361939795,78.21109613042135,53.36127577481231,6.956854509393587,612.1696439943328,61517.46466809421,12264.545,1826.4639999999995,1105.5389999999998,9332.542,1588.5359999999996,10676.009,12.952261987705208,LEVE,2
3,2,14,0,4,1,-10.846962438545894,-77.69401368089524,2,4,7,1,2,0,0,6,2021,5,5,1,20,2,0,6543.555,3.0,2,0,1.0,0,30,1475.0,0.6308271130775358,79.95164649343668,65.83291929627318,8.147513189673957,1280.4873677124128,24646.92291220557,7626.313,1683.4029999999998,1599.0829999999996,4343.827000000001,1814.875,5811.438000000001,23.797541485643197,GRAVE_MORTALIDAD,1
6,1,13,0,4,2,-6.706245424525925,-79.6957146645593,0,4,0,0,2,2,2,0,2021,5,5,1,21,2,0,6543.555,2.0,4,4,1.0,14,33,1198.0,0.6225425995267787,81.2291645554815,74.48443506763874,8.985275296431396,1068.7213105287574,28888.895074946468,3459.691,515.0619999999999,689.7280000000001,2254.901,703.3549999999999,2756.336,20.329994788551925,LEVE,2
0,1,14,2,4,1,-11.473509184753135,-77.3090648284244,6,5,6,2,6,2,2,0,2021,5,6,1,4,0,0,6543.555,3.0,2,0,1.0,0,30,1475.0,0.6328991168419597,79.8522840328396,72.51785912375117,8.65057438382499,1190.6734036432963,65701.61456102783,7626.313,1683.4029999999998,1599.0829999999996,4343.827000000001,1814.875,5811.438000000001,23.797541485643197,LEVE,2
6,1,2,0,4,3,-13.5492647,-73.7618212,7,4,0,0,7,2,2,2,2021,5,6,1,6,1,2,6543.555,2.0,4,4,1.0,14,33,1198.0,0.4192164217293653,68.17945161913431,60.59110843196562,7.127031141345839,564.301368975115,6209.351177730193,8358.971,1282.451,1298.0969999999998,5778.423,1432.683,6926.288,17.139466089785454,LEVE,2
6,1,1,0,4,1,-10.1371034428677,-77.16717840766506,7,4,7,1,2,2,2,0,2021,5,6,1,11,1,2,9936.932,2.0,2,0,1.0,9,32,3830.0,0.5155321986716026,71.44440685546145,58.969689738586254,8.931625373762131,836.7475269347694,3451.278372591006,10767.648,1885.0630000000003,1222.721,7659.864000000001,2100.343,8667.305000000002,19.506051832303577,LEVE,2
1,1,10,2,4,1,-13.975654,-75.776505,0,3,7,1,2,2,2,0,2021,5,6,1,12,3,0,6639.975,2.0,2,0,1.0,9,31,1616.0,0.6053164595604621,78.88848309050202,67.63954639531094,9.133324993872453,1064.9426147896202,27932.19700214133,3721.461,698.1859999999996,744.866,2278.409,1102.9029999999996,2618.558,29.636290693359403,LEVE,2
6,1,13,0,4,1,-6.3038644,-79.7571286,0,2,7,1,2,2,2,0,2021,5,6,1,20,2,0,1305.18,2.0,2,0,1.0,1,20,163.0,0.4974674218418852,75.93907983080418,58.3357972839862,7.69595447676265,761.2908213145297,28734.96573875803,3459.691,515.0619999999999,689.7280000000001,2254.901,703.3549999999999,2756.336,20.329994788551925,LEVE,2
6,1,12,0,4,2,-7.962044,-79.217278,0,4,1,1,1,2,2,2,2021,5,6,1,20,2,0,6543.555,2.0,4,4,1.0,14,33,1198.0,0.6175807721294785,78.68058667122713,72.13823415758,9.27691307330927,1088.0099421422665,19535.08137044968,8931.828000000005,1335.5899999999997,1935.9830000000004,5660.255000000005,1219.309,7712.519000000005,13.651281686122925,GRAVE_MORTALIDAD,1
0,0,14,2,3,4,-12.16852548054847,-77.02117475237579,0,3,7,1,2,2,2,4,2021,5,0,0,8,1,0,6543.555,2.0,4,4,1.0,14,33,1198.0,0.7583553928164398,79.82595632107274,76.7651270103073,11.46351379457763,1662.7771470294065,333655.3618843683,7626.313,1683.4029999999998,1599.0829999999996,4343.827000000001,1814.875,5811.438000000001,23.797541485643197,LEVE,2
0,0,24,2,6,4,-8.383529,-74.598973,0,4,7,1,1,2,2,0,2021,5,0,0,8,1,1,6543.555,2.0,4,4,1.0,14,33,1198.0,0.5478371208327225,74.17370407104559,60.31222796205821,9.40140543765922,905.3304073844272,113671.11777301929,2689.139,392.697,1311.5319999999997,984.91,261.598,2427.541,9.727946379863592,LEVE,2
3,2,13,0,4,1,-6.447826279111889,-79.85437276207495,7,4,0,1,2,1,0,0,2021,5,0,0,10,1,0,1305.18,2.0,2,0,1.0,1,20,163.0,0.4608056952818921,75.07525388209395,55.98854303572117,7.368276910949922,651.7834403995558,7702.053533190578,3459.691,515.0619999999999,689.7280000000001,2254.901,703.3549999999999,2756.336,20.329994788551925,GRAVE_LESIONADOS,0
0,1,13,0,4,1,-6.785794,-79.777171,7,4,1,1,2,2,2,0,2021,5,0,0,12,3,0,919.085,2.0,2,3,0.0,9,7,218.0,0.5620975674023033,82.12463805178847,66.61876166359768,8.699915557104742,843.1720684546592,25484.141327623125,3459.691,515.0619999999999,689.7280000000001,2254.901,703.3549999999999,2756.336,20.329994788551925,LEVE,2
3,2,13,0,4,1,-6.883133,-79.811744,0,4,7,1,2,1,1,0,2021,5,0,0,15,3,0,6543.555,3.0,2,0,1.0,0,30,1475.0,0.5641992796027862,80.882527751483,65.9094339982314,9.073972195368588,853.0395030552988,16475.406852248394,3459.691,515.0619999999999,689.7280000000001,2254.901,703.3549999999999,2756.336,20.329994788551925,LEVE,2
6,1,7,0,2,4,-13.5302766938174,-71.9100932272345,0,4,0,0,2,2,2,2,2021,6,1,0,2,0,2,6543.555,2.0,4,4,1.0,14,33,1198.0,0.6806292796157144,77.51447806142957,82.6599812385644,11.044400293146794,1245.5372385926626,131240.7944325482,17779.13499998999,2097.3709999899997,2863.123,12818.640999999989,2878.713,14900.421999989989,16.19152450331032,LEVE,2
10,1,13,0,4,0,-6.065649,-79.426046,0,4,7,1,7,2,2,0,2021,6,1,0,2,0,0,6543.555,2.0,4,4,1.0,14,33,1198.0,0.272563437302167,76.9777289182809,44.76351317284775,4.6741645459372485,226.41675209598932,11987.942184154175,3459.691,515.0619999999999,689.7280000000001,2254.901,703.3549999999999,2756.336,20.329994788551925,LEVE,2
0,1,12,0,4,1,-8.945029,-78.629661,0,4,7,1,2,2,2,4,2021,6,1,0,2,0,0,6543.555,3.0,2,0,1.0,0,30,1475.0,0.4867987483268106,77.5825534369154,52.95148122709723,6.150547060309878,840.5788229266196,9838.736616702356,8931.828000000005,1335.5899999999997,1935.9830000000004,5660.255000000005,1219.309,7712.519000000005,13.651281686122925,LEVE,2
6,1,2,2,6,4,-13.690433,-73.11838,5,4,2,0,1,2,2,2,2021,6,1,0,5,0,2,6543.555,2.0,4,4,1.0,14,33,1198.0,0.2839517282860025,77.85737304722083,62.75483969163876,3.9288863488445376,243.85288035830445,7665.13704496788,8358.971,1282.451,1298.0969999999998,5778.423,1432.683,6926.288,17.139466089785454,LEVE,2
0,1,14,2,2,4,-11.954411,-77.076149,0,2,7,1,2,2,2,2,2021,6,1,0,8,1,0,6543.555,2.0,4,4,1.0,14,33,1198.0,0.758462599563312,80.5192231989937,79.20045639149897,11.33839041452458,1628.5661148492152,363987.54389721627,7626.313,1683.4029999999998,1599.0829999999996,4343.827000000001,1814.875,5811.438000000001,23.797541485643197,LEVE,2
3,2,7,2,4,1,-13.45296,-72.3110282,0,3,7,1,2,1,1,2,2021,6,1,0,9,1,2,7586.903,2.0,2,0,1.0,9,5,1198.0,0.2811173960891883,77.11100763906057,59.78223574586323,5.012239116376277,206.45731953948768,6402.226980728051,17779.13499998999,2097.3709999899997,2863.123,12818.640999999989,2878.713,14900.421999989989,16.19152450331032,LEVE,2
0,1,14,2,4,1,-11.839958,-77.105521,7,2,7,1,4,2,2,4,2021,6,1,0,10,1,0,6543.555,3.0,2,0,1.0,0,30,1475.0,0.6632628912836565,79.15155564666024,73.19223743118206,9.629669813837666,1289.452647666346,383699.2119914347,7626.313,1683.4029999999998,1599.0829999999996,4343.827000000001,1814.875,5811.438000000001,23.797541485643197,LEVE,2
0,1,7,0,4,1,-14.3699936,-71.15261,0,4,7,1,2,0,1,2,2021,6,1,0,15,3,2,7586.903,2.0,2,0,1.0,9,5,1198.0,0.3688068892893833,76.47283450634272,62.25751908213611,5.9696521090432615,372.1207781777657,9957.021413276232,17779.13499998999,2097.3709999899997,2863.123,12818.640999999989,2878.713,14900.421999989989,16.19152450331032,LEVE,2
6,1,12,0,4,0,-7.699621,-77.641074,0,4,0,1,1,2,2,2,2021,6,1,0,16,3,0,6543.555,2.0,4,4,1.0,14,33,1198.0,0.4686292122960986,72.39347765706144,42.14285241633188,6.687776775372348,878.2652317159998,9440.374732334049,8931.828000000005,1335.5899999999997,1935.9830000000004,5660.255000000005,1219.309,7712.519000000005,13.651281686122925,GRAVE_LESIONADOS,0
3,2,11,0,4,1,-11.7919703,-75.4637969,7,4,7,1,2,2,2,0,2021,6,1,0,18,2,2,7586.903,2.0,2,0,1.0,9,5,1198.0,0.5793345244831453,70.26773017152715,73.92845349337222,10.396400147076845,984.6153728015668,14305.199143468952,12264.545,1826.4639999999995,1105.5389999999998,9332.542,1588.5359999999996,10676.009,12.952261987705208,GRAVE_MORTALIDAD,1
3,0,14,2,4,1,-11.995138,-76.832106,0,2,7,1,4,2,2,0,2021,6,1,0,21,2,0,875.67,2.0,2,0,1.0,3,14,156.0,0.7410537419693288,80.72873693175681,77.76911521289269,11.20634409407566,1539.7635062745433,43755.852248394,7626.313,1683.4029999999998,1599.0829999999996,4343.827000000001,1814.875,5811.438000000001,23.797541485643197,LEVE,2
3,1,16,2,6,4,-12.589831827560188,-69.18871916901787,6,5,6,2,6,2,2,0,2021,6,1,0,21,2,1,6543.555,2.0,4,4,1.0,14,33,1198.0,0.6331639735785386,72.20641129524063,67.6175404202189,10.029362591344883,1305.419538589062,88506.68094218415,2090.391,399.431,340.021,1350.9389999999996,493.824,1596.5669999999996,23.62352306338862,LEVE,2
0,1,20,2,6,4,-14.326570467209285,-69.46594104727231,0,0,7,1,2,2,2,4,2021,6,2,0,14,3,2,6543.555,2.0,4,4,1.0,14,33,1198.0,0.3677334628938986,70.7162173228883,67.35653663762525,5.8791954301434455,400.7331963961917,11267.128479657387,13642.312999999998,2020.7790000000005,2354.117,9267.416999999998,3314.0520000000006,10328.260999999997,24.29244952817019,LEVE,2
3,3,22,0,4,1,-18.265441,-70.31958,0,4,7,1,2,2,2,2,2021,6,2,0,17,3,0,6639.975,2.0,2,0,1.0,9,31,1616.0,0.5551799999072031,75.37994385062687,62.699954828476905,7.065143842078104,1076.8792057258834,6114.0,2650.572,630.6729999999998,487.3610000000001,1532.5379999999998,1068.7019999999998,1581.87,40.31967439480987,GRAVE_MORTALIDAD,1
6,1,23,0,4,1,-3.609553141701579,-80.50655188567089,6,5,6,2,6,2,2,0,2021,6,2,0,17,3,0,6543.555,3.0,2,0,1.0,0,30,1475.0,0.5691277377037675,76.83860361118322,66.3560753457607,8.686409348773196,962.153294603348,23971.755888650965,1009.101,138.47399999999996,287.471,583.156,276.972,732.129,27.447401201663663,LEVE,2
1,1,12,2,4,1,-7.720955,-79.308816,0,0,7,1,2,2,2,4,2021,6,3,0,1,0,0,6543.555,3.0,2,0,1.0,0,30,1475.0,0.5345074857798321,76.79673752589963,64.57887254166187,7.835494818831411,867.2803588353443,27037.03854389721,8931.828000000005,1335.5899999999997,1935.9830000000004,5660.255000000005,1219.309,7712.519000000005,13.651281686122925,LEVE,2
6,1,12,0,4,1,-7.814912,-77.78488,0,4,0,1,1,2,2,0,2021,6,3,0,2,0,0,1688.589,1.0,1,3,0.0,9,32,287.0,0.1492206538659984,78.92776803590996,33.56043543982053,2.142334776786642,136.3088563134413,18539.64239828694,8931.828000000005,1335.5899999999997,1935.9830000000004,5660.255000000005,1219.309,7712.519000000005,13.651281686122925,GRAVE_LESIONADOS,0