CLASE SINIESTRO,CANTIDAD DE VEHICULOS DAÑADOS,DEPARTAMENTO,ZONA,TIPO DE VÍA,RED VIAL,COORDENADAS LATITUD,COORDENADAS  LONGITUD,CONDICIÓN CLIMÁTICA,ZONIFICACIÓN,CARACTERÍSTICAS DE VÍA,PERFIL LONGITUDINAL VÍA,SUPERFICIE DE CALZADA,¿EXISTE SEÑAL VERTICAL?,¿EXISTE SEÑAL HORIZONTAL?,CAUSA FACTOR PRINCIPAL,AÑO,MES,DIA_SEMANA,ES_FIN_SEMANA,HORA_NUM,FRANJA_HORARIA,REGION_NATURAL,MTC_RVN_LONGITUD_KM,MTC_RVN_N_CARRILES_MEDIANA,MTC_RVN_SUPERFICIE_DOMINANTE,MTC_RVN_ESTADO_DOMINANTE,MTC_RVN_ES_CONCESIONADA,MTC_RVN_CONCESION_PRINCIPAL,MTC_RVN_CORREDOR_LOGISTICO,MTC_RVN_N_TRAMOS,IDH_2019,IDH_ESP_VIDA_2019,IDH_EDUC_SECUND_PCT_2019,IDH_ANIOS_EDUC_2019,IDH_INGRESO_PERCAP_2019,IDH_POBLACION_2019,MTC_DEP_RED_TOTAL_KM,MTC_DEP_NACIONAL_TOTAL_KM,MTC_DEP_DEPARTAMENTAL_TOTAL_KM,MTC_DEP_VECINAL_TOTAL_KM,MTC_DEP_PAV_TOTAL_KM,MTC_DEP_NO_PAV_TOTAL_KM,MTC_DEP_PCT_PAVIMENTADA,CATEGORIA_SEVERIDAD,CATEGORIA_SEVERIDAD_ENC
1,1,6,2,2,4,-12.047462887228148,-77.0874816745895,6,5,6,2,6,2,2,0,2021,6,3,0,4,0,0,6543.555,2.0,4,4,1.0,14,33,1198.0,0.5563774842369664,77.00938809632027,69.10246351364754,8.476961866273152,914.8835608305218,27932.19700214133,51.58600000000001,44.68700000000001,6.899000000000001,0.0,49.838000000000015,1.748,96.61148373589734,LEVE,2
3,2,3,0,4,1,-16.652031,-71.871478,0,4,7,1,2,0,1,0,2021,6,3,0,5,0,0,6639.975,2.0,2,0,1.0,9,31,1616.0,0.6105481451420971,78.10653088113892,68.35418098658066,8.411557426919764,1158.5430895193692,35025.678800856535,10322.272,1495.236,1749.739,7077.2970000000005,2886.595,7435.677000000001,27.964725207783708,LEVE,2
6,1,5,0,4,1,-6.75591833,-78.59191,0,4,0,0,2,0,1,2,2021,6,3,0,10,1,2,9936.932,2.0,2,0,1.0,9,32,3830.0,0.4526491117658796,79.17132243679694,59.43910685558323,5.161528057531929,710.0305343071761,15625.811563169163,15935.565011852366,1733.9250000199986,935.692,13265.948011832368,2000.1670000199988,13935.398011832369,12.551591352627522,GRAVE_MORTALIDAD,1
3,2,7,2,4,1,-13.463903,-72.1505,0,3,7,1,2,2,2,2,2021,6,3,0,11,1,2,7586.903,2.0,2,0,1.0,9,5,1198.0,0.4461630003962475,73.21502670801013,72.39928330950325,7.637017072327872,534.399353077353,18328.770877944324,17779.13499998999,2097.3709999899997,2863.123,12818.640999999989,2878.713,14900.421999989989,16.19152450331032,LEVE,2
3,1,14,2,2,4,-12.23578,-76.9232,0,2,7,1,2,2,2,2,2021,6,3,0,13,3,0,6543.555,2.0,4,4,1.0,14,33,1198.0,0.6990481232857558,80.14597904142546,74.3851677794309,10.004397644056358,1432.5044292531525,459161.0728051392,7626.313,1683.4029999999998,1599.0829999999996,4343.827000000001,1814.875,5811.438000000001,23.797541485643197,LEVE,2
6,1,9,0,4,1,-9.23654,-76.08865,0,4,0,1,2,1,0,2,2021,6,3,0,15,3,2,2135.1760000000004,1.0,1,0,0.0,9,32,705.0,0.3946200460108442,71.7331306222984,47.621135174889496,5.973791633302898,554.8279726591455,25825.35117773019,8209.057,1333.4779999999996,791.9770000000001,6083.602,1059.8589999999997,7149.198,12.910849565303296,LEVE,2
3,0,14,2,6,4,-12.053264648063148,-77.06394977468713,0,2,7,1,2,2,2,0,2021,6,3,0,17,3,0,6543.555,2.0,4,4,1.0,14,33,1198.0,0.7646845961658533,80.23682119426338,77.96082737891015,12.014176158371615,1633.787715186093,250806.0877944326,7626.313,1683.4029999999998,1599.0829999999996,4343.827000000001,1814.875,5811.438000000001,23.797541485643197,LEVE,2
6,1,12,0,4,1,-7.792066,-79.212409,0,4,9,1,2,2,2,6,2021,6,3,0,19,2,0,6543.555,3.0,2,0,1.0,0,30,1475.0,0.6137552402736777,77.488039372676,77.55476206305543,9.288784127631692,1053.6564617230836,8413.593147751606,8931.828000000005,1335.5899999999997,1935.9830000000004,5660.255000000005,1219.309,7712.519000000005,13.651281686122925,LEVE,2
3,2,7,0,4,1,-13.3392319938701,-72.1256394083759,0,4,0,0,2,2,2,2,2021,6,3,0,22,2,2,254.66,2.0,2,0,0.0,9,2,93.0,0.3091216969737358,74.65060422099381,55.22072068185886,5.263703320136043,274.747946885056,5268.858672376874,17779.13499998999,2097.3709999899997,2863.123,12818.640999999989,2878.713,14900.421999989989,16.19152450331032,GRAVE_LESIONADOS,0
6,1,3,0,4,3,-17.122089,-71.860648,0,4,7,1,7,2,2,2,2021,6,4,0,2,0,0,6543.555,2.0,4,4,1.0,14,33,1198.0,0.61639083938292,77.65150347430681,71.08229457479256,8.361097169993315,1182.892298685911,6725.137044967881,10322.272,1495.236,1749.739,7077.2970000000005,2886.595,7435.677000000001,27.964725207783708,LEVE,2
1,0,13,0,4,1,-7.053486484973509,-79.57466683493602,0,4,7,1,2,2,2,0,2021,6,4,0,6,1,0,6543.555,3.0,2,0,1.0,0,30,1475.0,0.5328313946151968,80.14557682903842,69.10246351364754,7.779461377421685,787.1306410578989,10221.605995717344,3459.691,515.0619999999999,689.7280000000001,2254.901,703.3549999999999,2756.336,20.329994788551925,LEVE,2
0,1,14,2,2,4,-12.086141,-76.895195,0,2,7,1,2,2,2,6,2021,6,4,0,8,1,0,6543.555,2.0,4,4,1.0,14,33,1198.0,0.8452166148253858,80.64766902313956,78.16154022078278,14.700269515657656,1939.4672090018812,160839.29764453962,7626.313,1683.4029999999998,1599.0829999999996,4343.827000000001,1814.875,5811.438000000001,23.797541485643197,LEVE,2
6,1,9,0,4,3,-10.171337,-76.191515,0,4,5,0,1,2,2,0,2021,6,4,0,14,3,2,6543.555,2.0,4,4,1.0,14,33,1198.0,0.4409568562886455,71.99386853840333,62.37771036855066,6.367924120649262,637.4004565004427,18841.897216274087,8209.057,1333.4779999999996,791.9770000000001,6083.602,1059.8589999999997,7149.198,12.910849565303296,LEVE,2
3,2,10,2,4,1,-13.691589,-76.155895,0,0,1,1,2,2,2,2,2021,6,4,0,20,2,0,6639.975,2.0,2,0,1.0,9,31,1616.0,0.5696694820585885,76.2909275323045,69.48567446797,9.676838165172294,893.651744105921,19052.702355460384,3721.461,698.1859999999996,744.866,2278.409,1102.9029999999996,2618.558,29.636290693359403,LEVE,2
3,2,10,2,4,1,-14.068129,-75.739607,0,3,7,1,2,2,2,2,2021,6,5,1,12,3,0,6639.975,2.0,2,0,1.0,9,31,1616.0,0.6637216310803388,79.6446050662278,81.37671161983333,11.724811319582514,1084.329233867723,142450.24411134905,3721.461,698.1859999999996,744.866,2278.409,1102.9029999999996,2618.558,29.636290693359403,LEVE,2
6,1,11,0,4,0,-12.185174,-75.256165,7,4,3,0,7,2,2,2,2021,6,5,1,18,2,2,6543.555,2.0,4,4,1.0,14,33,1198.0,0.429226383468113,71.46819472717786,73.35355948973464,7.390908805073481,503.3429339203134,1586.9443254817988,12264.545,1826.4639999999995,1105.5389999999998,9332.542,1588.5359999999996,10676.009,12.952261987705208,LEVE,2
5,1,20,0,4,2,-16.056861224427468,-69.61871951934218,0,4,7,1,2,2,2,0,2021,6,5,1,18,2,2,6543.555,2.0,4,4,1.0,14,33,1198.0,0.4020198374784472,77.80062735845667,75.295761294875,7.279851651626652,372.63390314535104,50686.62526766595,13642.312999999998,2020.7790000000005,2354.117,9267.416999999998,3314.0520000000006,10328.260999999997,24.29244952817019,GRAVE_MORTALIDAD,1
3,2,14,0,4,1,-10.74335385211497,-77.74478858668942,0,4,7,1,2,2,2,2,2021,6,5,1,18,2,0,6543.555,3.0,2,0,1.0,0,30,1475.0,0.6351794046894105,80.8024412070713,71.35332766738335,9.404359888374977,1133.7779214188106,74926.62740899358,7626.313,1683.4029999999998,1599.0829999999996,4343.827000000001,1814.875,5811.438000000001,23.797541485643197,LEVE,2
0,1,6,2,4,1,-11.964816246932532,-77.12666276482737,0,0,7,1,2,2,2,6,2021,6,5,1,19,2,0,139.23,-1.0,2,0,0.0,9,32,69.0,0.5563774842369664,77.00938809632027,69.10246351364754,8.476961866273152,914.8835608305218,27932.19700214133,51.58600000000001,44.68700000000001,6.899000000000001,0.0,49.838000000000015,1.748,96.61148373589734,LEVE,2
3,2,3,0,4,1,-16.7048278,-71.8703738,0,4,7,1,2,0,1,0,2021,6,5,1,22,2,0,6639.975,2.0,2,0,1.0,9,31,1616.0,0.6105481451420971,78.10653088113892,68.35418098658066,8.411557426919764,1158.5430895193692,35025.678800856535,10322.272,1495.236,1749.739,7077.2970000000005,2886.595,7435.677000000001,27.964725207783708,LEVE,2
6,1,6,2,2,4,-11.85189517804455,-77.12801286450129,0,0,7,1,2,0,0,2,2021,6,6,1,2,0,0,6543.555,2.0,4,4,1.0,14,33,1198.0,0.5563774842369664,77.00938809632027,69.10246351364754,8.476961866273152,914.8835608305218,27932.19700214133,51.58600000000001,44.68700000000001,6.899000000000001,0.0,49.838000000000015,1.748,96.61148373589734,LEVE,2
6,1,1,0,4,3,-8.993671843278529,-77.18471988835631,7,4,0,0,1,1,0,2,2021,6,6,1,9,1,2,6543.555,2.0,4,4,1.0,14,33,1198.0,0.2363618546328331,76.59975154000108,25.93040612032043,4.760828694607533,197.7742125392101,3047.7537473233406,10767.648,1885.0630000000003,1222.721,7659.864000000001,2100.343,8667.305000000002,19.506051832303577,GRAVE_LESIONADOS,0
3,2,13,0,4,1,-6.9093866,-79.5208461,0,4,7,1,2,1,0,0,2021,6,6,1,10,1,0,574.472,1.0,2,3,1.0,9,32,139.0,0.5396489907562034,81.7229587411162,74.36334598401676,7.973429713499195,755.6839701415522,15028.072805139189,3459.691,515.0619999999999,689.7280000000001,2254.901,703.3549999999999,2756.336,20.329994788551925,LEVE,2
6,1,14,0,4,2,-10.72998257511273,-77.73991223413996,5,4,7,1,7,2,2,2,2021,6,6,1,17,3,0,6543.555,2.0,4,4,1.0,14,33,1198.0,0.6351794046894105,80.8024412070713,71.35332766738335,9.404359888374977,1133.7779214188106,74926.62740899358,7626.313,1683.4029999999998,1599.0829999999996,4343.827000000001,1814.875,5811.438000000001,23.797541485643197,LEVE,2
3,1,16,0,4,1,-12.553359210855694,-69.14675291731938,6,5,6,2,6,2,2,0,2021,6,6,1,18,2,1,3263.58,2.0,2,0,1.0,5,18,566.0,0.525748215792057,74.03823732580896,58.20048721039922,8.141897025119901,894.6823580853445,9162.706638115633,2090.391,399.431,340.021,1350.9389999999996,493.824,1596.5669999999996,23.62352306338862,GRAVE_MORTALIDAD,1
3,2,12,0,4,1,-8.048334,-79.086153,0,2,7,1,2,2,2,2,2021,6,6,1,22,2,0,6543.555,3.0,2,0,1.0,0,30,1475.0,0.583006771156836,78.2441938961209,62.24037484511178,8.807312392374042,1028.2282118265089,76607.295503212,8931.828000000005,1335.5899999999997,1935.9830000000004,5660.255000000005,1219.309,7712.519000000005,13.651281686122925,LEVE,2
0,1,1,0,4,2,-9.322398875511894,-77.59292062158866,0,4,7,0,2,1,0,0,2021,6,6,1,22,2,2,6543.555,2.0,4,4,1.0,14,33,1198.0,0.4161630303068592,82.13569226632181,67.78172699051456,4.832829576615593,525.3599879627773,9466.338329764452,10767.648,1885.0630000000003,1222.721,7659.864000000001,2100.343,8667.305000000002,19.506051832303577,LEVE,2
6,1,20,0,4,2,-15.562624421476832,-70.09592765634423,0,4,4,1,7,2,2,2,2021,6,6,1,23,2,2,6543.555,2.0,4,4,1.0,14,33,1198.0,0.3646929504779869,74.39003066237748,63.71456574957328,5.594162012040831,387.0285253251433,5552.2119914346895,13642.312999999998,2020.7790000000005,2354.117,9267.416999999998,3314.0520000000006,10328.260999999997,24.29244952817019,LEVE,2
10,0,14,2,2,4,-12.128586,-76.997693,0,2,7,1,4,2,2,0,2021,6,6,1,23,2,0,6543.555,2.0,4,4,1.0,14,33,1198.0,0.8017574897902351,80.48487267736287,78.74302427848284,13.156716040468266,1766.1488062170545,359776.608137045,7626.313,1683.4029999999998,1599.0829999999996,4343.827000000001,1814.875,5811.438000000001,23.797541485643197,LEVE,2
2,1,21,2,6,4,-6.030875,-76.980777,0,0,2,1,4,2,2,2,2021,6,6,1,23,2,1,6543.555,2.0,4,4,1.0,14,33,1198.0,0.5294800468051228,72.46713251445857,60.50982579904599,7.757161651692042,952.984823255978,86435.21199143468,5645.136,815.0759999999999,965.298,3864.762,1013.406,4631.73,17.95184385283189,LEVE,2
3,1,11,2,2,4,-11.784161,-75.482184,0,0,7,1,2,2,2,2,2021,6,0,0,9,1,2,6543.555,2.0,4,4,1.0,14,33,1198.0,0.5793345244831453,70.26773017152715,73.92845349337222,10.396400147076845,984.6153728015668,14305.199143468952,12264.545,1826.4639999999995,1105.5389999999998,9332.542,1588.5359999999996,10676.009,12.952261987705208,LEVE,2
6,1,3,0,4,1,-16.12403,-71.635381,0,4,7,0,2,1,1,0,2021,6,0,0,9,1,0,1504.4250000000002,2.0,2,0,1.0,7,25,241.0,0.6005060748875158,78.21704200773246,77.40211893847457,8.994742794352394,996.014120858737,33335.45824411135,10322.272,1495.236,1749.739,7077.2970000000005,2886.595,7435.677000000001,27.964725207783708,GRAVE_LESIONADOS,0
1,0,21,2,4,1,-6.051064,-77.151714,0,0,7,1,2,2,2,0,2021,6,0,0,12,3,1,7758.33400008,2.0,2,0,1.0,9,20,2133.0,0.5963332411867256,73.80959983510441,63.34953560123128,8.251886446437874,1232.7304200473363,24031.167023554604,5645.136,815.0759999999999,965.298,3864.762,1013.406,4631.73,17.95184385283189,LEVE,2
3,2,13,0,4,1,-6.4702476,-80.1128442,0,4,7,1,1,1,1,0,2021,6,0,0,15,3,0,6543.555,3.0,2,0,1.0,0,30,1475.0,0.3879800350664534,75.68222437543551,50.64551119758177,4.891651630735472,548.2382997194167,48902.40256959316,3459.691,515.0619999999999,689.7280000000001,2254.901,703.3549999999999,2756.336,20.329994788551925,LEVE,2
6,1,8,0,4,2,-12.626018,-74.933047,0,4,5,0,1,2,2,0,2021,6,0,0,16,3,2,6543.555,2.0,4,4,1.0,14,33,1198.0,0.2663454843382838,65.45457395221479,57.3335802782264,4.413119915061238,247.66524826450583,29100.053533190578,8511.426,1445.3929999999996,2008.516,5057.516999999999,1879.579,6631.846999999998,22.08300935706896,LEVE,2
3,2,10,2,4,1,-13.832273,-76.171214,0,4,7,1,2,2,2,2,2021,6,0,0,19,2,0,151.67999999999998,2.0,2,3,0.0,9,11,30.0,0.6292184793170688,75.99906028374495,67.79982853272203,9.796858559039824,1204.177835421263,8492.554603854389,3721.461,698.1859999999996,744.866,2278.409,1102.9029999999996,2618.558,29.636290693359403,LEVE,2
6,1,13,2,4,2,-6.770434,-79.7821,0,0,4,1,2,2,2,2,2021,6,0,0,22,2,0,6543.555,2.0,4,4,1.0,14,33,1198.0,0.5620975674023033,82.12463805178847,66.61876166359768,8.699915557104742,843.1720684546592,25484.141327623125,3459.691,515.0619999999999,689.7280000000001,2254.901,703.3549999999999,2756.336,20.329994788551925,LEVE,2
6,1,20,0,4,3,-16.051474030645352,-69.58550825342667,0,4,7,1,2,2,2,2,2021,6,1,0,5,0,2,6543.555,2.0,4,4,1.0,14,33,1198.0,0.4020198374784472,77.80062735845667,75.295761294875,7.279851651626652,372.63390314535104,50686.62526766595,13642.312999999998,2020.7790000000005,2354.117,9267.416999999998,3314.0520000000006,10328.260999999997,24.29244952817019,LEVE,2
6,1,2,0,4,0,-13.52841509995434,-73.19722648326862,0,4,7,0,1,2,2,2,2021,6,1,0,5,0,2,6543.555,2.0,4,4,1.0,14,33,1198.0,0.314086490061958,75.47851257874065,67.67640034777043,4.392991230917544,293.24648337987134,3318.072805139186,8358.971,1282.451,1298.0969999999998,5778.423,1432.683,6926.288,17.139466089785454,LEVE,2
7,0,13,2,2,4,-6.745098892742482,-79.8669147096859,2,2,7,1,2,2,2,0,2021,6,1,0,6,1,0,6543.555,2.0,4,4,1.0,14,33,1198.0,0.5415697888341857,80.94178299597955,72.69485501755445,9.042819482789628,724.6578159158644,183060.58029978588,3459.691,515.0619999999999,689.7280000000001,2254.901,703.3549999999999,2756.336,20.329994788551925,LEVE,2
6,1,12,0,4,1,-7.891157,-77.629046,2,4,5,1,1,2,2,2,2021,6,1,0,16,3,0,1688.589,1.0,1,3,0.0,9,32,287.0,0.5483466485199614,73.40947702180615,54.774559790319735,7.761827414252816,1085.433074508267,22858.52890792291,8931.828000000005,1335.5899999999997,1935.9830000000004,5660.255000000005,1219.309,7712.519000000005,13.651281686122925,GRAVE_MORTALIDAD,1
3,2,14,0,4,2,-10.6873665820082,-77.67925674740714,7,4,7,0,1,2,2,0,2021,6,1,0,17,3,0,6543.555,2.0,4,4,1.0,14,33,1198.0,0.6351794046894105,80.8024412070713,71.35332766738335,9.404359888374977,1133.7779214188106,74926.62740899358,7626.313,1683.4029999999998,1599.0829999999996,4343.827000000001,1814.875,5811.438000000001,23.797541485643197,LEVE,2
0,0,4,2,4,1,-13.17009,-74.21035,0,4,1,1,4,2,2,4,2021,6,2,0,3,0,2,7586.903,2.0,2,0,1.0,9,5,1198.0,0.5506252633070053,69.90928763641818,75.08622643893038,10.15415260514822,862.2051674470921,104520.79871520343,12678.733000000004,1805.074000000001,1774.0339999999994,9099.625000000004,2485.375000000001,10193.358000000002,19.602707936195205,LEVE,2
3,1,20,0,4,0,-15.275186152956692,-70.08506475857814,0,4,7,1,2,2,2,2,2021,6,2,0,9,1,2,6543.555,2.0,4,4,1.0,14,33,1198.0,0.2324501385472216,70.00261704144198,63.763506331253495,4.517670868242165,153.1624478804619,2932.3790149892934,13642.312999999998,2020.7790000000005,2354.117,9267.416999999998,3314.0520000000006,10328.260999999997,24.29244952817019,LEVE,2
3,1,14,2,4,1,-12.031138,-77.002644,0,2,7,1,4,2,2,2,2021,6,2,0,10,1,0,6543.555,3.0,2,0,1.0,0,30,1475.0,0.6970617810314195,81.40501156526744,73.5715154770137,9.635174408411393,1428.892506292977,203379.9271948608,7626.313,1683.4029999999998,1599.0829999999996,4343.827000000001,1814.875,5811.438000000001,23.797541485643197,LEVE,2
3,2,12,0,4,1,-7.804772,-79.193644,0,4,7,1,2,2,2,0,2021,6,2,0,11,1,0,6543.555,3.0,2,0,1.0,0,30,1475.0,0.6137552402736777,77.488039372676,77.55476206305543,9.288784127631692,1053.6564617230836,8413.593147751606,8931.828000000005,1335.5899999999997,1935.9830000000004,5660.255000000005,1219.309,7712.519000000005,13.651281686122925,LEVE,2
0,0,8,0,4,2,-13.064099888998037,-74.50655755409814,0,4,2,0,7,2,2,0,2021,6,2,0,11,1,2,6543.555,2.0,4,4,1.0,14,33,1198.0,0.2922647045334091,72.81327396061133,63.043589090455136,5.592227854112719,223.2024614738898,3862.5032119914345,8511.426,1445.3929999999996,2008.516,5057.516999999999,1879.579,6631.846999999998,22.08300935706896,LEVE,2
6,1,7,0,4,1,-14.113702,-71.458108,0,4,7,1,2,2,2,0,2021,6,2,0,15,3,2,566.7160000000001,2.0,5,2,0.0,9,3,137.0,0.2991005536829932,62.21917574632246,64.88351505215614,6.097392066469024,274.9537670789565,1773.610278372591,17779.13499998999,2097.3709999899997,2863.123,12818.640999999989,2878.713,14900.421999989989,16.19152450331032,LEVE,2
6,1,19,2,2,4,-5.164,-80.64736333,0,4,0,1,2,1,1,0,2021,6,2,0,18,2,0,6543.555,2.0,4,4,1.0,14,33,1198.0,0.6582040223794163,78.74105515718446,77.3206684883171,11.334167841567446,1124.177237253568,178905.3426124197,8965.846000060003,1782.4120000599992,636.9959999999999,6546.438000000004,2214.505000059999,6751.341000000004,24.699342371541725,LEVE,2
0,1,14,2,2,4,-12.071682,-77.050911,0,2,7,1,2,2,2,4,2021,6,2,0,18,2,0,6543.555,2.0,4,4,1.0,14,33,1198.0,0.5563774842369664,77.00938809632027,69.10246351364754,8.476961866273152,914.8835608305218,27932.19700214133,7626.313,1683.4029999999998,1599.0829999999996,4343.827000000001,1814.875,5811.438000000001,23.797541485643197,LEVE,2
6,1,1,0,4,0,-9.482074351528494,-77.1422084865017,0,4,0,0,2,2,2,2,2021,6,2,0,18,2,2,6543.555,2.0,4,4,1.0,14,33,1198.0,0.5466010705537504,75.4454210513517,63.26411609865434,8.282654778971494,925.9367206121332,16661.132762312634,10767.648,1885.0630000000003,1222.721,7659.864000000001,2100.343,8667.305000000002,19.506051832303577,LEVE,2
0,1,3,0,4,1,-16.4164454,-72.0415901,0,4,7,1,2,1,1,0,2021,6,2,0,19,2,0,6639.975,2.0,2,0,1.0,9,31,1616.0,0.6084493916639881,75.90495029382188,64.41217540559256,8.260115261366025,1243.986900667714,6382.811563169165,10322.272,1495.236,1749.739,7077.2970000000005,2886.595,7435.677000000001,27.964725207783708,LEVE,2
6,1,20,0,4,0,-14.590233773503876,-70.64968048017467,0,4,0,0,1,2,2,2,2021,6,3,0,7,1,2,6543.555,2.0,4,4,1.0,14,33,1198.0,0.3785159657563678,72.65745241856251,60.7417406981411,5.492258813720908,458.4912550206169,8943.509635974304,13642.312999999998,2020.7790000000005,2354.117,9267.416999999998,3314.0520000000006,10328.260999999997,24.29244952817019,GRAVE_MORTALIDAD,1
3,2,2,0,4,1,-14.034292517777958,-73.22030496516825,0,4,3,0,2,1,1,2,2021,6,3,0,11,1,2,311.82,2.0,2,0,0.0,9,32,74.0,0.3212977703507136,68.11120294643938,82.64364236134574,5.08423694435274,295.2695578638757,865.5139186295503,8358.971,1282.451,1298.0969999999998,5778.423,1432.683,6926.288,17.139466089785454,LEVE,2
6,2,9,0,4,1,-9.711524,-76.094453,0,4,5,0,2,2,2,2,2021,6,3,0,17,3,2,693.175,2.0,2,3,0.0,9,10,249.0,0.3096549989431256,76.17431233061522,44.8813332706993,3.774794268602337,378.47949303176176,19256.764453961456,8209.057,1333.4779999999996,791.9770000000001,6083.602,1059.8589999999997,7149.198,12.910849565303296,LEVE,2
6,1,20,2,6,4,-15.499152,-70.125657,0,1,1,1,4,2,2,2,2021,6,4,0,0,0,2,6543.555,2.0,4,4,1.0,14,33,1198.0,0.5759734352119,73.55929462493827,78.89306383943827,10.174966342239475,888.1716010638444,232834.39603082248,13642.312999999998,2020.7790000000005,2354.117,9267.416999999998,3314.0520000000006,10328.260999999997,24.29244952817019,LEVE,2
3,2,1,0,4,1,-10.037025290858397,-78.16308242805525,0,4,7,1,2,2,2,0,2021,6,4,0,4,0,2,6543.555,3.0,2,0,1.0,0,30,1475.0,0.594329796273136,79.51274210494626,67.23963656911357,9.093808711905876,1004.1856289962402,25729.80728051392,10767.648,1885.0630000000003,1222.721,7659.864000000001,2100.343,8667.305000000002,19.506051832303577,LEVE,2
3,3,5,0,4,1,-6.002936,-79.168209,5,4,7,1,2,2,2,0,2021,6,4,0,6,1,2,9936.932,2.0,2,0,1.0,9,32,3830.0,0.3266895658234561,78.92954187259888,28.408182611093515,4.537458493744072,443.5976921734716,9305.942184154175,15935.565011852366,1733.9250000199986,935.692,13265.948011832368,2000.1670000199988,13935.398011832369,12.551591352627522,GRAVE_LESIONADOS,0
3,1,14,2,2,4,-12.128939251337965,-76.98157574472145,0,2,7,1,4,2,2,2,2021,6,4,0,9,1,0,6543.555,2.0,4,4,1.0,14,33,1198.0,0.8017574897902351,80.48487267736287,78.74302427848284,13.156716040468266,1766.1488062170545,359776.608137045,7626.313,1683.4029999999998,1599.0829999999996,4343.827000000001,1814.875,5811.438000000001,23.797541485643197,LEVE,2
6,1,4,0,4,2,-12.51799,-73.89203,0,4,0,0,7,2,2,2,2021,6,4,0,9,1,2,6543.555,2.0,4,4,1.0,14,33,1198.0,0.3866581259783184,77.00938809632027,52.55594610950206,5.26395044770203,494.1084249177928,12290.808931369287,12678.733000000004,1805.074000000001,1774.0339999999994,9099.625000000004,2485.375000000001,10193.358000000002,19.602707936195205,GRAVE_MORTALIDAD,1
3,1,3,0,4,1,-17.126998,-71.88132,0,4,7,1,2,0,1,0,2021,6,4,0,15,3,0,1926.94,2.0,2,0,1.0,9,32,393.0,0.61639083938292,77.65150347430681,71.08229457479256,8.361097169993315,1182.892298685911,6725.137044967881,10322.272,1495.236,1749.739,7077.2970000000005,2886.595,7435.677000000001,27.964725207783708,LEVE,2
3,2,20,0,4,1,-15.44113627531588,-70.14031827403376,0,4,7,1,2,1,0,2,2021,6,4,0,20,2,2,7586.903,2.0,2,0,1.0,9,5,1198.0,0.5225679967471315,73.87568641139362,79.22999870887685,8.745562804731529,728.6643223924281,65445.28409703769,13642.312999999998,2020.7790000000005,2354.117,9267.416999999998,3314.0520000000006,10328.260999999997,24.29244952817019,LEVE,2
4,1,20,2,2,4,-15.4854,-70.15334,0,0,1,1,1,2,2,2,2021,6,5,1,0,0,2,6543.555,2.0,4,4,1.0,14,33,1198.0,0.5759734352119,73.55929462493827,78.89306383943827,10.174966342239475,888.1716010638444,232834.39603082248,13642.312999999998,2020.7790000000005,2354.117,9267.416999999998,3314.0520000000006,10328.260999999997,24.29244952817019,LEVE,2
3,2,5,0,4,1,-5.9653776,-78.84773207,0,4,0,0,2,1,1,2,2021,6,5,1,4,0,2,167.59499999999997,2.0,2,0,1.0,1,20,40.0,0.3934942813224024,75.42708969274362,36.60429559452359,5.012084632425816,656.01801746111,3073.203426124197,15935.565011852366,1733.9250000199986,935.692,13265.948011832368,2000.1670000199988,13935.398011832369,12.551591352627522,GRAVE_MORTALIDAD,1
3,2,12,0,4,1,-8.063745,-78.859234,0,4,1,1,1,2,2,2,2021,6,5,1,7,1,0,610.6099999999999,2.0,2,0,1.0,8,29,100.0,0.5929579484728337,80.24150924632623,64.75837382721711,8.51830466766158,1043.4182142665843,34739.39614561028,8931.828000000005,1335.5899999999997,1935.9830000000004,5660.255000000005,1219.309,7712.519000000005,13.651281686122925,LEVE,2
6,1,1,0,4,1,-8.281153351406177,-77.9918369232945,0,4,0,0,7,2,2,0,2021,6,5,1,16,3,2,9936.932,2.0,2,0,1.0,9,32,3830.0,0.355183333973533,67.09775811520099,59.828546959297896,5.8097239798981954,418.0007722182975,2114.053533190578,10767.648,1885.0630000000003,1222.721,7659.864000000001,2100.343,8667.305000000002,19.506051832303577,GRAVE_MORTALIDAD,1
6,1,5,2,4,2,-6.68773646,-78.52404445,5,2,0,0,7,2,2,0,2021,6,5,1,16,3,2,6543.555,2.0,4,4,1.0,14,33,1198.0,0.3484871558022944,76.33677469666252,53.28672218475212,4.131981838863427,447.1658531581213,76209.5845824411,15935.565011852366,1733.9250000199986,935.692,13265.948011832368,2000.1670000199988,13935.398011832369,12.551591352627522,LEVE,2
5,1,10,2,2,4,-14.0346663,-75.7031269,0,3,1,1,2,2,2,0,2021,6,5,1,17,3,0,6543.555,2.0,4,4,1.0,14,33,1198.0,0.6334452857707165,80.80911649970582,77.64182672621133,10.427088264173843,1015.7414505565088,38005.36402569593,3721.461,698.1859999999996,744.866,2278.409,1102.9029999999996,2618.558,29.636290693359403,LEVE,2
0,1,3,2,4,1,-16.3153818,-71.6065318,0,3,7,0,2,0,1,0,2021,6,5,1,18,2,0,1504.4250000000002,2.0,2,0,1.0,7,25,241.0,0.6411767862503931,77.2408324916572,78.204125011303,10.595705083047717,1107.223861768016,193412.3169164882,10322.272,1495.236,1749.739,7077.2970000000005,2886.595,7435.677000000001,27.964725207783708,LEVE,2