CLASE SINIESTRO,CANTIDAD DE VEHICULOS DAÑADOS,DEPARTAMENTO,ZONA,TIPO DE VÍA,RED VIAL,COORDENADAS LATITUD,COORDENADAS  LONGITUD,CONDICIÓN CLIMÁTICA,ZONIFICACIÓN,CARACTERÍSTICAS DE VÍA,PERFIL LONGITUDINAL VÍA,SUPERFICIE DE CALZADA,¿EXISTE SEÑAL VERTICAL?,¿EXISTE SEÑAL HORIZONTAL?,CAUSA FACTOR PRINCIPAL,AÑO,MES,DIA_SEMANA,ES_FIN_SEMANA,HORA_NUM,FRANJA_HORARIA,REGION_NATURAL,MTC_RVN_LONGITUD_KM,MTC_RVN_N_CARRILES_MEDIANA,MTC_RVN_SUPERFICIE_DOMINANTE,MTC_RVN_ESTADO_DOMINANTE,MTC_RVN_ES_CONCESIONADA,MTC_RVN_CONCESION_PRINCIPAL,MTC_RVN_CORREDOR_LOGISTICO,MTC_RVN_N_TRAMOS,IDH_2019,IDH_ESP_VIDA_2019,IDH_EDUC_SECUND_PCT_2019,IDH_ANIOS_EDUC_2019,IDH_INGRESO_PERCAP_2019,IDH_POBLACION_2019,MTC_DEP_RED_TOTAL_KM,MTC_DEP_NACIONAL_TOTAL_KM,MTC_DEP_DEPARTAMENTAL_TOTAL_KM,MTC_DEP_VECINAL_TOTAL_KM,MTC_DEP_PAV_TOTAL_KM,MTC_DEP_NO_PAV_TOTAL_KM,MTC_DEP_PCT_PAVIMENTADA,CATEGORIA_SEVERIDAD,CATEGORIA_SEVERIDAD_ENC
3,2,13,2,4,1,-6.692028,-79.903736,0,2,7,1,2,2,2,0,2021,6,5,1,22,2,0,6543.555,3.0,2,0,1.0,0,30,1475.0,0.5539280527450423,74.69452916859504,66.89728158703436,9.542777400516576,872.5509264417765,79617.09421841543,3459.691,515.0619999999999,689.7280000000001,2254.901,703.3549999999999,2756.336,20.329994788551925,LEVE,2
0,0,13,2,4,1,-6.4893174,-79.8574452,0,2,7,1,2,2,2,0,2021,6,5,1,22,2,0,1305.18,2.0,2,0,1.0,1,20,163.0,0.4726698879842176,75.8092086621182,65.19881901297883,6.724941796138032,681.4326851501024,22675.216274089933,3459.691,515.0619999999999,689.7280000000001,2254.901,703.3549999999999,2756.336,20.329994788551925,LEVE,2
0,1,19,2,2,4,-5.182669,-80.631149,0,0,7,1,2,1,1,0,2021,6,5,1,23,2,0,6543.555,2.0,4,4,1.0,14,33,1198.0,0.6582040223794163,78.74105515718446,77.3206684883171,11.334167841567446,1124.177237253568,178905.3426124197,8965.846000060003,1782.4120000599992,636.9959999999999,6546.438000000004,2214.505000059999,6751.341000000004,24.699342371541725,LEVE,2
6,1,19,0,4,1,-5.046088,-80.70223,0,4,7,1,2,2,2,0,2021,6,6,1,3,0,0,6543.555,3.0,2,0,1.0,0,30,1475.0,0.6582040223794163,78.74105515718446,77.3206684883171,11.334167841567446,1124.177237253568,178905.3426124197,8965.846000060003,1782.4120000599992,636.9959999999999,6546.438000000004,2214.505000059999,6751.341000000004,24.699342371541725,LEVE,2
1,1,12,0,4,1,-8.089253,-79.09689,0,4,7,1,2,2,2,0,2021,6,6,1,11,1,0,6543.555,3.0,2,0,1.0,0,30,1475.0,0.583006771156836,78.2441938961209,62.24037484511178,8.807312392374042,1028.2282118265089,76607.295503212,8931.828000000005,1335.5899999999997,1935.9830000000004,5660.255000000005,1219.309,7712.519000000005,13.651281686122925,LEVE,2
3,2,21,2,4,1,-5.919407,-77.318197,0,0,7,1,2,2,2,2,2021,6,6,1,16,3,1,7758.33400008,2.0,2,0,1.0,9,20,2133.0,0.4789759027469384,73.43778249935497,54.01635312204597,6.285279694551369,847.2910954428505,47552.6295503212,5645.136,815.0759999999999,965.298,3864.762,1013.406,4631.73,17.95184385283189,LEVE,2
6,1,20,0,4,2,-15.470276780585063,-70.25011717576817,0,4,7,0,7,2,2,2,2021,6,6,1,18,2,2,6543.555,2.0,4,4,1.0,14,33,1198.0,0.5759734352119,73.55929462493827,78.89306383943827,10.174966342239475,888.1716010638444,232834.39603082248,13642.312999999998,2020.7790000000005,2354.117,9267.416999999998,3314.0520000000006,10328.260999999997,24.29244952817019,LEVE,2
5,2,14,2,4,1,-11.600641488817583,-77.2478833363662,0,4,7,1,2,1,0,2,2021,6,6,1,18,2,0,6543.555,3.0,2,0,1.0,0,30,1475.0,0.6328991168419597,79.8522840328396,72.51785912375117,8.65057438382499,1190.6734036432963,65701.61456102783,7626.313,1683.4029999999998,1599.0829999999996,4343.827000000001,1814.875,5811.438000000001,23.797541485643197,LEVE,2
3,2,14,0,4,1,-10.696839077604036,-77.7831887438248,0,4,7,1,2,2,2,2,2021,6,6,1,18,2,0,6543.555,3.0,2,0,1.0,0,30,1475.0,0.6089995249782627,83.27989923505345,68.21266463461673,7.753898352965485,1106.793700553604,19807.916488222698,7626.313,1683.4029999999998,1599.0829999999996,4343.827000000001,1814.875,5811.438000000001,23.797541485643197,LEVE,2
5,1,5,0,4,1,-5.676544528004914,-78.77824641056534,5,4,7,1,2,2,2,0,2021,6,6,1,19,2,2,7758.33400008,2.0,2,0,1.0,9,20,2133.0,0.5803239946829384,74.49544278598792,68.33065356443184,8.733179344969395,1046.078117086984,102362.46895074946,15935.565011852366,1733.9250000199986,935.692,13265.948011832368,2000.1670000199988,13935.398011832369,12.551591352627522,LEVE,2
5,2,13,0,4,0,-6.480815578994556,-79.66632859822731,0,4,7,1,2,2,2,0,2021,6,6,1,21,2,0,6543.555,2.0,4,4,1.0,14,33,1198.0,0.4223480801354451,69.21333797191475,54.90787428957437,6.076241918149045,654.7580359381622,22806.316916488224,3459.691,515.0619999999999,689.7280000000001,2254.901,703.3549999999999,2756.336,20.329994788551925,LEVE,2
6,1,8,0,4,2,-12.218205,-74.972588,0,4,5,0,1,2,2,0,2021,6,0,0,1,0,2,6543.555,2.0,4,4,1.0,14,33,1198.0,0.2778374067164198,76.3467601260823,56.08796064531988,4.776256490985982,215.1778698122941,5514.537473233406,8511.426,1445.3929999999996,2008.516,5057.516999999999,1879.579,6631.846999999998,22.08300935706896,GRAVE_MORTALIDAD,1
1,0,20,0,4,1,-15.540820543812828,-70.21040975838613,0,4,7,1,2,2,2,2,2021,6,0,0,5,0,2,1504.4250000000002,2.0,2,0,1.0,7,25,241.0,0.5759734352119,73.55929462493827,78.89306383943827,10.174966342239475,888.1716010638444,232834.39603082248,13642.312999999998,2020.7790000000005,2354.117,9267.416999999998,3314.0520000000006,10328.260999999997,24.29244952817019,LEVE,2
3,1,3,0,4,1,-16.436571,-71.995343,6,5,6,2,6,2,2,0,2021,6,0,0,13,3,0,6639.975,2.0,2,0,1.0,9,31,1616.0,0.6455852322566902,78.58826324858522,78.38415596279924,8.472481180514539,1258.6172876652156,2628.282655246253,10322.272,1495.236,1749.739,7077.2970000000005,2886.595,7435.677000000001,27.964725207783708,LEVE,2
0,1,21,2,4,0,-6.014192,-77.166105,0,3,7,1,4,2,2,2,2021,6,0,0,14,3,1,6543.555,2.0,4,4,1.0,14,33,1198.0,0.4373955627788819,76.3317023344811,38.415843335752136,5.060708244370348,846.7805495484145,1935.1820128479656,5645.136,815.0759999999999,965.298,3864.762,1013.406,4631.73,17.95184385283189,LEVE,2
0,1,14,0,7,4,-11.230432,-77.377681,0,4,7,1,7,2,2,2,2021,6,0,0,17,3,0,6543.555,2.0,4,4,1.0,14,33,1198.0,0.625259356790912,76.00710856837651,64.39893010534446,7.928807895834627,1379.4198272918734,24684.304068522484,7626.313,1683.4029999999998,1599.0829999999996,4343.827000000001,1814.875,5811.438000000001,23.797541485643197,LEVE,2
1,0,5,0,4,1,-7.0983,-78.559943,0,4,7,0,2,1,1,0,2021,6,0,0,20,2,2,9936.932,2.0,2,0,1.0,9,32,3830.0,0.6070175276741574,73.19224654097276,74.29530430690215,9.490386956642766,1117.141592366869,257380.9443254818,15935.565011852366,1733.9250000199986,935.692,13265.948011832368,2000.1670000199988,13935.398011832369,12.551591352627522,LEVE,2
3,2,19,0,4,2,-4.679770326056327,-80.0868020487453,0,4,0,0,7,2,2,0,2021,6,1,0,6,1,0,6543.555,2.0,4,4,1.0,14,33,1198.0,0.4460358515525411,78.78138598624281,47.04925171219679,5.992153605249824,689.7789450041487,25138.147751606,8965.846000060003,1782.4120000599992,636.9959999999999,6546.438000000004,2214.505000059999,6751.341000000004,24.699342371541725,LEVE,2
0,1,14,2,2,4,-12.169581,-76.928672,0,2,7,1,2,2,2,2,2021,6,1,0,12,3,0,6543.555,2.0,4,4,1.0,14,33,1198.0,0.689811994580126,79.88015655965044,73.89553442371854,9.755251380104111,1409.8432274455126,452660.364025696,7626.313,1683.4029999999998,1599.0829999999996,4343.827000000001,1814.875,5811.438000000001,23.797541485643197,LEVE,2
6,1,22,0,4,1,-17.825808,-70.021437,0,4,0,0,2,1,0,2,2021,6,1,0,15,3,0,800.5849999999999,2.0,2,0,0.0,9,32,395.0,0.5335430708458155,76.02230116703623,72.9884945459019,8.8006611285477,768.9458607810982,1745.796573875803,2650.572,630.6729999999998,487.3610000000001,1532.5379999999998,1068.7019999999998,1581.87,40.31967439480987,LEVE,2
3,2,3,0,4,1,-16.666453065904008,-72.57973363860539,0,4,5,0,2,1,1,2,2021,6,1,0,18,2,0,1926.94,2.0,2,0,1.0,9,32,393.0,0.5506134487544145,84.11518135609504,66.07904665694413,8.594478109433165,777.7519971785225,628.7494646680942,10322.272,1495.236,1749.739,7077.2970000000005,2886.595,7435.677000000001,27.964725207783708,LEVE,2
6,1,7,0,4,2,-13.462478,-72.248585,0,4,7,1,2,2,2,6,2021,6,2,0,0,0,2,6543.555,2.0,4,4,1.0,14,33,1198.0,0.429914756045985,74.25916870636927,79.51566557864805,7.366336486335375,462.32789717794617,3225.312633832976,17779.13499998999,2097.3709999899997,2863.123,12818.640999999989,2878.713,14900.421999989989,16.19152450331032,LEVE,2
6,1,8,0,4,1,-12.514322,-74.969003,0,4,0,1,2,1,1,0,2021,6,2,0,3,0,2,1482.81,1.0,1,3,0.0,9,16,270.0,0.2801642166208027,68.87893983955698,56.77777118363479,4.867314215710151,246.65372283067316,6425.578158458245,8511.426,1445.3929999999996,2008.516,5057.516999999999,1879.579,6631.846999999998,22.08300935706896,GRAVE_MORTALIDAD,1
1,1,7,2,2,4,-14.892449,-71.206354,0,3,7,1,2,2,2,4,2021,6,2,0,5,0,2,6543.555,2.0,4,4,1.0,14,33,1198.0,0.3947357298822749,66.64682076332791,61.05871728905667,5.999409696750664,549.0221656567701,5092.139186295502,17779.13499998999,2097.3709999899997,2863.123,12818.640999999989,2878.713,14900.421999989989,16.19152450331032,LEVE,2
0,1,14,2,4,1,-11.734287793443714,-76.260489446376,5,2,7,1,4,2,2,4,2021,6,2,0,6,1,0,875.67,2.0,2,0,1.0,3,14,156.0,0.748110396131153,71.69031523892282,68.09304145514763,11.546293237750138,1975.0436727135664,6121.71948608137,7626.313,1683.4029999999998,1599.0829999999996,4343.827000000001,1814.875,5811.438000000001,23.797541485643197,LEVE,2
6,0,14,2,2,4,-12.031643,-77.075594,0,2,7,1,2,2,2,0,2021,6,2,0,8,1,0,6543.555,2.0,4,4,1.0,14,33,1198.0,0.7419979630670723,80.31822295927182,79.00446395716813,11.084203715652809,1554.6868971011318,739416.2413542903,7626.313,1683.4029999999998,1599.0829999999996,4343.827000000001,1814.875,5811.438000000001,23.797541485643197,LEVE,2
3,2,13,0,4,1,-6.024251,-79.683434,0,4,7,1,2,1,0,0,2021,6,2,0,8,1,0,1305.18,2.0,2,0,1.0,1,20,163.0,0.4974674218418852,75.93907983080418,58.3357972839862,7.69595447676265,761.2908213145297,28734.96573875803,3459.691,515.0619999999999,689.7280000000001,2254.901,703.3549999999999,2756.336,20.329994788551925,LEVE,2
3,2,3,0,4,1,-16.64149615479502,-72.62531820964662,0,4,0,0,2,1,1,2,2021,6,2,0,9,1,0,6639.975,2.0,2,0,1.0,9,31,1616.0,0.6438160463426852,84.71218617950387,69.3595667037428,8.966372569949256,1152.2024707992498,16526.967880085653,10322.272,1495.236,1749.739,7077.2970000000005,2886.595,7435.677000000001,27.964725207783708,LEVE,2
0,1,3,2,7,4,-16.4336445,-71.6064368,0,4,7,1,7,2,2,0,2021,6,2,0,14,3,0,6543.555,2.0,4,4,1.0,14,33,1198.0,0.6361781248622183,79.02998716357858,73.27695818275072,9.907690388126271,1124.6358478167767,14391.67880085653,10322.272,1495.236,1749.739,7077.2970000000005,2886.595,7435.677000000001,27.964725207783708,LEVE,2
10,1,11,2,4,2,-12.034909,-75.20063,7,3,7,1,7,2,2,2,2021,6,2,0,20,2,2,6543.555,2.0,4,4,1.0,14,33,1198.0,0.6349620447591086,73.34739425042062,78.85040671556425,11.216598893401857,1118.0127433957432,167365.50535331905,12264.545,1826.4639999999995,1105.5389999999998,9332.542,1588.5359999999996,10676.009,12.952261987705208,LEVE,2
0,1,19,0,4,2,-4.866312452609063,-80.61768646737686,5,4,7,1,1,2,2,2,2021,6,3,0,5,0,0,6543.555,2.0,4,4,1.0,14,33,1198.0,0.5657000696312142,79.93504063107561,71.14438533384025,9.31841991972829,829.1233898514824,181599.8115631692,8965.846000060003,1782.4120000599992,636.9959999999999,6546.438000000004,2214.505000059999,6751.341000000004,24.699342371541725,LEVE,2
6,0,13,0,4,1,-6.862141175009053,-79.30387614648784,0,4,7,1,2,1,1,0,2021,6,3,0,5,0,0,574.472,1.0,2,3,1.0,9,32,139.0,0.5049427160403157,79.3508741938355,62.5964538890523,6.820893877260073,779.6749777103271,8234.751605995718,3459.691,515.0619999999999,689.7280000000001,2254.901,703.3549999999999,2756.336,20.329994788551925,LEVE,2
10,1,20,0,4,1,-15.652198101772528,-70.35858040240547,0,4,0,1,2,0,1,2,2021,6,3,0,8,1,2,1504.4250000000002,2.0,2,0,1.0,7,25,241.0,0.4387767884413746,74.08026937973001,72.73571788884047,7.487249530915593,506.6407671536068,4885.396145610278,13642.312999999998,2020.7790000000005,2354.117,9267.416999999998,3314.0520000000006,10328.260999999997,24.29244952817019,GRAVE_MORTALIDAD,1
3,2,19,2,4,1,-5.172982,-80.681983,0,0,7,1,2,0,1,0,2021,6,3,0,15,3,0,6543.555,3.0,2,0,1.0,0,30,1475.0,0.5997462042553465,78.40793944726823,72.26811532412637,9.714064362322326,976.3169831713308,183875.0,8965.846000060003,1782.4120000599992,636.9959999999999,6546.438000000004,2214.505000059999,6751.341000000004,24.699342371541725,LEVE,2
6,1,4,0,4,1,-14.839697,-74.730312,4,4,5,0,2,1,1,5,2021,6,4,0,3,0,2,2238.6850000000004,2.0,2,0,1.0,4,27,115.0,0.361236442711079,63.70465890565146,61.51609450841772,6.825057412773427,421.0636217937335,1012.1241970021412,12678.733000000004,1805.074000000001,1774.0339999999994,9099.625000000004,2485.375000000001,10193.358000000002,19.602707936195205,GRAVE_MORTALIDAD,1
0,1,11,0,4,1,-11.768112,-75.708467,0,4,7,1,2,1,0,4,2021,6,4,0,12,3,2,7586.903,2.0,2,0,1.0,9,5,1198.0,0.4251232225344442,67.96139219838267,57.771003886361314,7.806740124502669,570.0619997002202,1564.1734475374733,12264.545,1826.4639999999995,1105.5389999999998,9332.542,1588.5359999999996,10676.009,12.952261987705208,LEVE,2
0,1,13,2,3,4,-5.991799,-79.747818,7,3,7,1,4,2,2,0,2021,6,4,0,16,3,0,6543.555,2.0,4,4,1.0,14,33,1198.0,0.4703091457296942,74.91176543888524,59.04522375211969,6.365443427676777,742.49897987499,44335.321199143465,3459.691,515.0619999999999,689.7280000000001,2254.901,703.3549999999999,2756.336,20.329994788551925,LEVE,2
10,2,21,0,4,0,-6.61632,-76.69797,7,4,7,1,2,0,1,2,2021,6,4,0,18,2,1,6543.555,2.0,4,4,1.0,14,33,1198.0,0.3680165888748353,74.33284923126352,35.1399705785781,5.24571445316435,546.7266026822192,11517.601713062098,5645.136,815.0759999999999,965.298,3864.762,1013.406,4631.73,17.95184385283189,LEVE,2
3,2,12,0,4,1,-7.992123,-79.075046,0,4,7,1,2,2,2,0,2021,6,4,0,19,2,0,6543.555,3.0,2,0,1.0,0,30,1475.0,0.583006771156836,78.2441938961209,62.24037484511178,8.807312392374042,1028.2282118265089,76607.295503212,8931.828000000005,1335.5899999999997,1935.9830000000004,5660.255000000005,1219.309,7712.519000000005,13.651281686122925,LEVE,2
0,1,3,0,4,1,-16.43124767221205,-72.30939473733457,0,4,0,1,2,0,1,0,2021,6,4,0,19,2,0,6639.975,2.0,2,0,1.0,9,31,1616.0,0.6077843615696785,76.53072135400231,69.81276959706165,8.77367759087771,1135.5159013374655,74658.55888650964,10322.272,1495.236,1749.739,7077.2970000000005,2886.595,7435.677000000001,27.964725207783708,LEVE,2
6,1,19,0,4,3,-5.219235,-80.666598,0,4,7,1,2,1,0,2,2021,6,4,0,22,2,0,6543.555,2.0,4,4,1.0,14,33,1198.0,0.5034350778485951,78.14388603810477,62.51585839041032,7.698619805954479,731.8176685454189,76220.84796573877,8965.846000060003,1782.4120000599992,636.9959999999999,6546.438000000004,2214.505000059999,6751.341000000004,24.699342371541725,LEVE,2
0,1,14,0,4,1,-11.578115,-77.262181,0,4,7,1,2,1,0,4,2021,6,5,1,2,0,0,6543.555,3.0,2,0,1.0,0,30,1475.0,0.6328991168419597,79.8522840328396,72.51785912375117,8.65057438382499,1190.6734036432963,65701.61456102783,7626.313,1683.4029999999998,1599.0829999999996,4343.827000000001,1814.875,5811.438000000001,23.797541485643197,LEVE,2
6,1,2,0,4,1,-14.471905018115224,-73.23739505374836,0,4,0,0,2,2,2,6,2021,6,5,1,6,1,2,2238.6850000000004,2.0,2,0,1.0,4,27,115.0,0.3664074671664916,64.98461839600242,49.21626723104894,6.514538355458617,485.1304734113088,4508.062098501071,8358.971,1282.451,1298.0969999999998,5778.423,1432.683,6926.288,17.139466089785454,LEVE,2
6,1,5,0,4,1,-7.36073167,-78.130325,0,4,0,0,2,1,1,5,2021,6,5,1,8,1,2,9936.932,2.0,2,0,1.0,9,32,3830.0,0.3417904861011918,68.7622191785171,42.11578088566062,5.620034093077237,435.9007514783612,1240.0428265524629,15935.565011852366,1733.9250000199986,935.692,13265.948011832368,2000.1670000199988,13935.398011832369,12.551591352627522,GRAVE_MORTALIDAD,1
6,1,4,0,4,2,-13.218993,-74.044114,7,4,0,0,1,2,2,6,2021,6,5,1,10,1,2,6543.555,2.0,4,4,1.0,14,33,1198.0,0.2511977866304733,68.52299906881817,41.38980764331505,5.313682333529363,203.31119593828876,9734.820128479656,12678.733000000004,1805.074000000001,1774.0339999999994,9099.625000000004,2485.375000000001,10193.358000000002,19.602707936195205,GRAVE_MORTALIDAD,1
0,1,17,2,3,4,-17.657897,-71.337566,0,3,7,0,2,2,2,0,2021,6,5,1,10,1,0,6543.555,2.0,4,4,1.0,14,33,1198.0,0.6831569654189188,78.20298093881752,73.06967658016572,10.671817350138191,1346.7860056613883,68663.72805139187,2949.174,470.28500000000025,903.055,1575.834,866.4460000000004,2082.728,29.37927704503025,LEVE,2
3,1,14,2,2,4,-12.144939880924204,-77.0218308315467,0,2,7,1,2,2,2,2,2021,6,5,1,12,3,0,6543.555,2.0,4,4,1.0,14,33,1198.0,0.8207642838213052,80.14976904502905,78.34721798827678,12.592455139231284,1956.55173075211,27481.5653104925,7626.313,1683.4029999999998,1599.0829999999996,4343.827000000001,1814.875,5811.438000000001,23.797541485643197,LEVE,2
3,2,7,2,4,1,-13.6636006387845,-71.3408141570007,0,3,0,1,2,1,1,2,2021,6,5,1,14,3,2,3263.58,2.0,2,0,1.0,5,18,566.0,0.2701433460922377,67.03086854576458,59.596346222865,3.690268129191559,281.2948228692088,16118.58886509636,17779.13499998999,2097.3709999899997,2863.123,12818.640999999989,2878.713,14900.421999989989,16.19152450331032,GRAVE_MORTALIDAD,1
0,1,19,2,2,4,-5.168928,-80.647644,0,4,7,1,2,1,1,2,2021,6,5,1,19,2,0,6543.555,2.0,4,4,1.0,14,33,1198.0,0.6582040223794163,78.74105515718446,77.3206684883171,11.334167841567446,1124.177237253568,178905.3426124197,8965.846000060003,1782.4120000599992,636.9959999999999,6546.438000000004,2214.505000059999,6751.341000000004,24.699342371541725,LEVE,2
6,1,1,0,4,1,-9.090929980876298,-77.33650086310438,7,4,0,1,1,2,2,2,2021,6,5,1,22,2,2,1134.015,-1.0,0,2,0.0,9,32,173.0,0.3352882109430746,74.75361760123883,41.94301315621264,4.920559911508885,404.0595576726479,11488.145610278372,10767.648,1885.0630000000003,1222.721,7659.864000000001,2100.343,8667.305000000002,19.506051832303577,LEVE,2
1,1,6,2,4,1,-11.994543831713845,-77.1258039981221,0,0,7,1,2,2,2,4,2021,6,5,1,23,2,0,139.23,-1.0,2,0,0.0,9,32,69.0,0.5563774842369664,77.00938809632027,69.10246351364754,8.476961866273152,914.8835608305218,27932.19700214133,51.58600000000001,44.68700000000001,6.899000000000001,0.0,49.838000000000015,1.748,96.61148373589734,LEVE,2
0,2,8,0,4,1,-13.454586,-75.019227,0,4,7,1,2,1,1,0,2021,6,6,1,2,0,2,1679.5849999999998,2.0,2,3,1.0,9,24,315.0,0.2997946406100768,72.83003345209801,46.42647217987546,4.997510303405721,292.6881439974165,3327.8779443254816,8511.426,1445.3929999999996,2008.516,5057.516999999999,1879.579,6631.846999999998,22.08300935706896,LEVE,2
6,1,3,0,4,2,-16.472612701793096,-72.55490712914008,0,4,0,0,1,2,2,2,2021,6,6,1,10,1,0,6543.555,2.0,4,4,1.0,14,33,1198.0,0.6445408585995467,81.26293480409497,79.00455055322925,9.278885165396868,1126.181107120743,6803.177730192719,10322.272,1495.236,1749.739,7077.2970000000005,2886.595,7435.677000000001,27.964725207783708,LEVE,2
3,1,1,0,4,1,-9.27756941674308,-78.41736935898118,0,4,7,1,2,2,2,0,2021,6,6,1,11,1,2,6543.555,3.0,2,0,1.0,0,30,1475.0,0.5575370467693914,78.64118956943892,57.24034570802082,7.631995537102537,1020.5426451773708,4692.985010706639,10767.648,1885.0630000000003,1222.721,7659.864000000001,2100.343,8667.305000000002,19.506051832303577,LEVE,2
3,2,20,0,4,0,-15.522839,-70.078009,7,4,7,1,2,2,2,2,2021,6,6,1,13,3,2,6543.555,2.0,4,4,1.0,14,33,1198.0,0.3646929504779869,74.39003066237748,63.71456574957328,5.594162012040831,387.0285253251433,5552.2119914346895,13642.312999999998,2020.7790000000005,2354.117,9267.416999999998,3314.0520000000006,10328.260999999997,24.29244952817019,LEVE,2
6,1,3,1,4,2,-16.347506,-72.282885,0,4,2,1,2,0,1,0,2021,6,6,1,15,3,0,6543.555,2.0,4,4,1.0,14,33,1198.0,0.6077843615696785,76.53072135400231,69.81276959706165,8.77367759087771,1135.5159013374655,74658.55888650964,10322.272,1495.236,1749.739,7077.2970000000005,2886.595,7435.677000000001,27.964725207783708,LEVE,2
3,1,21,2,6,4,-6.4795,-76.38282,0,0,7,0,2,1,1,2,2021,6,6,1,16,3,1,6543.555,2.0,4,4,1.0,14,33,1198.0,0.657413538429829,72.9282426214375,76.63007978148195,9.765102989696064,1372.3387690440495,31687.78158458244,5645.136,815.0759999999999,965.298,3864.762,1013.406,4631.73,17.95184385283189,LEVE,2
0,1,11,2,4,1,-11.903968,-75.333544,7,4,7,1,2,2,2,4,2021,6,6,1,18,2,2,7586.903,2.0,2,0,1.0,9,5,1198.0,0.5590037134540016,69.16521918655411,70.40542075696402,9.967120332016616,954.2603079564228,14877.426124197002,12264.545,1826.4639999999995,1105.5389999999998,9332.542,1588.5359999999996,10676.009,12.952261987705208,LEVE,2
1,1,11,2,4,1,-11.6927491,-75.5640005,0,0,7,1,2,2,2,4,2021,6,6,1,18,2,2,311.82,2.0,2,0,0.0,9,32,74.0,0.4846609581848212,71.70970037684953,62.978404663645314,7.681608625268467,740.7899756467436,5696.379014989293,12264.545,1826.4639999999995,1105.5389999999998,9332.542,1588.5359999999996,10676.009,12.952261987705208,LEVE,2
3,2,13,0,4,1,-6.4166449,-79.8325378,0,4,7,1,2,2,2,0,2021,6,6,1,19,2,0,1305.18,2.0,2,0,1.0,1,20,163.0,0.5059173540051534,75.20849370321716,65.55087882905781,7.516301845742602,777.5523013576318,18529.839400428264,3459.691,515.0619999999999,689.7280000000001,2254.901,703.3549999999999,2756.336,20.329994788551925,LEVE,2
1,1,12,0,4,1,-8.042738,-79.084645,0,4,7,1,2,2,2,0,2021,6,6,1,20,2,0,6543.555,3.0,2,0,1.0,0,30,1475.0,0.583006771156836,78.2441938961209,62.24037484511178,8.807312392374042,1028.2282118265089,76607.295503212,8931.828000000005,1335.5899999999997,1935.9830000000004,5660.255000000005,1219.309,7712.519000000005,13.651281686122925,LEVE,2
3,2,5,2,4,2,-5.665668,-78.680329,0,3,1,1,4,2,2,0,2021,6,6,1,23,2,2,6543.555,2.0,4,4,1.0,14,33,1198.0,0.4823525101155781,74.68609013731242,51.19107770858362,5.880567124588062,905.9911705096852,13071.734475374731,15935.565011852366,1733.9250000199986,935.692,13265.948011832368,2000.1670000199988,13935.398011832369,12.551591352627522,LEVE,2
3,1,19,0,4,2,-4.984016797586359,-80.61351827767209,0,4,7,1,7,2,2,0,2021,6,0,0,5,0,0,6543.555,2.0,4,4,1.0,14,33,1198.0,0.459857589992435,80.72202071327797,50.86886521100652,5.65389066385764,729.6720832259953,125429.93361884369,8965.846000060003,1782.4120000599992,636.9959999999999,6546.438000000004,2214.505000059999,6751.341000000004,24.699342371541725,LEVE,2
1,0,14,2,4,1,-12.25263,-76.92798,0,2,7,1,2,2,2,0,2021,6,0,0,5,0,0,6639.975,2.0,2,0,1.0,9,31,1616.0,0.6909236767275176,78.41626133969348,70.97436336767564,9.826485374940413,1476.8351947609171,95908.53319057816,7626.313,1683.4029999999998,1599.0829999999996,4343.827000000001,1814.875,5811.438000000001,23.797541485643197,LEVE,2
3,2,7,0,4,1,-13.489164,-72.240726,0,4,7,1,2,2,2,2,2021,6,0,0,6,1,2,7586.903,2.0,2,0,1.0,9,5,1198.0,0.429914756045985,74.25916870636927,79.51566557864805,7.366336486335375,462.32789717794617,3225.312633832976,17779.13499998999,2097.3709999899997,2863.123,12818.640999999989,2878.713,14900.421999989989,16.19152450331032,LEVE,2
3,2,13,0,4,1,-6.813826,-79.829436,7,4,7,1,2,2,2,0,2021,6,0,0,8,1,0,6543.555,3.0,2,0,1.0,0,30,1475.0,0.5698121065713132,80.7750211042815,73.24532007426484,9.611369875155264,807.8835749369007,96903.36830835116,3459.691,515.0619999999999,689.7280000000001,2254.901,703.3549999999999,2756.336,20.329994788551925,LEVE,2
6,1,1,0,4,1,-9.559358645745403,-77.70584727008071,0,4,0,0,2,1,1,2,2021,6,0,0,11,1,2,729.0909999999999,1.0,2,0,0.0,9,4,195.0,0.3226718311164431,76.12153120385717,45.90895636282614,4.534120036557726,361.9144782277372,3229.2633832976444,10767.648,1885.0630000000003,1222.721,7659.864000000001,2100.343,8667.305000000002,19.506051832303577,LEVE,2
0,1,14,2,2,4,-12.014492,-76.819179,0,3,7,1,2,2,2,2,2021,6,0,0,12,3,0,6543.555,2.0,4,4,1.0,14,33,1198.0,0.6868549636939637,79.62363164345142,76.30894566128948,9.209137883551294,1425.4498631666322,684921.8484148846,7626.313,1683.4029999999998,1599.0829999999996,4343.827000000001,1814.875,5811.438000000001,23.797541485643197,LEVE,2
3,2,5,0,4,2,-7.09682997,-78.822862,7,4,0,0,2,1,1,2,2021,6,0,0,13,3,2,6543.555,2.0,4,4,1.0,14,33,1198.0,0.3334181514351879,65.70103407075928,46.92785453731552,5.377079435778443,426.7373479842607,11921.895074946468,15935.565011852366,1733.9250000199986,935.692,13265.948011832368,2000.1670000199988,13935.398011832369,12.551591352627522,LEVE,2