CLASE SINIESTRO,CANTIDAD DE VEHICULOS DAÑADOS,DEPARTAMENTO,ZONA,TIPO DE VÍA,RED VIAL,COORDENADAS LATITUD,COORDENADAS  LONGITUD,CONDICIÓN CLIMÁTICA,ZONIFICACIÓN,CARACTERÍSTICAS DE VÍA,PERFIL LONGITUDINAL VÍA,SUPERFICIE DE CALZADA,¿EXISTE SEÑAL VERTICAL?,¿EXISTE SEÑAL HORIZONTAL?,CAUSA FACTOR PRINCIPAL,AÑO,MES,DIA_SEMANA,ES_FIN_SEMANA,HORA_NUM,FRANJA_HORARIA,REGION_NATURAL,MTC_RVN_LONGITUD_KM,MTC_RVN_N_CARRILES_MEDIANA,MTC_RVN_SUPERFICIE_DOMINANTE,MTC_RVN_ESTADO_DOMINANTE,MTC_RVN_ES_CONCESIONADA,MTC_RVN_CONCESION_PRINCIPAL,MTC_RVN_CORREDOR_LOGISTICO,MTC_RVN_N_TRAMOS,IDH_2019,IDH_ESP_VIDA_2019,IDH_EDUC_SECUND_PCT_2019,IDH_ANIOS_EDUC_2019,IDH_INGRESO_PERCAP_2019,IDH_POBLACION_2019,MTC_DEP_RED_TOTAL_KM,MTC_DEP_NACIONAL_TOTAL_KM,MTC_DEP_DEPARTAMENTAL_TOTAL_KM,MTC_DEP_VECINAL_TOTAL_KM,MTC_DEP_PAV_TOTAL_KM,MTC_DEP_NO_PAV_TOTAL_KM,MTC_DEP_PCT_PAVIMENTADA,CATEGORIA_SEVERIDAD,CATEGORIA_SEVERIDAD_ENC
6,1,8,0,4,1,-12.4888976,-74.6497887,0,4,0,1,3,2,2,0,2021,7,5,1,5,0,2,891.625,1.0,0,3,0.0,9,32,85.0,0.2371271103914559,67.35907202388974,48.34285985638861,3.957778336278219,206.76708776763252,3746.0,8511.426,1445.3929999999996,2008.516,5057.516999999999,1879.579,6631.846999999998,22.08300935706896,GRAVE_MORTALIDAD,1
3,1,6,2,4,1,-12.038659507054833,-77.12718311012668,0,2,7,1,2,1,1,2,2021,7,5,1,5,0,0,139.23,-1.0,2,0,0.0,9,32,69.0,0.5563774842369664,77.00938809632027,69.10246351364754,8.476961866273152,914.8835608305218,27932.19700214133,51.58600000000001,44.68700000000001,6.899000000000001,0.0,49.838000000000015,1.748,96.61148373589734,LEVE,2
6,1,7,0,4,2,-13.537243,-71.499815,0,4,0,0,7,2,2,2,2021,7,5,1,7,1,2,6543.555,2.0,4,4,1.0,14,33,1198.0,0.2069338210823644,70.18429139615611,51.55366663392733,3.191922704338107,164.0274050481397,17389.845824411135,17779.13499998999,2097.3709999899997,2863.123,12818.640999999989,2878.713,14900.421999989989,16.19152450331032,LEVE,2
0,0,19,2,2,4,-5.191074,-80.583146,0,4,7,0,7,2,2,2,2021,7,5,1,10,1,0,6543.555,2.0,4,4,1.0,14,33,1198.0,0.6220812987247925,80.20155828147696,72.71675503872983,10.02377668600292,1028.915688621886,159840.92719486082,8965.846000060003,1782.4120000599992,636.9959999999999,6546.438000000004,2214.505000059999,6751.341000000004,24.699342371541725,GRAVE_MORTALIDAD,1
6,1,3,0,4,0,-16.579011,-71.423802,0,4,0,0,2,0,1,0,2021,7,5,1,11,1,0,6543.555,2.0,4,4,1.0,14,33,1198.0,0.627155841414226,79.75364683068608,72.2968456220324,10.203674231355697,1053.6651113361816,1260.1113490364023,10322.272,1495.236,1749.739,7077.2970000000005,2886.595,7435.677000000001,27.964725207783708,LEVE,2
10,1,19,0,4,3,-5.6338193,-80.8510544,0,4,9,1,2,1,0,0,2021,7,5,1,15,3,0,6543.555,2.0,4,4,1.0,14,33,1198.0,0.4860724693701166,72.15814961491549,57.86687952143938,7.507596134322599,781.8218439197168,48691.10064239828,8965.846000060003,1782.4120000599992,636.9959999999999,6546.438000000004,2214.505000059999,6751.341000000004,24.699342371541725,LEVE,2
3,2,7,2,4,1,-13.463102,-72.147352,0,3,7,1,2,2,2,6,2021,7,5,1,22,2,2,7586.903,2.0,2,0,1.0,9,5,1198.0,0.4461630003962475,73.21502670801013,72.39928330950325,7.637017072327872,534.399353077353,18328.770877944324,17779.13499998999,2097.3709999899997,2863.123,12818.640999999989,2878.713,14900.421999989989,16.19152450331032,LEVE,2
1,1,12,2,4,1,-8.126609,-79.075534,0,2,7,1,2,2,2,0,2021,7,5,1,23,2,0,6543.555,3.0,2,0,1.0,0,30,1475.0,0.583006771156836,78.2441938961209,62.24037484511178,8.807312392374042,1028.2282118265089,76607.295503212,8931.828000000005,1335.5899999999997,1935.9830000000004,5660.255000000005,1219.309,7712.519000000005,13.651281686122925,LEVE,2
1,1,7,0,4,3,-13.1838992,-71.353975,0,4,0,0,7,2,2,0,2021,7,6,1,5,0,2,6543.555,2.0,4,4,1.0,14,33,1198.0,0.2466226927938573,59.50771953912937,42.678907967899015,3.991373779253808,285.51302601039464,12676.173447537472,17779.13499998999,2097.3709999899997,2863.123,12818.640999999989,2878.713,14900.421999989989,16.19152450331032,LEVE,2
0,1,7,2,4,1,-13.555456,-71.856487,0,3,7,1,2,2,2,2,2021,7,6,1,5,0,2,7586.903,2.0,2,0,1.0,9,5,1198.0,0.5196848738299176,77.87933372563211,69.4675909511807,8.375864983409588,727.1162363854935,6457.1220556745175,17779.13499998999,2097.3709999899997,2863.123,12818.640999999989,2878.713,14900.421999989989,16.19152450331032,LEVE,2
6,1,19,2,4,1,-4.83667332625442,-80.8964646475364,0,3,7,1,2,2,2,0,2021,7,6,1,10,1,0,6543.555,3.0,2,0,1.0,0,30,1475.0,0.5025299574090488,79.01836286278046,64.36359193150619,6.446953315269822,792.0987111400227,21809.66595289079,8965.846000060003,1782.4120000599992,636.9959999999999,6546.438000000004,2214.505000059999,6751.341000000004,24.699342371541725,LEVE,2
6,1,8,0,4,3,-13.222,-75.2929,0,4,4,0,3,2,2,0,2021,7,6,1,12,3,2,6543.555,2.0,4,4,1.0,14,33,1198.0,0.4163957561048339,64.5277082827427,54.81923918061985,7.110606213217925,631.610706196506,3028.2291220556745,8511.426,1445.3929999999996,2008.516,5057.516999999999,1879.579,6631.846999999998,22.08300935706896,LEVE,2
6,0,14,2,2,4,-12.0304145,-77.0238564,0,3,8,1,2,2,2,2,2021,7,6,1,13,3,0,6543.555,2.0,4,4,1.0,14,33,1198.0,0.7300036506368504,80.21724456394445,75.11639588359114,10.636845733066124,1559.041185521695,156759.78800856532,7626.313,1683.4029999999998,1599.0829999999996,4343.827000000001,1814.875,5811.438000000001,23.797541485643197,LEVE,2
1,0,21,2,4,1,-5.907573,-77.324103,0,4,7,1,2,2,2,0,2021,7,6,1,15,3,1,7758.33400008,2.0,2,0,1.0,9,20,2133.0,0.4789759027469384,73.43778249935497,54.01635312204597,6.285279694551369,847.2910954428505,47552.6295503212,5645.136,815.0759999999999,965.298,3864.762,1013.406,4631.73,17.95184385283189,LEVE,2
6,1,7,0,4,0,-13.657442,-71.923325,0,4,5,0,7,2,2,0,2021,7,6,1,18,2,2,6543.555,2.0,4,4,1.0,14,33,1198.0,0.2668637127112817,63.43982414235539,60.63546432961729,4.616570958347593,245.8510767443306,1930.7066381156317,17779.13499998999,2097.3709999899997,2863.123,12818.640999999989,2878.713,14900.421999989989,16.19152450331032,LEVE,2
0,1,6,2,4,1,-11.994312950467313,-77.1259433100459,0,2,7,1,2,1,1,4,2021,7,6,1,20,2,0,139.23,-1.0,2,0,0.0,9,32,69.0,0.5563774842369664,77.00938809632027,69.10246351364754,8.476961866273152,914.8835608305218,27932.19700214133,51.58600000000001,44.68700000000001,6.899000000000001,0.0,49.838000000000015,1.748,96.61148373589734,LEVE,2
3,2,21,0,4,1,-6.517511240967366,-76.3615952657631,0,4,7,0,2,0,1,2,2021,7,0,0,3,0,1,7758.33400008,2.0,2,0,1.0,9,20,2133.0,0.5922286793787175,72.59477240316922,67.39355678691273,8.909919415857164,1146.168364233512,47338.141327623125,5645.136,815.0759999999999,965.298,3864.762,1013.406,4631.73,17.95184385283189,LEVE,2
3,2,1,0,4,1,-9.234413370363791,-78.44856350500798,0,4,7,1,2,2,2,0,2021,7,0,0,4,0,2,6543.555,3.0,2,0,1.0,0,30,1475.0,0.568820669072786,79.34476661557915,55.60978448774673,7.574555719773437,1088.2848331088856,15652.0278372591,10767.648,1885.0630000000003,1222.721,7659.864000000001,2100.343,8667.305000000002,19.506051832303577,LEVE,2
3,2,3,0,4,1,-15.758273,-70.965986,0,4,7,0,2,0,1,0,2021,7,0,0,6,1,0,1504.4250000000002,2.0,2,0,1.0,7,25,241.0,0.4498224071382834,81.63336343193146,58.84842497065013,5.774685730039019,620.6584683449911,1358.612419700214,10322.272,1495.236,1749.739,7077.2970000000005,2886.595,7435.677000000001,27.964725207783708,GRAVE_MORTALIDAD,1
3,4,10,0,4,1,-14.215792,-75.709245,0,4,0,1,2,1,1,0,2021,7,0,0,8,1,0,6639.975,2.0,2,0,1.0,9,31,1616.0,0.6261042306271147,80.48505954362174,76.55712631348362,9.341715591523595,1061.002261282891,31419.372591006424,3721.461,698.1859999999996,744.866,2278.409,1102.9029999999996,2618.558,29.636290693359403,LEVE,2
3,2,12,0,4,1,-7.320172,-79.370243,0,4,7,1,2,2,2,2,2021,7,0,0,9,1,0,887.28,2.0,2,0,1.0,8,17,155.0,0.5885704819472196,78.81449187577415,72.29060549742594,8.763210867480462,976.1586325354776,48424.389721627405,8931.828000000005,1335.5899999999997,1935.9830000000004,5660.255000000005,1219.309,7712.519000000005,13.651281686122925,LEVE,2
6,1,3,0,4,3,-15.75,-73.787,0,4,2,0,7,2,2,0,2021,7,0,0,10,1,0,6543.555,2.0,4,4,1.0,14,33,1198.0,0.6631877816162056,85.0,62.38032208961896,9.195113194516647,1296.462734377275,5426.683083511777,10322.272,1495.236,1749.739,7077.2970000000005,2886.595,7435.677000000001,27.964725207783708,GRAVE_MORTALIDAD,1
6,1,7,0,4,2,-13.24952,-71.89265,0,4,7,1,2,1,1,2,2021,7,0,0,12,3,2,6543.555,2.0,4,4,1.0,14,33,1198.0,0.4562958894633943,70.99144093489087,58.8848672914879,7.768452023359112,649.1045217688833,23833.353319057816,17779.13499998999,2097.3709999899997,2863.123,12818.640999999989,2878.713,14900.421999989989,16.19152450331032,LEVE,2
6,1,8,0,4,3,-13.2544,-75.2749,7,4,5,0,1,2,2,0,2021,7,0,0,13,3,2,6543.555,2.0,4,4,1.0,14,33,1198.0,0.4163957561048339,64.5277082827427,54.81923918061985,7.110606213217925,631.610706196506,3028.2291220556745,8511.426,1445.3929999999996,2008.516,5057.516999999999,1879.579,6631.846999999998,22.08300935706896,GRAVE_LESIONADOS,0
3,0,14,0,2,4,-12.0580984,-77.0159842,0,3,7,1,2,2,2,2,2021,7,0,0,14,3,0,6543.555,2.0,4,4,1.0,14,33,1198.0,0.7646845961658533,80.23682119426338,77.96082737891015,12.014176158371615,1633.787715186093,250806.0877944326,7626.313,1683.4029999999998,1599.0829999999996,4343.827000000001,1814.875,5811.438000000001,23.797541485643197,LEVE,2
3,2,11,0,4,1,-10.893806921559912,-74.93667564283874,5,4,7,1,2,2,2,0,2021,7,0,0,14,3,2,5768.608,2.0,3,1,0.0,9,32,365.0,0.4295860411633357,74.52920034355449,56.24873272101314,6.697659727647938,572.4658040665552,73767.52890792291,12264.545,1826.4639999999995,1105.5389999999998,9332.542,1588.5359999999996,10676.009,12.952261987705208,GRAVE_MORTALIDAD,1
3,2,5,0,4,1,-7.280169,-78.588818,0,4,7,1,2,1,1,0,2021,7,0,0,16,3,2,887.28,2.0,2,0,1.0,8,17,155.0,0.3499131122933449,74.39401817945264,56.6280544824882,4.625294965690104,417.1826098657696,8462.284796573875,15935.565011852366,1733.9250000199986,935.692,13265.948011832368,2000.1670000199988,13935.398011832369,12.551591352627522,GRAVE_MORTALIDAD,1
0,0,14,2,2,4,-12.0197036,-76.9007886,0,0,7,1,2,2,2,4,2021,7,0,0,19,2,0,6543.555,2.0,4,4,1.0,14,33,1198.0,0.6868549636939637,79.62363164345142,76.30894566128948,9.209137883551294,1425.4498631666322,684921.8484148846,7626.313,1683.4029999999998,1599.0829999999996,4343.827000000001,1814.875,5811.438000000001,23.797541485643197,GRAVE_MORTALIDAD,1
1,0,13,0,4,1,-6.7432016,-79.8756589,0,2,7,1,2,2,2,0,2021,7,0,0,22,2,0,6543.555,3.0,2,0,1.0,0,30,1475.0,0.582874900209372,79.91553229957624,74.28629633563499,9.98490789682274,850.0456977651463,50544.90364025696,3459.691,515.0619999999999,689.7280000000001,2254.901,703.3549999999999,2756.336,20.329994788551925,LEVE,2
6,1,2,0,4,0,-14.338654539436444,-72.90138831482322,0,4,0,0,7,2,2,6,2021,7,1,0,7,1,2,6543.555,2.0,4,4,1.0,14,33,1198.0,0.4158052748576591,59.71909824794018,47.24475152837385,7.126353515118808,762.4817691256368,1659.3319057815847,8358.971,1282.451,1298.0969999999998,5778.423,1432.683,6926.288,17.139466089785454,LEVE,2
0,1,14,2,2,4,-12.05899008,-77.071171,0,3,7,1,2,0,0,2,2021,7,1,0,7,1,0,6543.555,2.0,4,4,1.0,14,33,1198.0,0.7646845961658533,80.23682119426338,77.96082737891015,12.014176158371615,1633.787715186093,250806.0877944326,7626.313,1683.4029999999998,1599.0829999999996,4343.827000000001,1814.875,5811.438000000001,23.797541485643197,LEVE,2
3,2,20,0,4,1,-16.314404199339357,-69.26494716577756,0,4,7,1,2,2,2,2,2021,7,1,0,7,1,2,7586.903,2.0,2,0,1.0,9,5,1198.0,0.3165090894545869,72.969641049674,69.1278394147308,6.0160374778788,250.7872170233644,13778.516059957172,13642.312999999998,2020.7790000000005,2354.117,9267.416999999998,3314.0520000000006,10328.260999999997,24.29244952817019,LEVE,2
7,0,8,0,4,0,-14.0548579,-74.9788585,0,4,5,0,7,2,2,0,2021,7,1,0,11,1,2,6543.555,2.0,4,4,1.0,14,33,1198.0,0.2892939584404536,68.75722754747437,64.1127472960185,6.241259353632154,217.74915591105628,471.0235546038544,8511.426,1445.3929999999996,2008.516,5057.516999999999,1879.579,6631.846999999998,22.08300935706896,LEVE,2
3,2,24,2,6,4,-8.399637780653611,-74.53477976385207,0,4,1,0,4,0,0,2,2021,7,1,0,19,2,1,6543.555,2.0,4,4,1.0,14,33,1198.0,0.5048289012052631,74.26852852755593,51.418945258319546,8.086096929474675,844.511953711721,88653.74479166667,2689.139,392.697,1311.5319999999997,984.91,261.598,2427.541,9.727946379863592,LEVE,2
7,0,2,2,4,2,-13.33448,-73.737493,0,4,7,1,1,2,2,2,2021,7,2,0,8,1,2,6543.555,2.0,4,4,1.0,14,33,1198.0,0.3687692793347881,69.59860754967796,73.14728972174629,6.12358991329654,387.3983639098725,8149.610278372591,8358.971,1282.451,1298.0969999999998,5778.423,1432.683,6926.288,17.139466089785454,LEVE,2
6,1,13,0,4,1,-6.017674981373157,-79.68494826132546,0,4,7,1,2,1,1,2,2021,7,2,0,9,1,0,1305.18,2.0,2,0,1.0,1,20,163.0,0.4974674218418852,75.93907983080418,58.3357972839862,7.69595447676265,761.2908213145297,28734.96573875803,3459.691,515.0619999999999,689.7280000000001,2254.901,703.3549999999999,2756.336,20.329994788551925,LEVE,2
0,1,12,0,3,4,-8.446464,-78.737754,0,4,1,1,7,2,2,2,2021,7,2,0,10,1,0,6543.555,2.0,4,4,1.0,14,33,1198.0,0.5051395598219868,77.13285387085847,51.52067479184955,6.715328807318118,900.900383457586,67612.41755888652,8931.828000000005,1335.5899999999997,1935.9830000000004,5660.255000000005,1219.309,7712.519000000005,13.651281686122925,LEVE,2
6,1,5,0,4,2,-7.092547,-78.521681,0,4,2,0,1,1,0,1,2021,7,2,0,17,3,2,6543.555,2.0,4,4,1.0,14,33,1198.0,0.4873182795359782,74.24096566709692,64.6877883123536,6.6248391576573376,776.4319899416191,48280.91862955032,15935.565011852366,1733.9250000199986,935.692,13265.948011832368,2000.1670000199988,13935.398011832369,12.551591352627522,GRAVE_MORTALIDAD,1
1,1,6,2,4,1,-11.91642125254102,-77.1289141925749,0,2,2,0,2,1,1,0,2021,7,2,0,18,2,0,139.23,-1.0,2,0,0.0,9,32,69.0,0.5563774842369664,77.00938809632027,69.10246351364754,8.476961866273152,914.8835608305218,27932.19700214133,51.58600000000001,44.68700000000001,6.899000000000001,0.0,49.838000000000015,1.748,96.61148373589734,LEVE,2
0,1,14,2,2,4,-12.0532414,-76.9632317,0,0,1,1,2,0,0,2,2021,7,2,0,18,2,0,6543.555,2.0,4,4,1.0,14,33,1198.0,0.7347309224519117,80.70014842215761,76.47981423089655,10.519505095866096,1571.8150981252256,229834.5310492505,7626.313,1683.4029999999998,1599.0829999999996,4343.827000000001,1814.875,5811.438000000001,23.797541485643197,LEVE,2
1,1,14,0,4,1,-11.159255736074789,-77.59199499462859,6,5,6,2,6,2,2,0,2021,7,2,0,23,2,0,6543.555,3.0,2,0,1.0,0,30,1475.0,0.7327345537337897,78.20903814342847,76.31492653513806,13.642917835589472,1405.6698219039215,62016.21841541756,7626.313,1683.4029999999998,1599.0829999999996,4343.827000000001,1814.875,5811.438000000001,23.797541485643197,LEVE,2
0,0,14,2,4,1,-12.018492884416814,-77.05971127194398,0,0,7,1,2,2,2,0,2021,7,3,0,4,0,0,6543.555,3.0,2,0,1.0,0,30,1475.0,0.7419979630670723,80.31822295927182,79.00446395716813,11.084203715652809,1554.6868971011318,739416.2413542903,7626.313,1683.4029999999998,1599.0829999999996,4343.827000000001,1814.875,5811.438000000001,23.797541485643197,LEVE,2
3,2,1,0,4,0,-9.157355415991582,-78.30201765267253,0,4,7,1,2,2,2,2,2021,7,3,0,5,0,2,6543.555,2.0,4,4,1.0,14,33,1198.0,0.568820669072786,79.34476661557915,55.60978448774673,7.574555719773437,1088.2848331088856,15652.0278372591,10767.648,1885.0630000000003,1222.721,7659.864000000001,2100.343,8667.305000000002,19.506051832303577,LEVE,2
3,1,20,0,4,0,-16.362010974940993,-69.04291336339008,0,4,7,1,2,2,2,2,2021,7,3,0,15,3,2,6543.555,2.0,4,4,1.0,14,33,1198.0,0.2011806987824594,74.4889763180483,60.64537303940179,4.894288830644689,101.9396676572386,4207.04710920771,13642.312999999998,2020.7790000000005,2354.117,9267.416999999998,3314.0520000000006,10328.260999999997,24.29244952817019,LEVE,2
6,1,21,0,4,1,-6.031427,-77.206819,0,4,7,1,2,2,2,6,2021,7,3,0,15,3,1,7758.33400008,2.0,2,0,1.0,9,20,2133.0,0.5963332411867256,73.80959983510441,63.34953560123128,8.251886446437874,1232.7304200473363,24031.167023554604,5645.136,815.0759999999999,965.298,3864.762,1013.406,4631.73,17.95184385283189,LEVE,2
3,2,12,2,4,2,-8.104748,-79.019586,0,3,1,1,2,2,2,2,2021,7,3,0,22,2,0,6543.555,2.0,4,4,1.0,14,33,1198.0,0.7151155191839451,79.57652607829836,77.25576500264712,11.809756866444314,1377.9438475528384,331253.00214132766,8931.828000000005,1335.5899999999997,1935.9830000000004,5660.255000000005,1219.309,7712.519000000005,13.651281686122925,LEVE,2
3,0,14,2,2,4,-12.029194,-77.076803,0,1,1,1,2,2,2,2,2021,7,4,0,7,1,0,6543.555,2.0,4,4,1.0,14,33,1198.0,0.7419979630670723,80.31822295927182,79.00446395716813,11.084203715652809,1554.6868971011318,739416.2413542903,7626.313,1683.4029999999998,1599.0829999999996,4343.827000000001,1814.875,5811.438000000001,23.797541485643197,LEVE,2
3,1,16,2,6,4,-12.586208882298934,-69.19292979405877,6,5,6,2,6,2,2,0,2021,7,4,0,8,1,1,6543.555,2.0,4,4,1.0,14,33,1198.0,0.6331639735785386,72.20641129524063,67.6175404202189,10.029362591344883,1305.419538589062,88506.68094218415,2090.391,399.431,340.021,1350.9389999999996,493.824,1596.5669999999996,23.62352306338862,LEVE,2
0,1,19,0,4,1,-4.624891353749046,-79.95898957912434,0,4,7,0,2,1,1,0,2021,7,4,0,14,3,0,480.154,-1.0,5,2,0.0,9,32,52.0,0.2858884874702473,69.80492445031082,34.63543908762015,4.870297175260726,316.8551939994012,10277.173447537472,8965.846000060003,1782.4120000599992,636.9959999999999,6546.438000000004,2214.505000059999,6751.341000000004,24.699342371541725,LEVE,2
0,1,3,2,4,0,-16.439212,-71.571189,0,0,7,1,2,0,1,0,2021,7,4,0,16,3,0,6543.555,2.0,4,4,1.0,14,33,1198.0,0.6855214685752905,77.55287024349596,78.52978455751916,11.09515988146928,1299.5425610685809,22541.235546038544,10322.272,1495.236,1749.739,7077.2970000000005,2886.595,7435.677000000001,27.964725207783708,LEVE,2
1,0,6,2,4,1,-11.988771741260638,-77.12541766532088,0,3,7,1,7,2,2,0,2021,7,4,0,18,2,0,139.23,-1.0,2,0,0.0,9,32,69.0,0.5563774842369664,77.00938809632027,69.10246351364754,8.476961866273152,914.8835608305218,27932.19700214133,51.58600000000001,44.68700000000001,6.899000000000001,0.0,49.838000000000015,1.748,96.61148373589734,LEVE,2
6,0,14,2,2,4,-12.216319369506603,-76.96818478841601,0,3,1,1,2,2,2,2,2021,7,5,1,1,0,0,6543.555,2.0,4,4,1.0,14,33,1198.0,0.6990481232857558,80.14597904142546,74.3851677794309,10.004397644056358,1432.5044292531525,459161.0728051392,7626.313,1683.4029999999998,1599.0829999999996,4343.827000000001,1814.875,5811.438000000001,23.797541485643197,LEVE,2
6,1,8,0,4,1,-13.4521672174203,-74.9973989385413,5,4,0,0,2,1,1,0,2021,7,5,1,4,0,2,1679.5849999999998,2.0,2,3,1.0,9,24,315.0,0.2997946406100768,72.83003345209801,46.42647217987546,4.997510303405721,292.6881439974165,3327.8779443254816,8511.426,1445.3929999999996,2008.516,5057.516999999999,1879.579,6631.846999999998,22.08300935706896,LEVE,2
3,2,21,0,4,1,-6.31581427443118,-76.7068584524363,0,4,0,0,2,0,1,2,2021,7,5,1,8,1,1,7758.33400008,2.0,2,0,1.0,9,20,2133.0,0.3395784981351988,71.02010551104725,44.75188012112102,5.086470241787386,426.0342434715467,13392.387580299788,5645.136,815.0759999999999,965.298,3864.762,1013.406,4631.73,17.95184385283189,LEVE,2
1,1,6,2,4,1,-12.001538390304228,-77.12682896429786,0,2,7,1,2,2,2,2,2021,7,5,1,19,2,0,139.23,-1.0,2,0,0.0,9,32,69.0,0.5563774842369664,77.00938809632027,69.10246351364754,8.476961866273152,914.8835608305218,27932.19700214133,51.58600000000001,44.68700000000001,6.899000000000001,0.0,49.838000000000015,1.748,96.61148373589734,LEVE,2
4,1,15,2,2,4,-3.748306935464136,-73.2589226315963,0,0,7,1,2,2,2,0,2021,7,6,1,4,0,1,6543.555,2.0,4,4,1.0,14,33,1198.0,0.6598204400488458,74.39325093062702,69.69813044898703,12.74033149882924,1208.8057293272177,145540.50535331905,1095.5949999999998,128.87099999999998,320.74700000000007,645.9769999999999,274.214,821.381,25.02877431897737,LEVE,2
0,1,14,2,4,1,-11.11998170758802,-77.59402055291598,0,4,1,1,2,1,0,4,2021,7,6,1,4,0,0,6543.555,3.0,2,0,1.0,0,30,1475.0,0.7327345537337897,78.20903814342847,76.31492653513806,13.642917835589472,1405.6698219039215,62016.21841541756,7626.313,1683.4029999999998,1599.0829999999996,4343.827000000001,1814.875,5811.438000000001,23.797541485643197,LEVE,2
0,1,22,0,4,1,-17.876742,-70.451452,0,4,7,1,2,2,2,4,2021,7,6,1,4,0,0,6639.975,2.0,2,0,1.0,9,31,1616.0,0.5526222945995614,74.2498786138685,70.50025041365525,8.75355945120394,897.5682559826355,2956.51391862955,2650.572,630.6729999999998,487.3610000000001,1532.5379999999998,1068.7019999999998,1581.87,40.31967439480987,LEVE,2
6,1,11,0,4,0,-11.95518,-75.04378,0,4,2,1,1,1,0,2,2021,7,6,1,8,1,2,6543.555,2.0,4,4,1.0,14,33,1198.0,0.6083413875375813,71.66982597817598,76.35118091119013,11.05243180238688,1046.538532645036,119236.36616702356,12264.545,1826.4639999999995,1105.5389999999998,9332.542,1588.5359999999996,10676.009,12.952261987705208,GRAVE_LESIONADOS,0
6,1,3,0,4,2,-15.50927,-71.49057,0,4,0,0,7,2,2,0,2021,7,6,1,10,1,0,6543.555,2.0,4,4,1.0,14,33,1198.0,0.504201394400792,81.0037638931836,48.618454864887454,6.545462437272208,874.7836425945848,583.8072805139186,10322.272,1495.236,1749.739,7077.2970000000005,2886.595,7435.677000000001,27.964725207783708,LEVE,2
3,1,19,0,4,1,-4.228173353940337,-81.17287156157471,0,4,5,0,2,1,1,0,2021,7,6,1,12,3,0,6543.555,3.0,2,0,1.0,0,30,1475.0,0.5751392337522091,77.97866676358052,65.54938395169397,9.442353539970531,929.1954080088152,7348.017130620985,8965.846000060003,1782.4120000599992,636.9959999999999,6546.438000000004,2214.505000059999,6751.341000000004,24.699342371541725,LEVE,2
3,2,14,0,4,0,-10.730304082998613,-77.77765093308459,0,4,0,1,2,2,2,0,2021,7,6,1,15,3,0,6543.555,2.0,4,4,1.0,14,33,1198.0,0.6351794046894105,80.8024412070713,71.35332766738335,9.404359888374977,1133.7779214188106,74926.62740899358,7626.313,1683.4029999999998,1599.0829999999996,4343.827000000001,1814.875,5811.438000000001,23.797541485643197,LEVE,2
6,1,12,0,4,0,-8.152446,-78.172287,0,4,7,1,1,2,2,2,2021,7,6,1,17,3,0,6543.555,2.0,4,4,1.0,14,33,1198.0,0.3206757529914507,75.21333323806027,45.341846366223095,5.318686972331122,324.76888338207965,18794.94860813704,8931.828000000005,1335.5899999999997,1935.9830000000004,5660.255000000005,1219.309,7712.519000000005,13.651281686122925,LEVE,2
1,1,1,0,4,0,-9.994870343345976,-77.87472804855625,0,4,0,0,2,2,2,0,2021,7,6,1,18,2,2,6543.555,2.0,4,4,1.0,14,33,1198.0,0.594329796273136,79.51274210494626,67.23963656911357,9.093808711905876,1004.1856289962402,25729.80728051392,10767.648,1885.0630000000003,1222.721,7659.864000000001,2100.343,8667.305000000002,19.506051832303577,LEVE,2
6,1,5,0,4,3,-6.609316,-78.772981,0,4,0,0,2,2,2,6,2021,7,6,1,19,2,2,6543.555,2.0,4,4,1.0,14,33,1198.0,0.2536389127171833,69.22493950552092,19.713810345768103,5.267587349880066,283.7102906674192,1251.8415417558886,15935.565011852366,1733.9250000199986,935.692,13265.948011832368,2000.1670000199988,13935.398011832369,12.551591352627522,LEVE,2
3,0,14,2,2,4,-11.749137125445165,-76.96752013826908,0,3,7,1,2,2,2,2,2021,7,6,1,19,2,0,6543.555,2.0,4,4,1.0,14,33,1198.0,0.6498693508177541,78.84967382596041,74.11456675539837,9.21786785255454,1246.479589064551,356854.23554603854,7626.313,1683.4029999999998,1599.0829999999996,4343.827000000001,1814.875,5811.438000000001,23.797541485643197,LEVE,2
5,1,14,0,4,1,-10.92706561404527,-77.6518670560507,6,5,6,2,6,2,2,0,2021,7,6,1,19,2,0,6543.555,3.0,2,0,1.0,0,30,1475.0,0.6058977644686256,75.86009868534626,65.24867654925505,8.328201694517173,1216.0018080234922,26242.524625267662,7626.313,1683.4029999999998,1599.0829999999996,4343.827000000001,1814.875,5811.438000000001,23.797541485643197,LEVE,2
1,0,3,2,4,1,-16.3122898,-71.6097602,0,0,7,0,2,0,1,0,2021,7,6,1,23,2,0,1504.4250000000002,2.0,2,0,1.0,7,25,241.0,0.6411767862503931,77.2408324916572,78.204125011303,10.595705083047717,1107.223861768016,193412.3169164882,10322.272,1495.236,1749.739,7077.2970000000005,2886.595,7435.677000000001,27.964725207783708,LEVE,2
6,1,5,2,4,1,-7.16536638,-78.4903542,0,1,7,1,2,2,2,2,2021,7,0,0,4,0,2,2760.8550000000005,1.0,1,3,0.0,9,32,1208.0,0.6070175276741574,73.19224654097276,74.29530430690215,9.490386956642766,1117.141592366869,257380.9443254818,15935.565011852366,1733.9250000199986,935.692,13265.948011832368,2000.1670000199988,13935.398011832369,12.551591352627522,LEVE,2