CLASE SINIESTRO,CANTIDAD DE VEHICULOS DAÑADOS,DEPARTAMENTO,ZONA,TIPO DE VÍA,RED VIAL,COORDENADAS LATITUD,COORDENADAS  LONGITUD,CONDICIÓN CLIMÁTICA,ZONIFICACIÓN,CARACTERÍSTICAS DE VÍA,PERFIL LONGITUDINAL VÍA,SUPERFICIE DE CALZADA,¿EXISTE SEÑAL VERTICAL?,¿EXISTE SEÑAL HORIZONTAL?,CAUSA FACTOR PRINCIPAL,AÑO,MES,DIA_SEMANA,ES_FIN_SEMANA,HORA_NUM,FRANJA_HORARIA,REGION_NATURAL,MTC_RVN_LONGITUD_KM,MTC_RVN_N_CARRILES_MEDIANA,MTC_RVN_SUPERFICIE_DOMINANTE,MTC_RVN_ESTADO_DOMINANTE,MTC_RVN_ES_CONCESIONADA,MTC_RVN_CONCESION_PRINCIPAL,MTC_RVN_CORREDOR_LOGISTICO,MTC_RVN_N_TRAMOS,IDH_2019,IDH_ESP_VIDA_2019,IDH_EDUC_SECUND_PCT_2019,IDH_ANIOS_EDUC_2019,IDH_INGRESO_PERCAP_2019,IDH_POBLACION_2019,MTC_DEP_RED_TOTAL_KM,MTC_DEP_NACIONAL_TOTAL_KM,MTC_DEP_DEPARTAMENTAL_TOTAL_KM,MTC_DEP_VECINAL_TOTAL_KM,MTC_DEP_PAV_TOTAL_KM,MTC_DEP_NO_PAV_TOTAL_KM,MTC_DEP_PCT_PAVIMENTADA,CATEGORIA_SEVERIDAD,CATEGORIA_SEVERIDAD_ENC
1,1,9,0,4,1,-10.076634,-76.218674,0,4,7,1,2,2,2,0,2021,7,0,0,8,1,2,9936.932,2.0,2,0,1.0,9,32,3830.0,0.4099761862104573,75.21754572690584,49.32523159637682,4.993439572064588,644.3528377665261,5708.92505353319,8209.057,1333.4779999999996,791.9770000000001,6083.602,1059.8589999999997,7149.198,12.910849565303296,LEVE,2
3,3,12,0,4,1,-7.414561,-79.549833,0,4,7,1,2,2,2,2,2021,7,0,0,8,1,0,6543.555,3.0,2,0,1.0,0,30,1475.0,0.5968586479601472,81.56479096531379,74.23398565025978,9.72444636404026,898.7633596995952,27553.955032119917,8931.828000000005,1335.5899999999997,1935.9830000000004,5660.255000000005,1219.309,7712.519000000005,13.651281686122925,LEVE,2
2,1,6,2,4,1,-11.944257565480138,-77.13135089364027,0,2,7,1,2,1,1,2,2021,7,0,0,11,1,0,139.23,-1.0,2,0,0.0,9,32,69.0,0.5563774842369664,77.00938809632027,69.10246351364754,8.476961866273152,914.8835608305218,27932.19700214133,51.58600000000001,44.68700000000001,6.899000000000001,0.0,49.838000000000015,1.748,96.61148373589734,LEVE,2
3,2,1,0,4,1,-8.65878291287488,-78.26001658413668,0,4,0,0,2,2,2,0,2021,7,0,0,16,3,2,339.39500000000004,2.0,2,3,0.0,9,9,100.0,0.6138280897610826,78.84695742989106,71.99259200326753,9.438855747011283,1055.78291711923,196830.83083511775,10767.648,1885.0630000000003,1222.721,7659.864000000001,2100.343,8667.305000000002,19.506051832303577,LEVE,2
0,1,17,2,4,1,-17.674146,-71.362063,0,0,7,0,2,1,0,2,2021,7,0,0,19,2,0,1926.94,2.0,2,0,1.0,9,32,393.0,0.6831569654189188,78.20298093881752,73.06967658016572,10.671817350138191,1346.7860056613883,68663.72805139187,2949.174,470.28500000000025,903.055,1575.834,866.4460000000004,2082.728,29.37927704503025,LEVE,2
6,1,9,0,4,0,-9.925061,-76.36229,0,4,0,0,1,2,2,2,2021,7,0,0,23,2,2,6543.555,2.0,4,4,1.0,14,33,1198.0,0.5563774842369664,77.00938809632027,69.10246351364754,8.476961866273152,914.8835608305218,27932.19700214133,8209.057,1333.4779999999996,791.9770000000001,6083.602,1059.8589999999997,7149.198,12.910849565303296,LEVE,2
0,0,14,2,2,4,-11.98885388113522,-77.05678408991467,0,3,1,1,2,2,2,6,2021,7,2,0,10,1,0,6543.555,2.0,4,4,1.0,14,33,1198.0,0.6853375063928137,80.04346891299102,76.32428568750537,8.817291636093138,1443.328322024431,217176.83083511775,7626.313,1683.4029999999998,1599.0829999999996,4343.827000000001,1814.875,5811.438000000001,23.797541485643197,LEVE,2
3,0,14,2,4,1,-11.996599900441687,-77.1126382063782,0,3,7,1,2,2,2,2,2021,7,2,0,13,3,0,50.53,2.0,2,3,1.0,9,32,128.0,0.7419979630670723,80.31822295927182,79.00446395716813,11.084203715652809,1554.6868971011318,739416.2413542903,7626.313,1683.4029999999998,1599.0829999999996,4343.827000000001,1814.875,5811.438000000001,23.797541485643197,GRAVE_MORTALIDAD,1
3,2,3,2,4,2,-16.3632625,-72.1897345,0,3,1,0,2,2,2,0,2021,7,2,0,13,3,0,6543.555,2.0,4,4,1.0,14,33,1198.0,0.6077843615696785,76.53072135400231,69.81276959706165,8.77367759087771,1135.5159013374655,74658.55888650964,10322.272,1495.236,1749.739,7077.2970000000005,2886.595,7435.677000000001,27.964725207783708,LEVE,2
0,1,6,2,4,1,-12.044608902861452,-77.12655512713319,0,2,7,1,2,1,1,4,2021,7,3,0,4,0,0,139.23,-1.0,2,0,0.0,9,32,69.0,0.5563774842369664,77.00938809632027,69.10246351364754,8.476961866273152,914.8835608305218,27932.19700214133,51.58600000000001,44.68700000000001,6.899000000000001,0.0,49.838000000000015,1.748,96.61148373589734,LEVE,2
6,1,7,0,4,1,-13.60481,-71.05254,0,4,7,1,2,1,1,2,2021,7,3,0,5,0,2,3263.58,2.0,2,0,1.0,5,18,566.0,0.2049706052549527,63.12869858831351,30.49288384590369,3.8435928225617033,194.4551977882597,4199.537473233405,17779.13499998999,2097.3709999899997,2863.123,12818.640999999989,2878.713,14900.421999989989,16.19152450331032,LEVE,2
3,2,19,0,4,1,-5.5149555,-80.8180217,0,4,7,1,2,1,1,0,2021,7,3,0,5,0,0,453.9549999999999,2.0,2,3,0.0,9,32,133.0,0.4860724693701166,72.15814961491549,57.86687952143938,7.507596134322599,781.8218439197168,48691.10064239828,8965.846000060003,1782.4120000599992,636.9959999999999,6546.438000000004,2214.505000059999,6751.341000000004,24.699342371541725,LEVE,2
0,0,14,2,2,4,-12.033012461127711,-76.93837525187416,0,3,1,1,2,2,2,2,2021,7,3,0,15,3,0,6543.555,2.0,4,4,1.0,14,33,1198.0,0.6868549636939637,79.62363164345142,76.30894566128948,9.209137883551294,1425.4498631666322,684921.8484148846,7626.313,1683.4029999999998,1599.0829999999996,4343.827000000001,1814.875,5811.438000000001,23.797541485643197,LEVE,2
6,1,18,0,4,2,-10.44022427507388,-76.1960974389186,6,5,6,2,6,2,2,0,2021,7,3,0,18,2,2,6543.555,2.0,4,4,1.0,14,33,1198.0,0.4981285444456174,73.76548557317464,76.97689831949727,8.867891396478598,640.6182339868061,7859.077087794432,3677.119863,564.5869999999999,910.845,2201.687863000001,590.8779999999998,3086.2418630000006,16.06904376290656,LEVE,2
3,2,14,0,4,1,-10.679559589668054,-77.7163400820985,5,4,7,1,2,2,2,0,2021,7,3,0,21,2,0,1031.172,-1.0,1,0,0.0,9,32,405.0,0.6089995249782627,83.27989923505345,68.21266463461673,7.753898352965485,1106.793700553604,19807.916488222698,7626.313,1683.4029999999998,1599.0829999999996,4343.827000000001,1814.875,5811.438000000001,23.797541485643197,LEVE,2
6,1,3,0,4,1,-16.65850694762996,-72.62754665518834,0,4,2,0,2,2,2,0,2021,7,3,0,23,2,0,6639.975,2.0,2,0,1.0,9,31,1616.0,0.6438160463426852,84.71218617950387,69.3595667037428,8.966372569949256,1152.2024707992498,16526.967880085653,10322.272,1495.236,1749.739,7077.2970000000005,2886.595,7435.677000000001,27.964725207783708,LEVE,2
6,1,24,2,6,4,-8.37840439214574,-74.5382397939836,0,0,7,1,4,0,1,2,2021,7,4,0,5,0,1,6543.555,2.0,4,4,1.0,14,33,1198.0,0.5634769861561197,73.0016356967691,60.42057392437736,9.668331643433834,987.6889044977592,126065.34475374733,2689.139,392.697,1311.5319999999997,984.91,261.598,2427.541,9.727946379863592,LEVE,2
0,1,12,0,4,1,-7.17782,-79.437801,0,0,7,1,2,2,2,2,2021,7,5,1,4,0,0,6543.555,3.0,2,0,1.0,0,30,1475.0,0.5114727232493018,78.60606800160349,61.153108160372966,6.422343227671115,862.4189512831092,24701.19700214133,8931.828000000005,1335.5899999999997,1935.9830000000004,5660.255000000005,1219.309,7712.519000000005,13.651281686122925,LEVE,2
6,0,14,2,4,1,-12.161923483339992,-76.98217035419115,0,3,7,1,2,2,2,2,2021,7,5,1,7,1,0,6639.975,2.0,2,0,1.0,9,31,1616.0,0.7289998534947872,80.50926319493618,76.9124822838204,10.358587270463827,1551.106643515347,384728.5117773019,7626.313,1683.4029999999998,1599.0829999999996,4343.827000000001,1814.875,5811.438000000001,23.797541485643197,LEVE,2
6,1,12,0,4,1,-7.879601,-78.115746,0,4,7,1,2,2,2,2,2021,7,5,1,11,1,0,9936.932,2.0,2,0,1.0,9,32,3830.0,0.3986882084754764,72.97869269132666,58.65435142755623,5.605762371496486,527.7120199980477,69564.29978586723,8931.828000000005,1335.5899999999997,1935.9830000000004,5660.255000000005,1219.309,7712.519000000005,13.651281686122925,GRAVE_MORTALIDAD,1
3,0,14,2,4,1,-11.7697199377438,-76.9776987730433,0,4,7,1,2,2,2,2,2021,7,5,1,16,3,0,1084.715,2.0,2,3,0.0,9,23,1025.0,0.6498693508177541,78.84967382596041,74.11456675539837,9.21786785255454,1246.479589064551,356854.23554603854,7626.313,1683.4029999999998,1599.0829999999996,4343.827000000001,1814.875,5811.438000000001,23.797541485643197,LEVE,2
3,2,3,0,4,1,-16.4900947,-71.8785765,0,4,0,0,2,0,1,0,2021,7,5,1,16,3,0,6639.975,2.0,2,0,1.0,9,31,1616.0,0.6105481451420971,78.10653088113892,68.35418098658066,8.411557426919764,1158.5430895193692,35025.678800856535,10322.272,1495.236,1749.739,7077.2970000000005,2886.595,7435.677000000001,27.964725207783708,LEVE,2
1,0,20,0,4,0,-16.25049676544932,-69.0628844972651,0,4,7,1,2,0,1,0,2021,7,5,1,18,2,2,6543.555,2.0,4,4,1.0,14,33,1198.0,0.4165447461855686,74.77127585660097,73.32833413464006,6.399479128468322,475.6850527085419,23516.528907922908,13642.312999999998,2020.7790000000005,2354.117,9267.416999999998,3314.0520000000006,10328.260999999997,24.29244952817019,LEVE,2
0,0,6,2,2,4,-11.989217770835008,-77.13327621323725,0,3,7,1,2,2,2,4,2021,7,5,1,21,2,0,6543.555,2.0,4,4,1.0,14,33,1198.0,0.5563774842369664,77.00938809632027,69.10246351364754,8.476961866273152,914.8835608305218,27932.19700214133,51.58600000000001,44.68700000000001,6.899000000000001,0.0,49.838000000000015,1.748,96.61148373589734,LEVE,2
3,2,11,0,4,1,-11.133637,-75.991793,0,4,3,1,4,2,2,2,2021,7,6,1,1,0,2,9936.932,2.0,2,0,1.0,9,32,3830.0,0.4881320822942266,69.77252062725891,66.90155244891845,8.731602231618444,707.3229618967232,6833.000000000002,12264.545,1826.4639999999995,1105.5389999999998,9332.542,1588.5359999999996,10676.009,12.952261987705208,LEVE,2
3,2,22,0,4,1,-17.912879,-70.25429,4,4,7,1,2,2,2,2,2021,7,6,1,4,0,0,1139.285,1.0,1,3,0.0,9,32,176.0,0.5247346827766403,77.18848313096647,75.55178983417426,9.056869377972824,693.9613625714486,37523.97002141328,2650.572,630.6729999999998,487.3610000000001,1532.5379999999998,1068.7019999999998,1581.87,40.31967439480987,LEVE,2
0,0,3,2,3,4,-16.324676,-71.610712,0,3,7,1,2,2,2,0,2021,7,6,1,10,1,0,6543.555,2.0,4,4,1.0,14,33,1198.0,0.6411767862503931,77.2408324916572,78.204125011303,10.595705083047717,1107.223861768016,193412.3169164882,10322.272,1495.236,1749.739,7077.2970000000005,2886.595,7435.677000000001,27.964725207783708,LEVE,2
10,1,5,0,4,3,-6.73783804,-79.07124715,0,4,0,0,1,2,2,0,2021,7,6,1,14,3,2,6543.555,2.0,4,4,1.0,14,33,1198.0,0.4107408298364635,70.5613358502723,41.35222319308916,6.140305307866689,667.7176567882257,9468.56102783726,15935.565011852366,1733.9250000199986,935.692,13265.948011832368,2000.1670000199988,13935.398011832369,12.551591352627522,LEVE,2
6,1,8,0,4,1,-13.36776,-75.753572,0,4,5,0,2,2,2,0,2021,7,6,1,16,3,2,1482.81,1.0,1,3,0.0,9,16,270.0,0.3411173070312999,59.28231177702783,46.11417699668435,7.126424301872526,446.7355805404694,1172.0728051391864,8511.426,1445.3929999999996,2008.516,5057.516999999999,1879.579,6631.846999999998,22.08300935706896,LEVE,2
1,1,14,0,4,2,-11.464279199986075,-77.14083009373078,6,5,6,2,6,2,2,0,2021,7,6,1,20,2,0,6543.555,2.0,4,4,1.0,14,33,1198.0,0.6447048661877788,79.92873744030881,69.7224229508107,9.344738893386534,1220.4608925685638,104439.11563169166,7626.313,1683.4029999999998,1599.0829999999996,4343.827000000001,1814.875,5811.438000000001,23.797541485643197,LEVE,2
3,2,20,0,4,1,-15.542887851004048,-70.11173133097323,7,4,7,1,2,2,2,2,2021,7,6,1,22,2,2,7586.903,2.0,2,0,1.0,9,5,1198.0,0.3646929504779869,74.39003066237748,63.71456574957328,5.594162012040831,387.0285253251433,5552.2119914346895,13642.312999999998,2020.7790000000005,2354.117,9267.416999999998,3314.0520000000006,10328.260999999997,24.29244952817019,GRAVE_LESIONADOS,0
6,1,9,0,4,0,-9.865217,-76.18641,0,4,0,0,1,2,2,2,2021,7,0,0,4,0,2,6543.555,2.0,4,4,1.0,14,33,1198.0,0.5893214510137008,71.4447473575629,72.32337284612903,10.150837002819635,1034.3742395251222,93514.90364025696,8209.057,1333.4779999999996,791.9770000000001,6083.602,1059.8589999999997,7149.198,12.910849565303296,GRAVE_MORTALIDAD,1
1,0,14,2,4,1,-12.27417798072395,-76.89269725178508,0,0,7,1,2,2,2,2,2021,7,0,0,5,0,0,6639.975,2.0,2,0,1.0,9,31,1616.0,0.6909236767275176,78.41626133969348,70.97436336767564,9.826485374940413,1476.8351947609171,95908.53319057816,7626.313,1683.4029999999998,1599.0829999999996,4343.827000000001,1814.875,5811.438000000001,23.797541485643197,LEVE,2
2,1,10,0,4,0,-14.2133552,-75.0935328,0,4,5,1,7,2,2,0,2021,7,0,0,14,3,0,6543.555,2.0,4,4,1.0,14,33,1198.0,0.5964318742532322,80.821058385652,83.03861999294111,8.823329767545246,912.1729330718274,1742.175588865096,3721.461,698.1859999999996,744.866,2278.409,1102.9029999999996,2618.558,29.636290693359403,LEVE,2
1,0,20,0,4,1,-16.15886424789081,-70.0763590190361,0,4,7,1,2,2,2,0,2021,7,0,0,18,2,2,779.525,2.0,2,0,1.0,7,26,163.0,0.3279226888241855,68.17036545870775,72.54908010508095,6.085205709416528,293.1898870593515,5184.3083511777295,13642.312999999998,2020.7790000000005,2354.117,9267.416999999998,3314.0520000000006,10328.260999999997,24.29244952817019,LEVE,2
6,1,7,0,4,0,-12.9618041157722,-71.4203391968539,2,4,0,0,7,2,2,2,2021,7,0,0,19,2,2,6543.555,2.0,4,4,1.0,14,33,1198.0,0.3612121566150602,62.7406214315804,65.88597983983321,5.981484630062685,454.3036246295292,5308.728051391863,17779.13499998999,2097.3709999899997,2863.123,12818.640999999989,2878.713,14900.421999989989,16.19152450331032,LEVE,2
6,1,22,0,4,1,-17.683828,-70.090605,0,4,7,0,2,2,2,2,2021,7,0,0,20,2,0,1139.285,1.0,1,3,0.0,9,32,176.0,0.34159615449674,80.4755871041024,54.62232246309788,6.981449958913746,273.033796312041,534.374732334047,2650.572,630.6729999999998,487.3610000000001,1532.5379999999998,1068.7019999999998,1581.87,40.31967439480987,LEVE,2
5,1,19,0,4,1,-4.845828788121268,-80.88498466459286,0,4,7,1,2,2,2,0,2021,7,0,0,21,2,0,6543.555,3.0,2,0,1.0,0,30,1475.0,0.5025299574090488,79.01836286278046,64.36359193150619,6.446953315269822,792.0987111400227,21809.66595289079,8965.846000060003,1782.4120000599992,636.9959999999999,6546.438000000004,2214.505000059999,6751.341000000004,24.699342371541725,LEVE,2
0,0,14,2,2,4,-12.040261600219106,-76.98175109999394,0,3,7,1,2,2,2,0,2021,7,1,0,0,0,0,6543.555,2.0,4,4,1.0,14,33,1198.0,0.6970617810314195,81.40501156526744,73.5715154770137,9.635174408411393,1428.892506292977,203379.9271948608,7626.313,1683.4029999999998,1599.0829999999996,4343.827000000001,1814.875,5811.438000000001,23.797541485643197,LEVE,2
3,0,1,0,4,1,-9.19170848429488,-78.46640674787727,0,4,7,1,2,2,2,0,2021,7,1,0,2,0,2,6543.555,3.0,2,0,1.0,0,30,1475.0,0.568820669072786,79.34476661557915,55.60978448774673,7.574555719773437,1088.2848331088856,15652.0278372591,10767.648,1885.0630000000003,1222.721,7659.864000000001,2100.343,8667.305000000002,19.506051832303577,LEVE,2
0,1,1,0,4,1,-9.426593350318022,-78.36302120525744,0,4,7,1,2,2,2,0,2021,7,1,0,3,0,2,6543.555,3.0,2,0,1.0,0,30,1475.0,0.5251751210310205,77.14627034141115,56.67845536974452,7.010859306686808,935.819648213232,1908.370449678801,10767.648,1885.0630000000003,1222.721,7659.864000000001,2100.343,8667.305000000002,19.506051832303577,LEVE,2
1,0,5,2,4,1,-7.613195,-78.053616,0,3,7,0,2,2,2,0,2021,7,1,0,7,1,2,9936.932,2.0,2,0,1.0,9,32,3830.0,0.4384361875352846,76.70622362399591,49.95411505521511,6.195115114275008,648.0811197287633,31678.2869379015,15935.565011852366,1733.9250000199986,935.692,13265.948011832368,2000.1670000199988,13935.398011832369,12.551591352627522,LEVE,2
6,1,1,0,4,1,-10.153448460439156,-77.43872082583397,0,4,0,0,2,1,1,2,2021,7,1,0,17,3,2,616.825,2.0,2,3,0.0,9,6,145.0,0.4531157308049352,69.6069712983507,58.76727661591375,7.129251453181916,691.8045311251692,1594.8458244111348,10767.648,1885.0630000000003,1222.721,7659.864000000001,2100.343,8667.305000000002,19.506051832303577,LEVE,2
3,4,11,0,4,0,-11.955375,-75.043765,0,0,7,1,2,2,2,2,2021,7,1,0,17,3,2,6543.555,2.0,4,4,1.0,14,33,1198.0,0.6083413875375813,71.66982597817598,76.35118091119013,11.05243180238688,1046.538532645036,119236.36616702356,12264.545,1826.4639999999995,1105.5389999999998,9332.542,1588.5359999999996,10676.009,12.952261987705208,GRAVE_MORTALIDAD,1
1,1,7,0,4,1,-13.674539,-71.669498,0,4,7,1,2,2,2,0,2021,7,1,0,19,2,2,7586.903,2.0,2,0,1.0,9,5,1198.0,0.4479676236050441,63.30882145145972,67.24479045772004,7.580797561744292,698.3309065509212,5653.304068522484,17779.13499998999,2097.3709999899997,2863.123,12818.640999999989,2878.713,14900.421999989989,16.19152450331032,LEVE,2
4,1,7,0,4,0,-12.951589,-71.416603,2,4,5,0,7,2,2,6,2021,7,1,0,23,2,2,6543.555,2.0,4,4,1.0,14,33,1198.0,0.3612121566150602,62.7406214315804,65.88597983983321,5.981484630062685,454.3036246295292,5308.728051391863,17779.13499998999,2097.3709999899997,2863.123,12818.640999999989,2878.713,14900.421999989989,16.19152450331032,LEVE,2
6,1,19,0,4,1,-5.44151,-80.81274,0,4,7,1,2,2,2,0,2021,7,1,0,23,2,0,453.9549999999999,2.0,2,3,0.0,9,32,133.0,0.4078315256639867,72.18782112824292,57.15393862397758,6.1289994455100185,544.340202434044,15803.916488222698,8965.846000060003,1782.4120000599992,636.9959999999999,6546.438000000004,2214.505000059999,6751.341000000004,24.699342371541725,LEVE,2
3,2,20,0,4,1,-16.1573249503931,-69.55000696037474,0,4,7,1,2,2,2,6,2021,7,2,0,5,0,2,7586.903,2.0,2,0,1.0,9,5,1198.0,0.4020198374784472,77.80062735845667,75.295761294875,7.279851651626652,372.63390314535104,50686.62526766595,13642.312999999998,2020.7790000000005,2354.117,9267.416999999998,3314.0520000000006,10328.260999999997,24.29244952817019,LEVE,2
6,1,1,0,4,2,-9.20773243099423,-77.63688304644421,0,4,7,0,7,2,2,2,2021,7,2,0,5,0,2,6543.555,2.0,4,4,1.0,14,33,1198.0,0.2940821281880119,82.72674988748675,56.65342118292595,3.838801858683472,263.4759839163978,1319.4132762312634,10767.648,1885.0630000000003,1222.721,7659.864000000001,2100.343,8667.305000000002,19.506051832303577,GRAVE_MORTALIDAD,1
3,0,14,2,4,1,-12.122129181041265,-76.97709000235113,0,3,7,1,2,2,2,2,2021,7,2,0,6,1,0,6639.975,2.0,2,0,1.0,9,31,1616.0,0.8017574897902351,80.48487267736287,78.74302427848284,13.156716040468266,1766.1488062170545,359776.608137045,7626.313,1683.4029999999998,1599.0829999999996,4343.827000000001,1814.875,5811.438000000001,23.797541485643197,LEVE,2
0,0,4,0,4,3,-13.062846,-74.229671,0,4,0,1,1,2,2,6,2021,7,2,0,9,1,2,6543.555,2.0,4,4,1.0,14,33,1198.0,0.3609714615164157,65.31453141123527,56.31150460185376,6.061297910637082,454.75880922161207,3411.385438972163,12678.733000000004,1805.074000000001,1774.0339999999994,9099.625000000004,2485.375000000001,10193.358000000002,19.602707936195205,LEVE,2
3,2,3,0,4,1,-17.140725,-71.801246,0,4,0,0,2,0,1,0,2021,7,2,0,18,2,0,1926.94,2.0,2,0,1.0,9,32,393.0,0.61639083938292,77.65150347430681,71.08229457479256,8.361097169993315,1182.892298685911,6725.137044967881,10322.272,1495.236,1749.739,7077.2970000000005,2886.595,7435.677000000001,27.964725207783708,LEVE,2
1,1,11,0,4,1,-11.8443335,-75.4282329,0,4,8,1,2,2,2,0,2021,7,3,0,3,0,2,196.88,2.0,2,0,1.0,3,32,35.0,0.5103724369507868,73.88155792233682,59.32015972008952,8.771792775786478,780.3419275036085,943.338329764454,12264.545,1826.4639999999995,1105.5389999999998,9332.542,1588.5359999999996,10676.009,12.952261987705208,LEVE,2
3,2,19,0,4,1,-5.144777,-80.697911,0,4,7,1,2,0,1,0,2021,7,3,0,6,1,0,6543.555,3.0,2,0,1.0,0,30,1475.0,0.5997462042553465,78.40793944726823,72.26811532412637,9.714064362322326,976.3169831713308,183875.0,8965.846000060003,1782.4120000599992,636.9959999999999,6546.438000000004,2214.505000059999,6751.341000000004,24.699342371541725,LEVE,2
6,2,8,0,4,1,-13.3719266755726,-74.9434985220271,0,4,7,1,2,1,1,0,2021,7,3,0,13,3,2,1679.5849999999998,2.0,2,3,1.0,9,24,315.0,0.2997946406100768,72.83003345209801,46.42647217987546,4.997510303405721,292.6881439974165,3327.8779443254816,8511.426,1445.3929999999996,2008.516,5057.516999999999,1879.579,6631.846999999998,22.08300935706896,LEVE,2
3,2,8,0,4,1,-13.088449,-74.622072,0,4,0,1,2,2,2,0,2021,7,3,0,15,3,2,943.58,1.0,1,0,0.0,9,32,135.0,0.3648777342527826,72.61386206398959,50.19709555656983,5.638488277525374,444.6393044914551,24733.083511777302,8511.426,1445.3929999999996,2008.516,5057.516999999999,1879.579,6631.846999999998,22.08300935706896,LEVE,2
3,1,20,0,4,0,-15.613763245685014,-69.9810861654625,0,4,7,1,2,2,2,2,2021,7,3,0,18,2,2,6543.555,2.0,4,4,1.0,14,33,1198.0,0.2886752467018767,70.36924972959979,63.68752373871576,6.450053665206414,206.72092593354532,8492.443254817987,13642.312999999998,2020.7790000000005,2354.117,9267.416999999998,3314.0520000000006,10328.260999999997,24.29244952817019,LEVE,2
1,1,11,0,4,1,-11.866267,-75.411093,0,4,7,1,2,2,2,0,2021,7,3,0,19,2,2,196.88,2.0,2,0,1.0,3,32,35.0,0.5133198537844352,70.28651371450412,78.22676770393541,8.69535658098749,751.7234024977862,1410.132762312634,12264.545,1826.4639999999995,1105.5389999999998,9332.542,1588.5359999999996,10676.009,12.952261987705208,LEVE,2
6,1,9,0,4,2,-9.7662,-76.10397,2,4,0,0,1,2,2,0,2021,7,3,0,19,2,2,6543.555,2.0,4,4,1.0,14,33,1198.0,0.3096549989431256,76.17431233061522,44.8813332706993,3.774794268602337,378.47949303176176,19256.764453961456,8209.057,1333.4779999999996,791.9770000000001,6083.602,1059.8589999999997,7149.198,12.910849565303296,GRAVE_LESIONADOS,0
3,2,3,2,4,1,-16.344685,-71.581465,0,0,7,0,2,2,2,0,2021,7,4,0,1,0,0,1504.4250000000002,2.0,2,0,1.0,7,25,241.0,0.6411767862503931,77.2408324916572,78.204125011303,10.595705083047717,1107.223861768016,193412.3169164882,10322.272,1495.236,1749.739,7077.2970000000005,2886.595,7435.677000000001,27.964725207783708,LEVE,2
3,2,24,2,7,4,-8.371674848315424,-74.55712254219883,0,0,1,1,4,1,1,2,2021,7,4,0,14,3,1,6543.555,2.0,4,4,1.0,14,33,1198.0,0.5478371208327225,74.17370407104559,60.31222796205821,9.40140543765922,905.3304073844272,113671.11777301929,2689.139,392.697,1311.5319999999997,984.91,261.598,2427.541,9.727946379863592,LEVE,2
0,1,13,0,4,1,-6.3369347926516175,-79.76568276892179,7,4,0,0,2,1,0,4,2021,7,4,0,15,3,0,1305.18,2.0,2,0,1.0,1,20,163.0,0.5059173540051534,75.20849370321716,65.55087882905781,7.516301845742602,777.5523013576318,18529.839400428264,3459.691,515.0619999999999,689.7280000000001,2254.901,703.3549999999999,2756.336,20.329994788551925,LEVE,2
3,2,1,0,4,0,-9.45896106255815,-77.15569725611024,0,4,7,0,2,2,2,0,2021,7,4,0,18,2,2,6543.555,2.0,4,4,1.0,14,33,1198.0,0.3794874893089032,76.648045412086,70.83872031210734,5.505732984554212,398.98076151385374,2725.843683083512,10767.648,1885.0630000000003,1222.721,7659.864000000001,2100.343,8667.305000000002,19.506051832303577,GRAVE_MORTALIDAD,1
3,0,14,2,2,4,-12.064318,-77.078369,0,0,7,1,2,2,2,0,2021,7,4,0,20,2,0,6543.555,2.0,4,4,1.0,14,33,1198.0,0.8224006497057281,80.32617651391924,76.66408959706945,12.77635923087604,1966.554093175902,146885.81156316918,7626.313,1683.4029999999998,1599.0829999999996,4343.827000000001,1814.875,5811.438000000001,23.797541485643197,LEVE,2
3,2,12,0,4,1,-7.397249,-79.557872,0,4,7,1,2,2,2,0,2021,7,5,1,12,3,0,6543.555,3.0,2,0,1.0,0,30,1475.0,0.5968586479601472,81.56479096531379,74.23398565025978,9.72444636404026,898.7633596995952,27553.955032119917,8931.828000000005,1335.5899999999997,1935.9830000000004,5660.255000000005,1219.309,7712.519000000005,13.651281686122925,LEVE,2
6,1,11,0,4,0,-12.50149,-75.48682,0,4,0,0,7,2,2,2,2021,7,5,1,18,2,2,6543.555,2.0,4,4,1.0,14,33,1198.0,0.483322424570533,75.24382293571482,69.92515554084734,6.526658003750349,723.8849477431705,1136.2419700214134,12264.545,1826.4639999999995,1105.5389999999998,9332.542,1588.5359999999996,10676.009,12.952261987705208,LEVE,2
1,0,20,0,4,0,-15.035550465919982,-70.0686228108176,0,4,7,1,2,2,2,6,2021,7,5,1,18,2,2,6543.555,2.0,4,4,1.0,14,33,1198.0,0.2802264991949283,67.6885708145784,69.46078341556253,5.724272917803432,209.01187823331705,6071.659528907924,13642.312999999998,2020.7790000000005,2354.117,9267.416999999998,3314.0520000000006,10328.260999999997,24.29244952817019,LEVE,2
10,1,2,2,4,1,-13.665293,-73.383853,0,4,0,0,2,1,0,2,2021,7,5,1,22,2,2,890.338,1.0,1,0,0.0,9,32,295.0,0.5127888132519094,75.56818459680073,75.23806976002929,8.476961866273152,698.0439852679892,48362.40899357601,8358.971,1282.451,1298.0969999999998,5778.423,1432.683,6926.288,17.139466089785454,LEVE,2
0,2,10,0,4,1,-14.206483,-75.714058,0,4,7,1,2,0,0,0,2021,8,6,1,5,0,0,6639.975,2.0,2,0,1.0,9,31,1616.0,0.6261042306271147,80.48505954362174,76.55712631348362,9.341715591523595,1061.002261282891,31419.372591006424,3721.461,698.1859999999996,744.866,2278.409,1102.9029999999996,2618.558,29.636290693359403,GRAVE_MORTALIDAD,1