CLASE SINIESTRO,CANTIDAD DE VEHICULOS DAÑADOS,DEPARTAMENTO,ZONA,TIPO DE VÍA,RED VIAL,COORDENADAS LATITUD,COORDENADAS  LONGITUD,CONDICIÓN CLIMÁTICA,ZONIFICACIÓN,CARACTERÍSTICAS DE VÍA,PERFIL LONGITUDINAL VÍA,SUPERFICIE DE CALZADA,¿EXISTE SEÑAL VERTICAL?,¿EXISTE SEÑAL HORIZONTAL?,CAUSA FACTOR PRINCIPAL,AÑO,MES,DIA_SEMANA,ES_FIN_SEMANA,HORA_NUM,FRANJA_HORARIA,REGION_NATURAL,MTC_RVN_LONGITUD_KM,MTC_RVN_N_CARRILES_MEDIANA,MTC_RVN_SUPERFICIE_DOMINANTE,MTC_RVN_ESTADO_DOMINANTE,MTC_RVN_ES_CONCESIONADA,MTC_RVN_CONCESION_PRINCIPAL,MTC_RVN_CORREDOR_LOGISTICO,MTC_RVN_N_TRAMOS,IDH_2019,IDH_ESP_VIDA_2019,IDH_EDUC_SECUND_PCT_2019,IDH_ANIOS_EDUC_2019,IDH_INGRESO_PERCAP_2019,IDH_POBLACION_2019,MTC_DEP_RED_TOTAL_KM,MTC_DEP_NACIONAL_TOTAL_KM,MTC_DEP_DEPARTAMENTAL_TOTAL_KM,MTC_DEP_VECINAL_TOTAL_KM,MTC_DEP_PAV_TOTAL_KM,MTC_DEP_NO_PAV_TOTAL_KM,MTC_DEP_PCT_PAVIMENTADA,CATEGORIA_SEVERIDAD,CATEGORIA_SEVERIDAD_ENC
6,1,8,0,4,1,-12.72358,-74.91105,0,4,7,1,2,1,1,0,2021,8,4,0,22,2,2,1482.81,1.0,1,3,0.0,9,16,270.0,0.1909105041803354,62.770795158175474,50.85348732678003,4.567750182165234,121.5409937554343,26998.342612419703,8511.426,1445.3929999999996,2008.516,5057.516999999999,1879.579,6631.846999999998,22.08300935706896,LEVE,2
3,2,21,0,4,1,-6.915948,-76.331708,7,4,7,1,2,0,1,2,2021,8,5,1,7,1,1,7758.33400008,2.0,2,0,1.0,9,20,2133.0,0.5348373114087734,74.72209379840524,50.761128211223074,7.730460204225324,1023.3669112145984,8873.344753747322,5645.136,815.0759999999999,965.298,3864.762,1013.406,4631.73,17.95184385283189,LEVE,2
3,1,12,0,4,2,-8.087727,-78.981701,0,4,7,1,2,2,2,2,2021,8,5,1,7,1,0,6543.555,2.0,4,4,1.0,14,33,1198.0,0.5929579484728337,80.24150924632623,64.75837382721711,8.51830466766158,1043.4182142665843,34739.39614561028,8931.828000000005,1335.5899999999997,1935.9830000000004,5660.255000000005,1219.309,7712.519000000005,13.651281686122925,LEVE,2
3,3,19,0,4,0,-4.91742,-80.8442,0,4,0,1,2,1,0,0,2021,8,5,1,9,1,0,6543.555,2.0,4,4,1.0,14,33,1198.0,0.5428409581568773,81.13869061428008,68.17092411381827,7.297645058046871,855.3136782439924,12632.488222698072,8965.846000060003,1782.4120000599992,636.9959999999999,6546.438000000004,2214.505000059999,6751.341000000004,24.699342371541725,LEVE,2
3,2,3,2,3,4,-16.332495,-71.600853,0,3,1,0,2,2,2,0,2021,8,5,1,10,1,0,6543.555,2.0,4,4,1.0,14,33,1198.0,0.6411767862503931,77.2408324916572,78.204125011303,10.595705083047717,1107.223861768016,193412.3169164882,10322.272,1495.236,1749.739,7077.2970000000005,2886.595,7435.677000000001,27.964725207783708,LEVE,2
6,1,3,0,4,0,-16.522686,-71.405408,0,4,0,1,2,0,1,0,2021,8,5,1,17,3,0,6543.555,2.0,4,4,1.0,14,33,1198.0,0.442696940656237,76.59806396694026,68.32449146697566,7.25089347392194,520.5975091558108,426.710920770878,10322.272,1495.236,1749.739,7077.2970000000005,2886.595,7435.677000000001,27.964725207783708,LEVE,2
3,2,7,2,2,4,-13.5368,-71.9063,0,3,1,1,2,1,1,2,2021,8,5,1,20,2,2,6543.555,2.0,4,4,1.0,14,33,1198.0,0.6806292796157144,77.51447806142957,82.6599812385644,11.044400293146794,1245.5372385926626,131240.7944325482,17779.13499998999,2097.3709999899997,2863.123,12818.640999999989,2878.713,14900.421999989989,16.19152450331032,GRAVE_LESIONADOS,0
1,1,7,2,4,1,-13.576465,-71.818137,5,3,7,1,2,1,1,2,2021,8,5,1,21,2,2,7586.903,2.0,2,0,1.0,9,5,1198.0,0.5196848738299176,77.87933372563211,69.4675909511807,8.375864983409588,727.1162363854935,6457.1220556745175,17779.13499998999,2097.3709999899997,2863.123,12818.640999999989,2878.713,14900.421999989989,16.19152450331032,LEVE,2
0,0,14,2,2,4,-12.172279177547225,-76.98347013548386,5,3,7,1,2,2,2,0,2021,8,5,1,23,2,0,6543.555,2.0,4,4,1.0,14,33,1198.0,0.7583553928164398,79.82595632107274,76.7651270103073,11.46351379457763,1662.7771470294065,333655.3618843683,7626.313,1683.4029999999998,1599.0829999999996,4343.827000000001,1814.875,5811.438000000001,23.797541485643197,LEVE,2
1,1,13,0,4,1,-6.74260038811071,-79.87630776178625,0,2,7,1,2,2,2,0,2021,8,6,1,4,0,0,6543.555,3.0,2,0,1.0,0,30,1475.0,0.582874900209372,79.91553229957624,74.28629633563499,9.98490789682274,850.0456977651463,50544.90364025696,3459.691,515.0619999999999,689.7280000000001,2254.901,703.3549999999999,2756.336,20.329994788551925,LEVE,2
10,0,14,2,2,4,-12.011633742167676,-77.08918158952721,5,1,1,1,2,2,2,0,2021,8,6,1,4,0,0,6543.555,2.0,4,4,1.0,14,33,1198.0,0.7419979630670723,80.31822295927182,79.00446395716813,11.084203715652809,1554.6868971011318,739416.2413542903,7626.313,1683.4029999999998,1599.0829999999996,4343.827000000001,1814.875,5811.438000000001,23.797541485643197,LEVE,2
3,2,19,0,4,1,-5.146997,-80.399774,0,4,7,1,2,2,2,0,2021,8,6,1,6,1,0,1305.18,2.0,2,0,1.0,1,20,163.0,0.459857589992435,80.72202071327797,50.86886521100652,5.65389066385764,729.6720832259953,125429.93361884369,8965.846000060003,1782.4120000599992,636.9959999999999,6546.438000000004,2214.505000059999,6751.341000000004,24.699342371541725,GRAVE_LESIONADOS,0
0,1,12,0,4,1,-7.192562,-79.429835,0,4,7,1,2,2,2,0,2021,8,6,1,12,3,0,6543.555,3.0,2,0,1.0,0,30,1475.0,0.5885704819472196,78.81449187577415,72.29060549742594,8.763210867480462,976.1586325354776,48424.389721627405,8931.828000000005,1335.5899999999997,1935.9830000000004,5660.255000000005,1219.309,7712.519000000005,13.651281686122925,LEVE,2
1,1,1,0,4,1,-10.123422660189847,-77.2917998883457,0,4,7,1,2,1,1,4,2021,8,6,1,12,3,2,9936.932,2.0,2,0,1.0,9,32,3830.0,0.4654799331603382,71.10800342011737,71.6956954286478,8.000201643545543,613.215156662713,3873.366167023554,10767.648,1885.0630000000003,1222.721,7659.864000000001,2100.343,8667.305000000002,19.506051832303577,LEVE,2
0,1,7,2,4,1,-13.574089,-71.822298,0,3,7,1,2,1,1,2,2021,8,6,1,12,3,2,7586.903,2.0,2,0,1.0,9,5,1198.0,0.5196848738299176,77.87933372563211,69.4675909511807,8.375864983409588,727.1162363854935,6457.1220556745175,17779.13499998999,2097.3709999899997,2863.123,12818.640999999989,2878.713,14900.421999989989,16.19152450331032,LEVE,2
0,1,1,2,4,1,-9.290181130686992,-77.63631689737846,0,3,7,1,2,0,1,0,2021,8,6,1,14,3,2,9936.932,2.0,2,0,1.0,9,32,3830.0,0.4417978785654807,76.31392662811923,65.39926158086051,5.973553738239588,601.902730052373,15832.591006423983,10767.648,1885.0630000000003,1222.721,7659.864000000001,2100.343,8667.305000000002,19.506051832303577,LEVE,2
0,1,19,0,4,1,-5.406318,-80.612744,0,4,7,1,2,2,2,0,2021,8,6,1,16,3,0,6543.555,3.0,2,0,1.0,0,30,1475.0,0.3808780806094198,75.58814012425684,51.41409818066682,5.162437438816056,497.9705387314675,18828.24197002141,8965.846000060003,1782.4120000599992,636.9959999999999,6546.438000000004,2214.505000059999,6751.341000000004,24.699342371541725,LEVE,2
3,2,11,0,4,1,-10.887453951344517,-74.96213591334514,0,4,7,0,2,2,2,0,2021,8,6,1,16,3,2,5768.608,2.0,3,1,0.0,9,32,365.0,0.4295860411633357,74.52920034355449,56.24873272101314,6.697659727647938,572.4658040665552,73767.52890792291,12264.545,1826.4639999999995,1105.5389999999998,9332.542,1588.5359999999996,10676.009,12.952261987705208,LEVE,2
3,2,21,0,4,1,-6.4786,-76.5049,7,4,7,1,2,0,1,2,2021,8,6,1,16,3,1,7758.33400008,2.0,2,0,1.0,9,20,2133.0,0.4805067914745164,70.90476163942193,54.708749777617626,7.073505451115634,828.0035031448473,12432.895074946466,5645.136,815.0759999999999,965.298,3864.762,1013.406,4631.73,17.95184385283189,LEVE,2
0,0,20,0,4,1,-15.6604137,-70.3640193,0,4,0,1,2,2,2,4,2021,8,6,1,18,2,2,1504.4250000000002,2.0,2,0,1.0,7,25,241.0,0.4387767884413746,74.08026937973001,72.73571788884047,7.487249530915593,506.6407671536068,4885.396145610278,13642.312999999998,2020.7790000000005,2354.117,9267.416999999998,3314.0520000000006,10328.260999999997,24.29244952817019,LEVE,2
0,0,14,2,4,1,-12.385301876174216,-76.77000388201724,5,0,7,1,2,2,2,0,2021,8,6,1,18,2,0,6639.975,2.0,2,0,1.0,9,31,1616.0,0.7238335901083031,79.66547280467641,76.37525886646478,10.576617527878618,1528.3977840301418,8667.355460385439,7626.313,1683.4029999999998,1599.0829999999996,4343.827000000001,1814.875,5811.438000000001,23.797541485643197,LEVE,2
3,2,19,0,4,0,-4.6196373,-81.2889006,0,4,7,0,2,2,2,0,2021,8,6,1,19,2,0,6543.555,2.0,4,4,1.0,14,33,1198.0,0.5876647399116196,78.30047449326607,74.775430587285,9.93132837285568,895.6170797161305,10993.18629550321,8965.846000060003,1782.4120000599992,636.9959999999999,6546.438000000004,2214.505000059999,6751.341000000004,24.699342371541725,LEVE,2
6,1,2,0,4,1,-13.788102,-72.947077,6,5,6,2,6,2,2,0,2021,8,6,1,19,2,2,2238.6850000000004,2.0,2,0,1.0,4,27,115.0,0.2872908283147615,72.68472104774577,57.20962530408195,4.651812026672419,251.97184623400665,1918.526766595289,8358.971,1282.451,1298.0969999999998,5778.423,1432.683,6926.288,17.139466089785454,LEVE,2
0,1,7,2,6,4,-12.521364,-72.414141,0,3,1,1,2,0,1,2,2021,8,6,1,21,2,2,6543.555,2.0,4,4,1.0,14,33,1198.0,0.3224274496902619,73.65891617421137,66.5279854491578,5.808947591818988,270.08697278161645,17387.97858672377,17779.13499998999,2097.3709999899997,2863.123,12818.640999999989,2878.713,14900.421999989989,16.19152450331032,LEVE,2
6,1,14,0,4,2,-10.656949282088592,-77.72010684803666,0,4,7,1,7,2,2,0,2021,8,6,1,22,2,0,6543.555,2.0,4,4,1.0,14,33,1198.0,0.6089995249782627,83.27989923505345,68.21266463461673,7.753898352965485,1106.793700553604,19807.916488222698,7626.313,1683.4029999999998,1599.0829999999996,4343.827000000001,1814.875,5811.438000000001,23.797541485643197,LEVE,2
3,0,14,2,4,1,-12.136135592917787,-76.98027384452413,5,3,1,1,2,2,2,0,2021,8,6,1,23,2,0,6639.975,2.0,2,0,1.0,9,31,1616.0,0.8017574897902351,80.48487267736287,78.74302427848284,13.156716040468266,1766.1488062170545,359776.608137045,7626.313,1683.4029999999998,1599.0829999999996,4343.827000000001,1814.875,5811.438000000001,23.797541485643197,LEVE,2
0,1,3,2,4,1,-16.380119,-71.575573,0,0,7,0,2,0,1,0,2021,8,0,0,5,0,0,1504.4250000000002,2.0,2,0,1.0,7,25,241.0,0.6411767862503931,77.2408324916572,78.204125011303,10.595705083047717,1107.223861768016,193412.3169164882,10322.272,1495.236,1749.739,7077.2970000000005,2886.595,7435.677000000001,27.964725207783708,LEVE,2
0,1,11,0,4,1,-10.96547650312027,-75.29715499333851,0,4,0,1,2,2,2,0,2021,8,0,0,9,1,2,600.0300000000001,2.0,2,0,0.0,9,8,178.0,0.587430624814192,75.05837214886559,65.27778442559935,9.160286843623986,1064.616047731197,24595.453961456104,12264.545,1826.4639999999995,1105.5389999999998,9332.542,1588.5359999999996,10676.009,12.952261987705208,LEVE,2
6,1,11,0,4,1,-12.02837173,-75.49696083,7,4,0,1,2,1,0,2,2021,8,0,0,11,1,2,1452.982,1.0,1,3,1.0,9,13,441.0,0.2415150891896071,73.44316242086173,58.73635606517988,6.114834811393397,136.8068689530312,5512.501070663811,12264.545,1826.4639999999995,1105.5389999999998,9332.542,1588.5359999999996,10676.009,12.952261987705208,LEVE,2
6,1,9,0,4,2,-10.387709,-76.18826,0,4,5,0,1,2,2,2,2021,8,0,0,12,3,2,6543.555,2.0,4,4,1.0,14,33,1198.0,0.2701280162338842,73.64856031271022,44.54106753143592,3.986088600746413,263.8426934638171,9851.79443254818,8209.057,1333.4779999999996,791.9770000000001,6083.602,1059.8589999999997,7149.198,12.910849565303296,GRAVE_MORTALIDAD,1
3,2,20,0,4,1,-14.345605,-70.265136,7,4,0,1,2,1,0,2,2021,8,0,0,16,3,2,1761.8050000000003,2.0,2,0,1.0,6,22,410.0,0.3057414008801379,69.22264670186847,58.33380814660391,5.772116020653216,271.6242449747086,3829.5845824411126,13642.312999999998,2020.7790000000005,2354.117,9267.416999999998,3314.0520000000006,10328.260999999997,24.29244952817019,LEVE,2
6,1,3,0,4,1,-15.835401795882706,-74.28632532759525,0,4,7,0,1,2,2,0,2021,8,1,0,4,0,0,6639.975,2.0,2,0,1.0,9,31,1616.0,0.6553711019743399,83.87583882018131,68.07167228965774,9.68405683927558,1185.2149766329244,9167.179871520344,10322.272,1495.236,1749.739,7077.2970000000005,2886.595,7435.677000000001,27.964725207783708,LEVE,2
0,0,14,2,2,4,-12.018424,-77.055792,0,3,7,1,2,2,2,2,2021,8,1,0,14,3,0,6543.555,2.0,4,4,1.0,14,33,1198.0,0.7419979630670723,80.31822295927182,79.00446395716813,11.084203715652809,1554.6868971011318,739416.2413542903,7626.313,1683.4029999999998,1599.0829999999996,4343.827000000001,1814.875,5811.438000000001,23.797541485643197,LEVE,2
1,1,6,2,4,1,-12.04008653464044,-77.11817511604997,0,0,7,1,2,2,2,2,2021,8,1,0,19,2,0,50.53,2.0,2,3,1.0,9,32,128.0,0.5563774842369664,77.00938809632027,69.10246351364754,8.476961866273152,914.8835608305218,27932.19700214133,51.58600000000001,44.68700000000001,6.899000000000001,0.0,49.838000000000015,1.748,96.61148373589734,LEVE,2
3,2,14,2,4,0,-11.078665,-77.597574,0,2,7,1,2,2,2,2,2021,8,1,0,23,2,0,6543.555,2.0,4,4,1.0,14,33,1198.0,0.6533652047552301,78.29498067305107,78.34373990413404,10.421388541228552,1157.2853272144607,29504.920770877947,7626.313,1683.4029999999998,1599.0829999999996,4343.827000000001,1814.875,5811.438000000001,23.797541485643197,LEVE,2
0,0,14,2,2,4,-12.254683409652396,-76.9166081287385,0,3,7,1,4,2,2,0,2021,8,1,0,23,2,0,6543.555,2.0,4,4,1.0,14,33,1198.0,0.6909236767275176,78.41626133969348,70.97436336767564,9.826485374940413,1476.8351947609171,95908.53319057816,7626.313,1683.4029999999998,1599.0829999999996,4343.827000000001,1814.875,5811.438000000001,23.797541485643197,LEVE,2
3,0,14,2,2,4,-12.043371,-77.008517,5,0,1,1,2,2,2,0,2021,8,2,0,12,3,0,6543.555,2.0,4,4,1.0,14,33,1198.0,0.6970617810314195,81.40501156526744,73.5715154770137,9.635174408411393,1428.892506292977,203379.9271948608,7626.313,1683.4029999999998,1599.0829999999996,4343.827000000001,1814.875,5811.438000000001,23.797541485643197,LEVE,2
3,0,14,2,4,1,-11.747908536582289,-77.14419924189143,7,2,1,1,2,2,2,0,2021,8,2,0,14,3,0,6543.555,3.0,2,0,1.0,0,30,1475.0,0.6688889885290078,77.65971620762488,72.11797581870952,9.343568875150348,1392.9562465448405,54956.252676659526,7626.313,1683.4029999999998,1599.0829999999996,4343.827000000001,1814.875,5811.438000000001,23.797541485643197,LEVE,2
3,3,10,2,4,1,-14.852055115064632,-74.95893936213601,0,0,7,1,2,0,1,0,2021,8,2,0,20,2,0,6639.975,2.0,2,0,1.0,9,31,1616.0,0.5563774842369664,77.00938809632027,69.10246351364754,8.476961866273152,914.8835608305218,27932.19700214133,3721.461,698.1859999999996,744.866,2278.409,1102.9029999999996,2618.558,29.636290693359403,LEVE,2
3,2,21,0,4,0,-6.430852729782118,-76.51414811194472,7,4,7,1,2,1,1,2,2021,8,3,0,10,1,1,6543.555,2.0,4,4,1.0,14,33,1198.0,0.4805067914745164,70.90476163942193,54.708749777617626,7.073505451115634,828.0035031448473,12432.895074946466,5645.136,815.0759999999999,965.298,3864.762,1013.406,4631.73,17.95184385283189,GRAVE_MORTALIDAD,1
6,1,1,0,4,1,-9.397139067784908,-78.37755124469402,0,4,7,1,2,2,2,0,2021,8,3,0,14,3,2,6543.555,3.0,2,0,1.0,0,30,1475.0,0.5251751210310205,77.14627034141115,56.67845536974452,7.010859306686808,935.819648213232,1908.370449678801,10767.648,1885.0630000000003,1222.721,7659.864000000001,2100.343,8667.305000000002,19.506051832303577,LEVE,2
6,1,5,0,4,2,-6.4048889,-78.580102,0,4,7,1,1,2,2,0,2021,8,3,0,18,2,2,6543.555,2.0,4,4,1.0,14,33,1198.0,0.2757434784300815,73.32619806115628,39.47321447492868,3.8909523191071615,301.147354818597,17249.26552462527,15935.565011852366,1733.9250000199986,935.692,13265.948011832368,2000.1670000199988,13935.398011832369,12.551591352627522,LEVE,2
3,1,14,2,2,4,-12.094675132144516,-77.03303748783208,5,3,1,1,2,2,2,2,2021,8,3,0,19,2,0,6543.555,2.0,4,4,1.0,14,33,1198.0,0.7888324174847985,80.35414029442592,78.47021861578261,13.858205769646707,1641.6552926623544,53212.44111349037,7626.313,1683.4029999999998,1599.0829999999996,4343.827000000001,1814.875,5811.438000000001,23.797541485643197,LEVE,2
0,1,9,2,8,4,-9.938857,-76.255321,0,0,7,1,1,2,2,4,2021,8,4,0,11,1,2,6543.555,2.0,4,4,1.0,14,33,1198.0,0.5893214510137008,71.4447473575629,72.32337284612903,10.150837002819635,1034.3742395251222,93514.90364025696,8209.057,1333.4779999999996,791.9770000000001,6083.602,1059.8589999999997,7149.198,12.910849565303296,LEVE,2
6,1,5,0,4,2,-7.63348167,-78.22005333,0,4,0,0,1,2,2,6,2021,8,4,0,17,3,2,6543.555,2.0,4,4,1.0,14,33,1198.0,0.2948350537014906,77.15212155268404,35.50451291723821,3.7775920646885006,361.8643687343071,26075.62526766595,15935.565011852366,1733.9250000199986,935.692,13265.948011832368,2000.1670000199988,13935.398011832369,12.551591352627522,LEVE,2
6,1,23,0,4,0,-3.519862288942985,-80.38373814213669,6,5,6,2,6,2,2,0,2021,8,4,0,18,2,0,6543.555,2.0,4,4,1.0,14,33,1198.0,0.6025111043634478,77.63758231637303,72.22144062196868,9.79150322507506,998.9716590818762,109744.95931477516,1009.101,138.47399999999996,287.471,583.156,276.972,732.129,27.447401201663663,LEVE,2
6,1,13,0,4,1,-6.984775,-79.632255,0,4,4,1,2,2,2,2,2021,8,4,0,20,2,0,6543.555,3.0,2,0,1.0,0,30,1475.0,0.5328313946151968,80.14557682903842,69.10246351364754,7.779461377421685,787.1306410578989,10221.605995717344,3459.691,515.0619999999999,689.7280000000001,2254.901,703.3549999999999,2756.336,20.329994788551925,LEVE,2
0,1,20,0,4,1,-16.446858938145773,-69.1557598223219,0,4,7,1,2,2,2,4,2021,8,4,0,20,2,2,7586.903,2.0,2,0,1.0,9,5,1198.0,0.2394362064959017,73.4288503002124,62.51290199484375,6.018616845068367,132.27646614855612,17422.250535331903,13642.312999999998,2020.7790000000005,2354.117,9267.416999999998,3314.0520000000006,10328.260999999997,24.29244952817019,LEVE,2
1,1,20,0,4,1,-15.741107,-70.055667,0,4,7,1,2,2,2,0,2021,8,5,1,0,0,2,7586.903,2.0,2,0,1.0,9,5,1198.0,0.3204026151964153,69.29426309416309,70.2364823564305,6.371809812333516,265.9551058733816,4850.546038543897,13642.312999999998,2020.7790000000005,2354.117,9267.416999999998,3314.0520000000006,10328.260999999997,24.29244952817019,LEVE,2
3,2,1,0,4,0,-9.091959166364058,-78.0339889407942,0,4,7,0,1,2,2,2,2021,8,5,1,9,1,2,6543.555,2.0,4,4,1.0,14,33,1198.0,0.2531273713853856,80.03097759082422,32.295935246876994,3.4397823415764845,260.712395753805,8251.402569593149,10767.648,1885.0630000000003,1222.721,7659.864000000001,2100.343,8667.305000000002,19.506051832303577,LEVE,2
3,2,7,0,4,0,-13.515922,-71.681844,0,4,7,1,2,2,2,2,2021,8,5,1,13,3,2,6543.555,2.0,4,4,1.0,14,33,1198.0,0.2541722767056332,67.16121635446689,71.50117567714217,3.933066904389543,210.76197394371945,7395.248394004283,17779.13499998999,2097.3709999899997,2863.123,12818.640999999989,2878.713,14900.421999989989,16.19152450331032,LEVE,2
6,1,18,2,4,1,-10.648581684980654,-76.16596516813496,0,4,0,1,2,1,0,2,2021,8,5,1,17,3,2,9936.932,2.0,2,0,1.0,9,32,3830.0,0.6193421604458235,76.39017950195935,80.49432651192377,11.494439166895754,957.3168975257496,31875.248394004284,3677.119863,564.5869999999999,910.845,2201.687863000001,590.8779999999998,3086.2418630000006,16.06904376290656,LEVE,2
6,1,20,0,4,0,-14.148810340797755,-69.66047357118119,5,4,0,0,7,2,2,2,2021,8,5,1,18,2,2,6543.555,2.0,4,4,1.0,14,33,1198.0,0.3882952544729263,70.67773077984926,71.69675716764189,6.39276305266822,428.647318805626,4613.207708779443,13642.312999999998,2020.7790000000005,2354.117,9267.416999999998,3314.0520000000006,10328.260999999997,24.29244952817019,GRAVE_MORTALIDAD,1
0,1,20,0,4,2,-16.262537320401673,-69.09474538126041,0,4,7,1,2,2,2,4,2021,8,5,1,20,2,2,6543.555,2.0,4,4,1.0,14,33,1198.0,0.4165447461855686,74.77127585660097,73.32833413464006,6.399479128468322,475.6850527085419,23516.528907922908,13642.312999999998,2020.7790000000005,2354.117,9267.416999999998,3314.0520000000006,10328.260999999997,24.29244952817019,LEVE,2
3,2,11,0,4,1,-11.5012756,-74.462138,0,4,0,1,2,2,2,0,2021,8,6,1,1,0,2,1337.175,1.0,1,3,0.0,9,32,315.0,0.3570817332180048,73.74932476832508,43.805659202757695,6.484925788605561,398.3541927461293,66993.35796966725,12264.545,1826.4639999999995,1105.5389999999998,9332.542,1588.5359999999996,10676.009,12.952261987705208,GRAVE_MORTALIDAD,1
6,0,14,2,2,4,-12.017942602546908,-77.0510368571967,0,2,7,1,2,2,2,0,2021,8,6,1,2,0,0,6543.555,2.0,4,4,1.0,14,33,1198.0,0.7300036506368504,80.21724456394445,75.11639588359114,10.636845733066124,1559.041185521695,156759.78800856532,7626.313,1683.4029999999998,1599.0829999999996,4343.827000000001,1814.875,5811.438000000001,23.797541485643197,LEVE,2
0,1,23,0,4,1,-3.688651717580485,-80.69309408187267,6,5,6,2,6,2,2,0,2021,8,6,1,5,0,0,6543.555,3.0,2,0,1.0,0,30,1475.0,0.568342833663152,74.37886913017682,68.79116494388956,9.025058202905662,964.4271707185276,11360.244111349037,1009.101,138.47399999999996,287.471,583.156,276.972,732.129,27.447401201663663,LEVE,2
3,2,3,0,4,1,-16.534123,-71.800476,0,4,0,1,2,0,1,0,2021,8,6,1,5,0,0,6639.975,2.0,2,0,1.0,9,31,1616.0,0.6105481451420971,78.10653088113892,68.35418098658066,8.411557426919764,1158.5430895193692,35025.678800856535,10322.272,1495.236,1749.739,7077.2970000000005,2886.595,7435.677000000001,27.964725207783708,LEVE,2
3,2,12,0,4,1,-7.797383,-79.139556,0,4,7,1,2,2,2,2,2021,8,6,1,9,1,0,748.6850000000001,2.0,2,0,0.0,9,32,215.0,0.5721567587688113,77.67102283812494,66.21373667954742,8.464777379360486,978.4498488219192,15563.077087794432,8931.828000000005,1335.5899999999997,1935.9830000000004,5660.255000000005,1219.309,7712.519000000005,13.651281686122925,LEVE,2
3,2,11,0,4,1,-11.627955,-75.610138,0,4,0,1,2,2,2,2,2021,8,6,1,11,1,2,311.82,2.0,2,0,0.0,9,32,74.0,0.4846609581848212,71.70970037684953,62.978404663645314,7.681608625268467,740.7899756467436,5696.379014989293,12264.545,1826.4639999999995,1105.5389999999998,9332.542,1588.5359999999996,10676.009,12.952261987705208,LEVE,2
6,1,12,0,6,4,-7.818818,-78.042434,0,4,7,1,2,2,2,2,2021,8,6,1,11,1,0,6543.555,2.0,4,4,1.0,14,33,1198.0,0.3986882084754764,72.97869269132666,58.65435142755623,5.605762371496486,527.7120199980477,69564.29978586723,8931.828000000005,1335.5899999999997,1935.9830000000004,5660.255000000005,1219.309,7712.519000000005,13.651281686122925,LEVE,2
3,1,14,2,2,4,-12.080890016829136,-77.08821051519837,7,3,1,1,2,2,2,2,2021,8,6,1,14,3,0,6543.555,2.0,4,4,1.0,14,33,1198.0,0.8224006497057281,80.32617651391924,76.66408959706945,12.77635923087604,1966.554093175902,146885.81156316918,7626.313,1683.4029999999998,1599.0829999999996,4343.827000000001,1814.875,5811.438000000001,23.797541485643197,LEVE,2
0,1,12,0,3,4,-8.079524,-78.980219,0,2,7,1,7,2,2,0,2021,8,6,1,18,2,0,6543.555,2.0,4,4,1.0,14,33,1198.0,0.5929579484728337,80.24150924632623,64.75837382721711,8.51830466766158,1043.4182142665843,34739.39614561028,8931.828000000005,1335.5899999999997,1935.9830000000004,5660.255000000005,1219.309,7712.519000000005,13.651281686122925,LEVE,2
5,2,13,0,4,2,-6.756416,-79.690703,0,4,7,1,2,2,2,0,2021,8,6,1,19,2,0,6543.555,2.0,4,4,1.0,14,33,1198.0,0.6225425995267787,81.2291645554815,74.48443506763874,8.985275296431396,1068.7213105287574,28888.895074946468,3459.691,515.0619999999999,689.7280000000001,2254.901,703.3549999999999,2756.336,20.329994788551925,LEVE,2
6,1,9,2,4,0,-9.885073,-76.222202,0,0,7,1,2,1,0,2,2021,8,6,1,20,2,2,6543.555,2.0,4,4,1.0,14,33,1198.0,0.5893214510137008,71.4447473575629,72.32337284612903,10.150837002819635,1034.3742395251222,93514.90364025696,8209.057,1333.4779999999996,791.9770000000001,6083.602,1059.8589999999997,7149.198,12.910849565303296,LEVE,2
1,1,20,0,4,1,-15.857428010436852,-69.95893651961683,0,4,7,1,2,2,2,0,2021,8,6,1,21,2,2,7586.903,2.0,2,0,1.0,9,5,1198.0,0.6488901960567479,69.67312345830231,82.12448375199249,11.701623814093702,1230.336353415943,144745.3597430407,13642.312999999998,2020.7790000000005,2354.117,9267.416999999998,3314.0520000000006,10328.260999999997,24.29244952817019,LEVE,2
5,2,7,0,4,1,-14.311344,-71.20653,0,4,7,1,2,2,2,2,2021,8,6,1,21,2,2,7586.903,2.0,2,0,1.0,9,5,1198.0,0.5265643824923771,76.3202150422939,72.59240802938885,8.636399400985075,746.7361126929013,59032.11777301927,17779.13499998999,2097.3709999899997,2863.123,12818.640999999989,2878.713,14900.421999989989,16.19152450331032,LEVE,2
3,2,9,2,4,1,-9.9471,-76.243748,0,0,7,1,2,2,2,2,2021,8,6,1,23,2,2,693.175,2.0,2,3,0.0,9,10,249.0,0.6180444460983137,74.03039022888252,77.03642562714263,10.109576076622472,1095.6415212894094,74635.5374732334,8209.057,1333.4779999999996,791.9770000000001,6083.602,1059.8589999999997,7149.198,12.910849565303296,LEVE,2
3,1,19,0,4,1,-4.590882927240664,-80.52013984767824,0,4,7,1,2,2,2,0,2021,8,0,0,4,0,0,410.779,2.0,2,3,0.0,9,32,103.0,0.3726695067482696,77.5283182409139,41.67016302837659,4.468926143170908,555.7263417005713,12823.41113490364,8965.846000060003,1782.4120000599992,636.9959999999999,6546.438000000004,2214.505000059999,6751.341000000004,24.699342371541725,LEVE,2