CLASE SINIESTRO,CANTIDAD DE VEHICULOS DAÑADOS,DEPARTAMENTO,ZONA,TIPO DE VÍA,RED VIAL,COORDENADAS LATITUD,COORDENADAS  LONGITUD,CONDICIÓN CLIMÁTICA,ZONIFICACIÓN,CARACTERÍSTICAS DE VÍA,PERFIL LONGITUDINAL VÍA,SUPERFICIE DE CALZADA,¿EXISTE SEÑAL VERTICAL?,¿EXISTE SEÑAL HORIZONTAL?,CAUSA FACTOR PRINCIPAL,AÑO,MES,DIA_SEMANA,ES_FIN_SEMANA,HORA_NUM,FRANJA_HORARIA,REGION_NATURAL,MTC_RVN_LONGITUD_KM,MTC_RVN_N_CARRILES_MEDIANA,MTC_RVN_SUPERFICIE_DOMINANTE,MTC_RVN_ESTADO_DOMINANTE,MTC_RVN_ES_CONCESIONADA,MTC_RVN_CONCESION_PRINCIPAL,MTC_RVN_CORREDOR_LOGISTICO,MTC_RVN_N_TRAMOS,IDH_2019,IDH_ESP_VIDA_2019,IDH_EDUC_SECUND_PCT_2019,IDH_ANIOS_EDUC_2019,IDH_INGRESO_PERCAP_2019,IDH_POBLACION_2019,MTC_DEP_RED_TOTAL_KM,MTC_DEP_NACIONAL_TOTAL_KM,MTC_DEP_DEPARTAMENTAL_TOTAL_KM,MTC_DEP_VECINAL_TOTAL_KM,MTC_DEP_PAV_TOTAL_KM,MTC_DEP_NO_PAV_TOTAL_KM,MTC_DEP_PCT_PAVIMENTADA,CATEGORIA_SEVERIDAD,CATEGORIA_SEVERIDAD_ENC
6,1,0,0,4,0,-5.900512,-78.685466,2,4,7,1,1,2,2,0,2021,8,0,0,7,1,1,6543.555,2.0,4,4,1.0,14,33,1198.0,0.3626610877474266,70.76334156007144,37.02439337366064,4.791390188523318,586.971925409676,7323.826552462526,3903.732,1155.121,585.018,2163.5930000000003,943.591,2960.1410000000005,24.17151074920102,GRAVE_MORTALIDAD,1
5,1,16,0,4,1,-12.724883,-69.501244,6,5,6,2,6,2,2,0,2021,8,0,0,8,1,1,3263.58,2.0,2,0,1.0,5,18,566.0,0.5306879228968285,75.21455641083696,61.3535047815888,7.418086077409707,928.48331283152,4575.10920770878,2090.391,399.431,340.021,1350.9389999999996,493.824,1596.5669999999996,23.62352306338862,GRAVE_MORTALIDAD,1
6,1,12,0,4,0,-7.5721,-78.52968,0,4,0,1,1,2,2,2,2021,8,0,0,9,1,0,6543.555,2.0,4,4,1.0,14,33,1198.0,0.3426873819779948,75.81813000053027,29.83795624511669,4.401613571184507,535.935806912797,7009.668094218416,8931.828000000005,1335.5899999999997,1935.9830000000004,5660.255000000005,1219.309,7712.519000000005,13.651281686122925,LEVE,2
6,1,19,0,4,1,-4.6100363652065885,-80.20189582280238,0,4,7,1,2,2,2,0,2021,8,0,0,12,3,0,640.6200000000001,2.0,2,3,0.0,9,32,72.0,0.3708025850862105,70.09572248353376,57.213818698033634,6.162074923662822,433.84874375099554,11598.841541755888,8965.846000060003,1782.4120000599992,636.9959999999999,6546.438000000004,2214.505000059999,6751.341000000004,24.699342371541725,GRAVE_MORTALIDAD,1
3,0,19,0,4,1,-5.437378,-80.025549,0,4,2,1,2,0,0,0,2021,8,0,0,13,3,0,1305.18,2.0,2,0,1.0,1,20,163.0,0.3893523155396837,73.6911779276771,49.78375684989758,4.513910151215105,616.2310203311459,12720.513918629553,8965.846000060003,1782.4120000599992,636.9959999999999,6546.438000000004,2214.505000059999,6751.341000000004,24.699342371541725,LEVE,2
10,0,4,2,2,4,-13.15646,-74.19782,0,1,0,1,2,1,0,2,2021,8,0,0,16,3,2,6543.555,2.0,4,4,1.0,14,33,1198.0,0.4899437684165864,67.47987002059479,71.17852875589804,8.937906787668284,719.5543619178692,35359.0,12678.733000000004,1805.074000000001,1774.0339999999994,9099.625000000004,2485.375000000001,10193.358000000002,19.602707936195205,LEVE,2
3,2,11,0,4,2,-11.783337,-75.716934,0,4,7,1,2,2,2,0,2021,8,0,0,16,3,2,6543.555,2.0,4,4,1.0,14,33,1198.0,0.4251232225344442,67.96139219838267,57.771003886361314,7.806740124502669,570.0619997002202,1564.1734475374733,12264.545,1826.4639999999995,1105.5389999999998,9332.542,1588.5359999999996,10676.009,12.952261987705208,LEVE,2
3,3,3,0,4,1,-16.495378794538727,-72.40047620927999,0,4,7,1,2,2,2,0,2021,8,0,0,18,2,0,6639.975,2.0,2,0,1.0,9,31,1616.0,0.6077843615696785,76.53072135400231,69.81276959706165,8.77367759087771,1135.5159013374655,74658.55888650964,10322.272,1495.236,1749.739,7077.2970000000005,2886.595,7435.677000000001,27.964725207783708,GRAVE_MORTALIDAD,1
1,1,20,0,4,1,-16.333942999999998,-69.25176561666667,0,4,7,1,2,2,2,0,2021,8,0,0,23,2,2,7586.903,2.0,2,0,1.0,9,5,1198.0,0.3165090894545869,72.969641049674,69.1278394147308,6.0160374778788,250.7872170233644,13778.516059957172,13642.312999999998,2020.7790000000005,2354.117,9267.416999999998,3314.0520000000006,10328.260999999997,24.29244952817019,LEVE,2
1,0,3,0,4,1,-16.408352,-71.611134,0,4,7,1,2,0,1,4,2021,8,0,0,23,2,0,1504.4250000000002,2.0,2,0,1.0,7,25,241.0,0.6689013265491138,80.68275010974979,77.5560025217936,10.466309714908672,1190.454984819332,14385.036402569593,10322.272,1495.236,1749.739,7077.2970000000005,2886.595,7435.677000000001,27.964725207783708,LEVE,2
1,0,13,2,2,4,-6.641086,-79.798505,0,3,1,1,2,2,2,0,2021,8,1,0,2,0,0,6543.555,2.0,4,4,1.0,14,33,1198.0,0.4830691057308139,70.96444951827758,64.80144780665611,8.449210981294696,693.4770787539296,13710.346895074948,3459.691,515.0619999999999,689.7280000000001,2254.901,703.3549999999999,2756.336,20.329994788551925,LEVE,2
4,1,14,0,4,1,-11.825675129785294,-76.36702348348194,0,4,3,1,2,2,2,2,2021,8,1,0,4,0,0,875.67,2.0,2,0,1.0,3,14,156.0,0.5782076557642399,69.94554102237682,79.31941219865219,10.405431094524491,952.4896785878703,3416.655246252677,7626.313,1683.4029999999998,1599.0829999999996,4343.827000000001,1814.875,5811.438000000001,23.797541485643197,GRAVE_MORTALIDAD,1
3,2,13,0,4,0,-6.77137136617581,-79.91116035022267,0,4,7,1,2,2,2,0,2021,8,1,0,18,2,0,6543.555,2.0,4,4,1.0,14,33,1198.0,0.4076362703905044,75.77254875260448,63.57397693154903,7.358061397464254,430.5491715105506,17972.576017130625,3459.691,515.0619999999999,689.7280000000001,2254.901,703.3549999999999,2756.336,20.329994788551925,LEVE,2
1,0,3,2,4,1,-16.3533374,-71.5802103,0,0,7,1,2,2,2,2,2021,8,1,0,19,2,0,1504.4250000000002,2.0,2,0,1.0,7,25,241.0,0.6411767862503931,77.2408324916572,78.204125011303,10.595705083047717,1107.223861768016,193412.3169164882,10322.272,1495.236,1749.739,7077.2970000000005,2886.595,7435.677000000001,27.964725207783708,LEVE,2
6,1,5,0,4,2,-7.59666,-78.966476,0,4,0,0,1,2,2,2,2021,8,1,0,21,2,2,6543.555,2.0,4,4,1.0,14,33,1198.0,0.3823902663135393,71.09068474573519,45.001407169342805,5.318456172141619,572.316964501879,3707.070663811563,15935.565011852366,1733.9250000199986,935.692,13265.948011832368,2000.1670000199988,13935.398011832369,12.551591352627522,LEVE,2
6,1,12,2,2,4,-8.117029,-79.032235,0,0,7,1,2,2,2,0,2021,9,2,0,4,0,0,6543.555,2.0,4,4,1.0,14,33,1198.0,0.7151155191839451,79.57652607829836,77.25576500264712,11.809756866444314,1377.9438475528384,331253.00214132766,8931.828000000005,1335.5899999999997,1935.9830000000004,5660.255000000005,1219.309,7712.519000000005,13.651281686122925,LEVE,2
3,2,14,0,4,1,-10.599986435299568,-77.87112052775612,2,4,7,1,2,2,2,0,2021,9,2,0,5,0,0,6543.555,3.0,2,0,1.0,0,30,1475.0,0.6268687897946689,82.18096720561557,72.30753381266985,8.959173721649861,1090.279660993292,20521.346895074952,7626.313,1683.4029999999998,1599.0829999999996,4343.827000000001,1814.875,5811.438000000001,23.797541485643197,GRAVE_MORTALIDAD,1
0,1,7,2,2,4,-13.5228258,-71.983837,0,3,0,0,2,1,1,2,2021,9,2,0,7,1,2,6543.555,2.0,4,4,1.0,14,33,1198.0,0.6348954939297919,77.6245715059073,78.73535107148551,10.276562257168177,1084.1455565765216,94654.62312633834,17779.13499998999,2097.3709999899997,2863.123,12818.640999999989,2878.713,14900.421999989989,16.19152450331032,LEVE,2
0,1,14,2,2,4,-11.81507,-77.1277,5,3,7,1,2,2,2,4,2021,9,2,0,17,3,0,6543.555,2.0,4,4,1.0,14,33,1198.0,0.6688889885290078,77.65971620762488,72.11797581870952,9.343568875150348,1392.9562465448405,54956.252676659526,7626.313,1683.4029999999998,1599.0829999999996,4343.827000000001,1814.875,5811.438000000001,23.797541485643197,LEVE,2
3,2,5,0,4,2,-6.943632,-78.685338,0,4,0,0,1,2,2,2,2021,9,2,0,17,3,2,6543.555,2.0,4,4,1.0,14,33,1198.0,0.2741996735144121,67.87327980496377,34.62824886204975,4.027767902888583,340.12388239954726,2984.6616702355464,15935.565011852366,1733.9250000199986,935.692,13265.948011832368,2000.1670000199988,13935.398011832369,12.551591352627522,LEVE,2
0,0,14,2,2,4,-12.159394810974108,-76.95887978807589,0,0,1,1,2,1,0,2,2021,9,2,0,17,3,0,6543.555,2.0,4,4,1.0,14,33,1198.0,0.7289998534947872,80.50926319493618,76.9124822838204,10.358587270463827,1551.106643515347,384728.5117773019,7626.313,1683.4029999999998,1599.0829999999996,4343.827000000001,1814.875,5811.438000000001,23.797541485643197,LEVE,2
6,1,20,0,4,1,-16.22351356304293,-69.67727820219523,0,4,7,1,2,2,2,5,2021,9,2,0,18,2,2,417.30000000000007,1.0,0,3,0.0,9,32,52.0,0.4020198374784472,77.80062735845667,75.295761294875,7.279851651626652,372.63390314535104,50686.62526766595,13642.312999999998,2020.7790000000005,2354.117,9267.416999999998,3314.0520000000006,10328.260999999997,24.29244952817019,LEVE,2
0,1,7,0,4,1,-13.375819,-71.916846,0,4,7,1,2,2,2,2,2021,9,2,0,18,2,2,3447.8009999999995,1.0,2,3,0.0,9,12,1109.0,0.3373243871105438,75.90412141914639,57.87168794363291,5.114446597456778,338.4338532185294,5497.58886509636,17779.13499998999,2097.3709999899997,2863.123,12818.640999999989,2878.713,14900.421999989989,16.19152450331032,LEVE,2
2,1,7,0,4,2,-14.082319,-71.366155,7,4,2,1,7,2,2,2,2021,9,2,0,19,2,2,6543.555,2.0,4,4,1.0,14,33,1198.0,0.3717239528846259,76.4422742356139,59.82899502431543,6.007606443030993,385.73605799411865,4791.610278372591,17779.13499998999,2097.3709999899997,2863.123,12818.640999999989,2878.713,14900.421999989989,16.19152450331032,LEVE,2
3,2,20,0,4,1,-16.453691272636267,-69.14991796620194,0,4,0,1,2,1,1,2,2021,9,2,0,19,2,2,7586.903,2.0,2,0,1.0,9,5,1198.0,0.2394362064959017,73.4288503002124,62.51290199484375,6.018616845068367,132.27646614855612,17422.250535331903,13642.312999999998,2020.7790000000005,2354.117,9267.416999999998,3314.0520000000006,10328.260999999997,24.29244952817019,LEVE,2
4,1,5,2,4,1,-6.39384815,-78.82548222,0,3,7,1,1,2,2,2,2021,9,3,0,0,0,2,9936.932,2.0,2,0,1.0,9,32,3830.0,0.3988811935496497,76.27795285736048,52.72074369701245,5.402568072747514,535.5131446860119,52449.71734475375,15935.565011852366,1733.9250000199986,935.692,13265.948011832368,2000.1670000199988,13935.398011832369,12.551591352627522,LEVE,2
3,2,19,2,2,4,-5.168354,-80.668984,0,3,1,1,2,1,0,2,2021,9,3,0,16,3,0,6543.555,2.0,4,4,1.0,14,33,1198.0,0.5997462042553465,78.40793944726823,72.26811532412637,9.714064362322326,976.3169831713308,183875.0,8965.846000060003,1782.4120000599992,636.9959999999999,6546.438000000004,2214.505000059999,6751.341000000004,24.699342371541725,LEVE,2
3,2,21,0,4,3,-6.54728,-76.34955,0,4,0,0,2,2,2,2,2021,9,3,0,16,3,1,6543.555,2.0,4,4,1.0,14,33,1198.0,0.5922286793787175,72.59477240316922,67.39355678691273,8.909919415857164,1146.168364233512,47338.141327623125,5645.136,815.0759999999999,965.298,3864.762,1013.406,4631.73,17.95184385283189,LEVE,2
6,1,3,2,4,0,-16.487177,-71.845593,0,4,7,1,2,2,2,2,2021,9,3,0,20,2,0,6543.555,2.0,4,4,1.0,14,33,1198.0,0.6105481451420971,78.10653088113892,68.35418098658066,8.411557426919764,1158.5430895193692,35025.678800856535,10322.272,1495.236,1749.739,7077.2970000000005,2886.595,7435.677000000001,27.964725207783708,LEVE,2
6,1,3,0,4,2,-17.146894,-71.818646,0,4,9,1,2,0,1,2,2021,9,3,0,23,2,0,6543.555,2.0,4,4,1.0,14,33,1198.0,0.61639083938292,77.65150347430681,71.08229457479256,8.361097169993315,1182.892298685911,6725.137044967881,10322.272,1495.236,1749.739,7077.2970000000005,2886.595,7435.677000000001,27.964725207783708,LEVE,2
3,2,22,0,4,1,-18.170531,-70.646438,4,4,7,1,2,0,1,2,2021,9,4,0,5,0,0,1926.94,2.0,2,0,1.0,9,32,393.0,0.5526222945995614,74.2498786138685,70.50025041365525,8.75355945120394,897.5682559826355,2956.51391862955,2650.572,630.6729999999998,487.3610000000001,1532.5379999999998,1068.7019999999998,1581.87,40.31967439480987,GRAVE_MORTALIDAD,1
0,1,7,2,2,4,-13.54395,-71.8953,0,3,7,1,2,2,2,2,2021,9,4,0,11,1,2,6543.555,2.0,4,4,1.0,14,33,1198.0,0.6549025615332805,78.59637500870319,78.62696287300767,10.432612491698492,1156.1148957567648,59698.74304068524,17779.13499998999,2097.3709999899997,2863.123,12818.640999999989,2878.713,14900.421999989989,16.19152450331032,LEVE,2
0,1,14,2,2,4,-12.224591563708854,-76.9388602205455,0,3,7,1,2,2,2,2,2021,9,4,0,13,3,0,6543.555,2.0,4,4,1.0,14,33,1198.0,0.6990481232857558,80.14597904142546,74.3851677794309,10.004397644056358,1432.5044292531525,459161.0728051392,7626.313,1683.4029999999998,1599.0829999999996,4343.827000000001,1814.875,5811.438000000001,23.797541485643197,LEVE,2
6,1,1,0,4,3,-9.541716398464796,-77.73839969223597,2,4,0,0,2,2,2,0,2021,9,4,0,20,2,2,6543.555,2.0,4,4,1.0,14,33,1198.0,0.3226718311164431,76.12153120385717,45.90895636282614,4.534120036557726,361.9144782277372,3229.2633832976444,10767.648,1885.0630000000003,1222.721,7659.864000000001,2100.343,8667.305000000002,19.506051832303577,LEVE,2
1,0,14,0,4,1,-10.599432782782976,-77.87115271263951,2,4,7,1,2,2,2,0,2021,9,4,0,22,2,0,6543.555,3.0,2,0,1.0,0,30,1475.0,0.6268687897946689,82.18096720561557,72.30753381266985,8.959173721649861,1090.279660993292,20521.346895074952,7626.313,1683.4029999999998,1599.0829999999996,4343.827000000001,1814.875,5811.438000000001,23.797541485643197,LEVE,2
1,0,23,0,4,1,-3.545990898046043,-80.39612513905165,0,4,7,1,2,2,2,0,2021,9,5,1,6,1,0,6543.555,3.0,2,0,1.0,0,30,1475.0,0.6025111043634478,77.63758231637303,72.22144062196868,9.79150322507506,998.9716590818762,109744.95931477516,1009.101,138.47399999999996,287.471,583.156,276.972,732.129,27.447401201663663,LEVE,2
0,1,14,2,2,4,-12.030794980090976,-76.99901098728667,0,3,1,1,2,2,2,4,2021,9,5,1,16,3,0,6543.555,2.0,4,4,1.0,14,33,1198.0,0.6970617810314195,81.40501156526744,73.5715154770137,9.635174408411393,1428.892506292977,203379.9271948608,7626.313,1683.4029999999998,1599.0829999999996,4343.827000000001,1814.875,5811.438000000001,23.797541485643197,LEVE,2
3,3,7,0,4,0,-12.622066,-72.390168,5,4,7,0,2,2,2,2,2021,9,6,1,3,0,2,6543.555,2.0,4,4,1.0,14,33,1198.0,0.3224274496902619,73.65891617421137,66.5279854491578,5.808947591818988,270.08697278161645,17387.97858672377,17779.13499998999,2097.3709999899997,2863.123,12818.640999999989,2878.713,14900.421999989989,16.19152450331032,GRAVE_LESIONADOS,0
3,2,1,2,2,4,-9.07623196760691,-78.5900984595948,0,0,1,1,2,2,2,2,2021,9,6,1,4,0,2,6543.555,2.0,4,4,1.0,14,33,1198.0,0.6138280897610826,78.84695742989106,71.99259200326753,9.438855747011283,1055.78291711923,196830.83083511775,10767.648,1885.0630000000003,1222.721,7659.864000000001,2100.343,8667.305000000002,19.506051832303577,LEVE,2
6,1,11,0,4,2,-12.038789,-75.320593,0,4,7,1,2,2,2,2,2021,9,6,1,4,0,2,6543.555,2.0,4,4,1.0,14,33,1198.0,0.5386332469506827,73.88284151270877,68.81067018792724,8.629227274673466,856.9051389983388,3560.481798715204,12264.545,1826.4639999999995,1105.5389999999998,9332.542,1588.5359999999996,10676.009,12.952261987705208,LEVE,2
3,1,16,0,4,1,-12.5250136,-69.1370259,6,5,6,2,6,2,2,0,2021,9,6,1,6,1,1,3263.58,2.0,2,0,1.0,5,18,566.0,0.525748215792057,74.03823732580896,58.20048721039922,8.141897025119901,894.6823580853445,9162.706638115633,2090.391,399.431,340.021,1350.9389999999996,493.824,1596.5669999999996,23.62352306338862,LEVE,2
0,1,14,2,2,4,-11.995378150934302,-77.07985320453479,0,3,1,1,2,2,2,2,2021,9,6,1,6,1,0,6543.555,2.0,4,4,1.0,14,33,1198.0,0.758462599563312,80.5192231989937,79.20045639149897,11.33839041452458,1628.5661148492152,363987.54389721627,7626.313,1683.4029999999998,1599.0829999999996,4343.827000000001,1814.875,5811.438000000001,23.797541485643197,LEVE,2
5,1,19,0,4,2,-4.7127,-80.1189,0,4,2,1,2,2,2,0,2021,9,6,1,11,1,0,6543.555,2.0,4,4,1.0,14,33,1198.0,0.4460358515525411,78.78138598624281,47.04925171219679,5.992153605249824,689.7789450041487,25138.147751606,8965.846000060003,1782.4120000599992,636.9959999999999,6546.438000000004,2214.505000059999,6751.341000000004,24.699342371541725,LEVE,2
3,2,18,2,4,1,-10.747063196154816,-76.26107092726097,0,4,0,1,2,1,0,2,2021,9,6,1,14,3,2,9936.932,2.0,2,0,1.0,9,32,3830.0,0.6308411392653337,76.68708414566403,85.5601522784168,10.615011147502193,1020.696304275199,7086.708779443255,3677.119863,564.5869999999999,910.845,2201.687863000001,590.8779999999998,3086.2418630000006,16.06904376290656,LEVE,2
1,1,17,0,2,4,-17.210203,-70.967377,0,4,7,1,2,2,2,2,2021,9,6,1,20,2,0,6543.555,2.0,4,4,1.0,14,33,1198.0,0.7019393796398946,77.75173796903684,74.13909206921859,10.843210004831542,1446.2028877191838,64680.35760171306,2949.174,470.28500000000025,903.055,1575.834,866.4460000000004,2082.728,29.37927704503025,LEVE,2
3,2,12,0,4,1,-7.131972,-79.472647,0,4,7,1,2,2,2,2,2021,9,6,1,21,2,0,6543.555,3.0,2,0,1.0,0,30,1475.0,0.5114727232493018,78.60606800160349,61.153108160372966,6.422343227671115,862.4189512831092,24701.19700214133,8931.828000000005,1335.5899999999997,1935.9830000000004,5660.255000000005,1219.309,7712.519000000005,13.651281686122925,LEVE,2
6,1,22,0,7,4,-18.111418,-70.264048,2,4,0,0,7,1,0,2,2021,9,0,0,5,0,0,6543.555,2.0,4,4,1.0,14,33,1198.0,0.5563774842369664,77.00938809632027,69.10246351364754,8.476961866273152,914.8835608305218,27932.19700214133,2650.572,630.6729999999998,487.3610000000001,1532.5379999999998,1068.7019999999998,1581.87,40.31967439480987,GRAVE_MORTALIDAD,1
3,2,20,2,4,1,-15.82311960038636,-70.03120599505986,0,0,0,0,2,0,1,2,2021,9,0,0,10,1,2,7586.903,2.0,2,0,1.0,9,5,1198.0,0.6488901960567479,69.67312345830231,82.12448375199249,11.701623814093702,1230.336353415943,144745.3597430407,13642.312999999998,2020.7790000000005,2354.117,9267.416999999998,3314.0520000000006,10328.260999999997,24.29244952817019,GRAVE_LESIONADOS,0
3,2,21,0,4,1,-6.48848,-76.39972,0,4,7,1,2,0,1,2,2021,9,0,0,12,3,1,7758.33400008,2.0,2,0,1.0,9,20,2133.0,0.657413538429829,72.9282426214375,76.63007978148195,9.765102989696064,1372.3387690440495,31687.78158458244,5645.136,815.0759999999999,965.298,3864.762,1013.406,4631.73,17.95184385283189,LEVE,2
0,1,7,2,4,1,-14.2199641390098,-71.2897240922569,5,3,7,1,2,2,2,6,2021,9,0,0,18,2,2,7586.903,2.0,2,0,1.0,9,5,1198.0,0.5265643824923771,76.3202150422939,72.59240802938885,8.636399400985075,746.7361126929013,59032.11777301927,17779.13499998999,2097.3709999899997,2863.123,12818.640999999989,2878.713,14900.421999989989,16.19152450331032,LEVE,2
10,1,20,0,4,2,-15.973820414682033,-69.77735634022586,0,4,7,1,7,2,2,2,2021,9,0,0,20,2,2,6543.555,2.0,4,4,1.0,14,33,1198.0,0.3247057995130503,73.24682709519536,76.81044161661171,6.507336567861034,242.9773157546694,24872.03426124197,13642.312999999998,2020.7790000000005,2354.117,9267.416999999998,3314.0520000000006,10328.260999999997,24.29244952817019,LEVE,2
0,1,7,2,2,4,-13.532968255167583,-71.91230902906064,0,0,7,1,2,2,2,4,2021,9,0,0,22,2,2,6543.555,2.0,4,4,1.0,14,33,1198.0,0.6806292796157144,77.51447806142957,82.6599812385644,11.044400293146794,1245.5372385926626,131240.7944325482,17779.13499998999,2097.3709999899997,2863.123,12818.640999999989,2878.713,14900.421999989989,16.19152450331032,LEVE,2
3,2,10,2,4,1,-13.676159,-76.15865,0,4,7,1,2,2,2,2,2021,9,1,0,1,0,0,6639.975,2.0,2,0,1.0,9,31,1616.0,0.5723734005661165,76.14778354007997,72.53650205141851,9.107715991741182,922.4721268572972,24272.76659528908,3721.461,698.1859999999996,744.866,2278.409,1102.9029999999996,2618.558,29.636290693359403,GRAVE_LESIONADOS,0
4,1,4,0,4,2,-13.249432,-74.346021,0,4,7,1,2,0,1,2,2021,9,1,0,5,0,2,6543.555,2.0,4,4,1.0,14,33,1198.0,0.1859776092837948,69.85250115366037,39.77024304701982,3.1640035399309645,143.5227500887571,15617.884368308352,12678.733000000004,1805.074000000001,1774.0339999999994,9099.625000000004,2485.375000000001,10193.358000000002,19.602707936195205,LEVE,2
0,0,2,2,4,2,-13.791937,-73.654092,0,4,7,0,1,2,2,4,2021,9,1,0,13,3,2,6543.555,2.0,4,4,1.0,14,33,1198.0,0.2620281376747534,73.64830841104089,58.49688859847178,4.181672548058226,209.6147731796604,2774.593147751606,8358.971,1282.451,1298.0969999999998,5778.423,1432.683,6926.288,17.139466089785454,LEVE,2
10,1,7,0,4,3,-12.3831,-73.44,0,4,5,0,1,2,2,2,2021,9,1,0,14,3,2,6543.555,2.0,4,4,1.0,14,33,1198.0,0.4297325556987851,76.15904795703717,58.63823936731875,6.097264629229048,579.625724446144,29458.58458244112,17779.13499998999,2097.3709999899997,2863.123,12818.640999999989,2878.713,14900.421999989989,16.19152450331032,GRAVE_LESIONADOS,0
0,1,10,0,4,1,-13.477207,-76.184357,0,4,1,1,2,2,2,0,2021,9,1,0,17,3,0,205.54999999999995,-1.0,2,0,1.0,13,31,15.0,0.5935454717688132,79.82270610044196,65.40471106456853,9.554430232416086,978.9182940808604,5314.299785867237,3721.461,698.1859999999996,744.866,2278.409,1102.9029999999996,2618.558,29.636290693359403,LEVE,2
3,2,3,0,4,1,-15.667729172402368,-74.54660298180991,0,4,7,1,2,2,2,0,2021,9,1,0,18,2,0,6639.975,2.0,2,0,1.0,9,31,1616.0,0.5506866101079593,82.86625626542308,52.583975733291474,8.639278579077253,883.1421643314422,1740.2462526766594,10322.272,1495.236,1749.739,7077.2970000000005,2886.595,7435.677000000001,27.964725207783708,LEVE,2
3,2,11,0,4,1,-11.33764144123931,-75.5575597232838,0,4,7,1,2,2,2,0,2021,9,1,0,18,2,2,600.0300000000001,2.0,2,0,0.0,9,8,178.0,0.3785310516079165,75.33519212039768,49.9039428717292,5.362207673258474,485.4204518607064,4754.987152034261,12264.545,1826.4639999999995,1105.5389999999998,9332.542,1588.5359999999996,10676.009,12.952261987705208,GRAVE_MORTALIDAD,1
3,2,20,0,4,1,-14.976911672207429,-70.4454168107595,0,4,7,1,2,2,2,2,2021,9,1,0,19,2,2,7586.903,2.0,2,0,1.0,9,5,1198.0,0.3321861957084406,76.3620732097923,75.82173747880367,6.343900019252585,249.29068548640728,4882.685224839401,13642.312999999998,2020.7790000000005,2354.117,9267.416999999998,3314.0520000000006,10328.260999999997,24.29244952817019,LEVE,2
0,1,10,0,4,1,-14.630707,-75.187448,0,4,7,1,2,2,2,0,2021,9,1,0,21,2,0,6639.975,2.0,2,0,1.0,9,31,1616.0,0.5979174613339426,80.76049717343994,85.82161722096541,8.785420243552947,907.5991833927088,1316.4689507494647,3721.461,698.1859999999996,744.866,2278.409,1102.9029999999996,2618.558,29.636290693359403,LEVE,2
0,2,11,0,4,1,-11.521031,-75.905211,0,4,7,1,2,2,2,2,2021,9,2,0,7,1,2,7586.903,2.0,2,0,1.0,9,5,1198.0,0.6211711217784234,75.51508523355102,70.90101252241288,10.049671623026311,1128.403546167389,8996.89721627409,12264.545,1826.4639999999995,1105.5389999999998,9332.542,1588.5359999999996,10676.009,12.952261987705208,LEVE,2
1,0,13,2,4,1,-6.792049,-79.865118,0,0,7,1,2,2,2,2,2021,9,2,0,18,2,0,6543.555,3.0,2,0,1.0,0,30,1475.0,0.6336758582443321,79.57413791335281,79.43179781120509,10.959065315580176,998.3945232858084,284974.83725910063,3459.691,515.0619999999999,689.7280000000001,2254.901,703.3549999999999,2756.336,20.329994788551925,LEVE,2
3,1,14,0,4,1,-11.138761819360765,-77.27290781387161,0,4,7,1,2,1,0,2,2021,9,2,0,19,2,0,198.315,2.0,2,0,0.0,9,1,55.0,0.625259356790912,76.00710856837651,64.39893010534446,7.928807895834627,1379.4198272918734,24684.304068522484,7626.313,1683.4029999999998,1599.0829999999996,4343.827000000001,1814.875,5811.438000000001,23.797541485643197,LEVE,2
3,2,20,0,4,1,-15.30053128987367,-70.02410067448778,0,4,7,1,2,2,2,2,2021,9,2,0,20,2,2,1762.84,2.0,1,0,0.0,9,32,485.0,0.1810174949558188,69.26889595852893,49.98260057006019,4.579825449945772,98.35153163090057,11217.961456102785,13642.312999999998,2020.7790000000005,2354.117,9267.416999999998,3314.0520000000006,10328.260999999997,24.29244952817019,LEVE,2
3,2,11,0,4,1,-11.44894297291743,-74.48510519927761,0,4,7,1,2,2,2,0,2021,9,2,0,23,2,2,1337.175,1.0,1,3,0.0,9,32,315.0,0.3570817332180048,73.74932476832508,43.805659202757695,6.484925788605561,398.3541927461293,66993.35796966725,12264.545,1826.4639999999995,1105.5389999999998,9332.542,1588.5359999999996,10676.009,12.952261987705208,LEVE,2
1,1,14,0,4,1,-11.457522,-77.321459,0,4,7,1,2,2,2,0,2021,9,3,0,6,1,0,6543.555,3.0,2,0,1.0,0,30,1475.0,0.6328991168419597,79.8522840328396,72.51785912375117,8.65057438382499,1190.6734036432963,65701.61456102783,7626.313,1683.4029999999998,1599.0829999999996,4343.827000000001,1814.875,5811.438000000001,23.797541485643197,LEVE,2
0,1,14,2,2,4,-12.02910567981228,-76.99168294364385,7,0,7,1,2,2,2,4,2021,9,3,0,8,1,0,6543.555,2.0,4,4,1.0,14,33,1198.0,0.6970617810314195,81.40501156526744,73.5715154770137,9.635174408411393,1428.892506292977,203379.9271948608,7626.313,1683.4029999999998,1599.0829999999996,4343.827000000001,1814.875,5811.438000000001,23.797541485643197,LEVE,2
3,2,7,0,4,1,-13.429176,-71.863166,0,4,7,1,2,2,2,2,2021,9,3,0,9,1,2,168.34499999999997,2.0,2,3,0.0,9,32,55.0,0.3854606520670675,78.88797910851082,75.26298601433699,5.942700379355102,370.4502500235893,4673.113490364026,17779.13499998999,2097.3709999899997,2863.123,12818.640999999989,2878.713,14900.421999989989,16.19152450331032,LEVE,2