CLASE SINIESTRO,CANTIDAD DE VEHICULOS DAÑADOS,DEPARTAMENTO,ZONA,TIPO DE VÍA,RED VIAL,COORDENADAS LATITUD,COORDENADAS  LONGITUD,CONDICIÓN CLIMÁTICA,ZONIFICACIÓN,CARACTERÍSTICAS DE VÍA,PERFIL LONGITUDINAL VÍA,SUPERFICIE DE CALZADA,¿EXISTE SEÑAL VERTICAL?,¿EXISTE SEÑAL HORIZONTAL?,CAUSA FACTOR PRINCIPAL,AÑO,MES,DIA_SEMANA,ES_FIN_SEMANA,HORA_NUM,FRANJA_HORARIA,REGION_NATURAL,MTC_RVN_LONGITUD_KM,MTC_RVN_N_CARRILES_MEDIANA,MTC_RVN_SUPERFICIE_DOMINANTE,MTC_RVN_ESTADO_DOMINANTE,MTC_RVN_ES_CONCESIONADA,MTC_RVN_CONCESION_PRINCIPAL,MTC_RVN_CORREDOR_LOGISTICO,MTC_RVN_N_TRAMOS,IDH_2019,IDH_ESP_VIDA_2019,IDH_EDUC_SECUND_PCT_2019,IDH_ANIOS_EDUC_2019,IDH_INGRESO_PERCAP_2019,IDH_POBLACION_2019,MTC_DEP_RED_TOTAL_KM,MTC_DEP_NACIONAL_TOTAL_KM,MTC_DEP_DEPARTAMENTAL_TOTAL_KM,MTC_DEP_VECINAL_TOTAL_KM,MTC_DEP_PAV_TOTAL_KM,MTC_DEP_NO_PAV_TOTAL_KM,MTC_DEP_PCT_PAVIMENTADA,CATEGORIA_SEVERIDAD,CATEGORIA_SEVERIDAD_ENC
3,2,11,0,4,1,-10.946973812713598,-75.2221705341921,0,4,7,1,2,2,2,0,2021,9,3,0,12,3,2,5768.608,2.0,3,1,0.0,9,32,365.0,0.4295860411633357,74.52920034355449,56.24873272101314,6.697659727647938,572.4658040665552,73767.52890792291,12264.545,1826.4639999999995,1105.5389999999998,9332.542,1588.5359999999996,10676.009,12.952261987705208,LEVE,2
0,1,14,0,4,0,-10.793471,-77.729742,0,4,7,0,2,2,2,0,2021,9,3,0,14,3,0,6543.555,2.0,4,4,1.0,14,33,1198.0,0.632911211240674,81.58376681315518,69.32394689793804,8.941945753132826,1157.2741069943163,12371.334047109209,7626.313,1683.4029999999998,1599.0829999999996,4343.827000000001,1814.875,5811.438000000001,23.797541485643197,LEVE,2
0,1,7,0,4,3,-13.760977,-71.5462627,0,4,0,0,7,2,2,6,2021,9,3,0,17,3,2,6543.555,2.0,4,4,1.0,14,33,1198.0,0.2662629803896222,69.177138363648,53.22953524136351,4.064477176468824,251.91361966271845,10643.807280513918,17779.13499998999,2097.3709999899997,2863.123,12818.640999999989,2878.713,14900.421999989989,16.19152450331032,LEVE,2
3,2,3,2,4,0,-16.3818322,-71.6574499,0,2,7,1,2,2,2,2,2021,9,3,0,20,2,0,6543.555,2.0,4,4,1.0,14,33,1198.0,0.6005060748875158,78.21704200773246,77.40211893847457,8.994742794352394,996.014120858737,33335.45824411135,10322.272,1495.236,1749.739,7077.2970000000005,2886.595,7435.677000000001,27.964725207783708,LEVE,2
3,2,14,2,2,4,-11.093827896993163,-77.5840668080741,0,3,7,1,2,2,2,2,2021,9,4,0,6,1,0,6543.555,2.0,4,4,1.0,14,33,1198.0,0.6256541286888256,76.866876725279,74.48686395070398,9.794027812898843,1113.4562244631716,37972.95074946467,7626.313,1683.4029999999998,1599.0829999999996,4343.827000000001,1814.875,5811.438000000001,23.797541485643197,LEVE,2
0,1,11,0,4,1,-11.8742168,-75.4044973,0,4,7,1,2,2,2,4,2021,9,4,0,19,2,2,196.88,2.0,2,0,1.0,3,32,35.0,0.5133198537844352,70.28651371450412,78.22676770393541,8.69535658098749,751.7234024977862,1410.132762312634,12264.545,1826.4639999999995,1105.5389999999998,9332.542,1588.5359999999996,10676.009,12.952261987705208,LEVE,2
10,1,19,2,2,4,-5.1801321,-80.6552988,0,3,7,0,2,1,1,0,2021,9,4,0,23,2,0,6543.555,2.0,4,4,1.0,14,33,1198.0,0.5997462042553465,78.40793944726823,72.26811532412637,9.714064362322326,976.3169831713308,183875.0,8965.846000060003,1782.4120000599992,636.9959999999999,6546.438000000004,2214.505000059999,6751.341000000004,24.699342371541725,LEVE,2
0,1,4,0,4,2,-13.253825,-74.341918,5,4,7,1,2,0,1,2,2021,9,5,1,1,0,2,6543.555,2.0,4,4,1.0,14,33,1198.0,0.1859776092837948,69.85250115366037,39.77024304701982,3.1640035399309645,143.5227500887571,15617.884368308352,12678.733000000004,1805.074000000001,1774.0339999999994,9099.625000000004,2485.375000000001,10193.358000000002,19.602707936195205,LEVE,2
6,1,5,2,4,1,-7.585538,-78.133861,0,3,7,1,2,0,1,2,2021,9,5,1,3,0,2,9936.932,2.0,2,0,1.0,9,32,3830.0,0.2517980913588912,79.04120044279121,35.01748350135311,3.323753479451267,260.3952910099023,13301.858672376871,15935.565011852366,1733.9250000199986,935.692,13265.948011832368,2000.1670000199988,13935.398011832369,12.551591352627522,LEVE,2
0,1,1,2,4,1,-9.509058417527417,-77.532194,0,0,7,1,2,2,2,6,2021,9,5,1,14,3,2,9936.932,2.0,2,0,1.0,9,32,3830.0,0.5849977076393457,75.29860916717843,73.3703897539794,9.670945225325228,958.0920369809884,78605.04710920772,10767.648,1885.0630000000003,1222.721,7659.864000000001,2100.343,8667.305000000002,19.506051832303577,LEVE,2
6,1,20,2,2,4,-15.87,-69.987,0,0,7,1,2,2,2,2,2021,9,5,1,15,3,2,6543.555,2.0,4,4,1.0,14,33,1198.0,0.6488901960567479,69.67312345830231,82.12448375199249,11.701623814093702,1230.336353415943,144745.3597430407,13642.312999999998,2020.7790000000005,2354.117,9267.416999999998,3314.0520000000006,10328.260999999997,24.29244952817019,LEVE,2
7,0,14,2,4,1,-11.985570801507548,-76.8095719742455,0,3,7,1,2,2,2,0,2021,9,5,1,17,3,0,875.67,2.0,2,0,1.0,3,14,156.0,0.7410537419693288,80.72873693175681,77.76911521289269,11.20634409407566,1539.7635062745433,43755.852248394,7626.313,1683.4029999999998,1599.0829999999996,4343.827000000001,1814.875,5811.438000000001,23.797541485643197,LEVE,2
3,2,19,0,4,1,-5.240542,-80.089013,0,4,7,0,2,2,2,0,2021,9,5,1,19,2,0,722.9000000000002,2.0,1,0,1.0,2,32,123.0,0.3893523155396837,73.6911779276771,49.78375684989758,4.513910151215105,616.2310203311459,12720.513918629553,8965.846000060003,1782.4120000599992,636.9959999999999,6546.438000000004,2214.505000059999,6751.341000000004,24.699342371541725,LEVE,2
3,2,5,2,4,2,-5.665039781651673,-78.6812549418639,0,3,7,1,2,2,2,0,2021,9,6,1,5,0,2,6543.555,2.0,4,4,1.0,14,33,1198.0,0.4823525101155781,74.68609013731242,51.19107770858362,5.880567124588062,905.9911705096852,13071.734475374731,15935.565011852366,1733.9250000199986,935.692,13265.948011832368,2000.1670000199988,13935.398011832369,12.551591352627522,LEVE,2
8,1,7,0,4,0,-13.455011,-72.189688,0,4,2,1,3,2,2,4,2021,9,6,1,12,3,2,6543.555,2.0,4,4,1.0,14,33,1198.0,0.4461630003962475,73.21502670801013,72.39928330950325,7.637017072327872,534.399353077353,18328.770877944324,17779.13499998999,2097.3709999899997,2863.123,12818.640999999989,2878.713,14900.421999989989,16.19152450331032,LEVE,2
3,2,20,2,2,4,-15.851551,-70.015947,0,0,7,1,2,0,1,2,2021,9,6,1,16,3,2,6543.555,2.0,4,4,1.0,14,33,1198.0,0.6488901960567479,69.67312345830231,82.12448375199249,11.701623814093702,1230.336353415943,144745.3597430407,13642.312999999998,2020.7790000000005,2354.117,9267.416999999998,3314.0520000000006,10328.260999999997,24.29244952817019,GRAVE_LESIONADOS,0
3,1,14,2,2,4,-12.19284986799084,-76.96236713957965,0,3,7,1,2,2,2,2,2021,9,6,1,19,2,0,6543.555,2.0,4,4,1.0,14,33,1198.0,0.6990481232857558,80.14597904142546,74.3851677794309,10.004397644056358,1432.5044292531525,459161.0728051392,7626.313,1683.4029999999998,1599.0829999999996,4343.827000000001,1814.875,5811.438000000001,23.797541485643197,LEVE,2
3,2,7,0,4,1,-13.330792,-72.071909,7,4,7,1,2,2,2,2,2021,9,6,1,22,2,2,3447.8009999999995,1.0,2,3,0.0,9,12,1109.0,0.6467436323237573,79.23148267907465,67.52594538772321,10.132837841128774,1206.994437940653,3183.13704496788,17779.13499998999,2097.3709999899997,2863.123,12818.640999999989,2878.713,14900.421999989989,16.19152450331032,LEVE,2
6,1,4,0,4,2,-15.367685,-73.29724,0,4,0,0,1,2,2,2,2021,9,0,0,1,0,2,6543.555,2.0,4,4,1.0,14,33,1198.0,0.5195415199437885,75.49542185909227,58.35928232743613,8.456506800217879,820.3133165336449,2875.329764453961,12678.733000000004,1805.074000000001,1774.0339999999994,9099.625000000004,2485.375000000001,10193.358000000002,19.602707936195205,LEVE,2
3,2,12,0,4,1,-7.323069,-79.481149,0,4,7,1,2,2,2,0,2021,9,0,0,2,0,0,6543.555,3.0,2,0,1.0,0,30,1475.0,0.5650979329787121,81.32490571897102,68.6769211482833,7.868096912305706,909.6843705053026,43897.946466809415,8931.828000000005,1335.5899999999997,1935.9830000000004,5660.255000000005,1219.309,7712.519000000005,13.651281686122925,GRAVE_MORTALIDAD,1
1,0,3,2,4,1,-16.425485761082975,-71.53318932425682,0,0,7,1,2,2,2,2,2021,9,0,0,4,0,0,1101.78,1.0,5,2,0.0,9,32,202.0,0.7453744058790387,79.4589730074046,82.73398367318066,12.665195784530074,1448.5317937470898,76620.6295503212,10322.272,1495.236,1749.739,7077.2970000000005,2886.595,7435.677000000001,27.964725207783708,LEVE,2
3,1,20,2,4,1,-15.495436,-70.120294,0,0,7,1,2,2,2,2,2021,9,0,0,9,1,2,7586.903,2.0,2,0,1.0,9,5,1198.0,0.5759734352119,73.55929462493827,78.89306383943827,10.174966342239475,888.1716010638444,232834.39603082248,13642.312999999998,2020.7790000000005,2354.117,9267.416999999998,3314.0520000000006,10328.260999999997,24.29244952817019,LEVE,2
0,0,20,0,4,0,-15.410127983519631,-70.36522252959625,0,4,7,1,4,2,2,6,2021,9,0,0,10,1,2,6543.555,2.0,4,4,1.0,14,33,1198.0,0.4451745613783446,70.98869115444882,66.61608433572192,7.63470007837118,577.3173462752228,10293.640256959316,13642.312999999998,2020.7790000000005,2354.117,9267.416999999998,3314.0520000000006,10328.260999999997,24.29244952817019,LEVE,2
3,2,14,0,4,1,-10.913021559228133,-77.00273990850796,0,4,0,0,2,2,2,2,2021,9,0,0,12,3,0,1422.177,2.0,2,0,0.0,9,19,698.0,0.1640584330946609,78.15551662977417,55.49596103687552,6.225471087869532,64.54263566018727,1889.8800856531047,7626.313,1683.4029999999998,1599.0829999999996,4343.827000000001,1814.875,5811.438000000001,23.797541485643197,GRAVE_LESIONADOS,0
6,1,11,0,4,1,-11.022674418229409,-75.31631646869266,0,4,7,1,2,2,2,0,2021,9,0,0,13,3,2,600.0300000000001,2.0,2,0,0.0,9,8,178.0,0.587430624814192,75.05837214886559,65.27778442559935,9.160286843623986,1064.616047731197,24595.453961456104,12264.545,1826.4639999999995,1105.5389999999998,9332.542,1588.5359999999996,10676.009,12.952261987705208,LEVE,2
0,1,3,2,4,0,-16.3672817,-71.6395677,0,3,7,1,2,2,2,2,2021,9,0,0,18,2,0,6543.555,2.0,4,4,1.0,14,33,1198.0,0.6005060748875158,78.21704200773246,77.40211893847457,8.994742794352394,996.014120858737,33335.45824411135,10322.272,1495.236,1749.739,7077.2970000000005,2886.595,7435.677000000001,27.964725207783708,LEVE,2
3,2,17,2,4,1,-17.64352615684302,-71.3391691409166,0,0,7,0,2,1,1,2,2021,9,0,0,22,2,0,1926.94,2.0,2,0,1.0,9,32,393.0,0.6831569654189188,78.20298093881752,73.06967658016572,10.671817350138191,1346.7860056613883,68663.72805139187,2949.174,470.28500000000025,903.055,1575.834,866.4460000000004,2082.728,29.37927704503025,LEVE,2
1,0,19,0,4,1,-5.139167,-80.173203,0,4,7,1,2,2,2,0,2021,9,0,0,22,2,0,43.63,-1.0,2,0,0.0,9,32,35.0,0.4653748048968089,74.19666709322776,61.11371397478021,6.596218102126203,701.9088264424688,75914.02997858672,8965.846000060003,1782.4120000599992,636.9959999999999,6546.438000000004,2214.505000059999,6751.341000000004,24.699342371541725,LEVE,2
3,2,3,0,4,1,-15.7617292,-70.9896114,0,4,0,0,2,1,1,2,2021,9,1,0,5,0,0,1504.4250000000002,2.0,2,0,1.0,7,25,241.0,0.4498224071382834,81.63336343193146,58.84842497065013,5.774685730039019,620.6584683449911,1358.612419700214,10322.272,1495.236,1749.739,7077.2970000000005,2886.595,7435.677000000001,27.964725207783708,LEVE,2
3,1,2,0,4,1,-14.143804300351665,-72.30288533023071,6,5,6,2,6,2,2,0,2021,9,1,0,9,1,2,2176.715,1.0,1,3,0.0,9,32,756.0,0.499163551389036,75.70962705281627,87.67387501944928,7.79976949484745,631.0025854087717,13588.147751605997,8358.971,1282.451,1298.0969999999998,5778.423,1432.683,6926.288,17.139466089785454,LEVE,2
6,1,12,0,4,2,-8.039117,-78.09946,0,4,7,1,7,2,2,0,2021,9,1,0,14,3,0,6543.555,2.0,4,4,1.0,14,33,1198.0,0.3760037277999114,76.42155998110908,54.36678092101703,5.979840038259673,417.2054803951085,7366.297644539614,8931.828000000005,1335.5899999999997,1935.9830000000004,5660.255000000005,1219.309,7712.519000000005,13.651281686122925,LEVE,2
3,2,11,0,4,1,-11.845242,-75.386895,0,3,7,1,2,1,0,2,2021,9,1,0,14,3,2,7586.903,2.0,2,0,1.0,9,5,1198.0,0.5070161842895945,73.80206213234514,63.85847897942124,8.358201154457815,762.340864761461,2559.4197002141323,12264.545,1826.4639999999995,1105.5389999999998,9332.542,1588.5359999999996,10676.009,12.952261987705208,LEVE,2
3,2,12,2,3,4,-8.08727,-79.026687,0,0,1,1,2,2,2,2,2021,9,1,0,19,2,0,6543.555,2.0,4,4,1.0,14,33,1198.0,0.5660037074268495,80.06506822193698,64.73347905247898,8.83142544271948,895.216621604284,40839.32762312634,8931.828000000005,1335.5899999999997,1935.9830000000004,5660.255000000005,1219.309,7712.519000000005,13.651281686122925,LEVE,2
6,0,14,2,4,1,-11.9661888,-77.0678143,0,3,7,1,2,2,2,0,2021,9,1,0,21,2,0,6543.555,3.0,2,0,1.0,0,30,1475.0,0.758462599563312,80.5192231989937,79.20045639149897,11.33839041452458,1628.5661148492152,363987.54389721627,7626.313,1683.4029999999998,1599.0829999999996,4343.827000000001,1814.875,5811.438000000001,23.797541485643197,LEVE,2
6,1,21,0,4,2,-6.93532,-76.7711,0,4,0,0,2,0,1,2,2021,9,2,0,1,0,1,6543.555,2.0,4,4,1.0,14,33,1198.0,0.4405643812344348,75.18216151144992,45.98701858494916,6.60221113469699,674.0765426320277,11144.95289079229,5645.136,815.0759999999999,965.298,3864.762,1013.406,4631.73,17.95184385283189,LEVE,2
6,1,13,0,4,1,-7.051415,-79.576526,0,4,7,1,2,1,1,0,2021,9,2,0,5,0,0,6543.555,3.0,2,0,1.0,0,30,1475.0,0.5328313946151968,80.14557682903842,69.10246351364754,7.779461377421685,787.1306410578989,10221.605995717344,3459.691,515.0619999999999,689.7280000000001,2254.901,703.3549999999999,2756.336,20.329994788551925,GRAVE_MORTALIDAD,1
0,1,13,0,7,4,-6.152058,-79.721485,0,4,7,1,7,2,2,2,2021,9,2,0,6,1,0,6543.555,2.0,4,4,1.0,14,33,1198.0,0.4974674218418852,75.93907983080418,58.3357972839862,7.69595447676265,761.2908213145297,28734.96573875803,3459.691,515.0619999999999,689.7280000000001,2254.901,703.3549999999999,2756.336,20.329994788551925,LEVE,2
0,0,14,2,2,4,-12.129439000029455,-77.02302743852582,0,0,1,1,2,2,2,0,2021,9,2,0,6,1,0,6543.555,2.0,4,4,1.0,14,33,1198.0,0.8326399351216524,80.31446032722859,77.78409882620639,13.96507415980228,1925.7868972542449,87898.66595289079,7626.313,1683.4029999999998,1599.0829999999996,4343.827000000001,1814.875,5811.438000000001,23.797541485643197,LEVE,2
3,3,12,0,4,1,-7.214056,-79.429342,0,2,7,1,2,2,2,2,2021,9,2,0,9,1,0,6543.555,3.0,2,0,1.0,0,30,1475.0,0.5885704819472196,78.81449187577415,72.29060549742594,8.763210867480462,976.1586325354776,48424.389721627405,8931.828000000005,1335.5899999999997,1935.9830000000004,5660.255000000005,1219.309,7712.519000000005,13.651281686122925,LEVE,2
0,0,20,2,2,4,-15.514318,-70.123775,0,3,7,1,2,1,0,4,2021,9,2,0,19,2,2,6543.555,2.0,4,4,1.0,14,33,1198.0,0.5759734352119,73.55929462493827,78.89306383943827,10.174966342239475,888.1716010638444,232834.39603082248,13642.312999999998,2020.7790000000005,2354.117,9267.416999999998,3314.0520000000006,10328.260999999997,24.29244952817019,LEVE,2
1,1,12,0,4,1,-7.974314,-79.081129,0,4,7,1,2,2,2,2,2021,9,2,0,20,2,0,6543.555,3.0,2,0,1.0,0,30,1475.0,0.5721567587688113,77.67102283812494,66.21373667954742,8.464777379360486,978.4498488219192,15563.077087794432,8931.828000000005,1335.5899999999997,1935.9830000000004,5660.255000000005,1219.309,7712.519000000005,13.651281686122925,LEVE,2
10,1,20,0,4,0,-15.777412458103388,-70.30179249116372,0,4,7,1,1,2,2,5,2021,9,3,0,3,0,2,6543.555,2.0,4,4,1.0,14,33,1198.0,0.3411957944963065,67.8375829238065,81.88833814815048,6.923463341589775,287.2932034706172,2703.9250535331907,13642.312999999998,2020.7790000000005,2354.117,9267.416999999998,3314.0520000000006,10328.260999999997,24.29244952817019,LEVE,2
0,1,20,0,4,1,-16.000244595944547,-69.76599430623706,0,4,7,1,2,0,1,4,2021,9,3,0,7,1,2,7586.903,2.0,2,0,1.0,9,5,1198.0,0.3247057995130503,73.24682709519536,76.81044161661171,6.507336567861034,242.9773157546694,24872.03426124197,13642.312999999998,2020.7790000000005,2354.117,9267.416999999998,3314.0520000000006,10328.260999999997,24.29244952817019,LEVE,2
7,1,22,2,2,4,-17.976328,-70.23725,0,3,7,0,2,2,2,2,2021,9,4,0,5,0,0,6543.555,2.0,4,4,1.0,14,33,1198.0,0.5247346827766403,77.18848313096647,75.55178983417426,9.056869377972824,693.9613625714486,37523.97002141328,2650.572,630.6729999999998,487.3610000000001,1532.5379999999998,1068.7019999999998,1581.87,40.31967439480987,LEVE,2
3,2,1,2,6,4,-9.083483826740991,-78.57346631162113,0,3,1,1,2,2,2,0,2021,9,4,0,14,3,2,6543.555,2.0,4,4,1.0,14,33,1198.0,0.6138280897610826,78.84695742989106,71.99259200326753,9.438855747011283,1055.78291711923,196830.83083511775,10767.648,1885.0630000000003,1222.721,7659.864000000001,2100.343,8667.305000000002,19.506051832303577,LEVE,2
3,2,10,0,4,1,-13.699175,-76.165262,0,4,7,1,2,2,2,0,2021,9,4,0,17,3,0,205.54999999999995,-1.0,2,0,1.0,13,31,15.0,0.5876128251369682,76.40783657687089,72.44948426378424,10.42636694091524,914.8835608305218,58924.95503211991,3721.461,698.1859999999996,744.866,2278.409,1102.9029999999996,2618.558,29.636290693359403,LEVE,2
3,2,7,2,4,3,-13.184115,-72.062108,0,3,7,1,2,2,2,2,2021,9,4,0,22,2,2,6543.555,2.0,4,4,1.0,14,33,1198.0,0.2310138329166804,69.70483973976968,39.26079785509049,3.4363371208003386,226.75902356837,5501.668094218416,17779.13499998999,2097.3709999899997,2863.123,12818.640999999989,2878.713,14900.421999989989,16.19152450331032,LEVE,2
6,1,5,0,4,1,-7.286192,-78.213168,0,4,7,0,2,1,1,0,2021,9,5,1,4,0,2,9936.932,2.0,2,0,1.0,9,32,3830.0,0.2248217662933267,71.86940730479807,40.39097341188932,3.5762485388565097,194.53057273302585,5022.419700214133,15935.565011852366,1733.9250000199986,935.692,13265.948011832368,2000.1670000199988,13935.398011832369,12.551591352627522,LEVE,2
6,1,7,2,3,4,-14.49696,-71.155116,0,3,7,1,2,2,2,2,2021,9,5,1,6,1,2,6543.555,2.0,4,4,1.0,14,33,1198.0,0.2203506125864708,63.2185051736148,53.31195554262463,5.074877589504474,153.07870837763025,5406.680942184154,17779.13499998999,2097.3709999899997,2863.123,12818.640999999989,2878.713,14900.421999989989,16.19152450331032,LEVE,2
2,2,10,0,4,1,-13.4609451,-76.136483,0,4,7,1,2,2,2,0,2021,9,5,1,7,1,0,6639.975,2.0,2,0,1.0,9,31,1616.0,0.575108675542622,80.48751485041296,69.97733945104977,8.91411717811534,891.3032819289404,12460.550321199144,3721.461,698.1859999999996,744.866,2278.409,1102.9029999999996,2618.558,29.636290693359403,LEVE,2
3,1,15,2,2,4,-3.7650069535268007,-73.25943265263824,6,5,6,2,6,2,2,0,2021,9,5,1,11,1,1,6543.555,2.0,4,4,1.0,14,33,1198.0,0.529795353544325,72.41445562653223,53.44391779748307,8.289281910927794,973.5956743426708,73191.91006423984,1095.5949999999998,128.87099999999998,320.74700000000007,645.9769999999999,274.214,821.381,25.02877431897737,LEVE,2
3,2,20,0,4,1,-14.812665868258437,-70.24852685644093,0,4,7,1,2,2,2,2,2021,9,5,1,12,3,2,1761.8050000000003,2.0,2,0,1.0,6,22,410.0,0.4384088880022875,66.28408395269946,71.45267205250292,8.282733608109961,563.5418969725097,28239.627408993576,13642.312999999998,2020.7790000000005,2354.117,9267.416999999998,3314.0520000000006,10328.260999999997,24.29244952817019,LEVE,2
2,2,12,0,4,2,-7.774257,-78.354444,0,4,0,0,7,2,2,0,2021,9,5,1,15,3,0,6543.555,2.0,4,4,1.0,14,33,1198.0,0.1883083184611077,75.93360618381381,28.79507521744373,3.260895439511201,147.65429669929867,24235.73233404711,8931.828000000005,1335.5899999999997,1935.9830000000004,5660.255000000005,1219.309,7712.519000000005,13.651281686122925,LEVE,2
3,2,21,0,4,1,-6.46943,-76.40892,0,4,7,1,2,1,1,2,2021,9,5,1,18,2,1,7758.33400008,2.0,2,0,1.0,9,20,2133.0,0.5161697967495434,74.0485549555585,67.66553329849887,7.496102388253975,830.9600064207436,3605.6852248394,5645.136,815.0759999999999,965.298,3864.762,1013.406,4631.73,17.95184385283189,LEVE,2
6,1,1,0,4,2,-10.197130278814091,-77.03216312157124,0,4,0,0,1,2,2,2,2021,9,5,1,19,2,2,6543.555,2.0,4,4,1.0,14,33,1198.0,0.4269408576044317,72.93388725047924,25.981462185461645,8.071798105272336,743.834784513233,1443.1713062098502,10767.648,1885.0630000000003,1222.721,7659.864000000001,2100.343,8667.305000000002,19.506051832303577,LEVE,2
6,1,14,0,4,1,-10.788557,-77.711797,0,4,7,1,2,2,2,0,2021,9,5,1,19,2,0,6543.555,3.0,2,0,1.0,0,30,1475.0,0.6308271130775358,79.95164649343668,65.83291929627318,8.147513189673957,1280.4873677124128,24646.92291220557,7626.313,1683.4029999999998,1599.0829999999996,4343.827000000001,1814.875,5811.438000000001,23.797541485643197,LEVE,2
0,1,3,0,4,1,-16.678236572097173,-71.8708634030674,0,4,1,1,2,1,1,0,2021,9,5,1,20,2,0,6639.975,2.0,2,0,1.0,9,31,1616.0,0.6105481451420971,78.10653088113892,68.35418098658066,8.411557426919764,1158.5430895193692,35025.678800856535,10322.272,1495.236,1749.739,7077.2970000000005,2886.595,7435.677000000001,27.964725207783708,LEVE,2
3,2,15,2,2,4,-3.792249472553042,-73.29888612653801,7,0,7,1,2,2,2,0,2021,9,5,1,22,2,1,6543.555,2.0,4,4,1.0,14,33,1198.0,0.578134350962316,72.90307998335238,55.49705098903474,10.509480811415798,1057.596132242517,149460.57173447538,1095.5949999999998,128.87099999999998,320.74700000000007,645.9769999999999,274.214,821.381,25.02877431897737,LEVE,2
1,0,20,0,4,1,-15.4497307,-70.1411055,0,4,7,1,2,2,2,0,2021,9,6,1,0,0,2,7586.903,2.0,2,0,1.0,9,5,1198.0,0.5225679967471315,73.87568641139362,79.22999870887685,8.745562804731529,728.6643223924281,65445.28409703769,13642.312999999998,2020.7790000000005,2354.117,9267.416999999998,3314.0520000000006,10328.260999999997,24.29244952817019,LEVE,2
6,1,7,0,4,2,-13.55119,-72.018122,0,4,5,0,7,2,2,2,2021,9,6,1,1,0,2,6543.555,2.0,4,4,1.0,14,33,1198.0,0.6348954939297919,77.6245715059073,78.73535107148551,10.276562257168177,1084.1455565765216,94654.62312633834,17779.13499998999,2097.3709999899997,2863.123,12818.640999999989,2878.713,14900.421999989989,16.19152450331032,LEVE,2
0,0,14,2,2,4,-12.223894272996022,-76.91989657734099,7,0,1,1,2,2,2,0,2021,9,6,1,9,1,0,6543.555,2.0,4,4,1.0,14,33,1198.0,0.6990481232857558,80.14597904142546,74.3851677794309,10.004397644056358,1432.5044292531525,459161.0728051392,7626.313,1683.4029999999998,1599.0829999999996,4343.827000000001,1814.875,5811.438000000001,23.797541485643197,LEVE,2
3,2,5,2,4,1,-7.14659055,-78.50834705,7,3,7,1,2,2,2,2,2021,9,6,1,10,1,2,9936.932,2.0,2,0,1.0,9,32,3830.0,0.6070175276741574,73.19224654097276,74.29530430690215,9.490386956642766,1117.141592366869,257380.9443254818,15935.565011852366,1733.9250000199986,935.692,13265.948011832368,2000.1670000199988,13935.398011832369,12.551591352627522,LEVE,2
3,2,7,0,4,1,-13.621524,-71.397627,7,4,7,1,2,2,2,2,2021,9,6,1,10,1,2,3263.58,2.0,2,0,1.0,5,18,566.0,0.2701433460922377,67.03086854576458,59.596346222865,3.690268129191559,281.2948228692088,16118.58886509636,17779.13499998999,2097.3709999899997,2863.123,12818.640999999989,2878.713,14900.421999989989,16.19152450331032,LEVE,2
3,3,23,0,4,1,-3.5515163619640027,-80.41422487721141,0,4,7,1,2,2,2,2,2021,9,6,1,19,2,0,6543.555,3.0,2,0,1.0,0,30,1475.0,0.6025111043634478,77.63758231637303,72.22144062196868,9.79150322507506,998.9716590818762,109744.95931477516,1009.101,138.47399999999996,287.471,583.156,276.972,732.129,27.447401201663663,GRAVE_MORTALIDAD,1
3,2,15,2,3,4,-3.747080107033987,-73.24988936805082,0,0,1,1,2,2,2,0,2021,9,6,1,23,2,1,6543.555,2.0,4,4,1.0,14,33,1198.0,0.6598204400488458,74.39325093062702,69.69813044898703,12.74033149882924,1208.8057293272177,145540.50535331905,1095.5949999999998,128.87099999999998,320.74700000000007,645.9769999999999,274.214,821.381,25.02877431897737,LEVE,2
6,1,2,0,4,1,-13.65386872563591,-73.31742164664246,0,4,0,1,2,1,0,2,2021,9,0,0,1,0,2,7586.903,2.0,2,0,1.0,9,5,1198.0,0.4619010623422457,78.59168291839167,71.17621940902927,6.822215000922938,577.0592072650313,27074.62526766595,8358.971,1282.451,1298.0969999999998,5778.423,1432.683,6926.288,17.139466089785454,GRAVE_LESIONADOS,0
6,1,19,2,2,4,-5.1716666,-80.6672373,0,3,1,1,2,1,0,0,2021,9,0,0,3,0,0,6543.555,2.0,4,4,1.0,14,33,1198.0,0.5997462042553465,78.40793944726823,72.26811532412637,9.714064362322326,976.3169831713308,183875.0,8965.846000060003,1782.4120000599992,636.9959999999999,6546.438000000004,2214.505000059999,6751.341000000004,24.699342371541725,LEVE,2
3,2,19,0,4,1,-5.077639,-80.430419,0,4,7,0,2,2,2,0,2021,9,0,0,6,1,0,145.125,-1.0,2,3,0.0,9,32,35.0,0.459857589992435,80.72202071327797,50.86886521100652,5.65389066385764,729.6720832259953,125429.93361884369,8965.846000060003,1782.4120000599992,636.9959999999999,6546.438000000004,2214.505000059999,6751.341000000004,24.699342371541725,GRAVE_MORTALIDAD,1