CLASE SINIESTRO,CANTIDAD DE VEHICULOS DAÑADOS,DEPARTAMENTO,ZONA,TIPO DE VÍA,RED VIAL,COORDENADAS LATITUD,COORDENADAS  LONGITUD,CONDICIÓN CLIMÁTICA,ZONIFICACIÓN,CARACTERÍSTICAS DE VÍA,PERFIL LONGITUDINAL VÍA,SUPERFICIE DE CALZADA,¿EXISTE SEÑAL VERTICAL?,¿EXISTE SEÑAL HORIZONTAL?,CAUSA FACTOR PRINCIPAL,AÑO,MES,DIA_SEMANA,ES_FIN_SEMANA,HORA_NUM,FRANJA_HORARIA,REGION_NATURAL,MTC_RVN_LONGITUD_KM,MTC_RVN_N_CARRILES_MEDIANA,MTC_RVN_SUPERFICIE_DOMINANTE,MTC_RVN_ESTADO_DOMINANTE,MTC_RVN_ES_CONCESIONADA,MTC_RVN_CONCESION_PRINCIPAL,MTC_RVN_CORREDOR_LOGISTICO,MTC_RVN_N_TRAMOS,IDH_2019,IDH_ESP_VIDA_2019,IDH_EDUC_SECUND_PCT_2019,IDH_ANIOS_EDUC_2019,IDH_INGRESO_PERCAP_2019,IDH_POBLACION_2019,MTC_DEP_RED_TOTAL_KM,MTC_DEP_NACIONAL_TOTAL_KM,MTC_DEP_DEPARTAMENTAL_TOTAL_KM,MTC_DEP_VECINAL_TOTAL_KM,MTC_DEP_PAV_TOTAL_KM,MTC_DEP_NO_PAV_TOTAL_KM,MTC_DEP_PCT_PAVIMENTADA,CATEGORIA_SEVERIDAD,CATEGORIA_SEVERIDAD_ENC
3,1,5,0,4,1,-5.832726,-78.748357,0,4,0,0,2,2,2,0,2021,10,4,0,18,2,2,7758.33400008,2.0,2,0,1.0,9,20,2133.0,0.5803239946829384,74.49544278598792,68.33065356443184,8.733179344969395,1046.078117086984,102362.46895074946,15935.565011852366,1733.9250000199986,935.692,13265.948011832368,2000.1670000199988,13935.398011832369,12.551591352627522,LEVE,2
3,2,14,0,4,1,-10.856982110062484,-77.69072533603766,0,4,7,1,2,2,2,0,2021,10,4,0,19,2,0,6543.555,3.0,2,0,1.0,0,30,1475.0,0.6308271130775358,79.95164649343668,65.83291929627318,8.147513189673957,1280.4873677124128,24646.92291220557,7626.313,1683.4029999999998,1599.0829999999996,4343.827000000001,1814.875,5811.438000000001,23.797541485643197,LEVE,2
1,0,14,2,2,4,-11.98678826956822,-77.01574397392685,0,0,7,1,2,2,2,0,2021,10,4,0,19,2,0,6543.555,2.0,4,4,1.0,14,33,1198.0,0.701053025277506,79.62867561460851,73.1469484600971,10.064317505194426,1464.6926161541437,1150285.0494171206,7626.313,1683.4029999999998,1599.0829999999996,4343.827000000001,1814.875,5811.438000000001,23.797541485643197,LEVE,2
3,2,1,2,4,1,-8.998258205771755,-78.61797806714192,0,3,7,1,2,2,2,0,2021,10,4,0,21,2,2,6543.555,3.0,2,0,1.0,0,30,1475.0,0.5751416396314166,79.13313360862875,61.07686741629993,7.835804203082414,1055.1585250692096,20995.070663811563,10767.648,1885.0630000000003,1222.721,7659.864000000001,2100.343,8667.305000000002,19.506051832303577,LEVE,2
6,1,12,2,4,2,-7.89231008535038,-77.56053383383959,0,4,7,1,7,2,2,2,2021,10,4,0,21,2,0,6543.555,2.0,4,4,1.0,14,33,1198.0,0.4099534752488352,76.9570873294826,41.40008348191757,5.126636617192666,664.7497099167108,1224.9229122055674,8931.828000000005,1335.5899999999997,1935.9830000000004,5660.255000000005,1219.309,7712.519000000005,13.651281686122925,GRAVE_MORTALIDAD,1
6,1,8,0,4,1,-13.5020815314854,-75.1389084543188,0,4,5,1,2,2,2,0,2021,10,5,1,2,0,2,1679.5849999999998,2.0,2,3,1.0,9,24,315.0,0.378190446863802,61.96062803309754,62.44748113248555,6.662538076220829,503.0752702710709,212.6488222698074,8511.426,1445.3929999999996,2008.516,5057.516999999999,1879.579,6631.846999999998,22.08300935706896,GRAVE_MORTALIDAD,1
6,1,1,0,4,1,-8.595565513920915,-77.65579275880476,6,5,6,2,6,2,2,0,2021,10,5,1,10,1,2,1134.015,-1.0,0,2,0.0,9,32,173.0,0.2235535999263506,73.45839458409556,45.37993605623589,4.103256000117067,160.68553039031255,2516.8950749464666,10767.648,1885.0630000000003,1222.721,7659.864000000001,2100.343,8667.305000000002,19.506051832303577,LEVE,2
1,1,19,2,4,1,-5.228525,-80.65309,0,0,7,1,2,1,0,0,2021,10,5,1,11,1,0,6543.555,3.0,2,0,1.0,0,30,1475.0,0.5034350778485951,78.14388603810477,62.51585839041032,7.698619805954479,731.8176685454189,76220.84796573877,8965.846000060003,1782.4120000599992,636.9959999999999,6546.438000000004,2214.505000059999,6751.341000000004,24.699342371541725,LEVE,2
6,1,11,0,4,2,-12.052939,-75.352517,0,4,7,0,7,2,2,2,2021,10,5,1,12,3,2,6543.555,2.0,4,4,1.0,14,33,1198.0,0.5386332469506827,73.88284151270877,68.81067018792724,8.629227274673466,856.9051389983388,3560.481798715204,12264.545,1826.4639999999995,1105.5389999999998,9332.542,1588.5359999999996,10676.009,12.952261987705208,LEVE,2
3,2,10,0,4,1,-13.951114,-75.79674,0,4,7,1,2,2,2,0,2021,10,5,1,17,3,0,6639.975,2.0,2,0,1.0,9,31,1616.0,0.6053164595604621,78.88848309050202,67.63954639531094,9.133324993872453,1064.9426147896202,27932.19700214133,3721.461,698.1859999999996,744.866,2278.409,1102.9029999999996,2618.558,29.636290693359403,LEVE,2
0,1,13,2,7,4,-6.796301,-79.843871,0,0,1,1,2,2,2,2,2021,10,5,1,19,2,0,6543.555,2.0,4,4,1.0,14,33,1198.0,0.5698121065713132,80.7750211042815,73.24532007426484,9.611369875155264,807.8835749369007,96903.36830835116,3459.691,515.0619999999999,689.7280000000001,2254.901,703.3549999999999,2756.336,20.329994788551925,LEVE,2
3,1,2,0,4,2,-13.76823096846766,-73.36587238577928,0,4,0,0,1,2,2,2,2021,10,5,1,20,2,2,6543.555,2.0,4,4,1.0,14,33,1198.0,0.5563774842369664,77.00938809632027,69.10246351364754,8.476961866273152,914.8835608305218,27932.19700214133,8358.971,1282.451,1298.0969999999998,5778.423,1432.683,6926.288,17.139466089785454,LEVE,2
5,1,15,0,4,0,-3.843165595348717,-73.33486691605374,6,5,6,2,6,2,2,0,2021,10,5,1,23,2,1,6543.555,2.0,4,4,1.0,14,33,1198.0,0.578134350962316,72.90307998335238,55.49705098903474,10.509480811415798,1057.596132242517,149460.57173447538,1095.5949999999998,128.87099999999998,320.74700000000007,645.9769999999999,274.214,821.381,25.02877431897737,LEVE,2
3,2,14,2,2,4,-10.752897390545105,-77.75814059112236,2,0,1,1,2,2,2,0,2021,10,6,1,4,0,0,6543.555,2.0,4,4,1.0,14,33,1198.0,0.6351794046894105,80.8024412070713,71.35332766738335,9.404359888374977,1133.7779214188106,74926.62740899358,7626.313,1683.4029999999998,1599.0829999999996,4343.827000000001,1814.875,5811.438000000001,23.797541485643197,LEVE,2
1,0,20,0,4,1,-16.164515,-69.649208,0,4,7,1,2,2,2,0,2021,10,6,1,6,1,2,417.30000000000007,1.0,0,3,0.0,9,32,52.0,0.4020198374784472,77.80062735845667,75.295761294875,7.279851651626652,372.63390314535104,50686.62526766595,13642.312999999998,2020.7790000000005,2354.117,9267.416999999998,3314.0520000000006,10328.260999999997,24.29244952817019,LEVE,2
0,1,12,0,4,2,-8.021766,-77.476395,0,4,7,1,2,2,2,6,2021,10,6,1,7,1,0,6543.555,2.0,4,4,1.0,14,33,1198.0,0.5483466485199614,73.40947702180615,54.774559790319735,7.761827414252816,1085.433074508267,22858.52890792291,8931.828000000005,1335.5899999999997,1935.9830000000004,5660.255000000005,1219.309,7712.519000000005,13.651281686122925,LEVE,2
3,2,14,0,4,0,-10.77671786202964,-77.74506182475308,0,4,7,1,2,2,2,0,2021,10,6,1,7,1,0,6543.555,2.0,4,4,1.0,14,33,1198.0,0.6351794046894105,80.8024412070713,71.35332766738335,9.404359888374977,1133.7779214188106,74926.62740899358,7626.313,1683.4029999999998,1599.0829999999996,4343.827000000001,1814.875,5811.438000000001,23.797541485643197,LEVE,2
6,1,14,2,2,4,-11.9907417,-77.0930204,0,0,1,1,2,2,2,0,2021,10,6,1,12,3,0,6543.555,2.0,4,4,1.0,14,33,1198.0,0.7419979630670723,80.31822295927182,79.00446395716813,11.084203715652809,1554.6868971011318,739416.2413542903,7626.313,1683.4029999999998,1599.0829999999996,4343.827000000001,1814.875,5811.438000000001,23.797541485643197,LEVE,2
0,1,21,2,6,4,-6.48395,-76.37267,0,0,7,1,2,0,1,0,2021,10,6,1,19,2,1,6543.555,2.0,4,4,1.0,14,33,1198.0,0.6729354303196766,71.95034522710945,80.80288699428996,10.48054848161392,1400.8616704695874,76010.20342612421,5645.136,815.0759999999999,965.298,3864.762,1013.406,4631.73,17.95184385283189,LEVE,2
0,1,12,2,4,1,-7.920846350651576,-79.11031771336556,0,2,7,1,2,2,2,0,2021,10,6,1,21,2,0,6543.555,3.0,2,0,1.0,0,30,1475.0,0.5721567587688113,77.67102283812494,66.21373667954742,8.464777379360486,978.4498488219192,15563.077087794432,8931.828000000005,1335.5899999999997,1935.9830000000004,5660.255000000005,1219.309,7712.519000000005,13.651281686122925,LEVE,2
1,1,22,2,2,4,-18.02990354339072,-70.25125439989434,2,2,7,1,2,2,2,4,2021,10,6,1,22,2,0,6543.555,2.0,4,4,1.0,14,33,1198.0,0.5563774842369664,77.00938809632027,69.10246351364754,8.476961866273152,914.8835608305218,27932.19700214133,2650.572,630.6729999999998,487.3610000000001,1532.5379999999998,1068.7019999999998,1581.87,40.31967439480987,LEVE,2
1,0,12,0,4,1,-8.537008,-78.67925,0,4,7,1,2,2,2,0,2021,10,6,1,23,2,0,6543.555,3.0,2,0,1.0,0,30,1475.0,0.4971504606547645,77.79759708660042,46.44666297237219,6.322206801902116,929.9716106661404,44368.59100642397,8931.828000000005,1335.5899999999997,1935.9830000000004,5660.255000000005,1219.309,7712.519000000005,13.651281686122925,LEVE,2
6,1,5,0,4,2,-6.34424784,-78.90665524,0,4,0,1,1,2,2,2,2021,10,0,0,3,0,2,6543.555,2.0,4,4,1.0,14,33,1198.0,0.3988811935496497,76.27795285736048,52.72074369701245,5.402568072747514,535.5131446860119,52449.71734475375,15935.565011852366,1733.9250000199986,935.692,13265.948011832368,2000.1670000199988,13935.398011832369,12.551591352627522,LEVE,2
3,1,5,0,4,1,-7.257916,-78.506222,0,4,7,0,2,2,2,2,2021,10,0,0,5,0,2,887.28,2.0,2,0,1.0,8,17,155.0,0.2871763458712909,71.92284374528238,38.46051957702505,4.470383362620207,312.57454505408714,4874.023554603855,15935.565011852366,1733.9250000199986,935.692,13265.948011832368,2000.1670000199988,13935.398011832369,12.551591352627522,GRAVE_LESIONADOS,0
7,1,7,1,4,2,-14.90162717044661,-71.09326937418774,0,4,7,1,2,2,2,6,2021,10,0,0,10,1,2,6543.555,2.0,4,4,1.0,14,33,1198.0,0.3947357298822749,66.64682076332791,61.05871728905667,5.999409696750664,549.0221656567701,5092.139186295502,17779.13499998999,2097.3709999899997,2863.123,12818.640999999989,2878.713,14900.421999989989,16.19152450331032,LEVE,2
3,2,14,0,4,1,-10.660912731104885,-77.61419528129836,7,4,7,1,2,2,2,0,2021,10,0,0,14,3,0,1031.172,-1.0,1,0,0.0,9,32,405.0,0.6089995249782627,83.27989923505345,68.21266463461673,7.753898352965485,1106.793700553604,19807.916488222698,7626.313,1683.4029999999998,1599.0829999999996,4343.827000000001,1814.875,5811.438000000001,23.797541485643197,LEVE,2
6,1,7,0,4,0,-13.248447719615452,-72.25411762788868,0,4,0,1,1,2,2,2,2021,10,0,0,18,2,2,6543.555,2.0,4,4,1.0,14,33,1198.0,0.4436910265814239,73.23231952981627,68.31759937357421,6.347812015893606,607.5963608103546,11277.284796573877,17779.13499998999,2097.3709999899997,2863.123,12818.640999999989,2878.713,14900.421999989989,16.19152450331032,LEVE,2
5,1,20,0,4,1,-16.096062197858306,-69.63340754356499,0,4,7,1,2,1,1,2,2021,10,0,0,19,2,2,417.30000000000007,1.0,0,3,0.0,9,32,52.0,0.4020198374784472,77.80062735845667,75.295761294875,7.279851651626652,372.63390314535104,50686.62526766595,13642.312999999998,2020.7790000000005,2354.117,9267.416999999998,3314.0520000000006,10328.260999999997,24.29244952817019,LEVE,2
6,1,13,0,4,2,-6.80105,-79.685641,0,4,0,0,2,2,2,2,2021,10,0,0,21,2,0,6543.555,2.0,4,4,1.0,14,33,1198.0,0.6225425995267787,81.2291645554815,74.48443506763874,8.985275296431396,1068.7213105287574,28888.895074946468,3459.691,515.0619999999999,689.7280000000001,2254.901,703.3549999999999,2756.336,20.329994788551925,LEVE,2
10,1,3,0,4,1,-17.086751,-71.916428,0,4,0,0,2,1,1,0,2021,10,1,0,5,0,0,1926.94,2.0,2,0,1.0,9,32,393.0,0.6803071451955962,77.94466657583487,78.40700901768477,9.735921607047414,1363.7066157637946,944.9743040685224,10322.272,1495.236,1749.739,7077.2970000000005,2886.595,7435.677000000001,27.964725207783708,LEVE,2
6,1,1,0,4,1,-9.92304537452372,-77.38727145292336,0,4,7,0,2,2,2,2,2021,10,1,0,5,0,2,9936.932,2.0,2,0,1.0,9,32,3830.0,0.4654799331603382,71.10800342011737,71.6956954286478,8.000201643545543,613.215156662713,3873.366167023554,10767.648,1885.0630000000003,1222.721,7659.864000000001,2100.343,8667.305000000002,19.506051832303577,GRAVE_LESIONADOS,0
3,2,19,0,4,1,-5.39129720817052,-80.04823204396705,0,4,7,1,2,1,0,0,2021,10,1,0,7,1,0,1305.18,2.0,2,0,1.0,1,20,163.0,0.3893523155396837,73.6911779276771,49.78375684989758,4.513910151215105,616.2310203311459,12720.513918629553,8965.846000060003,1782.4120000599992,636.9959999999999,6546.438000000004,2214.505000059999,6751.341000000004,24.699342371541725,LEVE,2
10,1,1,2,4,1,-9.535526805679268,-77.5319712920164,0,0,1,1,4,2,2,0,2021,10,1,0,8,1,2,9936.932,2.0,2,0,1.0,9,32,3830.0,0.6030793015789164,74.32152956359432,74.04555490947676,10.264927494866978,1025.0063083434895,64284.002141327626,10767.648,1885.0630000000003,1222.721,7659.864000000001,2100.343,8667.305000000002,19.506051832303577,LEVE,2
0,0,14,2,2,4,-12.00935130226224,-77.05182857230899,0,3,7,1,2,2,2,0,2021,10,1,0,14,3,0,6543.555,2.0,4,4,1.0,14,33,1198.0,0.6853375063928137,80.04346891299102,76.32428568750537,8.817291636093138,1443.328322024431,217176.83083511775,7626.313,1683.4029999999998,1599.0829999999996,4343.827000000001,1814.875,5811.438000000001,23.797541485643197,LEVE,2
1,1,11,0,4,1,-11.906613,-75.331392,0,4,7,1,2,2,2,4,2021,10,1,0,23,2,2,7586.903,2.0,2,0,1.0,9,5,1198.0,0.5590037134540016,69.16521918655411,70.40542075696402,9.967120332016616,954.2603079564228,14877.426124197002,12264.545,1826.4639999999995,1105.5389999999998,9332.542,1588.5359999999996,10676.009,12.952261987705208,LEVE,2
6,1,3,0,4,0,-15.688877,-71.593917,7,4,0,0,2,1,1,0,2021,10,2,0,12,3,0,6543.555,2.0,4,4,1.0,14,33,1198.0,0.5649362269939818,77.38255516262952,62.90799914166011,8.553205457677265,965.713524953966,7715.586723768736,10322.272,1495.236,1749.739,7077.2970000000005,2886.595,7435.677000000001,27.964725207783708,GRAVE_LESIONADOS,0
10,2,11,0,4,1,-11.8488028,-75.4238195,0,4,7,1,2,2,2,2,2021,10,2,0,15,3,2,196.88,2.0,2,0,1.0,3,32,35.0,0.5133198537844352,70.28651371450412,78.22676770393541,8.69535658098749,751.7234024977862,1410.132762312634,12264.545,1826.4639999999995,1105.5389999999998,9332.542,1588.5359999999996,10676.009,12.952261987705208,LEVE,2
3,2,3,0,4,2,-16.5767007,-71.9325388,7,4,7,1,2,0,1,0,2021,10,2,0,16,3,0,6543.555,2.0,4,4,1.0,14,33,1198.0,0.6455852322566902,78.58826324858522,78.38415596279924,8.472481180514539,1258.6172876652156,2628.282655246253,10322.272,1495.236,1749.739,7077.2970000000005,2886.595,7435.677000000001,27.964725207783708,GRAVE_MORTALIDAD,1
0,0,14,2,4,1,-12.13134804927549,-76.97835262250652,0,0,7,1,2,2,2,0,2021,10,2,0,17,3,0,6639.975,2.0,2,0,1.0,9,31,1616.0,0.8017574897902351,80.48487267736287,78.74302427848284,13.156716040468266,1766.1488062170545,359776.608137045,7626.313,1683.4029999999998,1599.0829999999996,4343.827000000001,1814.875,5811.438000000001,23.797541485643197,LEVE,2
2,1,13,2,7,4,-6.778690606970792,-79.83272817188312,0,0,2,0,4,2,2,0,2021,10,2,0,21,2,0,6543.555,2.0,4,4,1.0,14,33,1198.0,0.6336758582443321,79.57413791335281,79.43179781120509,10.959065315580176,998.3945232858084,284974.83725910063,3459.691,515.0619999999999,689.7280000000001,2254.901,703.3549999999999,2756.336,20.329994788551925,LEVE,2
6,1,1,0,4,2,-10.15167951929115,-77.47552153014149,0,4,7,0,7,2,2,0,2021,10,3,0,6,1,2,6543.555,2.0,4,4,1.0,14,33,1198.0,0.3935578974560546,67.52651425284593,68.66127473623506,6.292576352808972,489.85690329784495,1245.1263383297644,10767.648,1885.0630000000003,1222.721,7659.864000000001,2100.343,8667.305000000002,19.506051832303577,LEVE,2
0,1,5,2,2,4,-7.165672,-78.505686,0,3,7,1,2,1,1,0,2021,10,3,0,6,1,2,6543.555,2.0,4,4,1.0,14,33,1198.0,0.6070175276741574,73.19224654097276,74.29530430690215,9.490386956642766,1117.141592366869,257380.9443254818,15935.565011852366,1733.9250000199986,935.692,13265.948011832368,2000.1670000199988,13935.398011832369,12.551591352627522,LEVE,2
1,1,19,2,4,1,-5.169773,-80.691237,0,2,3,1,2,1,0,0,2021,10,3,0,8,1,0,245.29,2.0,2,0,1.0,1,20,18.0,0.5997462042553465,78.40793944726823,72.26811532412637,9.714064362322326,976.3169831713308,183875.0,8965.846000060003,1782.4120000599992,636.9959999999999,6546.438000000004,2214.505000059999,6751.341000000004,24.699342371541725,LEVE,2
3,1,19,0,4,1,-5.14669,-80.269904,0,4,7,1,2,2,2,0,2021,10,3,0,8,1,0,1305.18,2.0,2,0,1.0,1,20,163.0,0.4653748048968089,74.19666709322776,61.11371397478021,6.596218102126203,701.9088264424688,75914.02997858672,8965.846000060003,1782.4120000599992,636.9959999999999,6546.438000000004,2214.505000059999,6751.341000000004,24.699342371541725,GRAVE_MORTALIDAD,1
10,1,12,0,4,2,-7.392739,-79.495388,0,4,7,1,2,2,2,4,2021,10,3,0,14,3,0,6543.555,2.0,4,4,1.0,14,33,1198.0,0.6138517538553948,80.84826225715301,64.49339622566798,9.143362084626023,1095.689060330069,16852.97430406852,8931.828000000005,1335.5899999999997,1935.9830000000004,5660.255000000005,1219.309,7712.519000000005,13.651281686122925,GRAVE_MORTALIDAD,1
4,1,14,2,2,4,-12.139583151291832,-77.01778279949289,0,0,7,1,2,2,2,0,2021,10,3,0,16,3,0,6543.555,2.0,4,4,1.0,14,33,1198.0,0.8207642838213052,80.14976904502905,78.34721798827678,12.592455139231284,1956.55173075211,27481.5653104925,7626.313,1683.4029999999998,1599.0829999999996,4343.827000000001,1814.875,5811.438000000001,23.797541485643197,LEVE,2
3,2,5,0,4,1,-5.952115307253124,-79.23049087953318,0,4,0,0,2,0,0,0,2021,10,3,0,17,3,2,9936.932,2.0,2,0,1.0,9,32,3830.0,0.3266895658234561,78.92954187259888,28.408182611093515,4.537458493744072,443.5976921734716,9305.942184154175,15935.565011852366,1733.9250000199986,935.692,13265.948011832368,2000.1670000199988,13935.398011832369,12.551591352627522,LEVE,2
3,2,3,2,3,4,-16.32995,-71.557076,0,3,1,1,2,0,1,0,2021,10,3,0,19,2,0,6543.555,2.0,4,4,1.0,14,33,1198.0,0.6411767862503931,77.2408324916572,78.204125011303,10.595705083047717,1107.223861768016,193412.3169164882,10322.272,1495.236,1749.739,7077.2970000000005,2886.595,7435.677000000001,27.964725207783708,LEVE,2
10,1,14,2,2,4,-12.210074,-76.938764,0,0,1,1,2,2,2,0,2021,10,3,0,19,2,0,6543.555,2.0,4,4,1.0,14,33,1198.0,0.6990481232857558,80.14597904142546,74.3851677794309,10.004397644056358,1432.5044292531525,459161.0728051392,7626.313,1683.4029999999998,1599.0829999999996,4343.827000000001,1814.875,5811.438000000001,23.797541485643197,LEVE,2
4,1,14,2,4,1,-12.096454474769404,-76.97998552236754,0,3,7,1,2,2,2,0,2021,10,3,0,19,2,0,6639.975,2.0,2,0,1.0,9,31,1616.0,0.8017574897902351,80.48487267736287,78.74302427848284,13.156716040468266,1766.1488062170545,359776.608137045,7626.313,1683.4029999999998,1599.0829999999996,4343.827000000001,1814.875,5811.438000000001,23.797541485643197,LEVE,2
3,2,13,0,4,1,-6.753705,-79.726366,0,4,7,1,2,2,2,0,2021,10,3,0,20,2,0,919.085,2.0,2,3,0.0,9,7,218.0,0.5620975674023033,82.12463805178847,66.61876166359768,8.699915557104742,843.1720684546592,25484.141327623125,3459.691,515.0619999999999,689.7280000000001,2254.901,703.3549999999999,2756.336,20.329994788551925,LEVE,2
6,1,11,0,4,1,-10.948163637161352,-75.22282116619475,6,5,6,2,6,2,2,0,2021,10,4,0,2,0,2,5768.608,2.0,3,1,0.0,9,32,365.0,0.4295860411633357,74.52920034355449,56.24873272101314,6.697659727647938,572.4658040665552,73767.52890792291,12264.545,1826.4639999999995,1105.5389999999998,9332.542,1588.5359999999996,10676.009,12.952261987705208,LEVE,2
3,2,3,2,7,4,-16.352556,-72.208859,7,3,7,1,1,2,2,0,2021,10,4,0,6,1,0,6543.555,2.0,4,4,1.0,14,33,1198.0,0.6077843615696785,76.53072135400231,69.81276959706165,8.77367759087771,1135.5159013374655,74658.55888650964,10322.272,1495.236,1749.739,7077.2970000000005,2886.595,7435.677000000001,27.964725207783708,LEVE,2
6,1,1,0,4,1,-8.678306725546722,-77.91874039512558,0,4,7,0,2,2,2,2,2021,10,4,0,8,1,2,664.36,1.0,1,3,0.0,9,32,210.0,0.4617372894434681,72.54487823534316,50.57917710555975,6.9257291922943685,751.6873613226472,816.6466809421843,10767.648,1885.0630000000003,1222.721,7659.864000000001,2100.343,8667.305000000002,19.506051832303577,GRAVE_MORTALIDAD,1
4,1,5,0,4,1,-7.203913,-78.435135,0,4,7,1,2,2,2,2,2021,10,4,0,9,1,2,9936.932,2.0,2,0,1.0,9,32,3830.0,0.3658867820676106,77.61736312988027,56.72232982291409,4.846126768330761,429.7048027279435,5469.092077087795,15935.565011852366,1733.9250000199986,935.692,13265.948011832368,2000.1670000199988,13935.398011832369,12.551591352627522,GRAVE_LESIONADOS,0
0,1,14,2,2,4,-11.940899,-77.0438,0,2,7,1,2,2,2,0,2021,10,4,0,10,1,0,6543.555,2.0,4,4,1.0,14,33,1198.0,0.7218926988400113,80.0902077245261,77.9581888264889,10.971588327733102,1458.3206086290393,530000.3426124197,7626.313,1683.4029999999998,1599.0829999999996,4343.827000000001,1814.875,5811.438000000001,23.797541485643197,LEVE,2
1,1,20,0,4,1,-15.460852,-70.1393179,0,4,7,1,2,2,2,0,2021,10,4,0,11,1,2,7586.903,2.0,2,0,1.0,9,5,1198.0,0.5225679967471315,73.87568641139362,79.22999870887685,8.745562804731529,728.6643223924281,65445.28409703769,13642.312999999998,2020.7790000000005,2354.117,9267.416999999998,3314.0520000000006,10328.260999999997,24.29244952817019,LEVE,2
3,2,1,0,4,1,-9.524184217703764,-77.54526433498175,0,4,7,0,2,2,2,2,2021,10,4,0,14,3,2,729.0909999999999,1.0,2,0,0.0,9,4,195.0,0.5849977076393457,75.29860916717843,73.3703897539794,9.670945225325228,958.0920369809884,78605.04710920772,10767.648,1885.0630000000003,1222.721,7659.864000000001,2100.343,8667.305000000002,19.506051832303577,LEVE,2
6,1,6,2,2,4,-12.055473817244213,-77.10758129754797,0,3,7,0,2,2,2,2,2021,10,4,0,23,2,0,6543.555,2.0,4,4,1.0,14,33,1198.0,0.5563774842369664,77.00938809632027,69.10246351364754,8.476961866273152,914.8835608305218,27932.19700214133,51.58600000000001,44.68700000000001,6.899000000000001,0.0,49.838000000000015,1.748,96.61148373589734,LEVE,2
0,1,10,0,4,1,-14.531044,-75.187675,0,4,7,1,2,2,2,0,2021,10,5,1,2,0,0,1253.475,-1.0,1,3,0.0,9,32,217.0,0.6181901975175671,81.11121526884828,81.4570999718351,9.588458879563897,966.6199420714054,6820.845824411133,3721.461,698.1859999999996,744.866,2278.409,1102.9029999999996,2618.558,29.636290693359403,LEVE,2
0,1,3,2,4,1,-16.342429,-71.585874,0,0,1,1,2,0,1,0,2021,10,5,1,3,0,0,1504.4250000000002,2.0,2,0,1.0,7,25,241.0,0.6411767862503931,77.2408324916572,78.204125011303,10.595705083047717,1107.223861768016,193412.3169164882,10322.272,1495.236,1749.739,7077.2970000000005,2886.595,7435.677000000001,27.964725207783708,LEVE,2
3,1,7,0,4,1,-14.152643949371454,-71.39154812679948,0,4,7,0,2,2,2,2,2021,10,5,1,7,1,2,7586.903,2.0,2,0,1.0,9,5,1198.0,0.4337173562104641,75.15065004139942,79.9974723492709,7.143524482711378,473.5348889931674,5193.304068522484,17779.13499998999,2097.3709999899997,2863.123,12818.640999999989,2878.713,14900.421999989989,16.19152450331032,LEVE,2
6,1,7,0,4,1,-13.100004191349283,-72.37735462678407,0,4,0,1,2,2,2,2,2021,10,5,1,8,1,2,3447.8009999999995,1.0,2,3,0.0,9,12,1109.0,0.4706944943299555,76.79406176595778,61.64424635983724,7.141255198110581,653.4175319142125,3282.6252676659524,17779.13499998999,2097.3709999899997,2863.123,12818.640999999989,2878.713,14900.421999989989,16.19152450331032,GRAVE_MORTALIDAD,1
3,2,7,2,4,1,-14.184457,-71.350138,0,4,7,1,2,2,2,2,2021,10,5,1,8,1,2,7586.903,2.0,2,0,1.0,9,5,1198.0,0.4107458749971457,72.1547719826022,75.11691677377222,6.84079438286104,455.9087564374382,2466.282655246253,17779.13499998999,2097.3709999899997,2863.123,12818.640999999989,2878.713,14900.421999989989,16.19152450331032,LEVE,2
6,1,1,2,4,1,-9.12566274667016,-78.534261575131,0,3,7,1,2,2,2,0,2021,10,5,1,9,1,2,6543.555,3.0,2,0,1.0,0,30,1475.0,0.6459598096056908,78.63908715089502,73.94922643905556,10.615650526897664,1131.8657131941532,175440.59743040687,10767.648,1885.0630000000003,1222.721,7659.864000000001,2100.343,8667.305000000002,19.506051832303577,LEVE,2
0,1,1,0,4,1,-9.277351779240735,-78.41748933380784,0,4,7,1,2,2,2,4,2021,10,5,1,14,3,2,6543.555,3.0,2,0,1.0,0,30,1475.0,0.5575370467693914,78.64118956943892,57.24034570802082,7.631995537102537,1020.5426451773708,4692.985010706639,10767.648,1885.0630000000003,1222.721,7659.864000000001,2100.343,8667.305000000002,19.506051832303577,LEVE,2
6,1,7,0,4,1,-14.897640632862313,-71.20320446892045,0,4,7,1,2,1,0,2,2021,10,5,1,19,2,2,1780.161,1.0,1,3,0.0,9,32,490.0,0.3947357298822749,66.64682076332791,61.05871728905667,5.999409696750664,549.0221656567701,5092.139186295502,17779.13499998999,2097.3709999899997,2863.123,12818.640999999989,2878.713,14900.421999989989,16.19152450331032,GRAVE_MORTALIDAD,1
3,0,14,2,2,4,-12.250217031834625,-76.86691741288067,0,3,7,1,2,2,2,2,2021,10,5,1,20,2,0,6543.555,2.0,4,4,1.0,14,33,1198.0,0.6909236767275176,78.41626133969348,70.97436336767564,9.826485374940413,1476.8351947609171,95908.53319057816,7626.313,1683.4029999999998,1599.0829999999996,4343.827000000001,1814.875,5811.438000000001,23.797541485643197,LEVE,2