CLASE SINIESTRO,CANTIDAD DE VEHICULOS DAÑADOS,DEPARTAMENTO,ZONA,TIPO DE VÍA,RED VIAL,COORDENADAS LATITUD,COORDENADAS  LONGITUD,CONDICIÓN CLIMÁTICA,ZONIFICACIÓN,CARACTERÍSTICAS DE VÍA,PERFIL LONGITUDINAL VÍA,SUPERFICIE DE CALZADA,¿EXISTE SEÑAL VERTICAL?,¿EXISTE SEÑAL HORIZONTAL?,CAUSA FACTOR PRINCIPAL,AÑO,MES,DIA_SEMANA,ES_FIN_SEMANA,HORA_NUM,FRANJA_HORARIA,REGION_NATURAL,MTC_RVN_LONGITUD_KM,MTC_RVN_N_CARRILES_MEDIANA,MTC_RVN_SUPERFICIE_DOMINANTE,MTC_RVN_ESTADO_DOMINANTE,MTC_RVN_ES_CONCESIONADA,MTC_RVN_CONCESION_PRINCIPAL,MTC_RVN_CORREDOR_LOGISTICO,MTC_RVN_N_TRAMOS,IDH_2019,IDH_ESP_VIDA_2019,IDH_EDUC_SECUND_PCT_2019,IDH_ANIOS_EDUC_2019,IDH_INGRESO_PERCAP_2019,IDH_POBLACION_2019,MTC_DEP_RED_TOTAL_KM,MTC_DEP_NACIONAL_TOTAL_KM,MTC_DEP_DEPARTAMENTAL_TOTAL_KM,MTC_DEP_VECINAL_TOTAL_KM,MTC_DEP_PAV_TOTAL_KM,MTC_DEP_NO_PAV_TOTAL_KM,MTC_DEP_PCT_PAVIMENTADA,CATEGORIA_SEVERIDAD,CATEGORIA_SEVERIDAD_ENC
7,1,1,2,4,1,-8.817023375448127,-77.46082265358588,0,0,1,1,4,2,2,6,2021,10,0,0,16,3,2,1134.015,-1.0,0,2,0.0,9,32,173.0,0.4250153304535135,75.93355032868925,52.81176631650828,6.544146828871554,565.7350572614482,15623.824411134903,10767.648,1885.0630000000003,1222.721,7659.864000000001,2100.343,8667.305000000002,19.506051832303577,LEVE,2
0,0,14,2,2,4,-12.1485184,-77.0094428,0,3,1,1,2,2,2,0,2021,10,0,0,18,2,0,6543.555,2.0,4,4,1.0,14,33,1198.0,0.8017574897902351,80.48487267736287,78.74302427848284,13.156716040468266,1766.1488062170545,359776.608137045,7626.313,1683.4029999999998,1599.0829999999996,4343.827000000001,1814.875,5811.438000000001,23.797541485643197,LEVE,2
0,1,3,2,2,4,-16.322252,-71.591631,0,3,1,0,2,1,0,0,2021,10,0,0,19,2,0,6543.555,2.0,4,4,1.0,14,33,1198.0,0.6411767862503931,77.2408324916572,78.204125011303,10.595705083047717,1107.223861768016,193412.3169164882,10322.272,1495.236,1749.739,7077.2970000000005,2886.595,7435.677000000001,27.964725207783708,LEVE,2
1,0,7,2,2,4,-13.542680787112932,-71.8980647071465,0,0,7,1,2,2,2,4,2021,10,1,0,5,0,2,6543.555,2.0,4,4,1.0,14,33,1198.0,0.6549025615332805,78.59637500870319,78.62696287300767,10.432612491698492,1156.1148957567648,59698.74304068524,17779.13499998999,2097.3709999899997,2863.123,12818.640999999989,2878.713,14900.421999989989,16.19152450331032,LEVE,2
1,0,20,0,4,1,-16.120120186865673,-69.59073203994765,0,4,7,1,2,2,2,0,2021,10,1,0,5,0,2,7586.903,2.0,2,0,1.0,9,5,1198.0,0.2613641192883233,79.6090612964439,69.87345878214366,5.552108294960823,147.53606639786318,10083.702355460387,13642.312999999998,2020.7790000000005,2354.117,9267.416999999998,3314.0520000000006,10328.260999999997,24.29244952817019,LEVE,2
3,2,12,0,4,1,-8.192991,-77.95382,0,4,7,1,1,2,2,0,2021,10,1,0,9,1,0,9936.932,2.0,2,0,1.0,9,32,3830.0,0.2026055257491402,79.08466581016361,36.0252134497294,4.378887306596231,123.91449980870192,2340.5396145610275,8931.828000000005,1335.5899999999997,1935.9830000000004,5660.255000000005,1219.309,7712.519000000005,13.651281686122925,LEVE,2
6,1,7,0,4,0,-12.754553479770372,-72.56720878145326,0,4,0,1,1,2,2,2,2021,10,1,0,15,3,2,6543.555,2.0,4,4,1.0,14,33,1198.0,0.4297325556987851,76.15904795703717,58.63823936731875,6.097264629229048,579.625724446144,29458.58458244112,17779.13499998999,2097.3709999899997,2863.123,12818.640999999989,2878.713,14900.421999989989,16.19152450331032,LEVE,2
5,1,19,0,4,1,-4.8232,-80.2824,0,4,7,1,2,2,2,0,2021,10,1,0,19,2,0,640.6200000000001,2.0,2,3,0.0,9,32,72.0,0.459857589992435,80.72202071327797,50.86886521100652,5.65389066385764,729.6720832259953,125429.93361884369,8965.846000060003,1782.4120000599992,636.9959999999999,6546.438000000004,2214.505000059999,6751.341000000004,24.699342371541725,LEVE,2
6,0,14,2,4,1,-12.272783,-76.895042,0,2,7,1,2,2,2,0,2021,10,1,0,23,2,0,6639.975,2.0,2,0,1.0,9,31,1616.0,0.6909236767275176,78.41626133969348,70.97436336767564,9.826485374940413,1476.8351947609171,95908.53319057816,7626.313,1683.4029999999998,1599.0829999999996,4343.827000000001,1814.875,5811.438000000001,23.797541485643197,LEVE,2
6,1,8,0,4,3,-13.012211,-74.724287,0,4,5,0,1,2,2,0,2021,10,2,0,4,0,2,6543.555,2.0,4,4,1.0,14,33,1198.0,0.3648777342527826,72.61386206398959,50.19709555656983,5.638488277525374,444.6393044914551,24733.083511777302,8511.426,1445.3929999999996,2008.516,5057.516999999999,1879.579,6631.846999999998,22.08300935706896,GRAVE_MORTALIDAD,1
6,1,12,0,4,1,-8.7090699,-78.638141,0,4,7,1,2,2,2,2,2021,10,2,0,6,1,0,6543.555,3.0,2,0,1.0,0,30,1475.0,0.4867987483268106,77.5825534369154,52.95148122709723,6.150547060309878,840.5788229266196,9838.736616702356,8931.828000000005,1335.5899999999997,1935.9830000000004,5660.255000000005,1219.309,7712.519000000005,13.651281686122925,LEVE,2
0,0,14,2,2,4,-11.936842,-77.048987,0,0,1,1,2,2,2,0,2021,10,2,0,14,3,0,6543.555,2.0,4,4,1.0,14,33,1198.0,0.7218926988400113,80.0902077245261,77.9581888264889,10.971588327733102,1458.3206086290393,530000.3426124197,7626.313,1683.4029999999998,1599.0829999999996,4343.827000000001,1814.875,5811.438000000001,23.797541485643197,LEVE,2
3,2,10,0,4,1,-14.20346,-75.71473,0,4,1,1,2,2,2,0,2021,10,2,0,17,3,0,6639.975,2.0,2,0,1.0,9,31,1616.0,0.6261042306271147,80.48505954362174,76.55712631348362,9.341715591523595,1061.002261282891,31419.372591006424,3721.461,698.1859999999996,744.866,2278.409,1102.9029999999996,2618.558,29.636290693359403,LEVE,2
3,2,20,0,4,3,-15.958611004595587,-69.75700928299251,0,4,7,1,2,2,2,2,2021,10,3,0,18,2,2,6543.555,2.0,4,4,1.0,14,33,1198.0,0.3247057995130503,73.24682709519536,76.81044161661171,6.507336567861034,242.9773157546694,24872.03426124197,13642.312999999998,2020.7790000000005,2354.117,9267.416999999998,3314.0520000000006,10328.260999999997,24.29244952817019,LEVE,2
3,2,3,2,2,4,-16.365746,-71.524349,0,0,1,0,2,2,2,0,2021,10,3,0,19,2,0,6543.555,2.0,4,4,1.0,14,33,1198.0,0.6644305982399786,77.94756774830974,80.78986062622265,11.207078673345602,1154.977729265862,91855.75160599573,10322.272,1495.236,1749.739,7077.2970000000005,2886.595,7435.677000000001,27.964725207783708,LEVE,2
3,2,20,0,4,1,-14.911956,-69.843649,0,4,7,1,2,2,2,2,2021,10,3,0,19,2,2,1762.84,2.0,1,0,0.0,9,32,485.0,0.378190833410684,64.38599435143328,71.47428639887909,6.6558756897025,445.86091818087607,23481.556745182013,13642.312999999998,2020.7790000000005,2354.117,9267.416999999998,3314.0520000000006,10328.260999999997,24.29244952817019,LEVE,2
0,0,14,2,4,1,-11.843605,-77.1009174,0,0,7,1,2,2,2,0,2021,10,3,0,21,2,0,6543.555,3.0,2,0,1.0,0,30,1475.0,0.6632628912836565,79.15155564666024,73.19223743118206,9.629669813837666,1289.452647666346,383699.2119914347,7626.313,1683.4029999999998,1599.0829999999996,4343.827000000001,1814.875,5811.438000000001,23.797541485643197,LEVE,2
3,0,14,2,6,4,-12.1619604793638,-76.9843424183075,0,0,1,1,2,2,2,0,2021,10,4,0,13,3,0,6543.555,2.0,4,4,1.0,14,33,1198.0,0.8017574897902351,80.48487267736287,78.74302427848284,13.156716040468266,1766.1488062170545,359776.608137045,7626.313,1683.4029999999998,1599.0829999999996,4343.827000000001,1814.875,5811.438000000001,23.797541485643197,LEVE,2
3,0,14,2,2,4,-11.97158,-77.07601,0,1,1,1,2,2,2,0,2021,10,4,0,16,3,0,6543.555,2.0,4,4,1.0,14,33,1198.0,0.758462599563312,80.5192231989937,79.20045639149897,11.33839041452458,1628.5661148492152,363987.54389721627,7626.313,1683.4029999999998,1599.0829999999996,4343.827000000001,1814.875,5811.438000000001,23.797541485643197,LEVE,2
3,2,10,0,4,1,-13.68554280002415,-76.04584596729649,0,4,7,1,2,2,2,0,2021,10,4,0,19,2,0,1679.5849999999998,2.0,2,3,1.0,9,24,315.0,0.5368583996363854,74.61272186125923,72.26825466878516,8.4069286474868,830.4721109449902,14789.134903640255,3721.461,698.1859999999996,744.866,2278.409,1102.9029999999996,2618.558,29.636290693359403,LEVE,2
0,1,3,2,4,1,-16.3417439,-71.5864711,0,0,7,0,2,1,1,0,2021,10,5,1,4,0,0,1504.4250000000002,2.0,2,0,1.0,7,25,241.0,0.6411767862503931,77.2408324916572,78.204125011303,10.595705083047717,1107.223861768016,193412.3169164882,10322.272,1495.236,1749.739,7077.2970000000005,2886.595,7435.677000000001,27.964725207783708,LEVE,2
4,1,20,0,4,1,-16.126179,-69.5841,0,4,0,1,2,0,1,4,2021,10,5,1,5,0,2,7586.903,2.0,2,0,1.0,9,5,1198.0,0.4020198374784472,77.80062735845667,75.295761294875,7.279851651626652,372.63390314535104,50686.62526766595,13642.312999999998,2020.7790000000005,2354.117,9267.416999999998,3314.0520000000006,10328.260999999997,24.29244952817019,LEVE,2
3,2,20,0,4,0,-16.296059526311552,-69.23674113700632,0,4,7,1,2,2,2,2,2021,10,5,1,10,1,2,6543.555,2.0,4,4,1.0,14,33,1198.0,0.3165090894545869,72.969641049674,69.1278394147308,6.0160374778788,250.7872170233644,13778.516059957172,13642.312999999998,2020.7790000000005,2354.117,9267.416999999998,3314.0520000000006,10328.260999999997,24.29244952817019,LEVE,2
0,1,3,2,4,1,-16.312718,-71.609441,7,3,7,1,2,0,1,0,2021,10,5,1,14,3,0,1504.4250000000002,2.0,2,0,1.0,7,25,241.0,0.6411767862503931,77.2408324916572,78.204125011303,10.595705083047717,1107.223861768016,193412.3169164882,10322.272,1495.236,1749.739,7077.2970000000005,2886.595,7435.677000000001,27.964725207783708,LEVE,2
6,1,21,2,4,2,-6.214015,-77.078999,0,4,2,0,3,2,2,2,2021,10,5,1,17,3,1,6543.555,2.0,4,4,1.0,14,33,1198.0,0.4209273482033048,73.3551698063197,46.02617740809915,5.54816545192792,689.4538596354846,31717.576017130617,5645.136,815.0759999999999,965.298,3864.762,1013.406,4631.73,17.95184385283189,LEVE,2
0,0,14,2,4,1,-11.867990397187135,-77.07250888776531,0,0,7,1,2,2,2,0,2021,10,5,1,17,3,0,6543.555,3.0,2,0,1.0,0,30,1475.0,0.6632628912836565,79.15155564666024,73.19223743118206,9.629669813837666,1289.452647666346,383699.2119914347,7626.313,1683.4029999999998,1599.0829999999996,4343.827000000001,1814.875,5811.438000000001,23.797541485643197,LEVE,2
0,1,20,0,4,1,-16.302485,-69.272968,0,4,7,1,2,2,2,4,2021,10,5,1,18,2,2,7586.903,2.0,2,0,1.0,9,5,1198.0,0.3165090894545869,72.969641049674,69.1278394147308,6.0160374778788,250.7872170233644,13778.516059957172,13642.312999999998,2020.7790000000005,2354.117,9267.416999999998,3314.0520000000006,10328.260999999997,24.29244952817019,LEVE,2
0,1,13,0,4,1,-6.428107430525241,-79.83996384542908,0,4,0,1,2,1,0,4,2021,10,5,1,19,2,0,1305.18,2.0,2,0,1.0,1,20,163.0,0.4608056952818921,75.07525388209395,55.98854303572117,7.368276910949922,651.7834403995558,7702.053533190578,3459.691,515.0619999999999,689.7280000000001,2254.901,703.3549999999999,2756.336,20.329994788551925,LEVE,2
6,1,12,0,4,2,-8.491679881618504,-78.61668929848877,0,4,7,1,1,2,2,2,2021,10,5,1,20,2,0,6543.555,2.0,4,4,1.0,14,33,1198.0,0.4971504606547645,77.79759708660042,46.44666297237219,6.322206801902116,929.9716106661404,44368.59100642397,8931.828000000005,1335.5899999999997,1935.9830000000004,5660.255000000005,1219.309,7712.519000000005,13.651281686122925,LEVE,2
6,1,12,0,4,1,-8.404379,-78.83144,0,4,7,1,2,2,2,2,2021,10,6,1,2,0,0,6543.555,3.0,2,0,1.0,0,30,1475.0,0.5051395598219868,77.13285387085847,51.52067479184955,6.715328807318118,900.900383457586,67612.41755888652,8931.828000000005,1335.5899999999997,1935.9830000000004,5660.255000000005,1219.309,7712.519000000005,13.651281686122925,LEVE,2
6,1,14,2,3,4,-11.938900007543534,-76.69401167199534,0,0,7,1,2,2,2,0,2021,10,6,1,4,0,0,6543.555,2.0,4,4,1.0,14,33,1198.0,0.6831952456039544,78.60873873772867,74.49000793376607,10.00420210847705,1376.0472418044385,255143.7301927195,7626.313,1683.4029999999998,1599.0829999999996,4343.827000000001,1814.875,5811.438000000001,23.797541485643197,LEVE,2
6,1,13,0,4,2,-6.855253621437957,-79.86339563683511,0,4,7,1,2,2,2,0,2021,10,6,1,6,1,0,6543.555,2.0,4,4,1.0,14,33,1198.0,0.4741120956135246,82.20413595948395,63.9148290245543,7.357156496189524,585.9356712133833,32071.66595289079,3459.691,515.0619999999999,689.7280000000001,2254.901,703.3549999999999,2756.336,20.329994788551925,LEVE,2
3,2,7,2,4,1,-13.577853631427942,-71.8162539589751,0,0,7,1,2,2,2,2,2021,10,6,1,17,3,2,7586.903,2.0,2,0,1.0,9,5,1198.0,0.5065580412535501,64.79370905469777,77.15417383818448,8.35812941450031,844.3117831870799,8658.316916488222,17779.13499998999,2097.3709999899997,2863.123,12818.640999999989,2878.713,14900.421999989989,16.19152450331032,LEVE,2
3,2,13,0,4,2,-6.86989,-79.866706,0,4,7,1,2,2,2,0,2021,10,6,1,17,3,0,6543.555,2.0,4,4,1.0,14,33,1198.0,0.4741120956135246,82.20413595948395,63.9148290245543,7.357156496189524,585.9356712133833,32071.66595289079,3459.691,515.0619999999999,689.7280000000001,2254.901,703.3549999999999,2756.336,20.329994788551925,LEVE,2
6,1,20,0,4,0,-15.194,-69.911,0,4,7,1,2,2,2,2,2021,10,6,1,19,2,2,6543.555,2.0,4,4,1.0,14,33,1198.0,0.2975603398629206,66.26504757592178,72.68033015016644,6.376839083174954,230.1029638286405,7712.31691648822,13642.312999999998,2020.7790000000005,2354.117,9267.416999999998,3314.0520000000006,10328.260999999997,24.29244952817019,LEVE,2
1,0,12,0,4,1,-7.897459,-79.121425,0,4,7,1,2,2,2,0,2021,10,6,1,19,2,0,6543.555,3.0,2,0,1.0,0,30,1475.0,0.5721567587688113,77.67102283812494,66.21373667954742,8.464777379360486,978.4498488219192,15563.077087794432,8931.828000000005,1335.5899999999997,1935.9830000000004,5660.255000000005,1219.309,7712.519000000005,13.651281686122925,LEVE,2
5,2,13,2,4,1,-6.40171981871663,-79.82507764876418,0,1,7,1,2,2,2,0,2021,10,6,1,19,2,0,1305.18,2.0,2,0,1.0,1,20,163.0,0.5059173540051534,75.20849370321716,65.55087882905781,7.516301845742602,777.5523013576318,18529.839400428264,3459.691,515.0619999999999,689.7280000000001,2254.901,703.3549999999999,2756.336,20.329994788551925,LEVE,2
0,1,7,0,4,1,-13.599007882950222,-71.77005162057515,0,4,7,1,2,2,2,4,2021,10,6,1,20,2,2,7586.903,2.0,2,0,1.0,9,5,1198.0,0.5065580412535501,64.79370905469777,77.15417383818448,8.35812941450031,844.3117831870799,8658.316916488222,17779.13499998999,2097.3709999899997,2863.123,12818.640999999989,2878.713,14900.421999989989,16.19152450331032,LEVE,2
1,0,13,2,4,1,-5.9856029,-79.7399993,0,0,7,1,2,2,2,0,2021,10,6,1,21,2,0,1305.18,2.0,2,0,1.0,1,20,163.0,0.4703091457296942,74.91176543888524,59.04522375211969,6.365443427676777,742.49897987499,44335.321199143465,3459.691,515.0619999999999,689.7280000000001,2254.901,703.3549999999999,2756.336,20.329994788551925,LEVE,2
3,2,9,2,4,1,-10.003893,-76.238939,0,0,7,1,2,2,2,2,2021,10,6,1,22,2,2,9936.932,2.0,2,0,1.0,9,32,3830.0,0.6216164930359083,73.83445245401661,82.32001856648495,9.834238570262777,1100.9295903910202,39141.07922912206,8209.057,1333.4779999999996,791.9770000000001,6083.602,1059.8589999999997,7149.198,12.910849565303296,LEVE,2
6,1,7,0,4,1,-12.962535685409884,-72.66932958938133,0,4,0,1,2,2,2,2,2021,10,0,0,12,3,2,3447.8009999999995,1.0,2,3,0.0,9,12,1109.0,0.4183542411977864,78.60420986928908,65.97202423964534,7.0147021896379735,445.4415464917241,4086.477516059957,17779.13499998999,2097.3709999899997,2863.123,12818.640999999989,2878.713,14900.421999989989,16.19152450331032,LEVE,2
3,2,21,0,4,1,-6.026225,-77.216984,0,4,7,1,2,1,0,2,2021,10,0,0,15,3,1,7758.33400008,2.0,2,0,1.0,9,20,2133.0,0.5963332411867256,73.80959983510441,63.34953560123128,8.251886446437874,1232.7304200473363,24031.167023554604,5645.136,815.0759999999999,965.298,3864.762,1013.406,4631.73,17.95184385283189,LEVE,2
6,1,3,0,4,1,-16.701865,-71.927131,5,4,7,1,2,0,1,0,2021,10,0,0,21,2,0,289.55,2.0,2,0,1.0,7,25,10.0,0.6456305778571253,75.67334095395331,77.09261911098552,10.479683603540597,1179.2653123056473,21630.747323340474,10322.272,1495.236,1749.739,7077.2970000000005,2886.595,7435.677000000001,27.964725207783708,LEVE,2
0,1,20,0,4,2,-15.032214025591514,-70.38478515715661,0,4,7,1,7,2,2,4,2021,10,0,0,21,2,2,6543.555,2.0,4,4,1.0,14,33,1198.0,0.3321861957084406,76.3620732097923,75.82173747880367,6.343900019252585,249.29068548640728,4882.685224839401,13642.312999999998,2020.7790000000005,2354.117,9267.416999999998,3314.0520000000006,10328.260999999997,24.29244952817019,LEVE,2
3,2,21,0,4,1,-6.30668,-76.28044,0,4,0,0,2,1,1,2,2021,10,1,0,12,3,1,631.88,2.0,2,0,1.0,1,20,65.0,0.3665777639444328,70.42517509177479,35.14149888486565,5.3170877351714,578.6411816323407,8289.20556745182,5645.136,815.0759999999999,965.298,3864.762,1013.406,4631.73,17.95184385283189,GRAVE_MORTALIDAD,1
2,1,12,2,3,4,-8.063115,-79.078798,0,3,7,1,2,2,2,2,2021,10,1,0,16,3,0,6543.555,2.0,4,4,1.0,14,33,1198.0,0.5961574154611067,78.8610661942771,67.40352037574897,9.291971962737568,1010.620438228636,197397.5888650964,8931.828000000005,1335.5899999999997,1935.9830000000004,5660.255000000005,1219.309,7712.519000000005,13.651281686122925,LEVE,2
0,0,14,2,2,4,-12.0408,-76.96171,0,0,7,1,2,2,2,0,2021,10,1,0,17,3,0,6543.555,2.0,4,4,1.0,14,33,1198.0,0.7347309224519117,80.70014842215761,76.47981423089655,10.519505095866096,1571.8150981252256,229834.5310492505,7626.313,1683.4029999999998,1599.0829999999996,4343.827000000001,1814.875,5811.438000000001,23.797541485643197,LEVE,2
3,1,1,0,4,1,-9.44577888981608,-78.35032774850156,6,5,6,2,6,2,2,0,2021,10,2,0,4,0,2,6543.555,3.0,2,0,1.0,0,30,1475.0,0.5873460606982213,78.04758132038613,65.8701248560095,8.596987164492063,1041.0659985770535,35482.29764453961,10767.648,1885.0630000000003,1222.721,7659.864000000001,2100.343,8667.305000000002,19.506051832303577,GRAVE_MORTALIDAD,1
6,1,1,0,4,1,-8.835898852740346,-77.82921911378003,0,4,1,1,2,2,2,0,2021,10,2,0,6,1,2,9936.932,2.0,2,0,1.0,9,32,3830.0,0.5307653942130461,77.3400652039906,51.14255768610573,7.7750692059249,945.8003581374054,469.4882226980728,10767.648,1885.0630000000003,1222.721,7659.864000000001,2100.343,8667.305000000002,19.506051832303577,LEVE,2
0,1,20,0,4,1,-15.3125314,-70.228747,0,4,7,1,2,2,2,4,2021,10,2,0,8,1,2,7586.903,2.0,2,0,1.0,9,5,1198.0,0.289549626938555,77.56938441814937,61.26176615135224,5.519427583790393,205.49658062526288,1447.8907922912204,13642.312999999998,2020.7790000000005,2354.117,9267.416999999998,3314.0520000000006,10328.260999999997,24.29244952817019,LEVE,2
6,1,10,0,4,1,-15.291831,-75.105973,0,4,7,1,2,2,2,0,2021,10,2,0,12,3,0,196.8,2.0,2,0,1.0,4,27,35.0,0.5563774842369664,77.00938809632027,69.10246351364754,8.476961866273152,914.8835608305218,27932.19700214133,3721.461,698.1859999999996,744.866,2278.409,1102.9029999999996,2618.558,29.636290693359403,LEVE,2
0,1,13,2,4,1,-6.9920752,-79.6199359,0,0,7,1,2,1,0,0,2021,10,2,0,12,3,0,6543.555,3.0,2,0,1.0,0,30,1475.0,0.5328313946151968,80.14557682903842,69.10246351364754,7.779461377421685,787.1306410578989,10221.605995717344,3459.691,515.0619999999999,689.7280000000001,2254.901,703.3549999999999,2756.336,20.329994788551925,LEVE,2
6,1,3,0,4,1,-15.814545781165224,-74.31659275520566,0,4,0,0,2,2,2,0,2021,10,2,0,12,3,0,6639.975,2.0,2,0,1.0,9,31,1616.0,0.5759660838327949,85.0,57.78458871790271,8.237349280259481,955.2212903110584,731.8543897216274,10322.272,1495.236,1749.739,7077.2970000000005,2886.595,7435.677000000001,27.964725207783708,LEVE,2
5,1,20,0,4,2,-16.03986400376484,-69.59986905256049,0,4,7,1,2,0,0,0,2021,10,2,0,20,2,2,6543.555,2.0,4,4,1.0,14,33,1198.0,0.4020198374784472,77.80062735845667,75.295761294875,7.279851651626652,372.63390314535104,50686.62526766595,13642.312999999998,2020.7790000000005,2354.117,9267.416999999998,3314.0520000000006,10328.260999999997,24.29244952817019,LEVE,2
1,0,20,0,4,0,-16.313503224091768,-69.25332287647309,0,4,7,1,2,2,2,0,2021,10,2,0,21,2,2,6543.555,2.0,4,4,1.0,14,33,1198.0,0.3165090894545869,72.969641049674,69.1278394147308,6.0160374778788,250.7872170233644,13778.516059957172,13642.312999999998,2020.7790000000005,2354.117,9267.416999999998,3314.0520000000006,10328.260999999997,24.29244952817019,LEVE,2
6,1,6,2,4,1,-11.979772281188811,-77.12524665595598,0,2,7,1,2,1,1,2,2021,10,2,0,22,2,0,139.23,-1.0,2,0,0.0,9,32,69.0,0.5563774842369664,77.00938809632027,69.10246351364754,8.476961866273152,914.8835608305218,27932.19700214133,51.58600000000001,44.68700000000001,6.899000000000001,0.0,49.838000000000015,1.748,96.61148373589734,LEVE,2
7,0,14,2,3,4,-11.997801400730856,-76.86925638363198,0,0,7,1,4,2,2,0,2021,10,3,0,6,1,0,6543.555,2.0,4,4,1.0,14,33,1198.0,0.6831952456039544,78.60873873772867,74.49000793376607,10.00420210847705,1376.0472418044385,255143.7301927195,7626.313,1683.4029999999998,1599.0829999999996,4343.827000000001,1814.875,5811.438000000001,23.797541485643197,LEVE,2
6,1,8,0,4,1,-12.3657552,-75.0411332,0,4,0,0,2,1,1,0,2021,10,3,0,7,1,2,7586.903,2.0,2,0,1.0,9,5,1198.0,0.3197508632812603,73.35600919181914,47.73247021173725,4.747967817478287,352.6352900736821,3265.2034261241965,8511.426,1445.3929999999996,2008.516,5057.516999999999,1879.579,6631.846999999998,22.08300935706896,LEVE,2
10,1,5,0,4,2,-6.57825348,-78.30973257,0,4,0,0,1,2,2,0,2021,10,3,0,14,3,2,6543.555,2.0,4,4,1.0,14,33,1198.0,0.1608063274622158,72.4529331157616,29.893866821777383,3.306514889581033,107.77478365925174,4130.899357601714,15935.565011852366,1733.9250000199986,935.692,13265.948011832368,2000.1670000199988,13935.398011832369,12.551591352627522,GRAVE_MORTALIDAD,1
3,0,14,2,2,4,-11.95769380071578,-77.04924865652266,0,0,1,1,2,2,2,0,2021,10,3,0,17,3,0,6543.555,2.0,4,4,1.0,14,33,1198.0,0.7218926988400113,80.0902077245261,77.9581888264889,10.971588327733102,1458.3206086290393,530000.3426124197,7626.313,1683.4029999999998,1599.0829999999996,4343.827000000001,1814.875,5811.438000000001,23.797541485643197,LEVE,2
6,1,5,0,4,2,-7.1424689,-78.58586446,0,4,7,1,2,2,2,2,2021,10,3,0,17,3,2,6543.555,2.0,4,4,1.0,14,33,1198.0,0.6070175276741574,73.19224654097276,74.29530430690215,9.490386956642766,1117.141592366869,257380.9443254818,15935.565011852366,1733.9250000199986,935.692,13265.948011832368,2000.1670000199988,13935.398011832369,12.551591352627522,LEVE,2
3,2,10,0,4,1,-13.666781,-76.151503,0,4,7,1,2,2,2,0,2021,10,3,0,20,2,0,6639.975,2.0,2,0,1.0,9,31,1616.0,0.5723734005661165,76.14778354007997,72.53650205141851,9.107715991741182,922.4721268572972,24272.76659528908,3721.461,698.1859999999996,744.866,2278.409,1102.9029999999996,2618.558,29.636290693359403,LEVE,2
3,1,10,0,4,1,-13.696581802747886,-76.01277935008501,0,4,7,1,2,2,2,0,2021,10,4,0,1,0,0,1679.5849999999998,2.0,2,3,1.0,9,24,315.0,0.5368583996363854,74.61272186125923,72.26825466878516,8.4069286474868,830.4721109449902,14789.134903640255,3721.461,698.1859999999996,744.866,2278.409,1102.9029999999996,2618.558,29.636290693359403,GRAVE_MORTALIDAD,1
3,1,7,0,4,1,-13.659394,-71.421189,0,4,0,1,2,2,2,2,2021,10,4,0,7,1,2,3263.58,2.0,2,0,1.0,5,18,566.0,0.2701433460922377,67.03086854576458,59.596346222865,3.690268129191559,281.2948228692088,16118.58886509636,17779.13499998999,2097.3709999899997,2863.123,12818.640999999989,2878.713,14900.421999989989,16.19152450331032,LEVE,2
0,1,22,2,2,4,-18.08571491523633,-70.26811484537753,0,3,7,1,2,2,2,4,2021,10,4,0,19,2,0,6543.555,2.0,4,4,1.0,14,33,1198.0,0.5563774842369664,77.00938809632027,69.10246351364754,8.476961866273152,914.8835608305218,27932.19700214133,2650.572,630.6729999999998,487.3610000000001,1532.5379999999998,1068.7019999999998,1581.87,40.31967439480987,LEVE,2
6,1,5,0,4,2,-6.998466,-78.713159,2,4,7,0,1,2,2,0,2021,10,4,0,19,2,2,6543.555,2.0,4,4,1.0,14,33,1198.0,0.2741996735144121,67.87327980496377,34.62824886204975,4.027767902888583,340.12388239954726,2984.6616702355464,15935.565011852366,1733.9250000199986,935.692,13265.948011832368,2000.1670000199988,13935.398011832369,12.551591352627522,GRAVE_MORTALIDAD,1
10,1,10,0,4,1,-13.926327,-75.981552,0,4,7,1,2,2,2,0,2021,10,5,1,2,0,0,6639.975,2.0,2,0,1.0,9,31,1616.0,0.6053164595604621,78.88848309050202,67.63954639531094,9.133324993872453,1064.9426147896202,27932.19700214133,3721.461,698.1859999999996,744.866,2278.409,1102.9029999999996,2618.558,29.636290693359403,GRAVE_LESIONADOS,0
6,1,20,0,4,0,-16.353415021317712,-69.04422194690235,0,4,0,1,2,0,1,2,2021,10,5,1,5,0,2,6543.555,2.0,4,4,1.0,14,33,1198.0,0.2011806987824594,74.4889763180483,60.64537303940179,4.894288830644689,101.9396676572386,4207.04710920771,13642.312999999998,2020.7790000000005,2354.117,9267.416999999998,3314.0520000000006,10328.260999999997,24.29244952817019,LEVE,2