CLASE SINIESTRO,CANTIDAD DE VEHICULOS DAÑADOS,DEPARTAMENTO,ZONA,TIPO DE VÍA,RED VIAL,COORDENADAS LATITUD,COORDENADAS  LONGITUD,CONDICIÓN CLIMÁTICA,ZONIFICACIÓN,CARACTERÍSTICAS DE VÍA,PERFIL LONGITUDINAL VÍA,SUPERFICIE DE CALZADA,¿EXISTE SEÑAL VERTICAL?,¿EXISTE SEÑAL HORIZONTAL?,CAUSA FACTOR PRINCIPAL,AÑO,MES,DIA_SEMANA,ES_FIN_SEMANA,HORA_NUM,FRANJA_HORARIA,REGION_NATURAL,MTC_RVN_LONGITUD_KM,MTC_RVN_N_CARRILES_MEDIANA,MTC_RVN_SUPERFICIE_DOMINANTE,MTC_RVN_ESTADO_DOMINANTE,MTC_RVN_ES_CONCESIONADA,MTC_RVN_CONCESION_PRINCIPAL,MTC_RVN_CORREDOR_LOGISTICO,MTC_RVN_N_TRAMOS,IDH_2019,IDH_ESP_VIDA_2019,IDH_EDUC_SECUND_PCT_2019,IDH_ANIOS_EDUC_2019,IDH_INGRESO_PERCAP_2019,IDH_POBLACION_2019,MTC_DEP_RED_TOTAL_KM,MTC_DEP_NACIONAL_TOTAL_KM,MTC_DEP_DEPARTAMENTAL_TOTAL_KM,MTC_DEP_VECINAL_TOTAL_KM,MTC_DEP_PAV_TOTAL_KM,MTC_DEP_NO_PAV_TOTAL_KM,MTC_DEP_PCT_PAVIMENTADA,CATEGORIA_SEVERIDAD,CATEGORIA_SEVERIDAD_ENC
0,1,7,2,3,4,-14.26834905452551,-71.22777470332018,0,3,1,1,2,2,2,4,2021,10,5,1,14,3,2,6543.555,2.0,4,4,1.0,14,33,1198.0,0.5265643824923771,76.3202150422939,72.59240802938885,8.636399400985075,746.7361126929013,59032.11777301927,17779.13499998999,2097.3709999899997,2863.123,12818.640999999989,2878.713,14900.421999989989,16.19152450331032,LEVE,2
3,2,19,0,4,3,-5.188689,-80.56819,0,4,7,1,2,2,2,0,2021,10,5,1,17,3,0,6543.555,2.0,4,4,1.0,14,33,1198.0,0.6220812987247925,80.20155828147696,72.71675503872983,10.02377668600292,1028.915688621886,159840.92719486082,8965.846000060003,1782.4120000599992,636.9959999999999,6546.438000000004,2214.505000059999,6751.341000000004,24.699342371541725,GRAVE_MORTALIDAD,1
0,1,21,2,2,4,-6.47423,-76.37269,0,0,7,1,2,0,1,4,2021,10,5,1,19,2,1,6543.555,2.0,4,4,1.0,14,33,1198.0,0.6729354303196766,71.95034522710945,80.80288699428996,10.48054848161392,1400.8616704695874,76010.20342612421,5645.136,815.0759999999999,965.298,3864.762,1013.406,4631.73,17.95184385283189,LEVE,2
3,3,20,0,4,1,-15.018986909545212,-70.17962331131936,0,4,7,1,2,2,2,2,2021,10,5,1,21,2,2,1761.8050000000003,2.0,2,0,1.0,6,22,410.0,0.192208961369019,68.76766266610497,65.94920879656723,5.568539909379126,92.3572780511386,4011.042826552462,13642.312999999998,2020.7790000000005,2354.117,9267.416999999998,3314.0520000000006,10328.260999999997,24.29244952817019,LEVE,2
0,1,1,0,4,1,-9.172139965514432,-77.72451687642409,0,4,7,0,2,2,2,0,2021,10,5,1,21,2,2,9936.932,2.0,2,0,1.0,9,32,3830.0,0.4071155460952611,71.58664388381398,56.81316823343796,5.597184279325135,584.6024243739619,2298.109207708779,10767.648,1885.0630000000003,1222.721,7659.864000000001,2100.343,8667.305000000002,19.506051832303577,LEVE,2
3,2,5,2,4,1,-7.39785598,-78.12549721,0,2,7,0,2,1,1,2,2021,10,5,1,23,2,2,9936.932,2.0,2,0,1.0,9,32,3830.0,0.2084272352815466,73.63225914765889,44.62868182959399,3.444325077420938,156.1296423937251,2504.8222698072805,15935.565011852366,1733.9250000199986,935.692,13265.948011832368,2000.1670000199988,13935.398011832369,12.551591352627522,LEVE,2
0,0,14,2,4,1,-11.93558826014672,-77.07187589247279,0,0,1,1,2,2,2,0,2021,10,6,1,5,0,0,6543.555,3.0,2,0,1.0,0,30,1475.0,0.7218926988400113,80.0902077245261,77.9581888264889,10.971588327733102,1458.3206086290393,530000.3426124197,7626.313,1683.4029999999998,1599.0829999999996,4343.827000000001,1814.875,5811.438000000001,23.797541485643197,LEVE,2
1,0,14,2,2,4,-12.0591,-77.01383,0,0,7,1,2,2,2,0,2021,10,6,1,5,0,0,6543.555,2.0,4,4,1.0,14,33,1198.0,0.7646845961658533,80.23682119426338,77.96082737891015,12.014176158371615,1633.787715186093,250806.0877944326,7626.313,1683.4029999999998,1599.0829999999996,4343.827000000001,1814.875,5811.438000000001,23.797541485643197,LEVE,2
3,1,15,2,4,2,-3.7948419,-73.311574,0,4,1,1,2,2,2,2,2021,10,6,1,6,1,1,6543.555,2.0,4,4,1.0,14,33,1198.0,0.578134350962316,72.90307998335238,55.49705098903474,10.509480811415798,1057.596132242517,149460.57173447538,1095.5949999999998,128.87099999999998,320.74700000000007,645.9769999999999,274.214,821.381,25.02877431897737,LEVE,2
6,1,3,0,4,1,-15.417790153193678,-74.89032153302107,0,4,0,0,2,2,2,0,2021,10,6,1,7,1,0,6639.975,2.0,2,0,1.0,9,31,1616.0,0.5140293355498681,82.11897853059659,54.01885147561242,9.200693902288776,697.8064626086847,1477.7837259100645,10322.272,1495.236,1749.739,7077.2970000000005,2886.595,7435.677000000001,27.964725207783708,GRAVE_MORTALIDAD,1
6,1,1,0,4,1,-9.944539668579552,-77.09080972696864,0,4,7,0,2,2,2,0,2021,10,6,1,13,3,2,9936.932,2.0,2,0,1.0,9,32,3830.0,0.4349590377318181,71.4751403883931,43.51220656665549,6.175503258234781,750.1829526019553,1966.5438972162735,10767.648,1885.0630000000003,1222.721,7659.864000000001,2100.343,8667.305000000002,19.506051832303577,GRAVE_LESIONADOS,0
2,1,1,0,4,1,-9.189245077397938,-76.92889855963195,0,4,7,1,2,2,2,0,2021,10,6,1,13,3,2,2135.1760000000004,1.0,1,0,0.0,9,32,705.0,0.3645022157035361,74.64187633017735,53.8500701535986,6.721999458560922,368.964849040393,1355.6895074946467,10767.648,1885.0630000000003,1222.721,7659.864000000001,2100.343,8667.305000000002,19.506051832303577,LEVE,2
6,1,12,0,4,0,-7.551611,-78.762935,0,4,7,1,1,2,2,0,2021,10,6,1,13,3,0,6543.555,2.0,4,4,1.0,14,33,1198.0,0.4144948105238412,73.49794254671177,44.13055421963416,5.896171723235377,643.6779310318752,13394.107066381155,8931.828000000005,1335.5899999999997,1935.9830000000004,5660.255000000005,1219.309,7712.519000000005,13.651281686122925,LEVE,2
1,1,19,2,4,1,-5.169754,-80.691815,0,4,7,1,2,1,0,0,2021,10,6,1,17,3,0,245.29,2.0,2,0,1.0,1,20,18.0,0.5997462042553465,78.40793944726823,72.26811532412637,9.714064362322326,976.3169831713308,183875.0,8965.846000060003,1782.4120000599992,636.9959999999999,6546.438000000004,2214.505000059999,6751.341000000004,24.699342371541725,LEVE,2
3,3,20,0,4,1,-15.4423868,-70.1406484,0,4,7,1,2,2,2,2,2021,10,6,1,17,3,2,7586.903,2.0,2,0,1.0,9,5,1198.0,0.5225679967471315,73.87568641139362,79.22999870887685,8.745562804731529,728.6643223924281,65445.28409703769,13642.312999999998,2020.7790000000005,2354.117,9267.416999999998,3314.0520000000006,10328.260999999997,24.29244952817019,GRAVE_MORTALIDAD,1
4,1,3,2,2,4,-16.4091797,-71.542648,0,3,7,1,2,1,1,0,2021,11,0,0,2,0,0,6543.555,2.0,4,4,1.0,14,33,1198.0,0.7621671359922388,78.82549845032362,81.65077117756084,13.192212326676357,1538.109987002949,42333.23340471092,10322.272,1495.236,1749.739,7077.2970000000005,2886.595,7435.677000000001,27.964725207783708,LEVE,2
3,1,20,2,6,4,-16.08237752921327,-69.64474255723714,0,0,7,1,2,2,2,2,2021,11,0,0,4,0,2,6543.555,2.0,4,4,1.0,14,33,1198.0,0.4020198374784472,77.80062735845667,75.295761294875,7.279851651626652,372.63390314535104,50686.62526766595,13642.312999999998,2020.7790000000005,2354.117,9267.416999999998,3314.0520000000006,10328.260999999997,24.29244952817019,LEVE,2
0,0,20,0,4,1,-16.568724323768997,-69.25935742268182,0,4,7,1,2,2,2,4,2021,11,0,0,11,1,2,1529.105,2.0,2,0,1.0,9,21,200.0,0.2394362064959017,73.4288503002124,62.51290199484375,6.018616845068367,132.27646614855612,17422.250535331903,13642.312999999998,2020.7790000000005,2354.117,9267.416999999998,3314.0520000000006,10328.260999999997,24.29244952817019,LEVE,2
6,1,8,0,4,1,-12.990179,-75.089773,0,4,2,1,2,2,2,0,2021,11,0,0,14,3,2,822.76,1.0,1,0,0.0,9,32,171.0,0.5835100611188326,67.15774334094728,69.26891904631361,7.274479034292801,1383.7747690722183,1663.4304068522483,8511.426,1445.3929999999996,2008.516,5057.516999999999,1879.579,6631.846999999998,22.08300935706896,LEVE,2
3,1,19,0,4,2,-5.222418,-80.113987,0,4,7,1,2,2,2,0,2021,11,0,0,19,2,0,6543.555,2.0,4,4,1.0,14,33,1198.0,0.3893523155396837,73.6911779276771,49.78375684989758,4.513910151215105,616.2310203311459,12720.513918629553,8965.846000060003,1782.4120000599992,636.9959999999999,6546.438000000004,2214.505000059999,6751.341000000004,24.699342371541725,LEVE,2
3,1,11,0,4,1,-11.45558,-74.49283,6,5,6,2,6,2,2,0,2021,11,0,0,20,2,2,1337.175,1.0,1,3,0.0,9,32,315.0,0.3570817332180048,73.74932476832508,43.805659202757695,6.484925788605561,398.3541927461293,66993.35796966725,12264.545,1826.4639999999995,1105.5389999999998,9332.542,1588.5359999999996,10676.009,12.952261987705208,LEVE,2
6,1,14,2,2,4,-12.21202,-76.903176,0,2,1,1,2,2,2,0,2021,11,0,0,20,2,0,6543.555,2.0,4,4,1.0,14,33,1198.0,0.689811994580126,79.88015655965044,73.89553442371854,9.755251380104111,1409.8432274455126,452660.364025696,7626.313,1683.4029999999998,1599.0829999999996,4343.827000000001,1814.875,5811.438000000001,23.797541485643197,LEVE,2
3,0,14,2,4,1,-11.853004,-77.089262,0,0,7,1,2,2,2,2,2021,11,1,0,18,2,0,6543.555,3.0,2,0,1.0,0,30,1475.0,0.6632628912836565,79.15155564666024,73.19223743118206,9.629669813837666,1289.452647666346,383699.2119914347,7626.313,1683.4029999999998,1599.0829999999996,4343.827000000001,1814.875,5811.438000000001,23.797541485643197,LEVE,2
3,2,21,2,4,1,-5.7443182,-77.4920366,0,4,7,1,2,2,2,2,2021,11,1,0,21,2,1,7758.33400008,2.0,2,0,1.0,9,20,2133.0,0.395409368693869,74.01814372927417,48.94523443220634,5.029353255237231,594.0921143791977,22212.160599571733,5645.136,815.0759999999999,965.298,3864.762,1013.406,4631.73,17.95184385283189,GRAVE_LESIONADOS,0
0,1,6,2,4,1,-11.986945636020454,-77.12551634359441,0,3,7,1,2,2,2,0,2021,11,1,0,22,2,0,139.23,-1.0,2,0,0.0,9,32,69.0,0.5563774842369664,77.00938809632027,69.10246351364754,8.476961866273152,914.8835608305218,27932.19700214133,51.58600000000001,44.68700000000001,6.899000000000001,0.0,49.838000000000015,1.748,96.61148373589734,LEVE,2
0,1,10,0,4,1,-13.971763775730947,-75.77856388564376,0,4,7,1,2,2,2,0,2021,11,1,0,22,2,0,6639.975,2.0,2,0,1.0,9,31,1616.0,0.6053164595604621,78.88848309050202,67.63954639531094,9.133324993872453,1064.9426147896202,27932.19700214133,3721.461,698.1859999999996,744.866,2278.409,1102.9029999999996,2618.558,29.636290693359403,LEVE,2
0,0,14,2,2,4,-12.035626064550764,-76.94892346442275,0,0,7,1,2,2,2,0,2021,11,2,0,5,0,0,6543.555,2.0,4,4,1.0,14,33,1198.0,0.7347309224519117,80.70014842215761,76.47981423089655,10.519505095866096,1571.8150981252256,229834.5310492505,7626.313,1683.4029999999998,1599.0829999999996,4343.827000000001,1814.875,5811.438000000001,23.797541485643197,LEVE,2
0,1,14,2,7,4,-11.98185556481486,-77.10788603762292,0,3,7,1,2,2,2,2,2021,11,2,0,11,1,0,6543.555,2.0,4,4,1.0,14,33,1198.0,0.7419979630670723,80.31822295927182,79.00446395716813,11.084203715652809,1554.6868971011318,739416.2413542903,7626.313,1683.4029999999998,1599.0829999999996,4343.827000000001,1814.875,5811.438000000001,23.797541485643197,LEVE,2
6,1,10,0,4,1,-13.930957,-75.926299,0,4,7,1,2,2,2,0,2021,11,2,0,16,3,0,6639.975,2.0,2,0,1.0,9,31,1616.0,0.6053164595604621,78.88848309050202,67.63954639531094,9.133324993872453,1064.9426147896202,27932.19700214133,3721.461,698.1859999999996,744.866,2278.409,1102.9029999999996,2618.558,29.636290693359403,LEVE,2
6,1,12,0,4,3,-7.292995,-79.387354,0,4,7,1,2,2,2,0,2021,11,2,0,19,2,0,6543.555,2.0,4,4,1.0,14,33,1198.0,0.5885704819472196,78.81449187577415,72.29060549742594,8.763210867480462,976.1586325354776,48424.389721627405,8931.828000000005,1335.5899999999997,1935.9830000000004,5660.255000000005,1219.309,7712.519000000005,13.651281686122925,GRAVE_MORTALIDAD,1
3,2,20,0,4,2,-14.352358453309698,-70.01691257460625,0,4,7,1,2,2,2,2,2021,11,2,0,20,2,2,6543.555,2.0,4,4,1.0,14,33,1198.0,0.3798276108256661,68.84580694362505,77.07589080107745,6.406956319418527,404.6387989593952,8968.678800856529,13642.312999999998,2020.7790000000005,2354.117,9267.416999999998,3314.0520000000006,10328.260999999997,24.29244952817019,LEVE,2
0,1,7,0,4,1,-13.4767,-72.159212,5,4,7,1,2,2,2,4,2021,11,2,0,21,2,2,7586.903,2.0,2,0,1.0,9,5,1198.0,0.4461630003962475,73.21502670801013,72.39928330950325,7.637017072327872,534.399353077353,18328.770877944324,17779.13499998999,2097.3709999899997,2863.123,12818.640999999989,2878.713,14900.421999989989,16.19152450331032,LEVE,2
3,2,12,0,2,4,-8.166197,-79.021426,0,4,7,1,2,2,2,2,2021,11,2,0,21,2,0,6543.555,2.0,4,4,1.0,14,33,1198.0,0.618325375347301,78.45577068094175,66.18977766598024,9.47415720612109,1128.5991234425228,37258.80942184154,8931.828000000005,1335.5899999999997,1935.9830000000004,5660.255000000005,1219.309,7712.519000000005,13.651281686122925,LEVE,2
6,1,3,0,4,1,-16.448390189145695,-73.11756476619998,0,4,0,0,2,2,2,0,2021,11,3,0,4,0,0,6639.975,2.0,2,0,1.0,9,31,1616.0,0.6193008310774621,82.69408159482029,66.92621392177676,8.70769637174445,1102.1398098925033,4520.503211991434,10322.272,1495.236,1749.739,7077.2970000000005,2886.595,7435.677000000001,27.964725207783708,LEVE,2
0,1,13,0,4,1,-6.7258713293797925,-79.8909311994564,0,4,7,1,2,2,2,0,2021,11,3,0,17,3,0,6543.555,3.0,2,0,1.0,0,30,1475.0,0.5539280527450423,74.69452916859504,66.89728158703436,9.542777400516576,872.5509264417765,79617.09421841543,3459.691,515.0619999999999,689.7280000000001,2254.901,703.3549999999999,2756.336,20.329994788551925,LEVE,2
0,1,7,0,4,1,-13.27875312492858,-72.19782312772281,0,4,0,1,2,2,2,2,2021,11,3,0,21,2,2,3447.8009999999995,1.0,2,3,0.0,9,12,1109.0,0.5961225511084856,78.53035911580116,68.81531875437855,9.019506278168732,1024.5153398091154,21509.777301927195,17779.13499998999,2097.3709999899997,2863.123,12818.640999999989,2878.713,14900.421999989989,16.19152450331032,LEVE,2
3,1,15,2,2,4,-3.7787646479803767,-73.27832040849776,6,5,6,2,6,2,2,0,2021,11,3,0,22,2,1,6543.555,2.0,4,4,1.0,14,33,1198.0,0.578134350962316,72.90307998335238,55.49705098903474,10.509480811415798,1057.596132242517,149460.57173447538,1095.5949999999998,128.87099999999998,320.74700000000007,645.9769999999999,274.214,821.381,25.02877431897737,LEVE,2
1,1,7,0,4,1,-13.477075301294391,-72.12008725593644,0,4,7,1,2,2,2,4,2021,11,4,0,4,0,2,7586.903,2.0,2,0,1.0,9,5,1198.0,0.4281732802417234,78.29292334437999,54.99946925314229,7.011217973432596,519.9004863766037,3892.280513918629,17779.13499998999,2097.3709999899997,2863.123,12818.640999999989,2878.713,14900.421999989989,16.19152450331032,LEVE,2
2,0,14,2,4,1,-11.899768,-77.067954,0,0,7,1,2,2,2,0,2021,11,4,0,7,1,0,6543.555,3.0,2,0,1.0,0,30,1475.0,0.6632628912836565,79.15155564666024,73.19223743118206,9.629669813837666,1289.452647666346,383699.2119914347,7626.313,1683.4029999999998,1599.0829999999996,4343.827000000001,1814.875,5811.438000000001,23.797541485643197,LEVE,2
0,1,7,0,4,1,-14.362684477097222,-71.15961012326181,0,4,7,1,2,2,2,2,2021,11,4,0,8,1,2,7586.903,2.0,2,0,1.0,9,5,1198.0,0.3688068892893833,76.47283450634272,62.25751908213611,5.9696521090432615,372.1207781777657,9957.021413276232,17779.13499998999,2097.3709999899997,2863.123,12818.640999999989,2878.713,14900.421999989989,16.19152450331032,GRAVE_MORTALIDAD,1
3,2,14,2,4,1,-12.024278499330748,-76.96404421516526,0,3,7,1,2,2,2,0,2021,11,4,0,14,3,0,875.67,2.0,2,0,1.0,3,14,156.0,0.701053025277506,79.62867561460851,73.1469484600971,10.064317505194426,1464.6926161541437,1150285.0494171206,7626.313,1683.4029999999998,1599.0829999999996,4343.827000000001,1814.875,5811.438000000001,23.797541485643197,LEVE,2
6,1,12,0,4,2,-7.912009,-77.903332,2,4,0,0,7,2,2,0,2021,11,4,0,18,2,0,6543.555,2.0,4,4,1.0,14,33,1198.0,0.1813851657146078,78.32519549169662,31.57969551298077,2.868109654732388,142.3923383573367,9861.509635974304,8931.828000000005,1335.5899999999997,1935.9830000000004,5660.255000000005,1219.309,7712.519000000005,13.651281686122925,LEVE,2
3,3,13,0,4,1,-6.59103,-79.87774,0,4,7,1,2,2,2,0,2021,11,4,0,19,2,0,1305.18,2.0,2,0,1.0,1,20,163.0,0.4530607633213016,76.60203660440479,57.768100495203775,6.835929280138066,623.8856963091697,18730.47537473233,3459.691,515.0619999999999,689.7280000000001,2254.901,703.3549999999999,2756.336,20.329994788551925,GRAVE_MORTALIDAD,1
5,1,15,2,3,4,-3.750630109537495,-73.26438363908272,6,5,6,2,6,2,2,0,2021,11,4,0,20,2,1,6543.555,2.0,4,4,1.0,14,33,1198.0,0.6598204400488458,74.39325093062702,69.69813044898703,12.74033149882924,1208.8057293272177,145540.50535331905,1095.5949999999998,128.87099999999998,320.74700000000007,645.9769999999999,274.214,821.381,25.02877431897737,LEVE,2
3,0,14,2,4,1,-12.026782,-77.058355,0,0,1,1,2,2,2,2,2021,11,4,0,22,2,0,6543.555,3.0,2,0,1.0,0,30,1475.0,0.7419979630670723,80.31822295927182,79.00446395716813,11.084203715652809,1554.6868971011318,739416.2413542903,7626.313,1683.4029999999998,1599.0829999999996,4343.827000000001,1814.875,5811.438000000001,23.797541485643197,LEVE,2
1,0,14,2,4,1,-12.184364,-76.974964,0,3,7,1,2,2,2,0,2021,11,4,0,23,2,0,6639.975,2.0,2,0,1.0,9,31,1616.0,0.7289998534947872,80.50926319493618,76.9124822838204,10.358587270463827,1551.106643515347,384728.5117773019,7626.313,1683.4029999999998,1599.0829999999996,4343.827000000001,1814.875,5811.438000000001,23.797541485643197,LEVE,2
6,1,7,0,4,0,-15.0030474362491,-71.63560488370956,0,4,7,1,2,2,2,2,2021,11,5,1,0,0,2,6543.555,2.0,4,4,1.0,14,33,1198.0,0.3196132767331578,71.72056054912387,71.79746605025949,3.710143689339241,367.57619386959385,1999.8501070663813,17779.13499998999,2097.3709999899997,2863.123,12818.640999999989,2878.713,14900.421999989989,16.19152450331032,GRAVE_MORTALIDAD,1
6,1,12,0,4,1,-7.972887285785017,-78.64350609182706,0,4,0,1,2,2,2,3,2021,11,5,1,2,0,0,610.6099999999999,2.0,2,0,1.0,8,29,100.0,0.3809823047796905,74.4473973089921,51.51705644975158,5.622573590650768,479.1502137748447,26695.141327623125,8931.828000000005,1335.5899999999997,1935.9830000000004,5660.255000000005,1219.309,7712.519000000005,13.651281686122925,GRAVE_LESIONADOS,0
3,2,5,2,4,1,-7.1970432,-78.50881536,7,3,7,0,2,0,1,0,2021,11,5,1,8,1,2,887.28,2.0,2,0,1.0,8,17,155.0,0.6070175276741574,73.19224654097276,74.29530430690215,9.490386956642766,1117.141592366869,257380.9443254818,15935.565011852366,1733.9250000199986,935.692,13265.948011832368,2000.1670000199988,13935.398011832369,12.551591352627522,LEVE,2
10,1,13,0,4,1,-6.754212798303056,-79.86549869180372,7,2,7,1,2,2,2,0,2021,11,5,1,15,3,0,6543.555,3.0,2,0,1.0,0,30,1475.0,0.582874900209372,79.91553229957624,74.28629633563499,9.98490789682274,850.0456977651463,50544.90364025696,3459.691,515.0619999999999,689.7280000000001,2254.901,703.3549999999999,2756.336,20.329994788551925,LEVE,2
6,1,10,0,4,1,-13.7151848,-75.8502231,0,4,7,1,2,2,2,0,2021,11,5,1,15,3,0,1679.5849999999998,2.0,2,3,1.0,9,24,315.0,0.5476064687943295,72.89816640240538,72.53137929650067,8.073066505789269,930.7694624870004,5923.768736616702,3721.461,698.1859999999996,744.866,2278.409,1102.9029999999996,2618.558,29.636290693359403,LEVE,2
0,1,12,0,4,1,-7.252419,-79.484165,0,4,7,1,2,2,2,2,2021,11,5,1,20,2,0,6543.555,3.0,2,0,1.0,0,30,1475.0,0.5650979329787121,81.32490571897102,68.6769211482833,7.868096912305706,909.6843705053026,43897.946466809415,8931.828000000005,1335.5899999999997,1935.9830000000004,5660.255000000005,1219.309,7712.519000000005,13.651281686122925,LEVE,2
1,1,20,2,4,1,-15.4534463,-70.140514,0,0,7,1,2,2,2,2,2021,11,5,1,22,2,2,7586.903,2.0,2,0,1.0,9,5,1198.0,0.5225679967471315,73.87568641139362,79.22999870887685,8.745562804731529,728.6643223924281,65445.28409703769,13642.312999999998,2020.7790000000005,2354.117,9267.416999999998,3314.0520000000006,10328.260999999997,24.29244952817019,LEVE,2
10,1,12,0,4,2,-7.936071,-77.515048,0,4,7,1,7,2,2,2,2021,11,5,1,23,2,0,6543.555,2.0,4,4,1.0,14,33,1198.0,0.4099534752488352,76.9570873294826,41.40008348191757,5.126636617192666,664.7497099167108,1224.9229122055674,8931.828000000005,1335.5899999999997,1935.9830000000004,5660.255000000005,1219.309,7712.519000000005,13.651281686122925,LEVE,2
6,1,1,0,4,1,-9.55948043434102,-77.68818743824498,5,4,0,0,1,2,2,2,2021,11,5,1,23,2,2,729.0909999999999,1.0,2,0,0.0,9,4,195.0,0.3226718311164431,76.12153120385717,45.90895636282614,4.534120036557726,361.9144782277372,3229.2633832976444,10767.648,1885.0630000000003,1222.721,7659.864000000001,2100.343,8667.305000000002,19.506051832303577,LEVE,2
1,0,14,2,2,4,-11.9530139,-77.05131443,0,0,1,1,2,2,2,0,2021,11,6,1,2,0,0,6543.555,2.0,4,4,1.0,14,33,1198.0,0.7218926988400113,80.0902077245261,77.9581888264889,10.971588327733102,1458.3206086290393,530000.3426124197,7626.313,1683.4029999999998,1599.0829999999996,4343.827000000001,1814.875,5811.438000000001,23.797541485643197,LEVE,2
1,1,23,0,4,1,-3.523786981441944,-80.35049360155682,6,5,6,2,6,2,2,0,2021,11,6,1,3,0,0,6543.555,3.0,2,0,1.0,0,30,1475.0,0.506393213976091,71.09604779417722,66.88716723772843,7.8873292871222835,813.0857960318671,5253.152034261242,1009.101,138.47399999999996,287.471,583.156,276.972,732.129,27.447401201663663,LEVE,2
1,1,14,2,4,1,-11.595705,-77.254904,0,4,7,1,2,2,2,0,2021,11,6,1,4,0,0,6543.555,3.0,2,0,1.0,0,30,1475.0,0.6328991168419597,79.8522840328396,72.51785912375117,8.65057438382499,1190.6734036432963,65701.61456102783,7626.313,1683.4029999999998,1599.0829999999996,4343.827000000001,1814.875,5811.438000000001,23.797541485643197,LEVE,2
6,1,12,0,4,2,-7.849949,-78.431857,0,4,7,1,1,2,2,2,2021,11,6,1,5,0,0,6543.555,2.0,4,4,1.0,14,33,1198.0,0.1883083184611077,75.93360618381381,28.79507521744373,3.260895439511201,147.65429669929867,24235.73233404711,8931.828000000005,1335.5899999999997,1935.9830000000004,5660.255000000005,1219.309,7712.519000000005,13.651281686122925,LEVE,2
1,1,19,2,4,1,-5.14547,-80.797084,0,4,7,1,2,2,2,0,2021,11,6,1,6,1,0,245.29,2.0,2,0,1.0,1,20,18.0,0.5214892169331304,81.30000138777692,64.69217807020043,6.638648670954715,828.5092750539112,9423.963597430407,8965.846000060003,1782.4120000599992,636.9959999999999,6546.438000000004,2214.505000059999,6751.341000000004,24.699342371541725,LEVE,2
6,1,14,0,4,2,-11.595899,-77.183451,0,4,7,1,2,2,2,0,2021,11,6,1,7,1,0,6543.555,2.0,4,4,1.0,14,33,1198.0,0.606011890732538,79.10580202061365,64.14379964647316,7.172095916125169,1269.9879605915198,20981.39186295503,7626.313,1683.4029999999998,1599.0829999999996,4343.827000000001,1814.875,5811.438000000001,23.797541485643197,LEVE,2
3,1,19,0,4,0,-4.5787018858657085,-81.25371330878743,0,4,7,0,2,2,2,0,2021,11,6,1,7,1,0,6543.555,2.0,4,4,1.0,14,33,1198.0,0.5901150530410085,76.98052296505229,65.81860373948332,9.709337533966425,1000.689242407422,89997.35760171307,8965.846000060003,1782.4120000599992,636.9959999999999,6546.438000000004,2214.505000059999,6751.341000000004,24.699342371541725,LEVE,2
0,0,14,2,4,1,-11.9377688,-77.0718313,0,0,1,1,2,2,2,0,2021,11,6,1,10,1,0,6543.555,3.0,2,0,1.0,0,30,1475.0,0.758462599563312,80.5192231989937,79.20045639149897,11.33839041452458,1628.5661148492152,363987.54389721627,7626.313,1683.4029999999998,1599.0829999999996,4343.827000000001,1814.875,5811.438000000001,23.797541485643197,LEVE,2
6,1,13,0,4,1,-6.881456,-79.364877,0,4,7,1,2,2,2,0,2021,11,6,1,14,3,0,574.472,1.0,2,3,1.0,9,32,139.0,0.4828871661592251,81.92459531274005,52.45086805096869,7.420303097580289,677.0859623339926,2320.618843683083,3459.691,515.0619999999999,689.7280000000001,2254.901,703.3549999999999,2756.336,20.329994788551925,LEVE,2
3,0,14,2,2,4,-12.1285414,-76.9849656,0,3,1,1,2,2,2,0,2021,11,6,1,16,3,0,6543.555,2.0,4,4,1.0,14,33,1198.0,0.8017574897902351,80.48487267736287,78.74302427848284,13.156716040468266,1766.1488062170545,359776.608137045,7626.313,1683.4029999999998,1599.0829999999996,4343.827000000001,1814.875,5811.438000000001,23.797541485643197,LEVE,2
3,0,14,2,4,1,-11.9625772,-77.06838513,0,1,9,1,2,2,2,0,2021,11,6,1,20,2,0,6543.555,3.0,2,0,1.0,0,30,1475.0,0.758462599563312,80.5192231989937,79.20045639149897,11.33839041452458,1628.5661148492152,363987.54389721627,7626.313,1683.4029999999998,1599.0829999999996,4343.827000000001,1814.875,5811.438000000001,23.797541485643197,LEVE,2
6,1,12,0,4,2,-8.379761962603865,-78.67973731164133,0,4,7,1,2,2,2,0,2021,11,6,1,20,2,0,6543.555,2.0,4,4,1.0,14,33,1198.0,0.5051395598219868,77.13285387085847,51.52067479184955,6.715328807318118,900.900383457586,67612.41755888652,8931.828000000005,1335.5899999999997,1935.9830000000004,5660.255000000005,1219.309,7712.519000000005,13.651281686122925,LEVE,2
3,3,12,0,4,1,-7.97602,-79.080414,0,4,7,1,2,2,2,2,2021,11,6,1,20,2,0,6543.555,3.0,2,0,1.0,0,30,1475.0,0.5721567587688113,77.67102283812494,66.21373667954742,8.464777379360486,978.4498488219192,15563.077087794432,8931.828000000005,1335.5899999999997,1935.9830000000004,5660.255000000005,1219.309,7712.519000000005,13.651281686122925,LEVE,2