CLASE SINIESTRO,CANTIDAD DE VEHICULOS DAÑADOS,DEPARTAMENTO,ZONA,TIPO DE VÍA,RED VIAL,COORDENADAS LATITUD,COORDENADAS  LONGITUD,CONDICIÓN CLIMÁTICA,ZONIFICACIÓN,CARACTERÍSTICAS DE VÍA,PERFIL LONGITUDINAL VÍA,SUPERFICIE DE CALZADA,¿EXISTE SEÑAL VERTICAL?,¿EXISTE SEÑAL HORIZONTAL?,CAUSA FACTOR PRINCIPAL,AÑO,MES,DIA_SEMANA,ES_FIN_SEMANA,HORA_NUM,FRANJA_HORARIA,REGION_NATURAL,MTC_RVN_LONGITUD_KM,MTC_RVN_N_CARRILES_MEDIANA,MTC_RVN_SUPERFICIE_DOMINANTE,MTC_RVN_ESTADO_DOMINANTE,MTC_RVN_ES_CONCESIONADA,MTC_RVN_CONCESION_PRINCIPAL,MTC_RVN_CORREDOR_LOGISTICO,MTC_RVN_N_TRAMOS,IDH_2019,IDH_ESP_VIDA_2019,IDH_EDUC_SECUND_PCT_2019,IDH_ANIOS_EDUC_2019,IDH_INGRESO_PERCAP_2019,IDH_POBLACION_2019,MTC_DEP_RED_TOTAL_KM,MTC_DEP_NACIONAL_TOTAL_KM,MTC_DEP_DEPARTAMENTAL_TOTAL_KM,MTC_DEP_VECINAL_TOTAL_KM,MTC_DEP_PAV_TOTAL_KM,MTC_DEP_NO_PAV_TOTAL_KM,MTC_DEP_PCT_PAVIMENTADA,CATEGORIA_SEVERIDAD,CATEGORIA_SEVERIDAD_ENC
5,1,5,2,4,1,-5.72850235746191,-78.79640223986553,0,0,7,1,2,2,2,0,2021,11,0,0,2,0,2,7758.33400008,2.0,2,0,1.0,9,20,2133.0,0.5803239946829384,74.49544278598792,68.33065356443184,8.733179344969395,1046.078117086984,102362.46895074946,15935.565011852366,1733.9250000199986,935.692,13265.948011832368,2000.1670000199988,13935.398011832369,12.551591352627522,LEVE,2
6,1,1,0,4,3,-8.786975938978326,-77.51050281562338,2,4,0,1,7,1,0,2,2021,11,0,0,5,0,2,6543.555,2.0,4,4,1.0,14,33,1198.0,0.4250153304535135,75.93355032868925,52.81176631650828,6.544146828871554,565.7350572614482,15623.824411134903,10767.648,1885.0630000000003,1222.721,7659.864000000001,2100.343,8667.305000000002,19.506051832303577,GRAVE_MORTALIDAD,1
3,0,14,2,4,1,-12.006873185625013,-76.8523680755825,0,3,7,1,2,2,2,0,2021,11,0,0,6,1,0,875.67,2.0,2,0,1.0,3,14,156.0,0.6868549636939637,79.62363164345142,76.30894566128948,9.209137883551294,1425.4498631666322,684921.8484148846,7626.313,1683.4029999999998,1599.0829999999996,4343.827000000001,1814.875,5811.438000000001,23.797541485643197,LEVE,2
6,1,12,0,4,1,-7.79029,-77.96874,0,4,7,1,7,2,2,0,2021,11,0,0,10,1,0,1483.374,1.0,3,1,0.0,9,32,253.0,0.3986882084754764,72.97869269132666,58.65435142755623,5.605762371496486,527.7120199980477,69564.29978586723,8931.828000000005,1335.5899999999997,1935.9830000000004,5660.255000000005,1219.309,7712.519000000005,13.651281686122925,LEVE,2
1,0,14,2,2,4,-12.061559236169526,-77.08750324599814,0,2,7,1,2,0,1,0,2021,11,0,0,12,3,0,6543.555,2.0,4,4,1.0,14,33,1198.0,0.8224006497057281,80.32617651391924,76.66408959706945,12.77635923087604,1966.554093175902,146885.81156316918,7626.313,1683.4029999999998,1599.0829999999996,4343.827000000001,1814.875,5811.438000000001,23.797541485643197,LEVE,2
6,1,12,0,4,1,-7.908891,-79.116131,0,4,7,1,2,2,2,0,2021,11,0,0,16,3,0,6543.555,3.0,2,0,1.0,0,30,1475.0,0.5721567587688113,77.67102283812494,66.21373667954742,8.464777379360486,978.4498488219192,15563.077087794432,8931.828000000005,1335.5899999999997,1935.9830000000004,5660.255000000005,1219.309,7712.519000000005,13.651281686122925,GRAVE_LESIONADOS,0
0,0,14,2,2,4,-11.941629,-76.999188,0,2,1,1,2,2,2,0,2021,11,1,0,5,0,0,6543.555,2.0,4,4,1.0,14,33,1198.0,0.701053025277506,79.62867561460851,73.1469484600971,10.064317505194426,1464.6926161541437,1150285.0494171206,7626.313,1683.4029999999998,1599.0829999999996,4343.827000000001,1814.875,5811.438000000001,23.797541485643197,LEVE,2
3,2,21,0,2,4,-6.5247283,-76.3603705,0,4,7,1,2,2,2,2,2021,11,1,0,14,3,1,6543.555,2.0,4,4,1.0,14,33,1198.0,0.5922286793787175,72.59477240316922,67.39355678691273,8.909919415857164,1146.168364233512,47338.141327623125,5645.136,815.0759999999999,965.298,3864.762,1013.406,4631.73,17.95184385283189,LEVE,2
6,1,5,0,4,2,-6.59445671,-78.44585445,0,4,0,1,1,2,2,6,2021,11,1,0,22,2,2,6543.555,2.0,4,4,1.0,14,33,1198.0,0.3484871558022944,76.33677469666252,53.28672218475212,4.131981838863427,447.1658531581213,76209.5845824411,15935.565011852366,1733.9250000199986,935.692,13265.948011832368,2000.1670000199988,13935.398011832369,12.551591352627522,GRAVE_MORTALIDAD,1
0,1,20,0,4,1,-15.5458888,-70.1103135,0,4,7,1,2,0,1,2,2021,11,2,0,3,0,2,7586.903,2.0,2,0,1.0,9,5,1198.0,0.3646929504779869,74.39003066237748,63.71456574957328,5.594162012040831,387.0285253251433,5552.2119914346895,13642.312999999998,2020.7790000000005,2354.117,9267.416999999998,3314.0520000000006,10328.260999999997,24.29244952817019,LEVE,2
6,1,19,2,3,4,-4.175174097137863,-81.12767516429419,7,0,7,1,4,2,2,0,2021,11,2,0,11,1,0,6543.555,2.0,4,4,1.0,14,33,1198.0,0.5629465606615759,77.76254735473564,66.54760879709113,9.026755648979854,894.3106392789007,9569.768736616705,8965.846000060003,1782.4120000599992,636.9959999999999,6546.438000000004,2214.505000059999,6751.341000000004,24.699342371541725,LEVE,2
6,1,7,0,4,1,-13.461079,-72.410298,0,4,0,1,2,2,2,2,2021,11,2,0,17,3,2,7586.903,2.0,2,0,1.0,9,5,1198.0,0.3401816617977222,71.10991456121904,48.96986934460488,5.376243173322119,394.5611246991025,8685.158458244112,17779.13499998999,2097.3709999899997,2863.123,12818.640999999989,2878.713,14900.421999989989,16.19152450331032,LEVE,2
0,0,14,2,2,4,-12.019140078335292,-76.95220124037239,0,2,1,1,2,2,2,0,2021,11,2,0,19,2,0,6543.555,2.0,4,4,1.0,14,33,1198.0,0.701053025277506,79.62867561460851,73.1469484600971,10.064317505194426,1464.6926161541437,1150285.0494171206,7626.313,1683.4029999999998,1599.0829999999996,4343.827000000001,1814.875,5811.438000000001,23.797541485643197,LEVE,2
6,1,7,0,4,1,-14.361736303383893,-71.16063313725412,0,4,7,1,2,2,2,2,2021,11,3,0,3,0,2,7586.903,2.0,2,0,1.0,9,5,1198.0,0.3688068892893833,76.47283450634272,62.25751908213611,5.9696521090432615,372.1207781777657,9957.021413276232,17779.13499998999,2097.3709999899997,2863.123,12818.640999999989,2878.713,14900.421999989989,16.19152450331032,LEVE,2
6,1,7,0,4,1,-13.171462802840676,-72.28498423266853,2,4,0,0,2,2,2,2,2021,11,3,0,3,0,2,3447.8009999999995,1.0,2,3,0.0,9,12,1109.0,0.4436910265814239,73.23231952981627,68.31759937357421,6.347812015893606,607.5963608103546,11277.284796573877,17779.13499998999,2097.3709999899997,2863.123,12818.640999999989,2878.713,14900.421999989989,16.19152450331032,LEVE,2
6,1,5,0,4,2,-5.9722404366129975,-79.06092699396477,0,4,7,1,2,1,0,0,2021,11,3,0,22,2,2,6543.555,2.0,4,4,1.0,14,33,1198.0,0.3186681371591724,75.57054103202115,31.865363777188865,4.708610319942836,405.4490285986193,8750.248394004284,15935.565011852366,1733.9250000199986,935.692,13265.948011832368,2000.1670000199988,13935.398011832369,12.551591352627522,LEVE,2
0,1,13,0,4,1,-6.8499306,-79.8274704,0,4,7,1,2,2,2,0,2021,11,3,0,23,2,0,6543.555,3.0,2,0,1.0,0,30,1475.0,0.4741120956135246,82.20413595948395,63.9148290245543,7.357156496189524,585.9356712133833,32071.66595289079,3459.691,515.0619999999999,689.7280000000001,2254.901,703.3549999999999,2756.336,20.329994788551925,LEVE,2
6,1,14,2,7,4,-11.97728917764712,-77.06677953239885,0,0,9,1,2,2,2,0,2021,11,4,0,3,0,0,6543.555,2.0,4,4,1.0,14,33,1198.0,0.758462599563312,80.5192231989937,79.20045639149897,11.33839041452458,1628.5661148492152,363987.54389721627,7626.313,1683.4029999999998,1599.0829999999996,4343.827000000001,1814.875,5811.438000000001,23.797541485643197,LEVE,2
3,2,3,2,4,2,-17.103822,-71.782555,0,3,7,0,2,1,1,0,2021,11,4,0,12,3,0,6543.555,2.0,4,4,1.0,14,33,1198.0,0.6449493635682252,78.44719582624413,79.23084709401536,8.759364777311836,1226.330683483547,8054.678800856533,10322.272,1495.236,1749.739,7077.2970000000005,2886.595,7435.677000000001,27.964725207783708,LEVE,2
6,0,14,2,4,1,-12.03548,-77.04769,0,0,4,1,2,2,2,0,2021,11,4,0,15,3,0,6543.555,3.0,2,0,1.0,0,30,1475.0,0.7419979630670723,80.31822295927182,79.00446395716813,11.084203715652809,1554.6868971011318,739416.2413542903,7626.313,1683.4029999999998,1599.0829999999996,4343.827000000001,1814.875,5811.438000000001,23.797541485643197,LEVE,2
3,2,3,0,4,1,-15.6403496,-74.6205816,0,4,7,0,2,2,2,0,2021,11,4,0,17,3,0,6639.975,2.0,2,0,1.0,9,31,1616.0,0.634185166590694,81.50799484892792,56.2736136065512,8.785828978060284,1303.7887284606195,3630.704496788009,10322.272,1495.236,1749.739,7077.2970000000005,2886.595,7435.677000000001,27.964725207783708,LEVE,2
1,0,14,2,4,1,-12.460258,-76.752788,0,3,7,1,2,2,2,0,2021,11,4,0,19,2,0,6639.975,2.0,2,0,1.0,9,31,1616.0,0.5989399421098186,77.00744531585744,66.79191860624414,9.3203078668399,1062.3463551563473,19083.880085653105,7626.313,1683.4029999999998,1599.0829999999996,4343.827000000001,1814.875,5811.438000000001,23.797541485643197,LEVE,2
0,0,14,2,2,4,-11.937184,-77.07225,0,0,7,1,2,2,2,0,2021,11,4,0,19,2,0,6543.555,2.0,4,4,1.0,14,33,1198.0,0.758462599563312,80.5192231989937,79.20045639149897,11.33839041452458,1628.5661148492152,363987.54389721627,7626.313,1683.4029999999998,1599.0829999999996,4343.827000000001,1814.875,5811.438000000001,23.797541485643197,LEVE,2
3,2,10,0,4,1,-14.900542673578514,-74.9836313041812,0,4,7,1,2,2,2,0,2021,11,5,1,4,0,0,6639.975,2.0,2,0,1.0,9,31,1616.0,0.5563774842369664,77.00938809632027,69.10246351364754,8.476961866273152,914.8835608305218,27932.19700214133,3721.461,698.1859999999996,744.866,2278.409,1102.9029999999996,2618.558,29.636290693359403,GRAVE_MORTALIDAD,1
1,0,14,2,2,4,-12.0342431,-76.9438968,0,0,1,1,2,2,2,0,2021,11,5,1,10,1,0,6543.555,2.0,4,4,1.0,14,33,1198.0,0.7347309224519117,80.70014842215761,76.47981423089655,10.519505095866096,1571.8150981252256,229834.5310492505,7626.313,1683.4029999999998,1599.0829999999996,4343.827000000001,1814.875,5811.438000000001,23.797541485643197,LEVE,2
6,1,14,2,2,4,-12.040805777705948,-76.96285768063521,0,0,1,1,2,2,2,0,2021,11,5,1,18,2,0,6543.555,2.0,4,4,1.0,14,33,1198.0,0.7347309224519117,80.70014842215761,76.47981423089655,10.519505095866096,1571.8150981252256,229834.5310492505,7626.313,1683.4029999999998,1599.0829999999996,4343.827000000001,1814.875,5811.438000000001,23.797541485643197,LEVE,2
3,2,14,0,4,1,-10.921073,-77.655477,0,4,1,1,2,2,2,2,2021,11,5,1,21,2,0,6543.555,3.0,2,0,1.0,0,30,1475.0,0.6058977644686256,75.86009868534626,65.24867654925505,8.328201694517173,1216.0018080234922,26242.524625267662,7626.313,1683.4029999999998,1599.0829999999996,4343.827000000001,1814.875,5811.438000000001,23.797541485643197,GRAVE_MORTALIDAD,1
3,2,12,0,2,4,-7.400035389838204,-79.56347156684272,0,4,1,1,2,2,2,2,2021,11,5,1,22,2,0,6543.555,2.0,4,4,1.0,14,33,1198.0,0.5968586479601472,81.56479096531379,74.23398565025978,9.72444636404026,898.7633596995952,27553.955032119917,8931.828000000005,1335.5899999999997,1935.9830000000004,5660.255000000005,1219.309,7712.519000000005,13.651281686122925,LEVE,2
1,1,19,2,4,1,-5.263178,-80.669254,0,0,7,1,2,2,2,0,2021,11,6,1,0,0,0,453.9549999999999,2.0,2,3,0.0,9,32,133.0,0.5034350778485951,78.14388603810477,62.51585839041032,7.698619805954479,731.8176685454189,76220.84796573877,8965.846000060003,1782.4120000599992,636.9959999999999,6546.438000000004,2214.505000059999,6751.341000000004,24.699342371541725,LEVE,2
3,2,13,2,7,4,-5.988739,-79.748139,0,3,1,1,2,2,2,0,2021,11,6,1,1,0,0,6543.555,2.0,4,4,1.0,14,33,1198.0,0.4703091457296942,74.91176543888524,59.04522375211969,6.365443427676777,742.49897987499,44335.321199143465,3459.691,515.0619999999999,689.7280000000001,2254.901,703.3549999999999,2756.336,20.329994788551925,LEVE,2
5,1,15,0,4,0,-4.385136967768439,-73.56660020112915,6,5,6,2,6,2,2,0,2021,11,6,1,2,0,1,6543.555,2.0,4,4,1.0,14,33,1198.0,0.4192853036727525,71.77012088672994,48.18803854326944,6.843366997430691,598.433757782486,28373.625267665957,1095.5949999999998,128.87099999999998,320.74700000000007,645.9769999999999,274.214,821.381,25.02877431897737,LEVE,2
6,1,15,2,2,4,-3.756951895267748,-73.25141780658379,6,5,6,2,6,2,2,0,2021,11,6,1,4,0,1,6543.555,2.0,4,4,1.0,14,33,1198.0,0.6598204400488458,74.39325093062702,69.69813044898703,12.74033149882924,1208.8057293272177,145540.50535331905,1095.5949999999998,128.87099999999998,320.74700000000007,645.9769999999999,274.214,821.381,25.02877431897737,LEVE,2
3,2,5,0,4,0,-7.0224847,-78.90122152,0,4,7,0,1,2,2,2,2021,11,6,1,6,1,2,6543.555,2.0,4,4,1.0,14,33,1198.0,0.3979651512756699,73.10247113897354,55.63441405918768,5.28885514612779,559.1636034389503,14086.278372591009,15935.565011852366,1733.9250000199986,935.692,13265.948011832368,2000.1670000199988,13935.398011832369,12.551591352627522,LEVE,2
6,1,8,0,4,2,-13.042851,-74.504639,0,4,5,1,1,1,0,0,2021,11,6,1,11,1,2,6543.555,2.0,4,4,1.0,14,33,1198.0,0.2922647045334091,72.81327396061133,63.043589090455136,5.592227854112719,223.2024614738898,3862.5032119914345,8511.426,1445.3929999999996,2008.516,5057.516999999999,1879.579,6631.846999999998,22.08300935706896,LEVE,2
6,1,12,0,4,1,-8.758983,-78.633522,0,4,7,1,2,2,2,2,2021,11,6,1,11,1,0,6543.555,3.0,2,0,1.0,0,30,1475.0,0.4867987483268106,77.5825534369154,52.95148122709723,6.150547060309878,840.5788229266196,9838.736616702356,8931.828000000005,1335.5899999999997,1935.9830000000004,5660.255000000005,1219.309,7712.519000000005,13.651281686122925,LEVE,2
6,1,2,0,4,1,-13.792394992816895,-73.36776668872947,0,4,7,1,1,1,1,2,2021,11,0,0,1,0,2,890.338,1.0,1,0,0.0,9,32,295.0,0.5563774842369664,77.00938809632027,69.10246351364754,8.476961866273152,914.8835608305218,27932.19700214133,8358.971,1282.451,1298.0969999999998,5778.423,1432.683,6926.288,17.139466089785454,LEVE,2
6,1,12,0,4,0,-7.15896,-77.861291,0,4,7,1,7,2,2,2,2021,11,0,0,9,1,0,6543.555,2.0,4,4,1.0,14,33,1198.0,0.2985558748515464,83.72931715571899,23.11887347159729,5.128514954231445,322.88939625159827,638.4668094218415,8931.828000000005,1335.5899999999997,1935.9830000000004,5660.255000000005,1219.309,7712.519000000005,13.651281686122925,LEVE,2
3,2,5,0,4,1,-5.780846072599503,-78.78300712393961,0,4,7,1,2,2,2,0,2021,11,0,0,13,3,2,7758.33400008,2.0,2,0,1.0,9,20,2133.0,0.5803239946829384,74.49544278598792,68.33065356443184,8.733179344969395,1046.078117086984,102362.46895074946,15935.565011852366,1733.9250000199986,935.692,13265.948011832368,2000.1670000199988,13935.398011832369,12.551591352627522,LEVE,2
3,1,7,0,4,1,-13.66458707670798,-71.32957751137612,6,5,6,2,6,2,2,0,2021,11,0,0,15,3,2,3263.58,2.0,2,0,1.0,5,18,566.0,0.2701433460922377,67.03086854576458,59.596346222865,3.690268129191559,281.2948228692088,16118.58886509636,17779.13499998999,2097.3709999899997,2863.123,12818.640999999989,2878.713,14900.421999989989,16.19152450331032,LEVE,2
6,1,3,0,4,0,-16.539718,-71.720228,0,4,7,1,2,0,1,0,2021,11,0,0,15,3,0,6543.555,2.0,4,4,1.0,14,33,1198.0,0.6105481451420971,78.10653088113892,68.35418098658066,8.411557426919764,1158.5430895193692,35025.678800856535,10322.272,1495.236,1749.739,7077.2970000000005,2886.595,7435.677000000001,27.964725207783708,GRAVE_MORTALIDAD,1
0,1,12,0,4,1,-8.408359,-78.815551,0,4,7,1,2,2,2,0,2021,11,0,0,18,2,0,6543.555,3.0,2,0,1.0,0,30,1475.0,0.5051395598219868,77.13285387085847,51.52067479184955,6.715328807318118,900.900383457586,67612.41755888652,8931.828000000005,1335.5899999999997,1935.9830000000004,5660.255000000005,1219.309,7712.519000000005,13.651281686122925,LEVE,2
3,2,1,2,4,2,-8.824852907960576,-77.46073664788173,5,4,7,0,7,2,2,0,2021,11,0,0,19,2,2,6543.555,2.0,4,4,1.0,14,33,1198.0,0.4250153304535135,75.93355032868925,52.81176631650828,6.544146828871554,565.7350572614482,15623.824411134903,10767.648,1885.0630000000003,1222.721,7659.864000000001,2100.343,8667.305000000002,19.506051832303577,LEVE,2
0,1,21,0,4,1,-6.5047,-76.34368,0,4,7,1,2,1,1,4,2021,11,0,0,20,2,1,631.88,2.0,2,0,1.0,1,20,65.0,0.5922286793787175,72.59477240316922,67.39355678691273,8.909919415857164,1146.168364233512,47338.141327623125,5645.136,815.0759999999999,965.298,3864.762,1013.406,4631.73,17.95184385283189,LEVE,2
3,2,20,0,2,4,-15.80072,-70.353875,0,4,1,1,2,2,2,2,2021,11,1,0,8,1,2,6543.555,2.0,4,4,1.0,14,33,1198.0,0.4360760481245086,71.86716529022274,75.80287611739901,6.733277286170152,544.9407922012352,5132.002141327624,13642.312999999998,2020.7790000000005,2354.117,9267.416999999998,3314.0520000000006,10328.260999999997,24.29244952817019,LEVE,2
3,0,14,0,4,1,-11.9141255,-76.614149,0,4,7,1,2,2,2,0,2021,11,1,0,8,1,0,875.67,2.0,2,0,1.0,3,14,156.0,0.6258965412600691,73.56108729651385,67.5922570843866,10.299463693053946,1209.0520816732294,6761.353319057816,7626.313,1683.4029999999998,1599.0829999999996,4343.827000000001,1814.875,5811.438000000001,23.797541485643197,GRAVE_MORTALIDAD,1
3,3,14,2,4,1,-11.061715,-77.554551,0,3,7,1,2,2,2,2,2021,11,1,0,12,3,0,198.315,2.0,2,0,0.0,9,1,55.0,0.644332113046051,78.61218205687396,70.04798203155518,8.919818005352203,1280.219555520582,36044.03426124197,7626.313,1683.4029999999998,1599.0829999999996,4343.827000000001,1814.875,5811.438000000001,23.797541485643197,GRAVE_MORTALIDAD,1
3,1,7,0,4,1,-14.416293415833662,-72.08515990840874,0,4,0,1,1,2,2,2,2021,11,1,0,19,2,2,1780.161,1.0,1,3,0.0,9,32,490.0,0.339323744940919,67.8567694463257,60.573677132379146,5.206321478431428,388.7128879370376,24527.03426124197,17779.13499998999,2097.3709999899997,2863.123,12818.640999999989,2878.713,14900.421999989989,16.19152450331032,LEVE,2
3,2,7,0,4,1,-14.519610843746896,-71.29822375344027,2,4,0,1,2,2,2,2,2021,11,1,0,19,2,2,203.87500000000009,1.0,2,3,0.0,9,32,71.0,0.2860092739262279,59.94781725321823,66.333630235029,5.464450966964557,274.3102477158444,5060.0256959314775,17779.13499998999,2097.3709999899997,2863.123,12818.640999999989,2878.713,14900.421999989989,16.19152450331032,LEVE,2
3,0,14,2,4,1,-12.276698676526443,-76.88912629060971,0,3,7,1,2,2,2,0,2021,11,2,0,5,0,0,6639.975,2.0,2,0,1.0,9,31,1616.0,0.6909236767275176,78.41626133969348,70.97436336767564,9.826485374940413,1476.8351947609171,95908.53319057816,7626.313,1683.4029999999998,1599.0829999999996,4343.827000000001,1814.875,5811.438000000001,23.797541485643197,LEVE,2
3,1,5,2,4,1,-7.17477274507342,-78.491620090553,0,2,1,0,1,2,2,2,2021,11,2,0,8,1,2,887.28,2.0,2,0,1.0,8,17,155.0,0.6070175276741574,73.19224654097276,74.29530430690215,9.490386956642766,1117.141592366869,257380.9443254818,15935.565011852366,1733.9250000199986,935.692,13265.948011832368,2000.1670000199988,13935.398011832369,12.551591352627522,LEVE,2
6,1,12,0,4,1,-7.821043,-78.052167,0,4,7,1,1,2,2,2,2021,11,2,0,9,1,0,9936.932,2.0,2,0,1.0,9,32,3830.0,0.3986882084754764,72.97869269132666,58.65435142755623,5.605762371496486,527.7120199980477,69564.29978586723,8931.828000000005,1335.5899999999997,1935.9830000000004,5660.255000000005,1219.309,7712.519000000005,13.651281686122925,GRAVE_MORTALIDAD,1
3,2,12,0,2,4,-8.141297,-79.059369,0,4,1,1,2,2,2,2,2021,11,2,0,10,1,0,6543.555,2.0,4,4,1.0,14,33,1198.0,0.7531641124604342,80.00312647864715,76.99495003849329,11.742569192588208,1599.6362666139996,66889.78372591006,8931.828000000005,1335.5899999999997,1935.9830000000004,5660.255000000005,1219.309,7712.519000000005,13.651281686122925,LEVE,2
0,0,14,2,2,4,-12.080674888187314,-77.05846725922301,0,3,1,1,2,2,2,0,2021,11,2,0,10,1,0,6543.555,2.0,4,4,1.0,14,33,1198.0,0.5563774842369664,77.00938809632027,69.10246351364754,8.476961866273152,914.8835608305218,27932.19700214133,7626.313,1683.4029999999998,1599.0829999999996,4343.827000000001,1814.875,5811.438000000001,23.797541485643197,LEVE,2
3,2,12,0,4,1,-8.002149,-78.76972,0,4,7,1,2,2,2,2,2021,11,2,0,13,3,0,610.6099999999999,2.0,2,0,1.0,8,29,100.0,0.4479863437982818,78.23688749367776,52.08375947486971,6.220725749508742,655.2918384838929,2524.458244111349,8931.828000000005,1335.5899999999997,1935.9830000000004,5660.255000000005,1219.309,7712.519000000005,13.651281686122925,LEVE,2
1,1,3,0,4,1,-16.62827020553261,-72.6930890789305,0,4,7,1,2,2,2,0,2021,11,2,0,19,2,0,6639.975,2.0,2,0,1.0,9,31,1616.0,0.6438160463426852,84.71218617950387,69.3595667037428,8.966372569949256,1152.2024707992498,16526.967880085653,10322.272,1495.236,1749.739,7077.2970000000005,2886.595,7435.677000000001,27.964725207783708,LEVE,2
1,1,12,0,4,1,-8.25924,-78.931955,0,4,7,1,2,2,2,0,2021,11,2,0,23,2,0,6543.555,3.0,2,0,1.0,0,30,1475.0,0.5704872313485707,78.73040511828864,66.00991236238886,8.931371175352043,922.6441961800402,20630.58672376873,8931.828000000005,1335.5899999999997,1935.9830000000004,5660.255000000005,1219.309,7712.519000000005,13.651281686122925,LEVE,2
6,1,9,0,4,0,-10.009498,-76.535212,0,4,0,1,7,2,2,2,2021,11,3,0,2,0,2,6543.555,2.0,4,4,1.0,14,33,1198.0,0.2749083394652966,78.93999237860255,43.20579843256318,4.780764371811955,224.16046293987137,7079.796573875799,8209.057,1333.4779999999996,791.9770000000001,6083.602,1059.8589999999997,7149.198,12.910849565303296,LEVE,2
0,1,3,2,4,0,-16.4300227,-71.5361144,0,0,7,1,2,2,2,0,2021,11,3,0,5,0,0,6543.555,2.0,4,4,1.0,14,33,1198.0,0.7453744058790387,79.4589730074046,82.73398367318066,12.665195784530074,1448.5317937470898,76620.6295503212,10322.272,1495.236,1749.739,7077.2970000000005,2886.595,7435.677000000001,27.964725207783708,LEVE,2
6,1,20,0,4,1,-14.3529749,-70.2682848,0,4,7,1,2,2,2,2,2021,11,3,0,6,1,2,1761.8050000000003,2.0,2,0,1.0,6,22,410.0,0.3057414008801379,69.22264670186847,58.33380814660391,5.772116020653216,271.6242449747086,3829.5845824411126,13642.312999999998,2020.7790000000005,2354.117,9267.416999999998,3314.0520000000006,10328.260999999997,24.29244952817019,LEVE,2
3,2,7,0,4,3,-13.3468,-71.6011,0,4,0,0,1,2,2,2,2021,11,3,0,8,1,2,6543.555,2.0,4,4,1.0,14,33,1198.0,0.2466226927938573,59.50771953912937,42.678907967899015,3.991373779253808,285.51302601039464,12676.173447537472,17779.13499998999,2097.3709999899997,2863.123,12818.640999999989,2878.713,14900.421999989989,16.19152450331032,GRAVE_MORTALIDAD,1
6,1,8,0,4,2,-12.979848,-74.712108,0,4,5,0,1,2,2,0,2021,11,3,0,9,1,2,6543.555,2.0,4,4,1.0,14,33,1198.0,0.3648777342527826,72.61386206398959,50.19709555656983,5.638488277525374,444.6393044914551,24733.083511777302,8511.426,1445.3929999999996,2008.516,5057.516999999999,1879.579,6631.846999999998,22.08300935706896,LEVE,2
3,1,15,2,4,1,-3.720411303265196,-73.2425450347904,6,5,6,2,6,2,2,0,2021,11,3,0,15,3,1,940.74300002,-1.0,3,1,0.0,9,32,41.0,0.5706668125918415,75.09964516635742,53.96567614691405,10.363459721608116,996.7055119355156,86909.8886509636,1095.5949999999998,128.87099999999998,320.74700000000007,645.9769999999999,274.214,821.381,25.02877431897737,LEVE,2
0,1,21,0,4,0,-7.07277,-76.71877,0,4,0,0,2,0,1,2,2021,11,3,0,17,3,1,6543.555,2.0,4,4,1.0,14,33,1198.0,0.4502918333277692,78.09266300859836,40.01995299410318,6.301912164080189,749.0411697784568,2246.6059957173447,5645.136,815.0759999999999,965.298,3864.762,1013.406,4631.73,17.95184385283189,LEVE,2
1,1,14,0,4,1,-10.791308617020889,-77.70925909555447,0,4,7,1,2,2,2,0,2021,11,3,0,18,2,0,6543.555,3.0,2,0,1.0,0,30,1475.0,0.6308271130775358,79.95164649343668,65.83291929627318,8.147513189673957,1280.4873677124128,24646.92291220557,7626.313,1683.4029999999998,1599.0829999999996,4343.827000000001,1814.875,5811.438000000001,23.797541485643197,LEVE,2
5,2,3,0,4,1,-17.1411545,-71.8357064,0,4,7,1,2,1,1,0,2021,11,3,0,23,2,0,1926.94,2.0,2,0,1.0,9,32,393.0,0.61639083938292,77.65150347430681,71.08229457479256,8.361097169993315,1182.892298685911,6725.137044967881,10322.272,1495.236,1749.739,7077.2970000000005,2886.595,7435.677000000001,27.964725207783708,LEVE,2
6,1,7,0,4,1,-13.093662331396777,-72.38584510102147,5,4,0,1,2,2,2,2,2021,11,4,0,3,0,2,3447.8009999999995,1.0,2,3,0.0,9,12,1109.0,0.4706944943299555,76.79406176595778,61.64424635983724,7.141255198110581,653.4175319142125,3282.6252676659524,17779.13499998999,2097.3709999899997,2863.123,12818.640999999989,2878.713,14900.421999989989,16.19152450331032,LEVE,2
6,1,3,0,4,1,-15.8920264,-71.1723788,0,4,7,1,2,0,1,0,2021,11,4,0,8,1,0,1504.4250000000002,2.0,2,0,1.0,7,25,241.0,0.4498224071382834,81.63336343193146,58.84842497065013,5.774685730039019,620.6584683449911,1358.612419700214,10322.272,1495.236,1749.739,7077.2970000000005,2886.595,7435.677000000001,27.964725207783708,LEVE,2
1,0,14,2,2,4,-12.182938656902534,-76.99432249652605,0,3,7,1,2,2,2,0,2021,11,4,0,14,3,0,6543.555,2.0,4,4,1.0,14,33,1198.0,0.7583553928164398,79.82595632107274,76.7651270103073,11.46351379457763,1662.7771470294065,333655.3618843683,7626.313,1683.4029999999998,1599.0829999999996,4343.827000000001,1814.875,5811.438000000001,23.797541485643197,LEVE,2