CLASE SINIESTRO,CANTIDAD DE VEHICULOS DAÑADOS,DEPARTAMENTO,ZONA,TIPO DE VÍA,RED VIAL,COORDENADAS LATITUD,COORDENADAS  LONGITUD,CONDICIÓN CLIMÁTICA,ZONIFICACIÓN,CARACTERÍSTICAS DE VÍA,PERFIL LONGITUDINAL VÍA,SUPERFICIE DE CALZADA,¿EXISTE SEÑAL VERTICAL?,¿EXISTE SEÑAL HORIZONTAL?,CAUSA FACTOR PRINCIPAL,AÑO,MES,DIA_SEMANA,ES_FIN_SEMANA,HORA_NUM,FRANJA_HORARIA,REGION_NATURAL,MTC_RVN_LONGITUD_KM,MTC_RVN_N_CARRILES_MEDIANA,MTC_RVN_SUPERFICIE_DOMINANTE,MTC_RVN_ESTADO_DOMINANTE,MTC_RVN_ES_CONCESIONADA,MTC_RVN_CONCESION_PRINCIPAL,MTC_RVN_CORREDOR_LOGISTICO,MTC_RVN_N_TRAMOS,IDH_2019,IDH_ESP_VIDA_2019,IDH_EDUC_SECUND_PCT_2019,IDH_ANIOS_EDUC_2019,IDH_INGRESO_PERCAP_2019,IDH_POBLACION_2019,MTC_DEP_RED_TOTAL_KM,MTC_DEP_NACIONAL_TOTAL_KM,MTC_DEP_DEPARTAMENTAL_TOTAL_KM,MTC_DEP_VECINAL_TOTAL_KM,MTC_DEP_PAV_TOTAL_KM,MTC_DEP_NO_PAV_TOTAL_KM,MTC_DEP_PCT_PAVIMENTADA,CATEGORIA_SEVERIDAD,CATEGORIA_SEVERIDAD_ENC
6,1,12,2,2,4,-8.218302,-78.978789,0,2,1,1,2,2,2,0,2021,12,6,1,18,2,0,6543.555,2.0,4,4,1.0,14,33,1198.0,0.5704872313485707,78.73040511828864,66.00991236238886,8.931371175352043,922.6441961800402,20630.58672376873,8931.828000000005,1335.5899999999997,1935.9830000000004,5660.255000000005,1219.309,7712.519000000005,13.651281686122925,LEVE,2
6,1,3,0,4,2,-15.780590725331528,-72.88359509567928,0,4,0,0,7,2,2,0,2021,12,6,1,19,2,0,6543.555,2.0,4,4,1.0,14,33,1198.0,0.5827868540712717,80.42292423062203,56.650837069558,7.792170381689024,1115.331172921969,5425.284796573875,10322.272,1495.236,1749.739,7077.2970000000005,2886.595,7435.677000000001,27.964725207783708,GRAVE_MORTALIDAD,1
6,1,12,0,4,1,-8.018895,-78.715078,0,4,0,0,2,2,2,0,2021,12,6,1,19,2,0,610.6099999999999,2.0,2,0,1.0,8,29,100.0,0.2791284879085741,74.57203044034796,46.6214947625042,4.873477903150793,239.2584269294917,5611.197002141327,8931.828000000005,1335.5899999999997,1935.9830000000004,5660.255000000005,1219.309,7712.519000000005,13.651281686122925,GRAVE_MORTALIDAD,1
6,1,19,0,4,1,-5.11873130880967,-80.7018813777461,0,0,7,1,2,2,2,0,2021,12,6,1,20,2,0,6543.555,3.0,2,0,1.0,0,30,1475.0,0.6582040223794163,78.74105515718446,77.3206684883171,11.334167841567446,1124.177237253568,178905.3426124197,8965.846000060003,1782.4120000599992,636.9959999999999,6546.438000000004,2214.505000059999,6751.341000000004,24.699342371541725,LEVE,2
3,3,20,0,4,1,-15.40756,-70.0659119,0,4,7,1,2,2,2,2,2021,12,6,1,22,2,2,1762.84,2.0,1,0,0.0,9,32,485.0,0.2399049659709538,73.66748174046536,65.59496565670392,5.108032967220759,142.3423295419015,4818.295503211992,13642.312999999998,2020.7790000000005,2354.117,9267.416999999998,3314.0520000000006,10328.260999999997,24.29244952817019,GRAVE_MORTALIDAD,1
6,1,4,0,4,1,-13.333705,-74.597611,2,4,0,0,2,1,0,5,2021,12,0,0,3,0,2,1679.5849999999998,2.0,2,3,1.0,9,24,315.0,0.2587772817968213,78.2313731727826,42.59351526103478,4.069708361522777,219.52972987349307,3876.4004282655246,12678.733000000004,1805.074000000001,1774.0339999999994,9099.625000000004,2485.375000000001,10193.358000000002,19.602707936195205,GRAVE_MORTALIDAD,1
3,2,12,0,4,1,-8.423766875656197,-78.78223717052951,0,4,7,1,2,2,2,2,2021,12,0,0,16,3,0,6543.555,3.0,2,0,1.0,0,30,1475.0,0.5051395598219868,77.13285387085847,51.52067479184955,6.715328807318118,900.900383457586,67612.41755888652,8931.828000000005,1335.5899999999997,1935.9830000000004,5660.255000000005,1219.309,7712.519000000005,13.651281686122925,LEVE,2
3,2,20,0,4,3,-15.354542788072528,-70.02497785698304,0,4,7,1,2,2,2,2,2021,12,0,0,17,3,2,6543.555,2.0,4,4,1.0,14,33,1198.0,0.1810174949558188,69.26889595852893,49.98260057006019,4.579825449945772,98.35153163090057,11217.961456102785,13642.312999999998,2020.7790000000005,2354.117,9267.416999999998,3314.0520000000006,10328.260999999997,24.29244952817019,LEVE,2
0,1,14,0,4,1,-10.787009620009208,-77.7128743936837,0,4,7,1,2,2,2,0,2021,12,0,0,19,2,0,6543.555,3.0,2,0,1.0,0,30,1475.0,0.6308271130775358,79.95164649343668,65.83291929627318,8.147513189673957,1280.4873677124128,24646.92291220557,7626.313,1683.4029999999998,1599.0829999999996,4343.827000000001,1814.875,5811.438000000001,23.797541485643197,LEVE,2
3,2,14,2,3,4,-12.073099184950324,-76.87478182472802,0,4,7,0,7,2,2,0,2021,12,0,0,21,2,0,6543.555,2.0,4,4,1.0,14,33,1198.0,0.6371716495641229,77.28809635528053,69.64326619808601,9.01503899605881,1265.0419992552625,48261.34689507495,7626.313,1683.4029999999998,1599.0829999999996,4343.827000000001,1814.875,5811.438000000001,23.797541485643197,LEVE,2
3,2,14,2,4,1,-11.954954,-77.084784,0,3,1,1,2,2,2,0,2021,12,1,0,6,1,0,28.915,-1.0,6,2,0.0,9,32,10.0,0.758462599563312,80.5192231989937,79.20045639149897,11.33839041452458,1628.5661148492152,363987.54389721627,7626.313,1683.4029999999998,1599.0829999999996,4343.827000000001,1814.875,5811.438000000001,23.797541485643197,LEVE,2
6,1,23,2,3,4,-3.657076361677861,-80.44771486098061,0,4,7,1,2,2,2,2,2021,12,1,0,10,1,0,6543.555,2.0,4,4,1.0,14,33,1198.0,0.5487372145199809,74.84097561571106,72.74741822907339,8.228710766965138,889.3745801533016,8740.119914346895,1009.101,138.47399999999996,287.471,583.156,276.972,732.129,27.447401201663663,LEVE,2
6,1,4,0,4,2,-13.4270030742541,-73.8992032361863,0,4,0,0,1,2,2,2,2021,12,1,0,11,1,2,6543.555,2.0,4,4,1.0,14,33,1198.0,0.2301276524254768,69.17262093358879,47.7374662766037,4.513020146499461,170.11681755220445,5819.244111349037,12678.733000000004,1805.074000000001,1774.0339999999994,9099.625000000004,2485.375000000001,10193.358000000002,19.602707936195205,LEVE,2
0,1,3,0,4,0,-16.055994998033942,-72.48721909347373,0,4,0,0,2,2,2,0,2021,12,1,0,21,2,0,6543.555,2.0,4,4,1.0,14,33,1198.0,0.6024576531259656,74.85024130316643,64.23108519863159,8.997712385646595,1171.9851283860644,8415.291220556745,10322.272,1495.236,1749.739,7077.2970000000005,2886.595,7435.677000000001,27.964725207783708,LEVE,2
6,1,20,0,4,1,-14.441577221899978,-69.53008537150941,7,4,7,1,2,2,2,2,2021,12,2,0,9,1,2,1762.84,2.0,1,0,0.0,9,32,485.0,0.3495243738865523,75.22040205504955,64.09442371915567,5.895792981681162,327.4727697114235,4031.670235546039,13642.312999999998,2020.7790000000005,2354.117,9267.416999999998,3314.0520000000006,10328.260999999997,24.29244952817019,LEVE,2
5,2,3,0,4,1,-16.921667,-72.053889,5,4,0,0,2,1,0,0,2021,12,2,0,14,3,0,289.55,2.0,2,0,1.0,7,25,10.0,0.5784035125051519,74.737535639558,71.5667957422958,10.005034846291316,929.7976738409852,7264.014989293362,10322.272,1495.236,1749.739,7077.2970000000005,2886.595,7435.677000000001,27.964725207783708,GRAVE_LESIONADOS,0
3,1,6,2,2,4,-12.017058066620036,-77.09289378582605,0,3,7,1,2,1,1,2,2021,12,2,0,17,3,0,6543.555,2.0,4,4,1.0,14,33,1198.0,0.5563774842369664,77.00938809632027,69.10246351364754,8.476961866273152,914.8835608305218,27932.19700214133,51.58600000000001,44.68700000000001,6.899000000000001,0.0,49.838000000000015,1.748,96.61148373589734,LEVE,2
10,1,14,2,2,4,-12.10018,-76.79166,0,3,7,1,2,2,2,0,2021,12,2,0,19,2,0,6543.555,2.0,4,4,1.0,14,33,1198.0,0.6371716495641229,77.28809635528053,69.64326619808601,9.01503899605881,1265.0419992552625,48261.34689507495,7626.313,1683.4029999999998,1599.0829999999996,4343.827000000001,1814.875,5811.438000000001,23.797541485643197,LEVE,2
1,1,10,0,4,1,-14.819407482236658,-74.97213789560045,0,4,7,1,2,2,2,0,2021,12,2,0,19,2,0,6639.975,2.0,2,0,1.0,9,31,1616.0,0.5563774842369664,77.00938809632027,69.10246351364754,8.476961866273152,914.8835608305218,27932.19700214133,3721.461,698.1859999999996,744.866,2278.409,1102.9029999999996,2618.558,29.636290693359403,LEVE,2
3,2,3,2,4,1,-16.362821,-71.578105,0,0,7,1,2,0,1,0,2021,12,3,0,0,0,0,1504.4250000000002,2.0,2,0,1.0,7,25,241.0,0.6411767862503931,77.2408324916572,78.204125011303,10.595705083047717,1107.223861768016,193412.3169164882,10322.272,1495.236,1749.739,7077.2970000000005,2886.595,7435.677000000001,27.964725207783708,LEVE,2
10,1,2,0,4,0,-13.924061,-73.233873,6,5,6,2,6,2,2,0,2021,12,3,0,1,0,2,6543.555,2.0,4,4,1.0,14,33,1198.0,0.272962786071148,72.75453612220626,43.51152452528972,3.3582612682332686,323.2609105405868,1756.3104925053535,8358.971,1282.451,1298.0969999999998,5778.423,1432.683,6926.288,17.139466089785454,LEVE,2
6,1,3,0,4,2,-15.65924478381697,-74.0951974362041,0,4,0,0,2,2,2,0,2021,12,3,0,8,1,0,6543.555,2.0,4,4,1.0,14,33,1198.0,0.658242120114571,85.0,61.90441587649393,8.706274501744206,1316.2543981821316,3447.832976445396,10322.272,1495.236,1749.739,7077.2970000000005,2886.595,7435.677000000001,27.964725207783708,LEVE,2
3,1,20,0,4,3,-15.360108796566491,-70.04266428683378,0,4,7,1,7,2,2,2,2021,12,3,0,14,3,2,6543.555,2.0,4,4,1.0,14,33,1198.0,0.1810174949558188,69.26889595852893,49.98260057006019,4.579825449945772,98.35153163090057,11217.961456102785,13642.312999999998,2020.7790000000005,2354.117,9267.416999999998,3314.0520000000006,10328.260999999997,24.29244952817019,LEVE,2
0,1,12,0,4,1,-8.021698,-78.838331,0,4,7,1,2,2,2,2,2021,12,3,0,17,3,0,610.6099999999999,2.0,2,0,1.0,8,29,100.0,0.5929579484728337,80.24150924632623,64.75837382721711,8.51830466766158,1043.4182142665843,34739.39614561028,8931.828000000005,1335.5899999999997,1935.9830000000004,5660.255000000005,1219.309,7712.519000000005,13.651281686122925,LEVE,2
0,1,14,2,2,4,-12.108048,-76.875272,0,3,7,1,2,2,2,2,2021,12,3,0,20,2,0,6543.555,2.0,4,4,1.0,14,33,1198.0,0.6463106547105882,77.51872248135703,70.89234783689217,9.27899743443454,1279.2302833246192,140977.61456102785,7626.313,1683.4029999999998,1599.0829999999996,4343.827000000001,1814.875,5811.438000000001,23.797541485643197,LEVE,2
6,1,8,0,4,1,-13.3680319,-74.9544355,0,4,0,0,2,1,1,0,2021,12,4,0,7,1,2,1679.5849999999998,2.0,2,3,1.0,9,24,315.0,0.2997946406100768,72.83003345209801,46.42647217987546,4.997510303405721,292.6881439974165,3327.8779443254816,8511.426,1445.3929999999996,2008.516,5057.516999999999,1879.579,6631.846999999998,22.08300935706896,LEVE,2
3,2,12,0,4,1,-7.874474,-78.115444,0,4,7,1,1,2,2,2,2021,12,4,0,11,1,0,9936.932,2.0,2,0,1.0,9,32,3830.0,0.3986882084754764,72.97869269132666,58.65435142755623,5.605762371496486,527.7120199980477,69564.29978586723,8931.828000000005,1335.5899999999997,1935.9830000000004,5660.255000000005,1219.309,7712.519000000005,13.651281686122925,GRAVE_MORTALIDAD,1
6,2,19,2,4,2,-5.4703957,-80.7676711,0,0,7,1,2,2,2,0,2021,12,4,0,23,2,0,6543.555,2.0,4,4,1.0,14,33,1198.0,0.496957344178622,74.16786315476193,70.78605526070722,7.914655365608922,703.6956588502704,3082.1541755888647,8965.846000060003,1782.4120000599992,636.9959999999999,6546.438000000004,2214.505000059999,6751.341000000004,24.699342371541725,LEVE,2
0,1,7,2,2,4,-13.52253811535192,-71.97189395976696,0,0,7,1,4,1,0,4,2021,12,5,1,8,1,2,6543.555,2.0,4,4,1.0,14,33,1198.0,0.7389014524656411,77.12870395561643,80.53659510982042,13.123552539892293,1463.2590919973347,61899.75802997858,17779.13499998999,2097.3709999899997,2863.123,12818.640999999989,2878.713,14900.421999989989,16.19152450331032,LEVE,2
3,2,14,2,2,4,-11.990701,-77.106933,7,3,1,1,2,2,2,0,2021,12,5,1,12,3,0,6543.555,2.0,4,4,1.0,14,33,1198.0,0.7419979630670723,80.31822295927182,79.00446395716813,11.084203715652809,1554.6868971011318,739416.2413542903,7626.313,1683.4029999999998,1599.0829999999996,4343.827000000001,1814.875,5811.438000000001,23.797541485643197,LEVE,2
3,2,21,0,4,1,-6.38832,-76.62916,0,4,7,1,2,0,1,2,2021,12,5,1,17,3,1,7758.33400008,2.0,2,0,1.0,9,20,2133.0,0.3395784981351988,71.02010551104725,44.75188012112102,5.086470241787386,426.0342434715467,13392.387580299788,5645.136,815.0759999999999,965.298,3864.762,1013.406,4631.73,17.95184385283189,LEVE,2
0,1,3,2,4,3,-16.433946,-71.553471,0,2,4,0,2,1,1,0,2021,12,5,1,20,2,0,6543.555,2.0,4,4,1.0,14,33,1198.0,0.6631745849019589,78.63253022415783,79.29781888439902,10.779495299397515,1170.8241486483955,46994.9721627409,10322.272,1495.236,1749.739,7077.2970000000005,2886.595,7435.677000000001,27.964725207783708,LEVE,2
3,1,14,2,2,4,-12.122383856206037,-77.00564673617936,0,3,7,1,2,2,2,0,2021,12,5,1,20,2,0,6543.555,2.0,4,4,1.0,14,33,1198.0,0.8326399351216524,80.31446032722859,77.78409882620639,13.96507415980228,1925.7868972542449,87898.66595289079,7626.313,1683.4029999999998,1599.0829999999996,4343.827000000001,1814.875,5811.438000000001,23.797541485643197,LEVE,2
6,1,8,0,4,3,-12.843717,-74.617839,0,4,0,0,3,2,2,0,2021,12,5,1,22,2,2,6543.555,2.0,4,4,1.0,14,33,1198.0,0.1393873091163629,72.85769733503652,52.28251948389329,3.1991787696798224,71.87358743980167,7591.738758029978,8511.426,1445.3929999999996,2008.516,5057.516999999999,1879.579,6631.846999999998,22.08300935706896,LEVE,2
3,2,14,0,4,1,-11.07467669370586,-77.50771876853804,0,4,7,1,2,1,0,2,2021,12,6,1,1,0,0,198.315,2.0,2,0,0.0,9,1,55.0,0.644332113046051,78.61218205687396,70.04798203155518,8.919818005352203,1280.219555520582,36044.03426124197,7626.313,1683.4029999999998,1599.0829999999996,4343.827000000001,1814.875,5811.438000000001,23.797541485643197,LEVE,2
3,1,14,2,4,1,-11.93071,-77.07231,0,3,1,1,2,2,2,0,2021,12,6,1,2,0,0,6543.555,3.0,2,0,1.0,0,30,1475.0,0.7218926988400113,80.0902077245261,77.9581888264889,10.971588327733102,1458.3206086290393,530000.3426124197,7626.313,1683.4029999999998,1599.0829999999996,4343.827000000001,1814.875,5811.438000000001,23.797541485643197,LEVE,2
6,1,15,2,2,4,-3.771060994870189,-73.26379620710647,6,5,6,2,6,2,2,0,2021,12,6,1,3,0,1,6543.555,2.0,4,4,1.0,14,33,1198.0,0.529795353544325,72.41445562653223,53.44391779748307,8.289281910927794,973.5956743426708,73191.91006423984,1095.5949999999998,128.87099999999998,320.74700000000007,645.9769999999999,274.214,821.381,25.02877431897737,LEVE,2
0,0,14,2,2,4,-12.21592,-76.935139,0,3,1,1,2,2,2,0,2021,12,6,1,5,0,0,6543.555,2.0,4,4,1.0,14,33,1198.0,0.6990481232857558,80.14597904142546,74.3851677794309,10.004397644056358,1432.5044292531525,459161.0728051392,7626.313,1683.4029999999998,1599.0829999999996,4343.827000000001,1814.875,5811.438000000001,23.797541485643197,LEVE,2
3,2,3,0,4,1,-15.924556166453849,-74.11293799237252,0,4,7,1,1,2,2,0,2021,12,6,1,5,0,0,6639.975,2.0,2,0,1.0,9,31,1616.0,0.6631877816162056,85.0,62.38032208961896,9.195113194516647,1296.462734377275,5426.683083511777,10322.272,1495.236,1749.739,7077.2970000000005,2886.595,7435.677000000001,27.964725207783708,LEVE,2
6,1,7,0,4,3,-13.337705615140656,-72.05723027700584,5,4,7,1,1,2,2,2,2021,12,6,1,12,3,2,6543.555,2.0,4,4,1.0,14,33,1198.0,0.4746839628280104,74.76269963274814,80.53064804651179,8.225738795127288,561.5989157917511,5389.192719486081,17779.13499998999,2097.3709999899997,2863.123,12818.640999999989,2878.713,14900.421999989989,16.19152450331032,LEVE,2
3,2,1,0,4,1,-9.204923228231642,-77.6955183049935,7,4,0,0,2,1,1,2,2021,12,6,1,12,3,2,9936.932,2.0,2,0,1.0,9,32,3830.0,0.3994345797094905,73.3402525828232,53.328876497341,5.691646586793513,545.0262115051153,6070.019271948609,10767.648,1885.0630000000003,1222.721,7659.864000000001,2100.343,8667.305000000002,19.506051832303577,LEVE,2
6,1,15,2,3,4,-3.735641781281565,-73.24260413925239,6,5,6,2,6,2,2,0,2021,12,6,1,12,3,1,6543.555,2.0,4,4,1.0,14,33,1198.0,0.6598204400488458,74.39325093062702,69.69813044898703,12.74033149882924,1208.8057293272177,145540.50535331905,1095.5949999999998,128.87099999999998,320.74700000000007,645.9769999999999,274.214,821.381,25.02877431897737,LEVE,2
3,2,3,0,4,1,-16.69516898840381,-72.45780429248134,0,4,7,1,2,2,2,0,2021,12,6,1,13,3,0,1926.94,2.0,2,0,1.0,9,32,393.0,0.5506134487544145,84.11518135609504,66.07904665694413,8.594478109433165,777.7519971785225,628.7494646680942,10322.272,1495.236,1749.739,7077.2970000000005,2886.595,7435.677000000001,27.964725207783708,GRAVE_MORTALIDAD,1
3,2,21,0,4,1,-6.57864,-76.32731,0,4,7,1,2,1,1,2,2021,12,6,1,15,3,1,7758.33400008,2.0,2,0,1.0,9,20,2133.0,0.5752547056128068,74.59481022960637,61.21900646816152,8.00174569254187,1132.8842067117118,3470.9593147751607,5645.136,815.0759999999999,965.298,3864.762,1013.406,4631.73,17.95184385283189,GRAVE_MORTALIDAD,1
5,2,20,2,4,1,-15.468342,-70.109546,5,0,1,1,2,2,2,2,2021,12,6,1,18,2,2,1762.84,2.0,1,0,0.0,9,32,485.0,0.5225679967471315,73.87568641139362,79.22999870887685,8.745562804731529,728.6643223924281,65445.28409703769,13642.312999999998,2020.7790000000005,2354.117,9267.416999999998,3314.0520000000006,10328.260999999997,24.29244952817019,LEVE,2
3,2,12,0,4,1,-7.823078133059083,-78.05591943206889,0,4,7,1,2,2,2,2,2021,12,6,1,21,2,0,9936.932,2.0,2,0,1.0,9,32,3830.0,0.3986882084754764,72.97869269132666,58.65435142755623,5.605762371496486,527.7120199980477,69564.29978586723,8931.828000000005,1335.5899999999997,1935.9830000000004,5660.255000000005,1219.309,7712.519000000005,13.651281686122925,LEVE,2
6,1,3,2,2,4,-16.46019,-71.547048,0,0,7,0,2,0,1,0,2021,12,6,1,22,2,0,6543.555,2.0,4,4,1.0,14,33,1198.0,0.6667517543391563,77.72519918989518,79.84779472154914,11.061117097797226,1187.188317676406,87112.27408993576,10322.272,1495.236,1749.739,7077.2970000000005,2886.595,7435.677000000001,27.964725207783708,LEVE,2
6,1,19,0,4,1,-5.1432175,-80.3709129,0,4,7,1,2,2,2,0,2021,12,0,0,6,1,0,1305.18,2.0,2,0,1.0,1,20,163.0,0.459857589992435,80.72202071327797,50.86886521100652,5.65389066385764,729.6720832259953,125429.93361884369,8965.846000060003,1782.4120000599992,636.9959999999999,6546.438000000004,2214.505000059999,6751.341000000004,24.699342371541725,GRAVE_LESIONADOS,0
0,0,14,2,2,4,-12.083448880084283,-76.8780917430727,0,3,7,1,1,2,2,0,2021,12,0,0,6,1,0,6543.555,2.0,4,4,1.0,14,33,1198.0,0.6463106547105882,77.51872248135703,70.89234783689217,9.27899743443454,1279.2302833246192,140977.61456102785,7626.313,1683.4029999999998,1599.0829999999996,4343.827000000001,1814.875,5811.438000000001,23.797541485643197,LEVE,2
0,1,6,2,2,4,-11.857653446676723,-77.1283577259479,0,3,7,0,2,2,2,6,2021,12,0,0,11,1,0,6543.555,2.0,4,4,1.0,14,33,1198.0,0.5563774842369664,77.00938809632027,69.10246351364754,8.476961866273152,914.8835608305218,27932.19700214133,51.58600000000001,44.68700000000001,6.899000000000001,0.0,49.838000000000015,1.748,96.61148373589734,LEVE,2
3,2,14,2,2,4,-12.029521,-77.007004,7,3,1,1,2,2,2,0,2021,12,0,0,15,3,0,6543.555,2.0,4,4,1.0,14,33,1198.0,0.701053025277506,79.62867561460851,73.1469484600971,10.064317505194426,1464.6926161541437,1150285.0494171206,7626.313,1683.4029999999998,1599.0829999999996,4343.827000000001,1814.875,5811.438000000001,23.797541485643197,LEVE,2
3,2,12,0,4,1,-8.42680234191626,-78.7797538799474,0,4,7,1,2,2,2,0,2021,12,0,0,20,2,0,6543.555,3.0,2,0,1.0,0,30,1475.0,0.5051395598219868,77.13285387085847,51.52067479184955,6.715328807318118,900.900383457586,67612.41755888652,8931.828000000005,1335.5899999999997,1935.9830000000004,5660.255000000005,1219.309,7712.519000000005,13.651281686122925,LEVE,2
3,2,5,0,4,1,-7.527567,-78.148252,0,4,7,1,2,1,1,0,2021,12,0,0,20,2,2,9936.932,2.0,2,0,1.0,9,32,3830.0,0.2517980913588912,79.04120044279121,35.01748350135311,3.323753479451267,260.3952910099023,13301.858672376871,15935.565011852366,1733.9250000199986,935.692,13265.948011832368,2000.1670000199988,13935.398011832369,12.551591352627522,LEVE,2
6,1,13,2,2,4,-6.7759791981157225,-79.8364448493977,0,3,7,1,2,2,2,0,2021,12,0,0,23,2,0,6543.555,2.0,4,4,1.0,14,33,1198.0,0.6336758582443321,79.57413791335281,79.43179781120509,10.959065315580176,998.3945232858084,284974.83725910063,3459.691,515.0619999999999,689.7280000000001,2254.901,703.3549999999999,2756.336,20.329994788551925,LEVE,2
6,1,7,0,4,3,-13.2635,-72.269977,0,4,7,1,2,2,2,2,2021,12,1,0,5,0,2,6543.555,2.0,4,4,1.0,14,33,1198.0,0.4436910265814239,73.23231952981627,68.31759937357421,6.347812015893606,607.5963608103546,11277.284796573877,17779.13499998999,2097.3709999899997,2863.123,12818.640999999989,2878.713,14900.421999989989,16.19152450331032,GRAVE_MORTALIDAD,1
1,1,14,0,4,1,-11.412563,-77.374989,0,4,7,0,2,1,0,0,2021,12,1,0,6,1,0,6543.555,3.0,2,0,1.0,0,30,1475.0,0.7327345537337897,78.20903814342847,76.31492653513806,13.642917835589472,1405.6698219039215,62016.21841541756,7626.313,1683.4029999999998,1599.0829999999996,4343.827000000001,1814.875,5811.438000000001,23.797541485643197,LEVE,2
6,1,13,2,4,1,-6.738122,-79.880227,0,0,7,1,2,2,2,0,2021,12,1,0,8,1,0,6543.555,3.0,2,0,1.0,0,30,1475.0,0.582874900209372,79.91553229957624,74.28629633563499,9.98490789682274,850.0456977651463,50544.90364025696,3459.691,515.0619999999999,689.7280000000001,2254.901,703.3549999999999,2756.336,20.329994788551925,LEVE,2
0,1,14,2,4,1,-11.594510466066575,-77.25601446496525,7,3,7,0,2,2,2,2,2021,12,1,0,9,1,0,6543.555,3.0,2,0,1.0,0,30,1475.0,0.6328991168419597,79.8522840328396,72.51785912375117,8.65057438382499,1190.6734036432963,65701.61456102783,7626.313,1683.4029999999998,1599.0829999999996,4343.827000000001,1814.875,5811.438000000001,23.797541485643197,LEVE,2
3,2,20,0,4,1,-15.3696859,-70.1682585,0,4,7,1,2,2,2,2,2021,12,1,0,13,3,2,7586.903,2.0,2,0,1.0,9,5,1198.0,0.5225679967471315,73.87568641139362,79.22999870887685,8.745562804731529,728.6643223924281,65445.28409703769,13642.312999999998,2020.7790000000005,2354.117,9267.416999999998,3314.0520000000006,10328.260999999997,24.29244952817019,LEVE,2
3,2,21,0,4,1,-6.50662008002051,-76.3455071890182,0,4,7,1,2,0,1,2,2021,12,1,0,16,3,1,631.88,2.0,2,0,1.0,1,20,65.0,0.5922286793787175,72.59477240316922,67.39355678691273,8.909919415857164,1146.168364233512,47338.141327623125,5645.136,815.0759999999999,965.298,3864.762,1013.406,4631.73,17.95184385283189,GRAVE_LESIONADOS,0
3,2,13,2,4,1,-6.705867,-79.902938,0,3,1,1,2,2,2,0,2021,12,1,0,16,3,0,6543.555,3.0,2,0,1.0,0,30,1475.0,0.5539280527450423,74.69452916859504,66.89728158703436,9.542777400516576,872.5509264417765,79617.09421841543,3459.691,515.0619999999999,689.7280000000001,2254.901,703.3549999999999,2756.336,20.329994788551925,LEVE,2
0,1,7,0,4,1,-14.182470022437494,-71.36738053960617,0,4,7,1,2,2,2,4,2021,12,1,0,19,2,2,7586.903,2.0,2,0,1.0,9,5,1198.0,0.4107458749971457,72.1547719826022,75.11691677377222,6.84079438286104,455.9087564374382,2466.282655246253,17779.13499998999,2097.3709999899997,2863.123,12818.640999999989,2878.713,14900.421999989989,16.19152450331032,LEVE,2
6,1,19,0,4,1,-5.161759,-80.511191,0,4,7,1,2,2,2,0,2021,12,1,0,21,2,0,1305.18,2.0,2,0,1.0,1,20,163.0,0.6220812987247925,80.20155828147696,72.71675503872983,10.02377668600292,1028.915688621886,159840.92719486082,8965.846000060003,1782.4120000599992,636.9959999999999,6546.438000000004,2214.505000059999,6751.341000000004,24.699342371541725,LEVE,2
3,2,12,0,4,1,-8.095328,-79.098546,0,3,7,1,2,2,2,2,2021,12,1,0,22,2,0,6543.555,3.0,2,0,1.0,0,30,1475.0,0.583006771156836,78.2441938961209,62.24037484511178,8.807312392374042,1028.2282118265089,76607.295503212,8931.828000000005,1335.5899999999997,1935.9830000000004,5660.255000000005,1219.309,7712.519000000005,13.651281686122925,GRAVE_MORTALIDAD,1
6,1,14,2,4,1,-12.0133494,-77.0603835,0,3,7,1,2,2,2,0,2021,12,2,0,6,1,0,6543.555,3.0,2,0,1.0,0,30,1475.0,0.7419979630670723,80.31822295927182,79.00446395716813,11.084203715652809,1554.6868971011318,739416.2413542903,7626.313,1683.4029999999998,1599.0829999999996,4343.827000000001,1814.875,5811.438000000001,23.797541485643197,LEVE,2
3,2,1,0,4,1,-8.830359046098112,-77.44144099349027,0,4,7,1,7,2,2,2,2021,12,2,0,7,1,2,1134.015,-1.0,0,2,0.0,9,32,173.0,0.4250153304535135,75.93355032868925,52.81176631650828,6.544146828871554,565.7350572614482,15623.824411134903,10767.648,1885.0630000000003,1222.721,7659.864000000001,2100.343,8667.305000000002,19.506051832303577,LEVE,2
6,1,12,0,4,0,-7.842541,-78.347061,0,4,7,1,1,2,2,0,2021,12,2,0,13,3,0,6543.555,2.0,4,4,1.0,14,33,1198.0,0.1883083184611077,75.93360618381381,28.79507521744373,3.260895439511201,147.65429669929867,24235.73233404711,8931.828000000005,1335.5899999999997,1935.9830000000004,5660.255000000005,1219.309,7712.519000000005,13.651281686122925,LEVE,2
3,2,12,0,4,1,-7.337082,-79.495932,0,4,7,1,2,2,2,2,2021,12,2,0,15,3,0,6543.555,3.0,2,0,1.0,0,30,1475.0,0.5351117900300902,83.23861437968503,65.52389176988291,6.875649646518558,839.0613958405557,12592.21841541756,8931.828000000005,1335.5899999999997,1935.9830000000004,5660.255000000005,1219.309,7712.519000000005,13.651281686122925,LEVE,2