CLASE SINIESTRO,CANTIDAD DE VEHICULOS DAÑADOS,DEPARTAMENTO,ZONA,TIPO DE VÍA,RED VIAL,COORDENADAS LATITUD,COORDENADAS  LONGITUD,CONDICIÓN CLIMÁTICA,ZONIFICACIÓN,CARACTERÍSTICAS DE VÍA,PERFIL LONGITUDINAL VÍA,SUPERFICIE DE CALZADA,¿EXISTE SEÑAL VERTICAL?,¿EXISTE SEÑAL HORIZONTAL?,CAUSA FACTOR PRINCIPAL,AÑO,MES,DIA_SEMANA,ES_FIN_SEMANA,HORA_NUM,FRANJA_HORARIA,REGION_NATURAL,MTC_RVN_LONGITUD_KM,MTC_RVN_N_CARRILES_MEDIANA,MTC_RVN_SUPERFICIE_DOMINANTE,MTC_RVN_ESTADO_DOMINANTE,MTC_RVN_ES_CONCESIONADA,MTC_RVN_CONCESION_PRINCIPAL,MTC_RVN_CORREDOR_LOGISTICO,MTC_RVN_N_TRAMOS,IDH_2019,IDH_ESP_VIDA_2019,IDH_EDUC_SECUND_PCT_2019,IDH_ANIOS_EDUC_2019,IDH_INGRESO_PERCAP_2019,IDH_POBLACION_2019,MTC_DEP_RED_TOTAL_KM,MTC_DEP_NACIONAL_TOTAL_KM,MTC_DEP_DEPARTAMENTAL_TOTAL_KM,MTC_DEP_VECINAL_TOTAL_KM,MTC_DEP_PAV_TOTAL_KM,MTC_DEP_NO_PAV_TOTAL_KM,MTC_DEP_PCT_PAVIMENTADA,CATEGORIA_SEVERIDAD,CATEGORIA_SEVERIDAD_ENC
3,1,7,0,4,1,-14.437471,-72.08432,0,4,0,1,2,1,0,2,2021,12,2,0,17,3,2,1780.161,1.0,1,3,0.0,9,32,490.0,0.339323744940919,67.8567694463257,60.573677132379146,5.206321478431428,388.7128879370376,24527.03426124197,17779.13499998999,2097.3709999899997,2863.123,12818.640999999989,2878.713,14900.421999989989,16.19152450331032,LEVE,2
0,1,12,0,4,2,-8.42211123013117,-78.83213999214274,0,4,7,1,1,2,2,2,2021,12,2,0,19,2,0,6543.555,2.0,4,4,1.0,14,33,1198.0,0.5051395598219868,77.13285387085847,51.52067479184955,6.715328807318118,900.900383457586,67612.41755888652,8931.828000000005,1335.5899999999997,1935.9830000000004,5660.255000000005,1219.309,7712.519000000005,13.651281686122925,LEVE,2
3,2,20,0,4,1,-14.745463811047548,-70.3543804087206,0,4,7,1,2,2,2,2,2021,12,2,0,19,2,2,1761.8050000000003,2.0,2,0,1.0,6,22,410.0,0.2623754846886306,66.47865021821245,67.58090631586649,6.080442216669903,177.69250667428713,15453.085653104928,13642.312999999998,2020.7790000000005,2354.117,9267.416999999998,3314.0520000000006,10328.260999999997,24.29244952817019,LEVE,2
3,2,12,0,4,1,-8.430496,-78.776379,0,4,7,1,2,2,2,0,2021,12,2,0,21,2,0,6543.555,3.0,2,0,1.0,0,30,1475.0,0.5051395598219868,77.13285387085847,51.52067479184955,6.715328807318118,900.900383457586,67612.41755888652,8931.828000000005,1335.5899999999997,1935.9830000000004,5660.255000000005,1219.309,7712.519000000005,13.651281686122925,LEVE,2
3,2,10,0,4,1,-13.905014823942032,-76.05095184372767,0,4,7,1,2,2,2,0,2021,12,3,0,2,0,0,6639.975,2.0,2,0,1.0,9,31,1616.0,0.6053164595604621,78.88848309050202,67.63954639531094,9.133324993872453,1064.9426147896202,27932.19700214133,3721.461,698.1859999999996,744.866,2278.409,1102.9029999999996,2618.558,29.636290693359403,GRAVE_LESIONADOS,0
1,1,13,0,4,0,-6.744698347091543,-79.80031547121978,0,4,7,1,2,2,2,0,2021,12,3,0,5,0,0,6543.555,2.0,4,4,1.0,14,33,1198.0,0.5415697888341857,80.94178299597955,72.69485501755445,9.042819482789628,724.6578159158644,183060.58029978588,3459.691,515.0619999999999,689.7280000000001,2254.901,703.3549999999999,2756.336,20.329994788551925,LEVE,2
6,1,20,0,4,1,-14.285873869758916,-69.4341251892528,5,4,7,1,2,2,2,2,2021,12,3,0,14,3,2,1762.84,2.0,1,0,0.0,9,32,485.0,0.3677334628938986,70.7162173228883,67.35653663762525,5.8791954301434455,400.7331963961917,11267.128479657387,13642.312999999998,2020.7790000000005,2354.117,9267.416999999998,3314.0520000000006,10328.260999999997,24.29244952817019,LEVE,2
0,0,14,2,2,4,-12.276894,-76.870023,0,0,7,1,2,2,2,0,2021,12,3,0,19,2,0,6543.555,2.0,4,4,1.0,14,33,1198.0,0.6909236767275176,78.41626133969348,70.97436336767564,9.826485374940413,1476.8351947609171,95908.53319057816,7626.313,1683.4029999999998,1599.0829999999996,4343.827000000001,1814.875,5811.438000000001,23.797541485643197,LEVE,2
3,2,13,0,4,1,-5.991169,-79.721475,0,4,7,1,2,2,2,0,2021,12,3,0,22,2,0,1305.18,2.0,2,0,1.0,1,20,163.0,0.4703091457296942,74.91176543888524,59.04522375211969,6.365443427676777,742.49897987499,44335.321199143465,3459.691,515.0619999999999,689.7280000000001,2254.901,703.3549999999999,2756.336,20.329994788551925,LEVE,2
6,1,12,2,2,4,-8.104461,-79.03628,0,0,7,1,2,2,2,0,2021,12,4,0,0,0,0,6543.555,2.0,4,4,1.0,14,33,1198.0,0.7151155191839451,79.57652607829836,77.25576500264712,11.809756866444314,1377.9438475528384,331253.00214132766,8931.828000000005,1335.5899999999997,1935.9830000000004,5660.255000000005,1219.309,7712.519000000005,13.651281686122925,LEVE,2
3,2,14,2,4,0,-12.090918,-76.844108,7,4,0,0,2,2,2,0,2021,12,4,0,16,3,0,6543.555,2.0,4,4,1.0,14,33,1198.0,0.6371716495641229,77.28809635528053,69.64326619808601,9.01503899605881,1265.0419992552625,48261.34689507495,7626.313,1683.4029999999998,1599.0829999999996,4343.827000000001,1814.875,5811.438000000001,23.797541485643197,LEVE,2
0,0,14,2,2,4,-12.006548400245968,-77.08233591984799,7,0,1,1,2,2,2,0,2021,12,4,0,17,3,0,6543.555,2.0,4,4,1.0,14,33,1198.0,0.758462599563312,80.5192231989937,79.20045639149897,11.33839041452458,1628.5661148492152,363987.54389721627,7626.313,1683.4029999999998,1599.0829999999996,4343.827000000001,1814.875,5811.438000000001,23.797541485643197,LEVE,2
3,2,21,0,4,1,-6.55107,-76.34146,0,4,7,1,2,0,1,2,2021,12,4,0,18,2,1,7758.33400008,2.0,2,0,1.0,9,20,2133.0,0.5922286793787175,72.59477240316922,67.39355678691273,8.909919415857164,1146.168364233512,47338.141327623125,5645.136,815.0759999999999,965.298,3864.762,1013.406,4631.73,17.95184385283189,LEVE,2
5,2,5,0,4,1,-5.806591834708754,-78.7727343803987,0,4,7,1,2,2,2,0,2021,12,4,0,20,2,2,7758.33400008,2.0,2,0,1.0,9,20,2133.0,0.5803239946829384,74.49544278598792,68.33065356443184,8.733179344969395,1046.078117086984,102362.46895074946,15935.565011852366,1733.9250000199986,935.692,13265.948011832368,2000.1670000199988,13935.398011832369,12.551591352627522,LEVE,2
4,2,14,2,4,1,-11.060704324300827,-77.5624305525138,0,4,7,1,2,1,0,0,2021,12,4,0,20,2,0,198.315,2.0,2,0,0.0,9,1,55.0,0.644332113046051,78.61218205687396,70.04798203155518,8.919818005352203,1280.219555520582,36044.03426124197,7626.313,1683.4029999999998,1599.0829999999996,4343.827000000001,1814.875,5811.438000000001,23.797541485643197,LEVE,2
6,1,2,0,4,2,-13.564357163884948,-73.27507489659436,0,4,0,0,7,2,2,2,2021,12,4,0,23,2,2,6543.555,2.0,4,4,1.0,14,33,1198.0,0.2576318977652828,75.90368160176914,57.38066889951465,4.2776016426556085,192.0230854513545,2618.0813704496786,8358.971,1282.451,1298.0969999999998,5778.423,1432.683,6926.288,17.139466089785454,GRAVE_LESIONADOS,0
5,1,12,2,2,4,-7.222747,-79.431821,0,0,7,1,2,2,2,2,2021,12,5,1,0,0,0,6543.555,2.0,4,4,1.0,14,33,1198.0,0.5885704819472196,78.81449187577415,72.29060549742594,8.763210867480462,976.1586325354776,48424.389721627405,8931.828000000005,1335.5899999999997,1935.9830000000004,5660.255000000005,1219.309,7712.519000000005,13.651281686122925,LEVE,2
6,1,13,0,4,1,-6.328429754718869,-79.76351553266412,0,4,7,1,2,1,0,0,2021,12,5,1,4,0,0,1305.18,2.0,2,0,1.0,1,20,163.0,0.5059173540051534,75.20849370321716,65.55087882905781,7.516301845742602,777.5523013576318,18529.839400428264,3459.691,515.0619999999999,689.7280000000001,2254.901,703.3549999999999,2756.336,20.329994788551925,LEVE,2
3,2,3,0,4,1,-15.759281,-70.932057,5,4,0,0,2,0,1,0,2021,12,5,1,6,1,0,1504.4250000000002,2.0,2,0,1.0,7,25,241.0,0.4498224071382834,81.63336343193146,58.84842497065013,5.774685730039019,620.6584683449911,1358.612419700214,10322.272,1495.236,1749.739,7077.2970000000005,2886.595,7435.677000000001,27.964725207783708,LEVE,2
3,2,10,0,4,1,-14.9084803174106,-74.98480375259908,0,4,0,1,2,2,2,0,2021,12,5,1,7,1,0,6639.975,2.0,2,0,1.0,9,31,1616.0,0.5563774842369664,77.00938809632027,69.10246351364754,8.476961866273152,914.8835608305218,27932.19700214133,3721.461,698.1859999999996,744.866,2278.409,1102.9029999999996,2618.558,29.636290693359403,LEVE,2
6,1,7,0,4,1,-14.5711517,-71.8120606,0,4,7,1,2,2,2,2,2021,12,5,1,11,1,2,363.645,-1.0,0,0,0.0,9,32,37.0,0.4670263153502933,65.5237709552973,70.61273193256336,7.074467358088314,760.9316629253258,9065.880085653103,17779.13499998999,2097.3709999899997,2863.123,12818.640999999989,2878.713,14900.421999989989,16.19152450331032,GRAVE_LESIONADOS,0
0,1,6,2,2,4,-11.8885719,-77.13055217,0,2,7,0,2,0,1,4,2021,12,5,1,13,3,0,6543.555,2.0,4,4,1.0,14,33,1198.0,0.5563774842369664,77.00938809632027,69.10246351364754,8.476961866273152,914.8835608305218,27932.19700214133,51.58600000000001,44.68700000000001,6.899000000000001,0.0,49.838000000000015,1.748,96.61148373589734,LEVE,2
3,2,3,0,4,0,-15.700749,-71.590196,0,4,0,0,2,0,1,0,2021,12,5,1,14,3,0,6543.555,2.0,4,4,1.0,14,33,1198.0,0.5649362269939818,77.38255516262952,62.90799914166011,8.553205457677265,965.713524953966,7715.586723768736,10322.272,1495.236,1749.739,7077.2970000000005,2886.595,7435.677000000001,27.964725207783708,GRAVE_LESIONADOS,0
0,0,14,2,2,4,-11.871631,-77.014417,0,3,7,1,2,2,2,0,2021,12,5,1,16,3,0,6543.555,2.0,4,4,1.0,14,33,1198.0,0.6498693508177541,78.84967382596041,74.11456675539837,9.21786785255454,1246.479589064551,356854.23554603854,7626.313,1683.4029999999998,1599.0829999999996,4343.827000000001,1814.875,5811.438000000001,23.797541485643197,LEVE,2
5,3,19,2,4,1,-5.176398,-80.67267,0,0,7,1,2,2,2,0,2021,12,5,1,19,2,0,6543.555,3.0,2,0,1.0,0,30,1475.0,0.5997462042553465,78.40793944726823,72.26811532412637,9.714064362322326,976.3169831713308,183875.0,8965.846000060003,1782.4120000599992,636.9959999999999,6546.438000000004,2214.505000059999,6751.341000000004,24.699342371541725,LEVE,2
1,1,9,2,4,1,-10.033127,-76.234572,0,0,7,1,2,2,2,0,2021,12,5,1,20,2,2,9936.932,2.0,2,0,1.0,9,32,3830.0,0.6216164930359083,73.83445245401661,82.32001856648495,9.834238570262777,1100.9295903910202,39141.07922912206,8209.057,1333.4779999999996,791.9770000000001,6083.602,1059.8589999999997,7149.198,12.910849565303296,LEVE,2
1,1,3,0,4,2,-16.314977,-72.284058,0,4,7,1,2,2,2,0,2021,12,5,1,20,2,0,6543.555,2.0,4,4,1.0,14,33,1198.0,0.6077843615696785,76.53072135400231,69.81276959706165,8.77367759087771,1135.5159013374655,74658.55888650964,10322.272,1495.236,1749.739,7077.2970000000005,2886.595,7435.677000000001,27.964725207783708,LEVE,2
6,1,14,2,4,1,-11.990416,-76.820875,0,3,7,1,2,2,2,0,2021,12,6,1,4,0,0,875.67,2.0,2,0,1.0,3,14,156.0,0.7410537419693288,80.72873693175681,77.76911521289269,11.20634409407566,1539.7635062745433,43755.852248394,7626.313,1683.4029999999998,1599.0829999999996,4343.827000000001,1814.875,5811.438000000001,23.797541485643197,LEVE,2
1,0,13,0,4,1,-5.747039639523959,-79.87042842461791,0,4,7,1,2,1,0,0,2021,12,6,1,4,0,0,1305.18,2.0,2,0,1.0,1,20,163.0,0.4703091457296942,74.91176543888524,59.04522375211969,6.365443427676777,742.49897987499,44335.321199143465,3459.691,515.0619999999999,689.7280000000001,2254.901,703.3549999999999,2756.336,20.329994788551925,LEVE,2
6,1,8,0,4,2,-13.03333,-74.28189,0,4,0,0,1,2,2,0,2021,12,6,1,13,3,2,6543.555,2.0,4,4,1.0,14,33,1198.0,0.3086502327446496,71.59507414693519,54.411403952177366,5.161543834202252,295.0505700005735,2782.072805139186,8511.426,1445.3929999999996,2008.516,5057.516999999999,1879.579,6631.846999999998,22.08300935706896,LEVE,2
10,1,14,2,2,4,-12.067019,-76.997399,7,0,1,1,2,2,2,0,2021,12,6,1,16,3,0,6543.555,2.0,4,4,1.0,14,33,1198.0,0.7141594849782824,79.90829932185413,74.79179886803175,10.522504814235935,1482.4793645077043,156887.87152034265,7626.313,1683.4029999999998,1599.0829999999996,4343.827000000001,1814.875,5811.438000000001,23.797541485643197,LEVE,2
0,1,14,2,2,4,-12.181323,-77.012318,0,3,1,1,2,2,2,0,2021,12,6,1,17,3,0,6543.555,2.0,4,4,1.0,14,33,1198.0,0.7583553928164398,79.82595632107274,76.7651270103073,11.46351379457763,1662.7771470294065,333655.3618843683,7626.313,1683.4029999999998,1599.0829999999996,4343.827000000001,1814.875,5811.438000000001,23.797541485643197,GRAVE_MORTALIDAD,1
6,1,3,0,4,3,-15.53804051321607,-74.12523747887633,0,4,0,0,7,2,2,0,2021,12,6,1,21,2,0,6543.555,2.0,4,4,1.0,14,33,1198.0,0.658242120114571,85.0,61.90441587649393,8.706274501744206,1316.2543981821316,3447.832976445396,10322.272,1495.236,1749.739,7077.2970000000005,2886.595,7435.677000000001,27.964725207783708,LEVE,2
6,1,10,2,2,4,-13.7114134,-76.1871595,0,0,7,1,2,2,2,0,2021,12,6,1,23,2,0,6543.555,2.0,4,4,1.0,14,33,1198.0,0.5257121437129864,76.7626302266846,64.42031918719958,9.628927869030145,731.590352640588,12641.751605995718,3721.461,698.1859999999996,744.866,2278.409,1102.9029999999996,2618.558,29.636290693359403,LEVE,2
6,1,13,2,2,4,-6.770939879081685,-79.84757598756295,0,3,7,1,2,2,2,0,2021,12,0,0,0,0,0,6543.555,2.0,4,4,1.0,14,33,1198.0,0.6336758582443321,79.57413791335281,79.43179781120509,10.959065315580176,998.3945232858084,284974.83725910063,3459.691,515.0619999999999,689.7280000000001,2254.901,703.3549999999999,2756.336,20.329994788551925,LEVE,2
6,1,4,0,4,0,-15.0947834874954,-73.3310470252106,0,4,0,0,1,2,2,2,2021,12,0,0,3,0,2,6543.555,2.0,4,4,1.0,14,33,1198.0,0.4758507620996249,73.17386745922107,59.088773356529074,7.424920913183141,718.7580349418929,663.0107066381157,12678.733000000004,1805.074000000001,1774.0339999999994,9099.625000000004,2485.375000000001,10193.358000000002,19.602707936195205,GRAVE_MORTALIDAD,1
3,2,14,2,4,1,-11.931703,-76.692086,0,3,7,1,2,2,2,0,2021,12,0,0,4,0,0,875.67,2.0,2,0,1.0,3,14,156.0,0.6831952456039544,78.60873873772867,74.49000793376607,10.00420210847705,1376.0472418044385,255143.7301927195,7626.313,1683.4029999999998,1599.0829999999996,4343.827000000001,1814.875,5811.438000000001,23.797541485643197,LEVE,2
3,1,6,2,4,1,-11.985128045581396,-77.12521423663608,0,2,7,1,2,2,2,2,2021,12,0,0,7,1,0,139.23,-1.0,2,0,0.0,9,32,69.0,0.5563774842369664,77.00938809632027,69.10246351364754,8.476961866273152,914.8835608305218,27932.19700214133,51.58600000000001,44.68700000000001,6.899000000000001,0.0,49.838000000000015,1.748,96.61148373589734,LEVE,2
3,2,20,0,4,1,-15.853722,-69.963299,0,4,7,1,2,1,1,2,2021,12,0,0,16,3,2,7586.903,2.0,2,0,1.0,9,5,1198.0,0.6488901960567479,69.67312345830231,82.12448375199249,11.701623814093702,1230.336353415943,144745.3597430407,13642.312999999998,2020.7790000000005,2354.117,9267.416999999998,3314.0520000000006,10328.260999999997,24.29244952817019,LEVE,2
3,2,20,0,4,1,-15.212994359035113,-70.35131148436571,0,4,7,1,2,2,2,6,2021,12,0,0,18,2,2,7586.903,2.0,2,0,1.0,9,5,1198.0,0.4451745613783446,70.98869115444882,66.61608433572192,7.63470007837118,577.3173462752228,10293.640256959316,13642.312999999998,2020.7790000000005,2354.117,9267.416999999998,3314.0520000000006,10328.260999999997,24.29244952817019,LEVE,2
3,1,20,0,4,1,-14.3529249,-70.081084,0,4,7,1,2,2,2,2,2021,12,1,0,11,1,2,359.1,-1.0,1,0,0.0,9,32,95.0,0.3798276108256661,68.84580694362505,77.07589080107745,6.406956319418527,404.6387989593952,8968.678800856529,13642.312999999998,2020.7790000000005,2354.117,9267.416999999998,3314.0520000000006,10328.260999999997,24.29244952817019,LEVE,2
6,1,7,0,4,1,-14.88137023269232,-71.21465549153032,0,4,7,1,2,2,2,2,2021,12,2,0,10,1,2,1780.161,1.0,1,3,0.0,9,32,490.0,0.3947357298822749,66.64682076332791,61.05871728905667,5.999409696750664,549.0221656567701,5092.139186295502,17779.13499998999,2097.3709999899997,2863.123,12818.640999999989,2878.713,14900.421999989989,16.19152450331032,LEVE,2
0,1,3,2,3,4,-16.332504,-72.193772,7,4,7,1,7,2,2,0,2021,12,2,0,13,3,0,6543.555,2.0,4,4,1.0,14,33,1198.0,0.6077843615696785,76.53072135400231,69.81276959706165,8.77367759087771,1135.5159013374655,74658.55888650964,10322.272,1495.236,1749.739,7077.2970000000005,2886.595,7435.677000000001,27.964725207783708,LEVE,2
0,1,14,2,2,4,-12.025253,-77.010592,7,3,1,1,2,2,2,0,2021,12,2,0,13,3,0,6543.555,2.0,4,4,1.0,14,33,1198.0,0.701053025277506,79.62867561460851,73.1469484600971,10.064317505194426,1464.6926161541437,1150285.0494171206,7626.313,1683.4029999999998,1599.0829999999996,4343.827000000001,1814.875,5811.438000000001,23.797541485643197,LEVE,2
1,0,13,2,4,1,-6.801760935825376,-79.84689468372586,0,3,1,1,2,2,2,0,2021,12,2,0,20,2,0,6543.555,3.0,2,0,1.0,0,30,1475.0,0.5698121065713132,80.7750211042815,73.24532007426484,9.611369875155264,807.8835749369007,96903.36830835116,3459.691,515.0619999999999,689.7280000000001,2254.901,703.3549999999999,2756.336,20.329994788551925,LEVE,2
0,1,12,0,4,1,-7.339899,-79.503357,0,4,7,1,2,2,2,0,2021,12,2,0,21,2,0,6543.555,3.0,2,0,1.0,0,30,1475.0,0.5351117900300902,83.23861437968503,65.52389176988291,6.875649646518558,839.0613958405557,12592.21841541756,8931.828000000005,1335.5899999999997,1935.9830000000004,5660.255000000005,1219.309,7712.519000000005,13.651281686122925,LEVE,2
6,1,5,0,4,3,-7.6183,-78.32917,0,4,0,1,1,2,2,0,2021,12,3,0,1,0,2,6543.555,2.0,4,4,1.0,14,33,1198.0,0.2948350537014906,77.15212155268404,35.50451291723821,3.7775920646885006,361.8643687343071,26075.62526766595,15935.565011852366,1733.9250000199986,935.692,13265.948011832368,2000.1670000199988,13935.398011832369,12.551591352627522,LEVE,2
3,2,20,0,4,1,-16.58572099912765,-69.06567490499069,0,4,7,0,2,0,1,2,2021,12,3,0,6,1,2,1529.105,2.0,2,0,1.0,9,21,200.0,0.4241160460464029,74.28732425011668,75.63340579586843,8.070404038634907,431.1198673050291,28095.749464668093,13642.312999999998,2020.7790000000005,2354.117,9267.416999999998,3314.0520000000006,10328.260999999997,24.29244952817019,LEVE,2
6,1,14,2,4,1,-12.301834,-76.845125,7,3,7,1,2,2,2,0,2021,12,3,0,11,1,0,6639.975,2.0,2,0,1.0,9,31,1616.0,0.6909236767275176,78.41626133969348,70.97436336767564,9.826485374940413,1476.8351947609171,95908.53319057816,7626.313,1683.4029999999998,1599.0829999999996,4343.827000000001,1814.875,5811.438000000001,23.797541485643197,GRAVE_LESIONADOS,0
3,2,1,0,4,1,-9.969805916630804,-77.3589046601169,5,4,7,0,2,1,1,2,2021,12,4,0,4,0,2,9936.932,2.0,2,0,1.0,9,32,3830.0,0.4654799331603382,71.10800342011737,71.6956954286478,8.000201643545543,613.215156662713,3873.366167023554,10767.648,1885.0630000000003,1222.721,7659.864000000001,2100.343,8667.305000000002,19.506051832303577,GRAVE_MORTALIDAD,1
0,0,14,2,4,1,-11.933058498741993,-76.69317478959006,0,3,1,1,2,2,2,0,2021,12,4,0,9,1,0,875.67,2.0,2,0,1.0,3,14,156.0,0.6831952456039544,78.60873873772867,74.49000793376607,10.00420210847705,1376.0472418044385,255143.7301927195,7626.313,1683.4029999999998,1599.0829999999996,4343.827000000001,1814.875,5811.438000000001,23.797541485643197,LEVE,2
3,1,6,2,4,1,-12.024209442238538,-77.12873359104283,0,2,7,1,2,0,1,6,2021,12,4,0,9,1,0,139.23,-1.0,2,0,0.0,9,32,69.0,0.5563774842369664,77.00938809632027,69.10246351364754,8.476961866273152,914.8835608305218,27932.19700214133,51.58600000000001,44.68700000000001,6.899000000000001,0.0,49.838000000000015,1.748,96.61148373589734,LEVE,2
6,1,14,2,2,4,-11.997731,-77.051705,7,3,7,0,2,2,2,0,2021,12,4,0,10,1,0,6543.555,2.0,4,4,1.0,14,33,1198.0,0.6853375063928137,80.04346891299102,76.32428568750537,8.817291636093138,1443.328322024431,217176.83083511775,7626.313,1683.4029999999998,1599.0829999999996,4343.827000000001,1814.875,5811.438000000001,23.797541485643197,LEVE,2
0,1,14,2,2,4,-12.171185,-76.930697,0,3,7,1,2,2,2,0,2021,12,4,0,17,3,0,6543.555,2.0,4,4,1.0,14,33,1198.0,0.689811994580126,79.88015655965044,73.89553442371854,9.755251380104111,1409.8432274455126,452660.364025696,7626.313,1683.4029999999998,1599.0829999999996,4343.827000000001,1814.875,5811.438000000001,23.797541485643197,LEVE,2
3,2,14,0,4,1,-11.039807703262472,-77.11205005274367,0,4,0,1,2,1,0,2,2021,12,4,0,17,3,0,1422.177,2.0,2,0,0.0,9,19,698.0,0.625259356790912,76.00710856837651,64.39893010534446,7.928807895834627,1379.4198272918734,24684.304068522484,7626.313,1683.4029999999998,1599.0829999999996,4343.827000000001,1814.875,5811.438000000001,23.797541485643197,LEVE,2
6,1,3,0,4,1,-16.2248434,-71.6634792,0,4,7,0,2,0,1,0,2021,12,4,0,18,2,0,1504.4250000000002,2.0,2,0,1.0,7,25,241.0,0.6005060748875158,78.21704200773246,77.40211893847457,8.994742794352394,996.014120858737,33335.45824411135,10322.272,1495.236,1749.739,7077.2970000000005,2886.595,7435.677000000001,27.964725207783708,GRAVE_MORTALIDAD,1
0,1,19,2,4,2,-5.186126,-79.969722,0,0,7,1,4,2,2,0,2021,12,4,0,21,2,0,6543.555,2.0,4,4,1.0,14,33,1198.0,0.4969002366620188,75.54645400071168,70.47588104937333,7.004965995332454,741.3176484677177,13757.368308351177,8965.846000060003,1782.4120000599992,636.9959999999999,6546.438000000004,2214.505000059999,6751.341000000004,24.699342371541725,LEVE,2
0,1,9,0,4,1,-8.952813221693319,-76.10167218422438,0,4,7,1,2,2,2,4,2021,12,4,0,22,2,2,7758.33400008,2.0,2,0,1.0,9,20,2133.0,0.4488980782274319,72.32233236849576,48.83099256769076,6.808038769056246,716.252056011431,32955.28479657388,8209.057,1333.4779999999996,791.9770000000001,6083.602,1059.8589999999997,7149.198,12.910849565303296,LEVE,2
3,2,7,2,4,1,-14.73723063652993,-71.32631439224909,5,4,0,1,2,2,2,2,2022,1,5,1,4,0,2,566.7160000000001,2.0,5,2,0.0,9,3,137.0,0.3365713390351058,64.75107972549431,51.55910204051147,4.90404313194694,457.550151920456,2850.758029978587,17779.13499998999,2097.3709999899997,2863.123,12818.640999999989,2878.713,14900.421999989989,16.19152450331032,LEVE,2
6,0,14,2,2,4,-12.063661,-76.952232,0,0,7,1,2,2,2,0,2022,1,5,1,6,1,0,6543.555,2.0,4,4,1.0,14,33,1198.0,0.8452166148253858,80.64766902313956,78.16154022078278,14.700269515657656,1939.4672090018812,160839.29764453962,7626.313,1683.4029999999998,1599.0829999999996,4343.827000000001,1814.875,5811.438000000001,23.797541485643197,LEVE,2
6,1,5,0,4,3,-6.282066,-78.481812,0,4,0,0,1,2,2,0,2022,1,5,1,6,1,2,6543.555,2.0,4,4,1.0,14,33,1198.0,0.2589946186041197,76.09156185321413,31.816220509217047,4.494478493390021,239.679210678783,2738.584582441114,15935.565011852366,1733.9250000199986,935.692,13265.948011832368,2000.1670000199988,13935.398011832369,12.551591352627522,LEVE,2
6,1,12,2,7,4,-8.0816026258135,-79.11600389190302,0,3,4,1,4,2,2,0,2022,1,5,1,9,1,0,6543.555,2.0,4,4,1.0,14,33,1198.0,0.583006771156836,78.2441938961209,62.24037484511178,8.807312392374042,1028.2282118265089,76607.295503212,8931.828000000005,1335.5899999999997,1935.9830000000004,5660.255000000005,1219.309,7712.519000000005,13.651281686122925,LEVE,2
6,1,1,0,4,2,-8.575619341484126,-77.91582947335122,6,5,6,2,6,2,2,0,2022,1,5,1,18,2,2,6543.555,2.0,4,4,1.0,14,33,1198.0,0.3681381044498384,72.11733649129066,23.93606127812405,6.236157656996256,607.7091204562252,1271.539614561028,10767.648,1885.0630000000003,1222.721,7659.864000000001,2100.343,8667.305000000002,19.506051832303577,GRAVE_MORTALIDAD,1
0,1,11,0,4,1,-12.110581,-75.216347,0,4,1,1,2,1,0,2,2022,1,5,1,18,2,2,7586.903,2.0,2,0,1.0,9,5,1198.0,0.4928687519261139,71.44878444957367,71.38203536953866,8.536671990950516,690.1106839322879,26022.21199143469,12264.545,1826.4639999999995,1105.5389999999998,9332.542,1588.5359999999996,10676.009,12.952261987705208,LEVE,2
0,0,14,2,4,2,-12.104026430763833,-76.87641783945658,0,4,7,1,2,2,2,0,2022,1,5,1,23,2,0,6543.555,2.0,4,4,1.0,14,33,1198.0,0.6463106547105882,77.51872248135703,70.89234783689217,9.27899743443454,1279.2302833246192,140977.61456102785,7626.313,1683.4029999999998,1599.0829999999996,4343.827000000001,1814.875,5811.438000000001,23.797541485643197,LEVE,2
3,1,11,0,4,3,-12.147337,-75.235731,0,4,7,1,7,2,2,2,2022,1,5,1,23,2,2,6543.555,2.0,4,4,1.0,14,33,1198.0,0.4869005705010076,71.27758642633061,70.98462759449653,8.427566649199576,675.919211630646,9077.69807280514,12264.545,1826.4639999999995,1105.5389999999998,9332.542,1588.5359999999996,10676.009,12.952261987705208,LEVE,2
1,1,10,0,4,1,-13.971056,-75.779005,4,4,1,1,2,2,2,0,2022,1,6,1,5,0,0,6639.975,2.0,2,0,1.0,9,31,1616.0,0.6053164595604621,78.88848309050202,67.63954639531094,9.133324993872453,1064.9426147896202,27932.19700214133,3721.461,698.1859999999996,744.866,2278.409,1102.9029999999996,2618.558,29.636290693359403,LEVE,2
6,1,3,0,4,2,-16.246854330244204,-73.15264523366587,0,4,0,0,7,2,2,0,2022,1,6,1,9,1,0,6543.555,2.0,4,4,1.0,14,33,1198.0,0.6193008310774621,82.69408159482029,66.92621392177676,8.70769637174445,1102.1398098925033,4520.503211991434,10322.272,1495.236,1749.739,7077.2970000000005,2886.595,7435.677000000001,27.964725207783708,LEVE,2
0,0,20,2,7,4,-15.48467909601851,-70.10789062701292,0,1,7,1,7,2,2,4,2022,1,6,1,10,1,2,6543.555,2.0,4,4,1.0,14,33,1198.0,0.5759734352119,73.55929462493827,78.89306383943827,10.174966342239475,888.1716010638444,232834.39603082248,13642.312999999998,2020.7790000000005,2354.117,9267.416999999998,3314.0520000000006,10328.260999999997,24.29244952817019,LEVE,2