CLASE SINIESTRO,CANTIDAD DE VEHICULOS DAÑADOS,DEPARTAMENTO,ZONA,TIPO DE VÍA,RED VIAL,COORDENADAS LATITUD,COORDENADAS  LONGITUD,CONDICIÓN CLIMÁTICA,ZONIFICACIÓN,CARACTERÍSTICAS DE VÍA,PERFIL LONGITUDINAL VÍA,SUPERFICIE DE CALZADA,¿EXISTE SEÑAL VERTICAL?,¿EXISTE SEÑAL HORIZONTAL?,CAUSA FACTOR PRINCIPAL,AÑO,MES,DIA_SEMANA,ES_FIN_SEMANA,HORA_NUM,FRANJA_HORARIA,REGION_NATURAL,MTC_RVN_LONGITUD_KM,MTC_RVN_N_CARRILES_MEDIANA,MTC_RVN_SUPERFICIE_DOMINANTE,MTC_RVN_ESTADO_DOMINANTE,MTC_RVN_ES_CONCESIONADA,MTC_RVN_CONCESION_PRINCIPAL,MTC_RVN_CORREDOR_LOGISTICO,MTC_RVN_N_TRAMOS,IDH_2019,IDH_ESP_VIDA_2019,IDH_EDUC_SECUND_PCT_2019,IDH_ANIOS_EDUC_2019,IDH_INGRESO_PERCAP_2019,IDH_POBLACION_2019,MTC_DEP_RED_TOTAL_KM,MTC_DEP_NACIONAL_TOTAL_KM,MTC_DEP_DEPARTAMENTAL_TOTAL_KM,MTC_DEP_VECINAL_TOTAL_KM,MTC_DEP_PAV_TOTAL_KM,MTC_DEP_NO_PAV_TOTAL_KM,MTC_DEP_PCT_PAVIMENTADA,CATEGORIA_SEVERIDAD,CATEGORIA_SEVERIDAD_ENC
6,1,4,0,4,2,-13.115315,-74.093383,0,4,0,0,1,2,2,2,2022,1,6,1,12,3,2,6543.555,2.0,4,4,1.0,14,33,1198.0,0.2550088693060733,70.4436353697424,41.73695619955871,3.6867753521276336,264.1841887539025,5787.284796573876,12678.733000000004,1805.074000000001,1774.0339999999994,9099.625000000004,2485.375000000001,10193.358000000002,19.602707936195205,LEVE,2
6,1,12,0,4,1,-8.105542,-78.296194,0,4,7,0,1,2,2,6,2022,1,6,1,16,3,0,9936.932,2.0,2,0,1.0,9,32,3830.0,0.4320883936567258,76.718936301794,43.003289188979466,6.269065613037991,662.0777072841523,13167.552462526766,8931.828000000005,1335.5899999999997,1935.9830000000004,5660.255000000005,1219.309,7712.519000000005,13.651281686122925,GRAVE_LESIONADOS,0
0,1,7,0,4,1,-14.121408,-71.41428,0,4,0,1,2,2,2,4,2022,1,6,1,18,2,2,7586.903,2.0,2,0,1.0,9,5,1198.0,0.4337173562104641,75.15065004139942,79.9974723492709,7.143524482711378,473.5348889931674,5193.304068522484,17779.13499998999,2097.3709999899997,2863.123,12818.640999999989,2878.713,14900.421999989989,16.19152450331032,LEVE,2
1,1,12,2,2,4,-8.032351,-79.061989,0,0,7,1,2,2,2,0,2022,1,6,1,19,2,0,6543.555,2.0,4,4,1.0,14,33,1198.0,0.583006771156836,78.2441938961209,62.24037484511178,8.807312392374042,1028.2282118265089,76607.295503212,8931.828000000005,1335.5899999999997,1935.9830000000004,5660.255000000005,1219.309,7712.519000000005,13.651281686122925,LEVE,2
3,2,22,0,7,4,-18.111547741646653,-70.2575237198779,0,4,7,1,1,2,2,2,2022,1,6,1,20,2,0,6543.555,2.0,4,4,1.0,14,33,1198.0,0.5563774842369664,77.00938809632027,69.10246351364754,8.476961866273152,914.8835608305218,27932.19700214133,2650.572,630.6729999999998,487.3610000000001,1532.5379999999998,1068.7019999999998,1581.87,40.31967439480987,LEVE,2
0,1,20,2,2,4,-15.471991294492025,-70.12311970961198,0,0,1,1,2,2,2,2,2022,1,0,0,0,0,2,6543.555,2.0,4,4,1.0,14,33,1198.0,0.5225679967471315,73.87568641139362,79.22999870887685,8.745562804731529,728.6643223924281,65445.28409703769,13642.312999999998,2020.7790000000005,2354.117,9267.416999999998,3314.0520000000006,10328.260999999997,24.29244952817019,LEVE,2
6,1,2,0,4,2,-13.578622,-73.710652,5,4,7,1,1,2,2,2,2022,1,0,0,8,1,2,6543.555,2.0,4,4,1.0,14,33,1198.0,0.4192164217293653,68.17945161913431,60.59110843196562,7.127031141345839,564.301368975115,6209.351177730193,8358.971,1282.451,1298.0969999999998,5778.423,1432.683,6926.288,17.139466089785454,LEVE,2
3,0,14,2,4,1,-12.221114594425702,-76.97614819371015,0,1,1,1,2,2,2,0,2022,1,0,0,19,2,0,6639.975,2.0,2,0,1.0,9,31,1616.0,0.7583553928164398,79.82595632107274,76.7651270103073,11.46351379457763,1662.7771470294065,333655.3618843683,7626.313,1683.4029999999998,1599.0829999999996,4343.827000000001,1814.875,5811.438000000001,23.797541485643197,LEVE,2
3,2,21,0,4,1,-6.082243,-76.884668,0,4,0,0,2,2,2,0,2022,1,0,0,19,2,1,7758.33400008,2.0,2,0,1.0,9,20,2133.0,0.5294800468051228,72.46713251445857,60.50982579904599,7.757161651692042,952.984823255978,86435.21199143468,5645.136,815.0759999999999,965.298,3864.762,1013.406,4631.73,17.95184385283189,LEVE,2
6,1,5,0,4,1,-7.240266,-79.057652,0,4,0,0,2,2,2,0,2022,1,0,0,21,2,2,887.28,2.0,2,0,1.0,8,17,155.0,0.5563774842369664,73.07406660240972,65.2611721745993,7.77984257932775,1045.7361851012442,7379.728051391864,15935.565011852366,1733.9250000199986,935.692,13265.948011832368,2000.1670000199988,13935.398011832369,12.551591352627522,LEVE,2
0,1,7,0,4,1,-13.55588917373734,-71.85594867584527,0,1,7,1,2,2,2,4,2022,1,0,0,21,2,2,7586.903,2.0,2,0,1.0,9,5,1198.0,0.5196848738299176,77.87933372563211,69.4675909511807,8.375864983409588,727.1162363854935,6457.1220556745175,17779.13499998999,2097.3709999899997,2863.123,12818.640999999989,2878.713,14900.421999989989,16.19152450331032,LEVE,2
3,0,14,2,4,1,-11.890384903545833,-77.06837829493487,0,0,7,1,2,2,2,0,2022,1,0,0,22,2,0,6543.555,3.0,2,0,1.0,0,30,1475.0,0.6632628912836565,79.15155564666024,73.19223743118206,9.629669813837666,1289.452647666346,383699.2119914347,7626.313,1683.4029999999998,1599.0829999999996,4343.827000000001,1814.875,5811.438000000001,23.797541485643197,LEVE,2
10,1,9,0,4,1,-9.902059,-75.999937,0,4,7,0,7,2,2,2,2022,1,1,0,3,0,2,926.7690000000002,2.0,3,3,0.0,9,32,124.0,0.2488101415616882,69.007841453463,38.25663066192983,3.4615469428359247,279.6678169043749,22296.95503211992,8209.057,1333.4779999999996,791.9770000000001,6083.602,1059.8589999999997,7149.198,12.910849565303296,LEVE,2
0,0,14,2,4,1,-12.02323,-77.058815,0,0,7,1,2,2,2,0,2022,1,1,0,10,1,0,6543.555,3.0,2,0,1.0,0,30,1475.0,0.7419979630670723,80.31822295927182,79.00446395716813,11.084203715652809,1554.6868971011318,739416.2413542903,7626.313,1683.4029999999998,1599.0829999999996,4343.827000000001,1814.875,5811.438000000001,23.797541485643197,LEVE,2
3,2,9,0,4,1,-9.577413,-76.024176,0,4,0,0,2,2,2,2,2022,1,1,0,17,3,2,693.175,2.0,2,3,0.0,9,10,249.0,0.3096549989431256,76.17431233061522,44.8813332706993,3.774794268602337,378.47949303176176,19256.764453961456,8209.057,1333.4779999999996,791.9770000000001,6083.602,1059.8589999999997,7149.198,12.910849565303296,GRAVE_LESIONADOS,0
3,2,12,0,4,2,-8.559906,-78.68751,0,4,7,1,2,2,2,2,2022,1,1,0,19,2,0,6543.555,2.0,4,4,1.0,14,33,1198.0,0.4971504606547645,77.79759708660042,46.44666297237219,6.322206801902116,929.9716106661404,44368.59100642397,8931.828000000005,1335.5899999999997,1935.9830000000004,5660.255000000005,1219.309,7712.519000000005,13.651281686122925,GRAVE_MORTALIDAD,1
6,0,14,2,2,4,-11.987278,-77.103042,0,0,1,1,2,2,2,0,2022,1,1,0,20,2,0,6543.555,2.0,4,4,1.0,14,33,1198.0,0.7419979630670723,80.31822295927182,79.00446395716813,11.084203715652809,1554.6868971011318,739416.2413542903,7626.313,1683.4029999999998,1599.0829999999996,4343.827000000001,1814.875,5811.438000000001,23.797541485643197,LEVE,2
3,0,14,2,4,1,-12.172018297607602,-76.97873171240589,0,3,7,1,2,2,2,0,2022,1,2,0,6,1,0,6639.975,2.0,2,0,1.0,9,31,1616.0,0.7289998534947872,80.50926319493618,76.9124822838204,10.358587270463827,1551.106643515347,384728.5117773019,7626.313,1683.4029999999998,1599.0829999999996,4343.827000000001,1814.875,5811.438000000001,23.797541485643197,LEVE,2
6,1,20,0,4,1,-15.599523018953684,-70.09527050806683,0,4,7,1,2,2,2,2,2022,1,2,0,9,1,2,7586.903,2.0,2,0,1.0,9,5,1198.0,0.3646929504779869,74.39003066237748,63.71456574957328,5.594162012040831,387.0285253251433,5552.2119914346895,13642.312999999998,2020.7790000000005,2354.117,9267.416999999998,3314.0520000000006,10328.260999999997,24.29244952817019,LEVE,2
3,2,20,0,4,3,-14.916700760306144,-70.15833731195083,0,4,0,1,7,2,2,2,2022,1,2,0,9,1,2,6543.555,2.0,4,4,1.0,14,33,1198.0,0.4384088880022875,66.28408395269946,71.45267205250292,8.282733608109961,563.5418969725097,28239.627408993576,13642.312999999998,2020.7790000000005,2354.117,9267.416999999998,3314.0520000000006,10328.260999999997,24.29244952817019,LEVE,2
10,1,3,0,4,1,-16.920378,-72.050103,0,4,0,0,2,0,1,0,2022,1,2,0,19,2,0,289.55,2.0,2,0,1.0,7,25,10.0,0.5784035125051519,74.737535639558,71.5667957422958,10.005034846291316,929.7976738409852,7264.014989293362,10322.272,1495.236,1749.739,7077.2970000000005,2886.595,7435.677000000001,27.964725207783708,LEVE,2
0,1,1,2,6,4,-9.06232,-78.58501,0,3,1,1,2,2,2,0,2022,1,2,0,19,2,2,6543.555,2.0,4,4,1.0,14,33,1198.0,0.6138280897610826,78.84695742989106,71.99259200326753,9.438855747011283,1055.78291711923,196830.83083511775,10767.648,1885.0630000000003,1222.721,7659.864000000001,2100.343,8667.305000000002,19.506051832303577,LEVE,2
3,2,12,0,4,1,-8.204563,-78.958988,0,4,7,1,2,2,2,0,2022,1,2,0,20,2,0,6543.555,3.0,2,0,1.0,0,30,1475.0,0.5704872313485707,78.73040511828864,66.00991236238886,8.931371175352043,922.6441961800402,20630.58672376873,8931.828000000005,1335.5899999999997,1935.9830000000004,5660.255000000005,1219.309,7712.519000000005,13.651281686122925,LEVE,2
6,1,19,2,2,4,-5.175998,-80.661607,0,1,7,1,2,1,0,0,2022,1,3,0,1,0,0,6543.555,2.0,4,4,1.0,14,33,1198.0,0.5997462042553465,78.40793944726823,72.26811532412637,9.714064362322326,976.3169831713308,183875.0,8965.846000060003,1782.4120000599992,636.9959999999999,6546.438000000004,2214.505000059999,6751.341000000004,24.699342371541725,LEVE,2
0,1,16,2,2,4,-12.587281,-69.196777,0,0,1,1,4,2,2,4,2022,1,3,0,8,1,1,6543.555,2.0,4,4,1.0,14,33,1198.0,0.6331639735785386,72.20641129524063,67.6175404202189,10.029362591344883,1305.419538589062,88506.68094218415,2090.391,399.431,340.021,1350.9389999999996,493.824,1596.5669999999996,23.62352306338862,LEVE,2
6,1,12,0,4,3,-7.655822579496478,-77.82414315419939,0,4,0,0,1,2,2,2,2022,1,3,0,10,1,0,6543.555,2.0,4,4,1.0,14,33,1198.0,0.1492206538659984,78.92776803590996,33.56043543982053,2.142334776786642,136.3088563134413,18539.64239828694,8931.828000000005,1335.5899999999997,1935.9830000000004,5660.255000000005,1219.309,7712.519000000005,13.651281686122925,GRAVE_MORTALIDAD,1
3,2,3,2,2,4,-16.4634618,-71.5042127,2,3,1,1,2,2,2,0,2022,1,3,0,11,1,0,6543.555,2.0,4,4,1.0,14,33,1198.0,0.6488492103507301,77.62212945763636,74.8227447314978,10.318860199394647,1180.9553737298786,4393.012847965739,10322.272,1495.236,1749.739,7077.2970000000005,2886.595,7435.677000000001,27.964725207783708,LEVE,2
3,2,7,2,4,0,-14.782489,-71.411279,0,3,7,1,2,2,2,1,2022,1,3,0,13,3,2,6543.555,2.0,4,4,1.0,14,33,1198.0,0.553052655456334,69.21726434550523,74.04128761826507,8.709280027519238,977.6848841665504,33976.192719486084,17779.13499998999,2097.3709999899997,2863.123,12818.640999999989,2878.713,14900.421999989989,16.19152450331032,GRAVE_LESIONADOS,0
0,1,5,0,4,2,-7.26103128,-78.13695433,0,4,7,1,1,2,2,0,2022,1,3,0,18,2,2,6543.555,2.0,4,4,1.0,14,33,1198.0,0.2248217662933267,71.86940730479807,40.39097341188932,3.5762485388565097,194.53057273302585,5022.419700214133,15935.565011852366,1733.9250000199986,935.692,13265.948011832368,2000.1670000199988,13935.398011832369,12.551591352627522,LEVE,2
0,1,13,2,2,4,-6.780335,-79.854679,0,3,7,1,2,1,1,0,2022,1,3,0,19,2,0,6543.555,2.0,4,4,1.0,14,33,1198.0,0.6336758582443321,79.57413791335281,79.43179781120509,10.959065315580176,998.3945232858084,284974.83725910063,3459.691,515.0619999999999,689.7280000000001,2254.901,703.3549999999999,2756.336,20.329994788551925,LEVE,2
0,1,10,0,4,1,-13.627379,-76.172521,0,4,7,1,2,2,2,0,2022,1,3,0,20,2,0,205.54999999999995,-1.0,2,0,1.0,13,31,15.0,0.5723734005661165,76.14778354007997,72.53650205141851,9.107715991741182,922.4721268572972,24272.76659528908,3721.461,698.1859999999996,744.866,2278.409,1102.9029999999996,2618.558,29.636290693359403,LEVE,2
3,2,7,0,4,1,-13.606140564367696,-71.20272030062668,2,4,0,1,2,2,2,2,2022,1,4,0,4,0,2,3263.58,2.0,2,0,1.0,5,18,566.0,0.2701433460922377,67.03086854576458,59.596346222865,3.690268129191559,281.2948228692088,16118.58886509636,17779.13499998999,2097.3709999899997,2863.123,12818.640999999989,2878.713,14900.421999989989,16.19152450331032,LEVE,2
3,2,21,0,4,1,-6.057292,-76.932873,0,4,7,0,2,2,2,6,2022,1,4,0,5,0,1,7758.33400008,2.0,2,0,1.0,9,20,2133.0,0.5294800468051228,72.46713251445857,60.50982579904599,7.757161651692042,952.984823255978,86435.21199143468,5645.136,815.0759999999999,965.298,3864.762,1013.406,4631.73,17.95184385283189,LEVE,2
3,2,20,2,4,1,-15.481370461726788,-70.13464537865062,0,0,1,1,2,2,2,2,2022,1,4,0,9,1,2,7586.903,2.0,2,0,1.0,9,5,1198.0,0.5759734352119,73.55929462493827,78.89306383943827,10.174966342239475,888.1716010638444,232834.39603082248,13642.312999999998,2020.7790000000005,2354.117,9267.416999999998,3314.0520000000006,10328.260999999997,24.29244952817019,LEVE,2
6,1,7,0,4,1,-13.42684412675796,-71.85445808563742,0,4,7,1,2,0,0,2,2022,1,4,0,11,1,2,168.34499999999997,2.0,2,3,0.0,9,32,55.0,0.4168644219609223,76.74940152408504,64.55327366555804,6.067767533089989,505.0369445670448,10179.415417558886,17779.13499998999,2097.3709999899997,2863.123,12818.640999999989,2878.713,14900.421999989989,16.19152450331032,LEVE,2
0,1,5,2,6,4,-6.565370097087003,-78.65140967244484,0,3,7,0,4,2,2,0,2022,1,4,0,17,3,2,6543.555,2.0,4,4,1.0,14,33,1198.0,0.4700875779194959,72.66081436888122,64.8808353209258,6.163018167008406,756.997154110016,46090.54817987152,15935.565011852366,1733.9250000199986,935.692,13265.948011832368,2000.1670000199988,13935.398011832369,12.551591352627522,LEVE,2
6,1,12,0,4,0,-7.545864,-77.706634,0,4,0,0,7,2,2,0,2022,1,4,0,20,2,0,6543.555,2.0,4,4,1.0,14,33,1198.0,0.214536657372195,82.41615841065922,20.89404464378667,3.7704870423377095,184.3773302103564,3492.2569593147746,8931.828000000005,1335.5899999999997,1935.9830000000004,5660.255000000005,1219.309,7712.519000000005,13.651281686122925,GRAVE_MORTALIDAD,1
3,2,24,2,2,4,-8.383484414941446,-74.55564789589198,0,0,1,1,4,1,0,2,2022,1,4,0,22,2,1,6543.555,2.0,4,4,1.0,14,33,1198.0,0.5634769861561197,73.0016356967691,60.42057392437736,9.668331643433834,987.6889044977592,126065.34475374733,2689.139,392.697,1311.5319999999997,984.91,261.598,2427.541,9.727946379863592,LEVE,2
6,1,14,0,4,1,-11.214710867714132,-77.55449110659245,0,4,7,1,2,1,0,2,2022,1,5,1,8,1,0,6543.555,3.0,2,0,1.0,0,30,1475.0,0.7327345537337897,78.20903814342847,76.31492653513806,13.642917835589472,1405.6698219039215,62016.21841541756,7626.313,1683.4029999999998,1599.0829999999996,4343.827000000001,1814.875,5811.438000000001,23.797541485643197,GRAVE_MORTALIDAD,1
3,2,21,2,4,1,-6.05454983,-76.93673561,0,4,7,1,2,2,2,2,2022,1,5,1,8,1,1,7758.33400008,2.0,2,0,1.0,9,20,2133.0,0.5294800468051228,72.46713251445857,60.50982579904599,7.757161651692042,952.984823255978,86435.21199143468,5645.136,815.0759999999999,965.298,3864.762,1013.406,4631.73,17.95184385283189,LEVE,2
6,1,10,0,4,2,-13.884703,-76.3207,0,4,7,1,7,2,2,0,2022,1,5,1,8,1,0,6543.555,2.0,4,4,1.0,14,33,1198.0,0.6292184793170688,75.99906028374495,67.79982853272203,9.796858559039824,1204.177835421263,8492.554603854389,3721.461,698.1859999999996,744.866,2278.409,1102.9029999999996,2618.558,29.636290693359403,LEVE,2
0,1,20,0,4,1,-16.135414213373448,-69.64369664845323,0,4,7,1,2,0,1,2,2022,1,6,1,4,0,2,417.30000000000007,1.0,0,3,0.0,9,32,52.0,0.4020198374784472,77.80062735845667,75.295761294875,7.279851651626652,372.63390314535104,50686.62526766595,13642.312999999998,2020.7790000000005,2354.117,9267.416999999998,3314.0520000000006,10328.260999999997,24.29244952817019,LEVE,2
6,1,12,0,4,1,-7.299342,-79.415822,0,4,7,1,2,2,2,0,2022,1,6,1,8,1,0,887.28,2.0,2,0,1.0,8,17,155.0,0.5650979329787121,81.32490571897102,68.6769211482833,7.868096912305706,909.6843705053026,43897.946466809415,8931.828000000005,1335.5899999999997,1935.9830000000004,5660.255000000005,1219.309,7712.519000000005,13.651281686122925,LEVE,2
3,2,3,0,4,1,-15.481438476431409,-74.85966725034878,0,4,7,0,2,2,2,0,2022,1,6,1,9,1,0,6639.975,2.0,2,0,1.0,9,31,1616.0,0.5140293355498681,82.11897853059659,54.01885147561242,9.200693902288776,697.8064626086847,1477.7837259100645,10322.272,1495.236,1749.739,7077.2970000000005,2886.595,7435.677000000001,27.964725207783708,GRAVE_MORTALIDAD,1
6,1,5,0,4,2,-6.30739,-78.663099,0,4,7,1,1,2,2,0,2022,1,6,1,14,3,2,6543.555,2.0,4,4,1.0,14,33,1198.0,0.3344646673203048,75.74025524831903,52.374246125101166,4.850231140916322,360.1510557667936,9254.372591006424,15935.565011852366,1733.9250000199986,935.692,13265.948011832368,2000.1670000199988,13935.398011832369,12.551591352627522,GRAVE_MORTALIDAD,1
0,0,14,2,4,1,-12.385164664801556,-76.77044923432662,0,2,4,1,2,2,2,4,2022,1,6,1,19,2,0,6639.975,2.0,2,0,1.0,9,31,1616.0,0.7238335901083031,79.66547280467641,76.37525886646478,10.576617527878618,1528.3977840301418,8667.355460385439,7626.313,1683.4029999999998,1599.0829999999996,4343.827000000001,1814.875,5811.438000000001,23.797541485643197,LEVE,2
3,1,21,0,4,1,-5.790776,-77.41728,0,4,7,1,2,2,2,2,2022,1,6,1,19,2,1,7758.33400008,2.0,2,0,1.0,9,20,2133.0,0.3490236341472501,73.80303880571165,34.287308240418106,5.251593843982846,481.3272995041394,11414.025695931476,5645.136,815.0759999999999,965.298,3864.762,1013.406,4631.73,17.95184385283189,LEVE,2
3,2,11,0,4,1,-11.4743929,-74.4793899,0,4,7,0,2,1,0,2,2022,1,6,1,20,2,2,1337.175,1.0,1,3,0.0,9,32,315.0,0.3570817332180048,73.74932476832508,43.805659202757695,6.484925788605561,398.3541927461293,66993.35796966725,12264.545,1826.4639999999995,1105.5389999999998,9332.542,1588.5359999999996,10676.009,12.952261987705208,LEVE,2
0,1,12,0,2,4,-8.504148,-78.686039,0,4,7,1,1,2,2,2,2022,1,6,1,20,2,0,6543.555,2.0,4,4,1.0,14,33,1198.0,0.4971504606547645,77.79759708660042,46.44666297237219,6.322206801902116,929.9716106661404,44368.59100642397,8931.828000000005,1335.5899999999997,1935.9830000000004,5660.255000000005,1219.309,7712.519000000005,13.651281686122925,LEVE,2
6,1,19,0,4,2,-5.236725,-79.416748,0,4,0,0,7,2,2,0,2022,1,6,1,23,2,0,6543.555,2.0,4,4,1.0,14,33,1198.0,0.341904333393324,65.35963059310035,62.21769324538303,5.350982713855533,406.3194918886913,29126.03426124197,8965.846000060003,1782.4120000599992,636.9959999999999,6546.438000000004,2214.505000059999,6751.341000000004,24.699342371541725,LEVE,2
6,1,19,0,2,4,-5.49783666435425,-80.7384596631634,0,4,7,0,7,2,2,0,2022,1,6,1,23,2,0,6543.555,2.0,4,4,1.0,14,33,1198.0,0.418056282317269,71.12284878359286,55.374588951304105,6.512474484123322,581.5384507227678,4274.164882226981,8965.846000060003,1782.4120000599992,636.9959999999999,6546.438000000004,2214.505000059999,6751.341000000004,24.699342371541725,LEVE,2
6,1,14,2,4,1,-11.09203,-77.58439,0,4,7,1,2,2,2,2,2022,1,0,0,4,0,0,6543.555,3.0,2,0,1.0,0,30,1475.0,0.6256541286888256,76.866876725279,74.48686395070398,9.794027812898843,1113.4562244631716,37972.95074946467,7626.313,1683.4029999999998,1599.0829999999996,4343.827000000001,1814.875,5811.438000000001,23.797541485643197,LEVE,2
0,1,11,0,4,1,-11.398206122160406,-75.68685284052289,0,4,7,1,2,1,0,4,2022,1,0,0,5,0,2,600.0300000000001,2.0,2,0,0.0,9,8,178.0,0.5493260347632952,73.03034893900043,68.8291687441095,9.22858629364709,885.6439218717968,43269.004282655245,12264.545,1826.4639999999995,1105.5389999999998,9332.542,1588.5359999999996,10676.009,12.952261987705208,LEVE,2
6,1,3,0,4,2,-16.2819103,-71.475033,5,4,7,0,2,0,1,0,2022,1,0,0,7,1,0,6543.555,2.0,4,4,1.0,14,33,1198.0,0.6738551636003771,78.16730405462371,80.12651178794934,11.26654579524565,1199.6180061497348,97926.27408993576,10322.272,1495.236,1749.739,7077.2970000000005,2886.595,7435.677000000001,27.964725207783708,LEVE,2
6,0,14,2,4,1,-12.124371627362988,-76.97719929375269,0,3,1,1,2,2,2,0,2022,1,0,0,8,1,0,6639.975,2.0,2,0,1.0,9,31,1616.0,0.8017574897902351,80.48487267736287,78.74302427848284,13.156716040468266,1766.1488062170545,359776.608137045,7626.313,1683.4029999999998,1599.0829999999996,4343.827000000001,1814.875,5811.438000000001,23.797541485643197,LEVE,2
3,1,1,2,4,1,-9.152771,-78.50487,0,3,7,1,2,2,2,0,2022,1,0,0,10,1,2,6543.555,3.0,2,0,1.0,0,30,1475.0,0.6459598096056908,78.63908715089502,73.94922643905556,10.615650526897664,1131.8657131941532,175440.59743040687,10767.648,1885.0630000000003,1222.721,7659.864000000001,2100.343,8667.305000000002,19.506051832303577,LEVE,2
6,1,20,0,4,2,-16.035396607584524,-69.57523015013945,0,4,5,0,2,2,2,2,2022,1,0,0,14,3,2,6543.555,2.0,4,4,1.0,14,33,1198.0,0.4020198374784472,77.80062735845667,75.295761294875,7.279851651626652,372.63390314535104,50686.62526766595,13642.312999999998,2020.7790000000005,2354.117,9267.416999999998,3314.0520000000006,10328.260999999997,24.29244952817019,LEVE,2
0,1,14,0,4,1,-11.187992887222167,-77.30319548992247,0,4,7,1,2,2,2,4,2022,1,0,0,15,3,0,1422.177,2.0,2,0,0.0,9,19,698.0,0.625259356790912,76.00710856837651,64.39893010534446,7.928807895834627,1379.4198272918734,24684.304068522484,7626.313,1683.4029999999998,1599.0829999999996,4343.827000000001,1814.875,5811.438000000001,23.797541485643197,LEVE,2
3,2,7,0,4,1,-15.246490395905036,-71.1512566787835,0,4,0,1,2,1,0,2,2022,1,0,0,17,3,2,568.5409999999999,1.0,2,3,0.0,9,3,93.0,0.4222081089999886,68.53644198939976,64.0389062540908,6.228410225649751,607.1280595160617,1204.2119914346897,17779.13499998999,2097.3709999899997,2863.123,12818.640999999989,2878.713,14900.421999989989,16.19152450331032,GRAVE_MORTALIDAD,1
0,1,13,0,4,0,-6.8820991,-79.9012933,0,4,7,1,2,2,2,0,2022,1,1,0,3,0,0,6543.555,2.0,4,4,1.0,14,33,1198.0,0.4741120956135246,82.20413595948395,63.9148290245543,7.357156496189524,585.9356712133833,32071.66595289079,3459.691,515.0619999999999,689.7280000000001,2254.901,703.3549999999999,2756.336,20.329994788551925,LEVE,2
3,1,1,2,4,1,-9.47325,-78.30741,0,0,1,1,2,2,2,0,2022,1,1,0,4,0,2,6543.555,3.0,2,0,1.0,0,30,1475.0,0.5873460606982213,78.04758132038613,65.8701248560095,8.596987164492063,1041.0659985770535,35482.29764453961,10767.648,1885.0630000000003,1222.721,7659.864000000001,2100.343,8667.305000000002,19.506051832303577,LEVE,2
3,2,22,0,4,1,-18.164303256503395,-70.3355345977059,0,4,7,1,2,2,2,2,2022,1,1,0,11,1,0,6639.975,2.0,2,0,1.0,9,31,1616.0,0.6966125262955101,76.67066141771582,75.49195828278967,11.654573086271489,1371.819928142763,74177.24411134903,2650.572,630.6729999999998,487.3610000000001,1532.5379999999998,1068.7019999999998,1581.87,40.31967439480987,LEVE,2
1,0,20,0,4,2,-16.084886777850674,-69.61735716907411,0,4,7,1,1,2,2,0,2022,1,1,0,19,2,2,6543.555,2.0,4,4,1.0,14,33,1198.0,0.4020198374784472,77.80062735845667,75.295761294875,7.279851651626652,372.63390314535104,50686.62526766595,13642.312999999998,2020.7790000000005,2354.117,9267.416999999998,3314.0520000000006,10328.260999999997,24.29244952817019,LEVE,2
4,1,14,2,1,4,-12.0306282,-76.9945093,0,2,1,1,2,2,2,2,2022,1,2,0,2,0,0,6543.555,2.0,4,4,1.0,14,33,1198.0,0.6970617810314195,81.40501156526744,73.5715154770137,9.635174408411393,1428.892506292977,203379.9271948608,7626.313,1683.4029999999998,1599.0829999999996,4343.827000000001,1814.875,5811.438000000001,23.797541485643197,LEVE,2
10,1,23,2,2,4,-3.581578226796995,-80.41127983121075,0,4,0,1,2,2,2,2,2022,1,2,0,12,3,0,6543.555,2.0,4,4,1.0,14,33,1198.0,0.6025111043634478,77.63758231637303,72.22144062196868,9.79150322507506,998.9716590818762,109744.95931477516,1009.101,138.47399999999996,287.471,583.156,276.972,732.129,27.447401201663663,LEVE,2
6,1,8,0,4,1,-12.496579,-74.720855,0,4,0,0,2,1,0,0,2022,1,2,0,13,3,2,7586.903,2.0,2,0,1.0,9,5,1198.0,0.2371271103914559,67.35907202388974,48.34285985638861,3.957778336278219,206.76708776763252,3746.0,8511.426,1445.3929999999996,2008.516,5057.516999999999,1879.579,6631.846999999998,22.08300935706896,LEVE,2
6,1,13,0,4,0,-6.882256,-79.902413,7,4,7,1,2,2,2,0,2022,1,2,0,17,3,0,6543.555,2.0,4,4,1.0,14,33,1198.0,0.4741120956135246,82.20413595948395,63.9148290245543,7.357156496189524,585.9356712133833,32071.66595289079,3459.691,515.0619999999999,689.7280000000001,2254.901,703.3549999999999,2756.336,20.329994788551925,LEVE,2
0,1,13,0,4,1,-6.929354736645017,-79.73863542845908,0,4,7,1,2,2,2,0,2022,1,2,0,20,2,0,6543.555,3.0,2,0,1.0,0,30,1475.0,0.5328313946151968,80.14557682903842,69.10246351364754,7.779461377421685,787.1306410578989,10221.605995717344,3459.691,515.0619999999999,689.7280000000001,2254.901,703.3549999999999,2756.336,20.329994788551925,LEVE,2
3,2,10,2,4,1,-13.4441628,-76.1355111,0,0,7,1,2,2,2,6,2022,1,3,0,0,0,0,6639.975,2.0,2,0,1.0,9,31,1616.0,0.5587971735938619,78.87090394897412,58.2444201812792,8.651099683361522,938.67731243416,8209.766595289078,3721.461,698.1859999999996,744.866,2278.409,1102.9029999999996,2618.558,29.636290693359403,LEVE,2