CLASE SINIESTRO,CANTIDAD DE VEHICULOS DAÑADOS,DEPARTAMENTO,ZONA,TIPO DE VÍA,RED VIAL,COORDENADAS LATITUD,COORDENADAS  LONGITUD,CONDICIÓN CLIMÁTICA,ZONIFICACIÓN,CARACTERÍSTICAS DE VÍA,PERFIL LONGITUDINAL VÍA,SUPERFICIE DE CALZADA,¿EXISTE SEÑAL VERTICAL?,¿EXISTE SEÑAL HORIZONTAL?,CAUSA FACTOR PRINCIPAL,AÑO,MES,DIA_SEMANA,ES_FIN_SEMANA,HORA_NUM,FRANJA_HORARIA,REGION_NATURAL,MTC_RVN_LONGITUD_KM,MTC_RVN_N_CARRILES_MEDIANA,MTC_RVN_SUPERFICIE_DOMINANTE,MTC_RVN_ESTADO_DOMINANTE,MTC_RVN_ES_CONCESIONADA,MTC_RVN_CONCESION_PRINCIPAL,MTC_RVN_CORREDOR_LOGISTICO,MTC_RVN_N_TRAMOS,IDH_2019,IDH_ESP_VIDA_2019,IDH_EDUC_SECUND_PCT_2019,IDH_ANIOS_EDUC_2019,IDH_INGRESO_PERCAP_2019,IDH_POBLACION_2019,MTC_DEP_RED_TOTAL_KM,MTC_DEP_NACIONAL_TOTAL_KM,MTC_DEP_DEPARTAMENTAL_TOTAL_KM,MTC_DEP_VECINAL_TOTAL_KM,MTC_DEP_PAV_TOTAL_KM,MTC_DEP_NO_PAV_TOTAL_KM,MTC_DEP_PCT_PAVIMENTADA,CATEGORIA_SEVERIDAD,CATEGORIA_SEVERIDAD_ENC
1,1,7,2,4,1,-13.465644673047192,-72.14040684030022,0,0,0,1,2,2,2,2,2022,1,3,0,4,0,2,7586.903,2.0,2,0,1.0,9,5,1198.0,0.4461630003962475,73.21502670801013,72.39928330950325,7.637017072327872,534.399353077353,18328.770877944324,17779.13499998999,2097.3709999899997,2863.123,12818.640999999989,2878.713,14900.421999989989,16.19152450331032,LEVE,2
3,2,19,0,4,1,-5.883344,-79.537538,0,4,7,0,2,2,2,0,2022,1,3,0,7,1,0,305.38500000000005,2.0,2,0,1.0,1,20,50.0,0.2117580020098525,65.37756662211437,42.30794939557186,3.975264599118591,171.62326554814578,38712.25053533191,8965.846000060003,1782.4120000599992,636.9959999999999,6546.438000000004,2214.505000059999,6751.341000000004,24.699342371541725,GRAVE_MORTALIDAD,1
3,2,20,0,4,1,-16.09348415310147,-69.62616561009612,0,4,1,1,2,1,1,2,2022,1,3,0,8,1,2,7586.903,2.0,2,0,1.0,9,5,1198.0,0.4020198374784472,77.80062735845667,75.295761294875,7.279851651626652,372.63390314535104,50686.62526766595,13642.312999999998,2020.7790000000005,2354.117,9267.416999999998,3314.0520000000006,10328.260999999997,24.29244952817019,LEVE,2
1,0,13,2,3,4,-6.7667865,-79.8368476,0,0,7,1,2,2,2,0,2022,1,3,0,12,3,0,6543.555,2.0,4,4,1.0,14,33,1198.0,0.6336758582443321,79.57413791335281,79.43179781120509,10.959065315580176,998.3945232858084,284974.83725910063,3459.691,515.0619999999999,689.7280000000001,2254.901,703.3549999999999,2756.336,20.329994788551925,LEVE,2
3,0,14,2,2,4,-12.043799984265837,-77.02457270473965,0,2,4,1,2,2,2,0,2022,1,3,0,14,3,0,6543.555,2.0,4,4,1.0,14,33,1198.0,0.7646845961658533,80.23682119426338,77.96082737891015,12.014176158371615,1633.787715186093,250806.0877944326,7626.313,1683.4029999999998,1599.0829999999996,4343.827000000001,1814.875,5811.438000000001,23.797541485643197,LEVE,2
6,1,5,0,4,0,-7.331981,-78.52511,0,4,0,0,1,2,2,0,2022,1,3,0,20,2,2,6543.555,2.0,4,4,1.0,14,33,1198.0,0.2343016288209358,76.32168599298416,40.411214195003424,3.4944453196448704,203.80007111504915,11290.957173447538,15935.565011852366,1733.9250000199986,935.692,13265.948011832368,2000.1670000199988,13935.398011832369,12.551591352627522,LEVE,2
6,1,20,0,4,1,-13.4037645,-70.3089502,0,4,7,1,2,2,2,2,2022,1,4,0,3,0,2,1761.8050000000003,2.0,2,0,1.0,6,22,410.0,0.4605485155443012,64.71302946644445,74.87135140317575,7.39511734949235,704.7967759284797,5357.764453961457,13642.312999999998,2020.7790000000005,2354.117,9267.416999999998,3314.0520000000006,10328.260999999997,24.29244952817019,GRAVE_MORTALIDAD,1
3,2,12,0,4,3,-8.548747555311945,-78.65473332347972,0,4,7,1,7,2,2,2,2022,1,4,0,12,3,0,6543.555,2.0,4,4,1.0,14,33,1198.0,0.4971504606547645,77.79759708660042,46.44666297237219,6.322206801902116,929.9716106661404,44368.59100642397,8931.828000000005,1335.5899999999997,1935.9830000000004,5660.255000000005,1219.309,7712.519000000005,13.651281686122925,LEVE,2
0,0,14,0,3,4,-11.881754889914252,-76.94773246404225,0,4,7,1,1,2,2,0,2022,1,4,0,15,3,0,6543.555,2.0,4,4,1.0,14,33,1198.0,0.701053025277506,79.62867561460851,73.1469484600971,10.064317505194426,1464.6926161541437,1150285.0494171206,7626.313,1683.4029999999998,1599.0829999999996,4343.827000000001,1814.875,5811.438000000001,23.797541485643197,LEVE,2
10,1,21,0,4,1,-6.46204258484236,-76.3075259136862,0,4,0,0,2,0,1,2,2022,1,4,0,18,2,1,631.88,2.0,2,0,1.0,1,20,65.0,0.5922286793787175,72.59477240316922,67.39355678691273,8.909919415857164,1146.168364233512,47338.141327623125,5645.136,815.0759999999999,965.298,3864.762,1013.406,4631.73,17.95184385283189,LEVE,2
0,0,14,2,4,1,-11.913491414372915,-77.07381770920416,0,0,7,1,2,2,2,2,2022,1,4,0,20,2,0,6543.555,3.0,2,0,1.0,0,30,1475.0,0.6632628912836565,79.15155564666024,73.19223743118206,9.629669813837666,1289.452647666346,383699.2119914347,7626.313,1683.4029999999998,1599.0829999999996,4343.827000000001,1814.875,5811.438000000001,23.797541485643197,LEVE,2
10,1,19,0,4,1,-5.169457,-80.18693,0,0,7,1,2,2,2,0,2022,1,5,1,0,0,0,1305.18,2.0,2,0,1.0,1,20,163.0,0.4653748048968089,74.19666709322776,61.11371397478021,6.596218102126203,701.9088264424688,75914.02997858672,8965.846000060003,1782.4120000599992,636.9959999999999,6546.438000000004,2214.505000059999,6751.341000000004,24.699342371541725,LEVE,2
3,2,11,0,4,1,-11.247685849517891,-74.63719189770524,0,4,1,1,2,2,2,0,2022,1,5,1,4,0,2,1040.6349999999998,1.0,1,2,0.0,9,32,141.0,0.5055535147670205,71.64834806655777,59.71661057761873,8.330220329942271,816.7465751821994,42934.03211991434,12264.545,1826.4639999999995,1105.5389999999998,9332.542,1588.5359999999996,10676.009,12.952261987705208,LEVE,2
0,1,23,0,4,3,-3.61342,-80.19236,0,4,0,0,7,2,2,2,2022,1,5,1,6,1,0,6543.555,2.0,4,4,1.0,14,33,1198.0,0.506393213976091,71.09604779417722,66.88716723772843,7.8873292871222835,813.0857960318671,5253.152034261242,1009.101,138.47399999999996,287.471,583.156,276.972,732.129,27.447401201663663,LEVE,2
3,2,3,0,4,1,-16.242134387643762,-73.57263022618606,0,4,7,0,2,2,2,0,2022,1,5,1,8,1,0,6639.975,2.0,2,0,1.0,9,31,1616.0,0.5820043139033948,81.06660338389479,47.81298205025915,9.418003970819344,1061.817349114174,4870.783725910065,10322.272,1495.236,1749.739,7077.2970000000005,2886.595,7435.677000000001,27.964725207783708,LEVE,2
1,1,11,2,2,4,-12.069688,-75.199547,0,0,7,1,2,2,2,2,2022,1,5,1,10,1,2,6543.555,2.0,4,4,1.0,14,33,1198.0,0.6083413875375813,71.66982597817598,76.35118091119013,11.05243180238688,1046.538532645036,119236.36616702356,12264.545,1826.4639999999995,1105.5389999999998,9332.542,1588.5359999999996,10676.009,12.952261987705208,LEVE,2
6,1,20,0,4,1,-14.0951379,-70.3834199,0,4,0,1,2,2,2,2,2022,1,5,1,18,2,2,1761.8050000000003,2.0,2,0,1.0,6,22,410.0,0.4051932975167936,65.49749636446467,57.19930904384225,6.434003254546677,597.3379213355063,13134.7408993576,13642.312999999998,2020.7790000000005,2354.117,9267.416999999998,3314.0520000000006,10328.260999999997,24.29244952817019,LEVE,2
0,1,7,0,4,1,-14.386878306773752,-71.13783989801603,0,4,7,1,2,2,2,2,2022,1,5,1,19,2,2,7586.903,2.0,2,0,1.0,9,5,1198.0,0.3688068892893833,76.47283450634272,62.25751908213611,5.9696521090432615,372.1207781777657,9957.021413276232,17779.13499998999,2097.3709999899997,2863.123,12818.640999999989,2878.713,14900.421999989989,16.19152450331032,LEVE,2
3,2,13,0,4,1,-6.576851,-79.988526,2,4,7,1,2,2,2,0,2022,1,5,1,20,2,0,6543.555,3.0,2,0,1.0,0,30,1475.0,0.3879800350664534,75.68222437543551,50.64551119758177,4.891651630735472,548.2382997194167,48902.40256959316,3459.691,515.0619999999999,689.7280000000001,2254.901,703.3549999999999,2756.336,20.329994788551925,LEVE,2
6,1,11,0,4,1,-10.942997349301974,-75.2178364467561,6,5,6,2,6,2,2,0,2022,1,5,1,20,2,2,5768.608,2.0,3,1,0.0,9,32,365.0,0.4295860411633357,74.52920034355449,56.24873272101314,6.697659727647938,572.4658040665552,73767.52890792291,12264.545,1826.4639999999995,1105.5389999999998,9332.542,1588.5359999999996,10676.009,12.952261987705208,LEVE,2
3,2,21,2,4,1,-5.933622,-77.311038,0,0,7,1,4,2,2,0,2022,1,5,1,23,2,1,7758.33400008,2.0,2,0,1.0,9,20,2133.0,0.4789759027469384,73.43778249935497,54.01635312204597,6.285279694551369,847.2910954428505,47552.6295503212,5645.136,815.0759999999999,965.298,3864.762,1013.406,4631.73,17.95184385283189,LEVE,2
1,1,20,2,2,4,-16.083694610698117,-69.64495680940077,0,4,7,1,2,2,2,2,2022,1,6,1,1,0,2,6543.555,2.0,4,4,1.0,14,33,1198.0,0.4020198374784472,77.80062735845667,75.295761294875,7.279851651626652,372.63390314535104,50686.62526766595,13642.312999999998,2020.7790000000005,2354.117,9267.416999999998,3314.0520000000006,10328.260999999997,24.29244952817019,LEVE,2
6,1,7,0,4,0,-13.34777843057828,-71.57216178207099,2,4,0,1,2,2,2,6,2022,1,6,1,5,0,2,6543.555,2.0,4,4,1.0,14,33,1198.0,0.2466226927938573,59.50771953912937,42.678907967899015,3.991373779253808,285.51302601039464,12676.173447537472,17779.13499998999,2097.3709999899997,2863.123,12818.640999999989,2878.713,14900.421999989989,16.19152450331032,LEVE,2
6,1,20,0,4,1,-16.369813,-69.2249847,0,4,7,1,2,0,1,2,2022,1,6,1,9,1,2,7586.903,2.0,2,0,1.0,9,5,1198.0,0.3165090894545869,72.969641049674,69.1278394147308,6.0160374778788,250.7872170233644,13778.516059957172,13642.312999999998,2020.7790000000005,2354.117,9267.416999999998,3314.0520000000006,10328.260999999997,24.29244952817019,GRAVE_MORTALIDAD,1
3,2,3,2,4,1,-16.5133522,-71.8084117,0,3,7,1,2,0,1,0,2022,1,6,1,12,3,0,6639.975,2.0,2,0,1.0,9,31,1616.0,0.6105481451420971,78.10653088113892,68.35418098658066,8.411557426919764,1158.5430895193692,35025.678800856535,10322.272,1495.236,1749.739,7077.2970000000005,2886.595,7435.677000000001,27.964725207783708,GRAVE_MORTALIDAD,1
6,1,3,2,3,4,-16.395862,-71.506317,5,3,1,1,2,2,2,0,2022,1,6,1,15,3,0,6543.555,2.0,4,4,1.0,14,33,1198.0,0.6695059447902582,78.31157187229299,82.77181279277993,11.14882835263472,1162.805854980513,56182.85653104924,10322.272,1495.236,1749.739,7077.2970000000005,2886.595,7435.677000000001,27.964725207783708,GRAVE_LESIONADOS,0
0,1,23,0,4,1,-3.534944221495855,-80.37715784699547,0,4,7,1,2,2,2,2,2022,1,6,1,19,2,0,6543.555,3.0,2,0,1.0,0,30,1475.0,0.6025111043634478,77.63758231637303,72.22144062196868,9.79150322507506,998.9716590818762,109744.95931477516,1009.101,138.47399999999996,287.471,583.156,276.972,732.129,27.447401201663663,LEVE,2
3,2,22,2,4,2,-18.055143,-70.243578,0,0,1,1,2,1,0,2,2022,1,0,0,0,0,0,6543.555,2.0,4,4,1.0,14,33,1198.0,0.5563774842369664,77.00938809632027,69.10246351364754,8.476961866273152,914.8835608305218,27932.19700214133,2650.572,630.6729999999998,487.3610000000001,1532.5379999999998,1068.7019999999998,1581.87,40.31967439480987,LEVE,2
10,1,2,0,4,0,-13.96353053662499,-73.18190586256235,6,5,6,2,6,2,2,0,2022,1,0,0,1,0,2,6543.555,2.0,4,4,1.0,14,33,1198.0,0.2665746325878793,68.55061946136793,49.78357802940215,4.479962639971037,244.87806137580827,2673.3576017130617,8358.971,1282.451,1298.0969999999998,5778.423,1432.683,6926.288,17.139466089785454,LEVE,2
0,0,14,2,2,4,-12.06192,-76.996147,0,3,1,1,2,2,2,0,2022,1,0,0,7,1,0,6543.555,2.0,4,4,1.0,14,33,1198.0,0.6868549636939637,79.62363164345142,76.30894566128948,9.209137883551294,1425.4498631666322,684921.8484148846,7626.313,1683.4029999999998,1599.0829999999996,4343.827000000001,1814.875,5811.438000000001,23.797541485643197,LEVE,2
0,1,20,2,6,4,-15.200819037493488,-69.75991393907492,0,0,1,1,2,2,2,2,2022,1,0,0,14,3,2,6543.555,2.0,4,4,1.0,14,33,1198.0,0.4032210196156518,69.57344393979501,70.66462432904875,7.051546041958483,460.5210312161111,14743.678800856533,13642.312999999998,2020.7790000000005,2354.117,9267.416999999998,3314.0520000000006,10328.260999999997,24.29244952817019,LEVE,2
6,1,20,0,4,1,-15.6907928,-70.5942683,0,4,7,1,2,2,2,2,2022,1,1,0,3,0,2,1504.4250000000002,2.0,2,0,1.0,7,25,241.0,0.4698599762559323,78.4228993312338,68.12786536644234,6.991927650318564,610.3916333612686,6938.8501070663815,13642.312999999998,2020.7790000000005,2354.117,9267.416999999998,3314.0520000000006,10328.260999999997,24.29244952817019,LEVE,2
3,2,9,2,4,1,-10.1430053,-76.1955216,0,4,7,1,2,2,2,2,2022,1,1,0,7,1,2,9936.932,2.0,2,0,1.0,9,32,3830.0,0.4409568562886455,71.99386853840333,62.37771036855066,6.367924120649262,637.4004565004427,18841.897216274087,8209.057,1333.4779999999996,791.9770000000001,6083.602,1059.8589999999997,7149.198,12.910849565303296,GRAVE_LESIONADOS,0
3,2,3,0,4,1,-15.660819535299668,-74.56546523908517,0,4,7,1,2,2,2,0,2022,1,1,0,14,3,0,6639.975,2.0,2,0,1.0,9,31,1616.0,0.5506866101079593,82.86625626542308,52.583975733291474,8.639278579077253,883.1421643314422,1740.2462526766594,10322.272,1495.236,1749.739,7077.2970000000005,2886.595,7435.677000000001,27.964725207783708,LEVE,2
6,1,14,0,4,0,-12.130890783402148,-76.8109076328621,0,4,7,0,2,2,2,0,2022,1,1,0,17,3,0,6543.555,2.0,4,4,1.0,14,33,1198.0,0.6371716495641229,77.28809635528053,69.64326619808601,9.01503899605881,1265.0419992552625,48261.34689507495,7626.313,1683.4029999999998,1599.0829999999996,4343.827000000001,1814.875,5811.438000000001,23.797541485643197,LEVE,2
4,1,3,2,4,1,-16.415782,-71.551365,0,3,7,1,2,2,2,0,2022,1,1,0,23,2,0,1101.78,1.0,5,2,0.0,9,32,202.0,0.7621671359922388,78.82549845032362,81.65077117756084,13.192212326676357,1538.109987002949,42333.23340471092,10322.272,1495.236,1749.739,7077.2970000000005,2886.595,7435.677000000001,27.964725207783708,LEVE,2
6,1,11,0,4,1,-11.610237,-75.976422,0,4,7,1,2,2,2,2,2022,1,2,0,1,0,2,875.67,2.0,2,0,1.0,3,14,156.0,0.6211711217784234,75.51508523355102,70.90101252241288,10.049671623026311,1128.403546167389,8996.89721627409,12264.545,1826.4639999999995,1105.5389999999998,9332.542,1588.5359999999996,10676.009,12.952261987705208,LEVE,2
6,1,16,2,6,4,-12.594108159085534,-69.19233473997863,0,1,1,1,4,2,2,0,2022,1,2,0,3,0,1,6543.555,2.0,4,4,1.0,14,33,1198.0,0.6331639735785386,72.20641129524063,67.6175404202189,10.029362591344883,1305.419538589062,88506.68094218415,2090.391,399.431,340.021,1350.9389999999996,493.824,1596.5669999999996,23.62352306338862,LEVE,2
5,3,3,2,4,1,-16.363203,-71.578079,0,0,7,1,2,0,1,0,2022,1,2,0,10,1,0,1504.4250000000002,2.0,2,0,1.0,7,25,241.0,0.6411767862503931,77.2408324916572,78.204125011303,10.595705083047717,1107.223861768016,193412.3169164882,10322.272,1495.236,1749.739,7077.2970000000005,2886.595,7435.677000000001,27.964725207783708,LEVE,2
2,0,14,2,2,4,-11.940693,-77.067244,0,0,1,1,2,2,2,0,2022,1,2,0,16,3,0,6543.555,2.0,4,4,1.0,14,33,1198.0,0.7218926988400113,80.0902077245261,77.9581888264889,10.971588327733102,1458.3206086290393,530000.3426124197,7626.313,1683.4029999999998,1599.0829999999996,4343.827000000001,1814.875,5811.438000000001,23.797541485643197,LEVE,2
6,1,3,0,4,2,-16.628789585117158,-72.69478116431125,0,4,7,1,2,2,2,0,2022,1,2,0,21,2,0,6543.555,2.0,4,4,1.0,14,33,1198.0,0.6438160463426852,84.71218617950387,69.3595667037428,8.966372569949256,1152.2024707992498,16526.967880085653,10322.272,1495.236,1749.739,7077.2970000000005,2886.595,7435.677000000001,27.964725207783708,LEVE,2
1,0,7,0,4,1,-13.563570706947669,-71.84049246873444,5,4,0,1,2,2,2,1,2022,1,2,0,21,2,2,7586.903,2.0,2,0,1.0,9,5,1198.0,0.5196848738299176,77.87933372563211,69.4675909511807,8.375864983409588,727.1162363854935,6457.1220556745175,17779.13499998999,2097.3709999899997,2863.123,12818.640999999989,2878.713,14900.421999989989,16.19152450331032,LEVE,2
6,1,3,0,4,1,-15.671403,-71.052133,2,4,0,1,2,0,1,0,2022,1,3,0,4,0,0,568.5409999999999,1.0,2,3,0.0,9,3,93.0,0.4498224071382834,81.63336343193146,58.84842497065013,5.774685730039019,620.6584683449911,1358.612419700214,10322.272,1495.236,1749.739,7077.2970000000005,2886.595,7435.677000000001,27.964725207783708,GRAVE_MORTALIDAD,1
6,1,11,0,4,1,-11.35362532943492,-75.66239113005282,6,5,6,2,6,2,2,0,2022,1,3,0,11,1,2,600.0300000000001,2.0,2,0,0.0,9,8,178.0,0.419982242220359,73.154191032549,65.52995513134624,7.228364581644509,489.58656786541536,11237.997858672376,12264.545,1826.4639999999995,1105.5389999999998,9332.542,1588.5359999999996,10676.009,12.952261987705208,LEVE,2
6,1,23,0,4,1,-3.4839760878288,-80.25838308128853,0,4,7,1,2,2,2,2,2022,1,3,0,18,2,0,34.68,2.0,2,0,0.0,9,32,10.0,0.4809550242578706,73.07176248806164,62.28512716598154,7.343272081128487,729.1613405110833,22758.41541755889,1009.101,138.47399999999996,287.471,583.156,276.972,732.129,27.447401201663663,LEVE,2
3,2,3,0,4,1,-16.23112327858188,-73.59952494853842,0,4,0,1,2,2,2,0,2022,1,3,0,21,2,0,6639.975,2.0,2,0,1.0,9,31,1616.0,0.5820043139033948,81.06660338389479,47.81298205025915,9.418003970819344,1061.817349114174,4870.783725910065,10322.272,1495.236,1749.739,7077.2970000000005,2886.595,7435.677000000001,27.964725207783708,LEVE,2
0,1,6,2,2,4,-11.82886121774238,-77.15930383658092,0,3,7,0,2,2,2,4,2022,1,4,0,4,0,0,6543.555,2.0,4,4,1.0,14,33,1198.0,0.5563774842369664,77.00938809632027,69.10246351364754,8.476961866273152,914.8835608305218,27932.19700214133,51.58600000000001,44.68700000000001,6.899000000000001,0.0,49.838000000000015,1.748,96.61148373589734,LEVE,2
3,2,3,2,2,4,-16.39663,-71.52217,0,0,1,1,2,0,1,0,2022,1,4,0,6,1,0,6543.555,2.0,4,4,1.0,14,33,1198.0,0.6893081609955986,78.72461703282094,81.31677090898836,11.55271371546442,1241.4976449826772,53016.63811563169,10322.272,1495.236,1749.739,7077.2970000000005,2886.595,7435.677000000001,27.964725207783708,LEVE,2
5,2,12,0,4,1,-8.741275,-78.634681,0,4,7,1,2,2,2,0,2022,1,4,0,10,1,0,6543.555,3.0,2,0,1.0,0,30,1475.0,0.4867987483268106,77.5825534369154,52.95148122709723,6.150547060309878,840.5788229266196,9838.736616702356,8931.828000000005,1335.5899999999997,1935.9830000000004,5660.255000000005,1219.309,7712.519000000005,13.651281686122925,LEVE,2
6,1,20,0,4,0,-14.52117600799157,-69.69357207870516,0,4,0,1,2,2,2,5,2022,1,4,0,11,1,2,6543.555,2.0,4,4,1.0,14,33,1198.0,0.6184115616858871,61.62211917452258,75.07837960512437,8.232900973487418,1672.724317350423,26325.70877944325,13642.312999999998,2020.7790000000005,2354.117,9267.416999999998,3314.0520000000006,10328.260999999997,24.29244952817019,GRAVE_MORTALIDAD,1
3,2,13,2,4,1,-6.708673857241669,-79.90361268205403,0,3,7,1,2,2,2,0,2022,1,4,0,13,3,0,6543.555,3.0,2,0,1.0,0,30,1475.0,0.5539280527450423,74.69452916859504,66.89728158703436,9.542777400516576,872.5509264417765,79617.09421841543,3459.691,515.0619999999999,689.7280000000001,2254.901,703.3549999999999,2756.336,20.329994788551925,LEVE,2
0,0,20,2,6,4,-14.876014713954254,-70.58731897875592,0,1,7,1,7,2,2,4,2022,1,4,0,14,3,2,6543.555,2.0,4,4,1.0,14,33,1198.0,0.5324613279457675,72.39987766754832,76.2817294955702,8.981479623970959,793.3716794826516,21194.194860813703,13642.312999999998,2020.7790000000005,2354.117,9267.416999999998,3314.0520000000006,10328.260999999997,24.29244952817019,LEVE,2
6,1,1,0,4,1,-9.946351022990324,-77.38170942837297,6,5,6,2,6,2,2,0,2022,1,4,0,17,3,2,9936.932,2.0,2,0,1.0,9,32,3830.0,0.4654799331603382,71.10800342011737,71.6956954286478,8.000201643545543,613.215156662713,3873.366167023554,10767.648,1885.0630000000003,1222.721,7659.864000000001,2100.343,8667.305000000002,19.506051832303577,GRAVE_LESIONADOS,0
3,0,14,2,4,1,-12.289421067505211,-76.86866818905403,0,2,7,1,2,2,2,0,2022,1,4,0,20,2,0,6639.975,2.0,2,0,1.0,9,31,1616.0,0.6909236767275176,78.41626133969348,70.97436336767564,9.826485374940413,1476.8351947609171,95908.53319057816,7626.313,1683.4029999999998,1599.0829999999996,4343.827000000001,1814.875,5811.438000000001,23.797541485643197,LEVE,2
6,1,1,0,4,2,-8.84563091021682,-77.44435663315294,6,5,6,2,6,2,2,0,2022,1,4,0,20,2,2,6543.555,2.0,4,4,1.0,14,33,1198.0,0.4250153304535135,75.93355032868925,52.81176631650828,6.544146828871554,565.7350572614482,15623.824411134903,10767.648,1885.0630000000003,1222.721,7659.864000000001,2100.343,8667.305000000002,19.506051832303577,LEVE,2
3,2,20,0,4,1,-15.378331779272118,-70.0571616431556,0,4,7,1,2,2,2,2,2022,1,4,0,22,2,2,1762.84,2.0,1,0,0.0,9,32,485.0,0.2399049659709538,73.66748174046536,65.59496565670392,5.108032967220759,142.3423295419015,4818.295503211992,13642.312999999998,2020.7790000000005,2354.117,9267.416999999998,3314.0520000000006,10328.260999999997,24.29244952817019,LEVE,2
6,1,23,0,4,1,-3.5356606816561085,-80.37896221963575,0,4,7,1,2,1,0,2,2022,1,4,0,23,2,0,6543.555,3.0,2,0,1.0,0,30,1475.0,0.6025111043634478,77.63758231637303,72.22144062196868,9.79150322507506,998.9716590818762,109744.95931477516,1009.101,138.47399999999996,287.471,583.156,276.972,732.129,27.447401201663663,LEVE,2
6,1,5,0,4,1,-7.33690021,-78.79378894,0,4,0,0,2,2,2,0,2022,1,5,1,2,0,2,748.6850000000001,2.0,2,0,0.0,9,32,215.0,0.3525993018381438,70.15046326003123,29.12153056039457,5.907581124913621,529.7596874353078,7217.852248394005,15935.565011852366,1733.9250000199986,935.692,13265.948011832368,2000.1670000199988,13935.398011832369,12.551591352627522,GRAVE_MORTALIDAD,1
0,1,6,2,4,1,-12.046638238382068,-77.13209852397658,0,3,7,1,2,1,0,4,2022,1,5,1,6,1,0,139.23,-1.0,2,0,0.0,9,32,69.0,0.5563774842369664,77.00938809632027,69.10246351364754,8.476961866273152,914.8835608305218,27932.19700214133,51.58600000000001,44.68700000000001,6.899000000000001,0.0,49.838000000000015,1.748,96.61148373589734,LEVE,2
1,1,19,2,6,4,-5.187519,-80.638189,0,0,7,1,2,2,2,0,2022,1,5,1,6,1,0,6543.555,2.0,4,4,1.0,14,33,1198.0,0.6582040223794163,78.74105515718446,77.3206684883171,11.334167841567446,1124.177237253568,178905.3426124197,8965.846000060003,1782.4120000599992,636.9959999999999,6546.438000000004,2214.505000059999,6751.341000000004,24.699342371541725,LEVE,2
3,1,3,2,2,4,-16.551395,-71.469449,7,3,7,1,2,0,1,0,2022,1,5,1,8,1,0,6543.555,2.0,4,4,1.0,14,33,1198.0,0.627155841414226,79.75364683068608,72.2968456220324,10.203674231355697,1053.6651113361816,1260.1113490364023,10322.272,1495.236,1749.739,7077.2970000000005,2886.595,7435.677000000001,27.964725207783708,LEVE,2
6,1,10,0,4,1,-13.529696,-76.183139,0,4,7,1,2,2,2,2,2022,1,5,1,10,1,0,205.54999999999995,-1.0,2,0,1.0,13,31,15.0,0.575108675542622,80.48751485041296,69.97733945104977,8.91411717811534,891.3032819289404,12460.550321199144,3721.461,698.1859999999996,744.866,2278.409,1102.9029999999996,2618.558,29.636290693359403,LEVE,2
6,1,4,0,4,1,-13.3517798898971,-74.7836958674792,0,4,0,1,2,2,2,5,2022,1,5,1,12,3,2,1679.5849999999998,2.0,2,3,1.0,9,24,315.0,0.2587772817968213,78.2313731727826,42.59351526103478,4.069708361522777,219.52972987349307,3876.4004282655246,12678.733000000004,1805.074000000001,1774.0339999999994,9099.625000000004,2485.375000000001,10193.358000000002,19.602707936195205,GRAVE_LESIONADOS,0
3,2,19,0,4,2,-5.137449186418048,-80.04357586072663,0,4,7,1,2,2,2,0,2022,1,5,1,13,3,0,6543.555,2.0,4,4,1.0,14,33,1198.0,0.4969002366620188,75.54645400071168,70.47588104937333,7.004965995332454,741.3176484677177,13757.368308351177,8965.846000060003,1782.4120000599992,636.9959999999999,6546.438000000004,2214.505000059999,6751.341000000004,24.699342371541725,LEVE,2
0,1,3,0,4,2,-16.379316617306536,-73.12531824933414,0,4,7,1,7,2,2,0,2022,1,5,1,15,3,0,6543.555,2.0,4,4,1.0,14,33,1198.0,0.6193008310774621,82.69408159482029,66.92621392177676,8.70769637174445,1102.1398098925033,4520.503211991434,10322.272,1495.236,1749.739,7077.2970000000005,2886.595,7435.677000000001,27.964725207783708,LEVE,2
6,1,11,0,4,1,-11.605365,-75.971077,0,4,0,1,2,2,2,2,2022,1,5,1,15,3,2,875.67,2.0,2,0,1.0,3,14,156.0,0.6211711217784234,75.51508523355102,70.90101252241288,10.049671623026311,1128.403546167389,8996.89721627409,12264.545,1826.4639999999995,1105.5389999999998,9332.542,1588.5359999999996,10676.009,12.952261987705208,GRAVE_LESIONADOS,0
3,2,3,0,4,1,-16.48807984203104,-73.02118859585194,0,4,0,0,2,2,2,0,2022,1,5,1,19,2,0,6639.975,2.0,2,0,1.0,9,31,1616.0,0.6193008310774621,82.69408159482029,66.92621392177676,8.70769637174445,1102.1398098925033,4520.503211991434,10322.272,1495.236,1749.739,7077.2970000000005,2886.595,7435.677000000001,27.964725207783708,GRAVE_MORTALIDAD,1
3,2,3,0,4,1,-16.058517,-71.355349,0,4,7,0,2,0,1,0,2022,1,5,1,20,2,0,1504.4250000000002,2.0,2,0,1.0,7,25,241.0,0.4685280505645348,81.83746865987648,70.74305753660312,6.037751599761188,617.4715908037651,1751.8736616702354,10322.272,1495.236,1749.739,7077.2970000000005,2886.595,7435.677000000001,27.964725207783708,GRAVE_MORTALIDAD,1