CLASE SINIESTRO,CANTIDAD DE VEHICULOS DAÑADOS,DEPARTAMENTO,ZONA,TIPO DE VÍA,RED VIAL,COORDENADAS LATITUD,COORDENADAS  LONGITUD,CONDICIÓN CLIMÁTICA,ZONIFICACIÓN,CARACTERÍSTICAS DE VÍA,PERFIL LONGITUDINAL VÍA,SUPERFICIE DE CALZADA,¿EXISTE SEÑAL VERTICAL?,¿EXISTE SEÑAL HORIZONTAL?,CAUSA FACTOR PRINCIPAL,AÑO,MES,DIA_SEMANA,ES_FIN_SEMANA,HORA_NUM,FRANJA_HORARIA,REGION_NATURAL,MTC_RVN_LONGITUD_KM,MTC_RVN_N_CARRILES_MEDIANA,MTC_RVN_SUPERFICIE_DOMINANTE,MTC_RVN_ESTADO_DOMINANTE,MTC_RVN_ES_CONCESIONADA,MTC_RVN_CONCESION_PRINCIPAL,MTC_RVN_CORREDOR_LOGISTICO,MTC_RVN_N_TRAMOS,IDH_2019,IDH_ESP_VIDA_2019,IDH_EDUC_SECUND_PCT_2019,IDH_ANIOS_EDUC_2019,IDH_INGRESO_PERCAP_2019,IDH_POBLACION_2019,MTC_DEP_RED_TOTAL_KM,MTC_DEP_NACIONAL_TOTAL_KM,MTC_DEP_DEPARTAMENTAL_TOTAL_KM,MTC_DEP_VECINAL_TOTAL_KM,MTC_DEP_PAV_TOTAL_KM,MTC_DEP_NO_PAV_TOTAL_KM,MTC_DEP_PCT_PAVIMENTADA,CATEGORIA_SEVERIDAD,CATEGORIA_SEVERIDAD_ENC
6,1,5,0,4,2,-6.14191256,-79.01309076,0,3,0,0,1,2,2,0,2022,2,1,0,14,3,2,6543.555,2.0,4,4,1.0,14,33,1198.0,0.2742253135147108,74.59588535012482,53.76867024071715,4.3437245050742455,233.14797525309496,14725.552462526768,15935.565011852366,1733.9250000199986,935.692,13265.948011832368,2000.1670000199988,13935.398011832369,12.551591352627522,LEVE,2
0,1,11,0,4,1,-11.351937043927538,-75.59772310644954,6,5,6,2,6,2,2,0,2022,2,1,0,20,2,2,600.0300000000001,2.0,2,0,0.0,9,8,178.0,0.3785310516079165,75.33519212039768,49.9039428717292,5.362207673258474,485.4204518607064,4754.987152034261,12264.545,1826.4639999999995,1105.5389999999998,9332.542,1588.5359999999996,10676.009,12.952261987705208,LEVE,2
3,2,13,0,4,1,-5.978231948237736,-79.74728283782693,0,4,7,1,2,2,2,0,2022,2,1,0,20,2,0,1305.18,2.0,2,0,1.0,1,20,163.0,0.4703091457296942,74.91176543888524,59.04522375211969,6.365443427676777,742.49897987499,44335.321199143465,3459.691,515.0619999999999,689.7280000000001,2254.901,703.3549999999999,2756.336,20.329994788551925,GRAVE_MORTALIDAD,1
0,0,20,0,4,1,-15.5187966,-70.1770208,0,4,7,1,2,2,2,4,2022,2,2,0,3,0,2,1504.4250000000002,2.0,2,0,1.0,7,25,241.0,0.5759734352119,73.55929462493827,78.89306383943827,10.174966342239475,888.1716010638444,232834.39603082248,13642.312999999998,2020.7790000000005,2354.117,9267.416999999998,3314.0520000000006,10328.260999999997,24.29244952817019,LEVE,2
0,0,14,2,4,1,-12.020893494197905,-77.05935531665118,0,3,1,1,2,2,2,0,2022,2,2,0,10,1,0,6543.555,3.0,2,0,1.0,0,30,1475.0,0.7419979630670723,80.31822295927182,79.00446395716813,11.084203715652809,1554.6868971011318,739416.2413542903,7626.313,1683.4029999999998,1599.0829999999996,4343.827000000001,1814.875,5811.438000000001,23.797541485643197,LEVE,2
3,2,5,0,4,1,-6.726036,-78.57479,0,4,0,0,2,2,2,0,2022,2,2,0,11,1,2,9936.932,2.0,2,0,1.0,9,32,3830.0,0.4526491117658796,79.17132243679694,59.43910685558323,5.161528057531929,710.0305343071761,15625.811563169163,15935.565011852366,1733.9250000199986,935.692,13265.948011832368,2000.1670000199988,13935.398011832369,12.551591352627522,LEVE,2
3,2,21,0,4,0,-6.447490393261228,-76.48514266910513,7,4,0,0,2,1,0,2,2022,2,2,0,16,3,1,6543.555,2.0,4,4,1.0,14,33,1198.0,0.405931456753573,71.5072587659864,49.4918030482602,5.297227452910631,644.2859290964512,2771.20556745182,5645.136,815.0759999999999,965.298,3864.762,1013.406,4631.73,17.95184385283189,LEVE,2
3,2,14,0,4,2,-11.54525144010356,-77.18249017714855,0,4,0,0,2,1,0,2,2022,2,2,0,17,3,0,6543.555,2.0,4,4,1.0,14,33,1198.0,0.606011890732538,79.10580202061365,64.14379964647316,7.172095916125169,1269.9879605915198,20981.39186295503,7626.313,1683.4029999999998,1599.0829999999996,4343.827000000001,1814.875,5811.438000000001,23.797541485643197,LEVE,2
0,1,11,0,4,1,-11.862694,-75.413345,0,4,7,1,2,2,2,4,2022,2,2,0,19,2,2,196.88,2.0,2,0,1.0,3,32,35.0,0.5133198537844352,70.28651371450412,78.22676770393541,8.69535658098749,751.7234024977862,1410.132762312634,12264.545,1826.4639999999995,1105.5389999999998,9332.542,1588.5359999999996,10676.009,12.952261987705208,LEVE,2
6,1,1,0,4,3,-9.755958931696258,-77.66675202273255,5,4,0,0,7,2,2,2,2022,2,2,0,20,2,2,6543.555,2.0,4,4,1.0,14,33,1198.0,0.3125574314621865,63.5470702432495,31.31701514538489,6.787240733037507,388.2564592494722,510.7665952890793,10767.648,1885.0630000000003,1222.721,7659.864000000001,2100.343,8667.305000000002,19.506051832303577,GRAVE_MORTALIDAD,1
1,0,14,2,4,1,-12.012293875275123,-76.87820424799322,0,2,1,1,2,2,2,0,2022,2,2,0,20,2,0,875.67,2.0,2,0,1.0,3,14,156.0,0.6868549636939637,79.62363164345142,76.30894566128948,9.209137883551294,1425.4498631666322,684921.8484148846,7626.313,1683.4029999999998,1599.0829999999996,4343.827000000001,1814.875,5811.438000000001,23.797541485643197,LEVE,2
0,0,14,2,2,4,-12.0240652,-76.9779903,0,2,7,1,2,2,2,0,2022,2,3,0,6,1,0,6543.555,2.0,4,4,1.0,14,33,1198.0,0.701053025277506,79.62867561460851,73.1469484600971,10.064317505194426,1464.6926161541437,1150285.0494171206,7626.313,1683.4029999999998,1599.0829999999996,4343.827000000001,1814.875,5811.438000000001,23.797541485643197,LEVE,2
3,2,13,0,4,0,-6.7722995,-79.9143657,0,4,0,1,2,2,2,0,2022,2,3,0,9,1,0,6543.555,2.0,4,4,1.0,14,33,1198.0,0.4076362703905044,75.77254875260448,63.57397693154903,7.358061397464254,430.5491715105506,17972.576017130625,3459.691,515.0619999999999,689.7280000000001,2254.901,703.3549999999999,2756.336,20.329994788551925,LEVE,2
0,0,14,2,2,4,-12.195677361150429,-76.9590793694863,0,0,7,1,2,2,2,0,2022,2,3,0,13,3,0,6543.555,2.0,4,4,1.0,14,33,1198.0,0.6990481232857558,80.14597904142546,74.3851677794309,10.004397644056358,1432.5044292531525,459161.0728051392,7626.313,1683.4029999999998,1599.0829999999996,4343.827000000001,1814.875,5811.438000000001,23.797541485643197,LEVE,2
6,1,7,0,4,1,-14.549508457539153,-72.04748801690361,0,4,7,1,2,2,2,2,2022,2,3,0,14,3,2,1780.161,1.0,1,3,0.0,9,32,490.0,0.339323744940919,67.8567694463257,60.573677132379146,5.206321478431428,388.7128879370376,24527.03426124197,17779.13499998999,2097.3709999899997,2863.123,12818.640999999989,2878.713,14900.421999989989,16.19152450331032,LEVE,2
3,2,21,0,4,1,-6.024967,-77.218665,0,4,7,1,2,2,2,2,2022,2,3,0,15,3,1,7758.33400008,2.0,2,0,1.0,9,20,2133.0,0.5963332411867256,73.80959983510441,63.34953560123128,8.251886446437874,1232.7304200473363,24031.167023554604,5645.136,815.0759999999999,965.298,3864.762,1013.406,4631.73,17.95184385283189,LEVE,2
6,1,13,2,2,4,-6.787288,-79.872331,0,3,1,1,2,2,2,0,2022,2,3,0,19,2,0,6543.555,2.0,4,4,1.0,14,33,1198.0,0.582874900209372,79.91553229957624,74.28629633563499,9.98490789682274,850.0456977651463,50544.90364025696,3459.691,515.0619999999999,689.7280000000001,2254.901,703.3549999999999,2756.336,20.329994788551925,LEVE,2
3,2,3,2,4,1,-17.063167,-71.949771,0,4,7,1,2,0,1,0,2022,2,3,0,19,2,0,1926.94,2.0,2,0,1.0,9,32,393.0,0.6456305778571253,75.67334095395331,77.09261911098552,10.479683603540597,1179.2653123056473,21630.747323340474,10322.272,1495.236,1749.739,7077.2970000000005,2886.595,7435.677000000001,27.964725207783708,GRAVE_MORTALIDAD,1
6,1,20,0,4,1,-14.8007541,-70.7124488,0,4,7,1,2,2,2,2,2022,2,4,0,5,0,2,7586.903,2.0,2,0,1.0,9,5,1198.0,0.3958613818248929,74.31840317756587,68.84753868427678,7.285995017257341,395.7122028531776,3949.297644539615,13642.312999999998,2020.7790000000005,2354.117,9267.416999999998,3314.0520000000006,10328.260999999997,24.29244952817019,LEVE,2
5,2,20,0,4,1,-16.0969018,-69.6183043,0,4,2,1,2,1,1,2,2022,2,4,0,8,1,2,7586.903,2.0,2,0,1.0,9,5,1198.0,0.4020198374784472,77.80062735845667,75.295761294875,7.279851651626652,372.63390314535104,50686.62526766595,13642.312999999998,2020.7790000000005,2354.117,9267.416999999998,3314.0520000000006,10328.260999999997,24.29244952817019,LEVE,2
3,2,3,2,4,2,-15.633662,-71.603697,0,3,7,0,5,2,2,0,2022,2,4,0,13,3,0,6543.555,2.0,4,4,1.0,14,33,1198.0,0.5649362269939818,77.38255516262952,62.90799914166011,8.553205457677265,965.713524953966,7715.586723768736,10322.272,1495.236,1749.739,7077.2970000000005,2886.595,7435.677000000001,27.964725207783708,LEVE,2
1,1,12,2,4,1,-8.136703,-79.027147,0,4,7,1,2,2,2,2,2022,2,4,0,14,3,0,6543.555,3.0,2,0,1.0,0,30,1475.0,0.7151155191839451,79.57652607829836,77.25576500264712,11.809756866444314,1377.9438475528384,331253.00214132766,8931.828000000005,1335.5899999999997,1935.9830000000004,5660.255000000005,1219.309,7712.519000000005,13.651281686122925,LEVE,2
1,0,12,2,2,4,-8.09725721179942,-79.06948865796765,0,0,7,1,2,2,2,0,2022,2,4,0,14,3,0,6543.555,2.0,4,4,1.0,14,33,1198.0,0.583006771156836,78.2441938961209,62.24037484511178,8.807312392374042,1028.2282118265089,76607.295503212,8931.828000000005,1335.5899999999997,1935.9830000000004,5660.255000000005,1219.309,7712.519000000005,13.651281686122925,LEVE,2
0,1,7,0,4,1,-14.153503,-71.456701,0,4,7,1,2,0,1,2,2022,2,4,0,14,3,2,566.7160000000001,2.0,5,2,0.0,9,3,137.0,0.2991005536829932,62.21917574632246,64.88351505215614,6.097392066469024,274.9537670789565,1773.610278372591,17779.13499998999,2097.3709999899997,2863.123,12818.640999999989,2878.713,14900.421999989989,16.19152450331032,LEVE,2
3,2,19,0,4,1,-5.144435,-80.450707,0,4,7,1,2,2,2,0,2022,2,4,0,14,3,0,1305.18,2.0,2,0,1.0,1,20,163.0,0.6220812987247925,80.20155828147696,72.71675503872983,10.02377668600292,1028.915688621886,159840.92719486082,8965.846000060003,1782.4120000599992,636.9959999999999,6546.438000000004,2214.505000059999,6751.341000000004,24.699342371541725,GRAVE_MORTALIDAD,1
6,1,12,0,4,3,-7.732968533712147,-77.95604109147587,0,4,0,0,1,2,2,0,2022,2,5,1,4,0,0,6543.555,2.0,4,4,1.0,14,33,1198.0,0.1405167107902591,78.51359748127314,37.10104254570508,2.208230316135842,109.24828744554304,13896.82226980728,8931.828000000005,1335.5899999999997,1935.9830000000004,5660.255000000005,1219.309,7712.519000000005,13.651281686122925,GRAVE_MORTALIDAD,1
3,0,14,2,2,4,-12.187631641683383,-76.99171043981733,0,2,1,1,2,2,2,0,2022,2,5,1,7,1,0,6543.555,2.0,4,4,1.0,14,33,1198.0,0.7583553928164398,79.82595632107274,76.7651270103073,11.46351379457763,1662.7771470294065,333655.3618843683,7626.313,1683.4029999999998,1599.0829999999996,4343.827000000001,1814.875,5811.438000000001,23.797541485643197,LEVE,2
0,1,11,2,4,3,-10.924257218349757,-74.87992644426056,6,5,6,2,6,2,2,0,2022,2,5,1,16,3,2,6543.555,2.0,4,4,1.0,14,33,1198.0,0.4295860411633357,74.52920034355449,56.24873272101314,6.697659727647938,572.4658040665552,73767.52890792291,12264.545,1826.4639999999995,1105.5389999999998,9332.542,1588.5359999999996,10676.009,12.952261987705208,LEVE,2
5,1,6,2,2,4,-12.061247755256444,-77.13397775567661,0,0,7,1,2,2,2,2,2022,2,5,1,17,3,0,6543.555,2.0,4,4,1.0,14,33,1198.0,0.5563774842369664,77.00938809632027,69.10246351364754,8.476961866273152,914.8835608305218,27932.19700214133,51.58600000000001,44.68700000000001,6.899000000000001,0.0,49.838000000000015,1.748,96.61148373589734,LEVE,2
0,1,5,2,4,1,-7.21637833,-78.91612,0,4,0,1,2,0,1,0,2022,2,5,1,17,3,2,887.28,2.0,2,0,1.0,8,17,155.0,0.4095613714220312,69.95619674953491,51.15883533026865,6.044934648261815,612.9415521199578,3213.601713062099,15935.565011852366,1733.9250000199986,935.692,13265.948011832368,2000.1670000199988,13935.398011832369,12.551591352627522,LEVE,2
3,2,23,0,4,0,-3.564513386193448,-80.22319578855198,0,4,7,1,2,2,2,2,2022,2,5,1,20,2,0,6543.555,2.0,4,4,1.0,14,33,1198.0,0.506393213976091,71.09604779417722,66.88716723772843,7.8873292871222835,813.0857960318671,5253.152034261242,1009.101,138.47399999999996,287.471,583.156,276.972,732.129,27.447401201663663,LEVE,2
3,0,14,2,4,1,-11.990121634387853,-77.06409531702582,0,2,1,1,2,2,2,0,2022,2,6,1,5,0,0,6543.555,3.0,2,0,1.0,0,30,1475.0,0.6853375063928137,80.04346891299102,76.32428568750537,8.817291636093138,1443.328322024431,217176.83083511775,7626.313,1683.4029999999998,1599.0829999999996,4343.827000000001,1814.875,5811.438000000001,23.797541485643197,LEVE,2
1,1,1,0,4,1,-9.01541772344234,-77.8196142837176,6,5,6,2,6,2,2,0,2022,2,6,1,6,1,2,9936.932,2.0,2,0,1.0,9,32,3830.0,0.49842722626264,79.23197418574183,52.82270457174107,7.15398279838356,791.6819971737787,25526.81584582441,10767.648,1885.0630000000003,1222.721,7659.864000000001,2100.343,8667.305000000002,19.506051832303577,LEVE,2
3,2,3,0,4,1,-15.946451,-71.1926249,0,4,7,0,2,0,1,0,2022,2,6,1,7,1,0,1504.4250000000002,2.0,2,0,1.0,7,25,241.0,0.4498224071382834,81.63336343193146,58.84842497065013,5.774685730039019,620.6584683449911,1358.612419700214,10322.272,1495.236,1749.739,7077.2970000000005,2886.595,7435.677000000001,27.964725207783708,GRAVE_MORTALIDAD,1
6,1,5,0,4,2,-7.338618,-78.596964,0,4,0,1,1,2,2,0,2022,2,6,1,10,1,2,6543.555,2.0,4,4,1.0,14,33,1198.0,0.2343016288209358,76.32168599298416,40.411214195003424,3.4944453196448704,203.80007111504915,11290.957173447538,15935.565011852366,1733.9250000199986,935.692,13265.948011832368,2000.1670000199988,13935.398011832369,12.551591352627522,LEVE,2
6,1,10,0,4,1,-13.929557214532462,-75.96813851672198,0,4,7,1,2,2,2,2,2022,2,6,1,10,1,0,6639.975,2.0,2,0,1.0,9,31,1616.0,0.6053164595604621,78.88848309050202,67.63954639531094,9.133324993872453,1064.9426147896202,27932.19700214133,3721.461,698.1859999999996,744.866,2278.409,1102.9029999999996,2618.558,29.636290693359403,LEVE,2
3,2,1,0,4,1,-10.123321332874571,-77.29294883730833,5,4,0,0,2,1,1,2,2022,2,6,1,12,3,2,616.825,2.0,2,3,0.0,9,6,145.0,0.4654799331603382,71.10800342011737,71.6956954286478,8.000201643545543,613.215156662713,3873.366167023554,10767.648,1885.0630000000003,1222.721,7659.864000000001,2100.343,8667.305000000002,19.506051832303577,GRAVE_MORTALIDAD,1
6,0,14,2,2,4,-12.150639692803448,-76.98046831877359,0,0,7,1,2,2,2,0,2022,2,6,1,18,2,0,6543.555,2.0,4,4,1.0,14,33,1198.0,0.7289998534947872,80.50926319493618,76.9124822838204,10.358587270463827,1551.106643515347,384728.5117773019,7626.313,1683.4029999999998,1599.0829999999996,4343.827000000001,1814.875,5811.438000000001,23.797541485643197,LEVE,2
0,1,19,0,4,1,-5.26845348170665,-80.6723013796813,0,0,7,1,2,0,0,0,2022,2,6,1,20,2,0,453.9549999999999,2.0,2,3,0.0,9,32,133.0,0.5034350778485951,78.14388603810477,62.51585839041032,7.698619805954479,731.8176685454189,76220.84796573877,8965.846000060003,1782.4120000599992,636.9959999999999,6546.438000000004,2214.505000059999,6751.341000000004,24.699342371541725,LEVE,2
3,3,20,0,4,1,-16.049958,-70.0086957,0,4,7,1,2,0,1,2,2022,2,6,1,21,2,2,779.525,2.0,2,0,1.0,7,26,163.0,0.3279226888241855,68.17036545870775,72.54908010508095,6.085205709416528,293.1898870593515,5184.3083511777295,13642.312999999998,2020.7790000000005,2354.117,9267.416999999998,3314.0520000000006,10328.260999999997,24.29244952817019,LEVE,2
6,1,7,0,4,2,-12.692788933918262,-72.2741145711286,0,4,0,1,1,2,2,2,2022,2,6,1,23,2,2,6543.555,2.0,4,4,1.0,14,33,1198.0,0.3458285951625388,71.92356146222339,58.36138650150466,5.536599799186402,367.66184108199946,11927.233404710922,17779.13499998999,2097.3709999899997,2863.123,12818.640999999989,2878.713,14900.421999989989,16.19152450331032,GRAVE_MORTALIDAD,1
3,2,1,0,4,1,-9.288136626822714,-77.63937597094557,7,4,0,1,2,1,1,2,2022,2,0,0,1,0,2,9936.932,2.0,2,0,1.0,9,32,3830.0,0.4417978785654807,76.31392662811923,65.39926158086051,5.973553738239588,601.902730052373,15832.591006423983,10767.648,1885.0630000000003,1222.721,7659.864000000001,2100.343,8667.305000000002,19.506051832303577,LEVE,2
3,2,3,0,4,1,-16.253110546838176,-73.53632185950711,0,4,7,1,2,2,2,0,2022,2,0,0,5,0,0,6639.975,2.0,2,0,1.0,9,31,1616.0,0.5820043139033948,81.06660338389479,47.81298205025915,9.418003970819344,1061.817349114174,4870.783725910065,10322.272,1495.236,1749.739,7077.2970000000005,2886.595,7435.677000000001,27.964725207783708,GRAVE_LESIONADOS,0
3,2,13,0,4,1,-6.455592,-80.132743,0,4,7,1,2,2,2,0,2022,2,0,0,5,0,0,6543.555,3.0,2,0,1.0,0,30,1475.0,0.3879800350664534,75.68222437543551,50.64551119758177,4.891651630735472,548.2382997194167,48902.40256959316,3459.691,515.0619999999999,689.7280000000001,2254.901,703.3549999999999,2756.336,20.329994788551925,GRAVE_MORTALIDAD,1
6,1,22,0,4,0,-17.24016,-70.258493,0,4,0,1,1,2,2,2,2022,2,0,0,10,1,0,6543.555,2.0,4,4,1.0,14,33,1198.0,0.36326306829553,69.91494384803546,62.39017147779847,6.63829372713685,377.3584259458044,2510.912205567452,2650.572,630.6729999999998,487.3610000000001,1532.5379999999998,1068.7019999999998,1581.87,40.31967439480987,LEVE,2
6,1,1,0,4,1,-10.03529470018497,-78.16431663177666,2,4,7,1,2,2,2,0,2022,2,0,0,11,1,2,6543.555,3.0,2,0,1.0,0,30,1475.0,0.594329796273136,79.51274210494626,67.23963656911357,9.093808711905876,1004.1856289962402,25729.80728051392,10767.648,1885.0630000000003,1222.721,7659.864000000001,2100.343,8667.305000000002,19.506051832303577,GRAVE_LESIONADOS,0
0,1,12,0,4,1,-7.991032414607562,-78.38900774084026,2,4,0,0,2,2,2,0,2022,2,0,0,15,3,0,610.6099999999999,2.0,2,0,1.0,8,29,100.0,0.4320883936567258,76.718936301794,43.003289188979466,6.269065613037991,662.0777072841523,13167.552462526766,8931.828000000005,1335.5899999999997,1935.9830000000004,5660.255000000005,1219.309,7712.519000000005,13.651281686122925,LEVE,2
6,1,21,0,4,3,-6.121716,-76.912665,2,4,0,0,1,2,2,5,2022,2,0,0,16,3,1,6543.555,2.0,4,4,1.0,14,33,1198.0,0.3492524985551798,73.87945975179423,47.35782955662357,4.584830643679292,457.969668231556,16120.93790149893,5645.136,815.0759999999999,965.298,3864.762,1013.406,4631.73,17.95184385283189,LEVE,2
3,1,21,0,4,1,-6.36143,-76.66204,6,5,6,2,6,2,2,0,2022,2,0,0,17,3,1,7758.33400008,2.0,2,0,1.0,9,20,2133.0,0.3395784981351988,71.02010551104725,44.75188012112102,5.086470241787386,426.0342434715467,13392.387580299788,5645.136,815.0759999999999,965.298,3864.762,1013.406,4631.73,17.95184385283189,LEVE,2
7,0,14,2,2,4,-12.00385139527598,-76.92815784749214,0,3,1,1,2,2,2,0,2022,2,0,0,21,2,0,6543.555,2.0,4,4,1.0,14,33,1198.0,0.6831952456039544,78.60873873772867,74.49000793376607,10.00420210847705,1376.0472418044385,255143.7301927195,7626.313,1683.4029999999998,1599.0829999999996,4343.827000000001,1814.875,5811.438000000001,23.797541485643197,LEVE,2
6,1,19,2,2,4,-5.164371,-80.64665,6,5,6,2,6,2,2,0,2022,2,1,0,1,0,0,6543.555,2.0,4,4,1.0,14,33,1198.0,0.6582040223794163,78.74105515718446,77.3206684883171,11.334167841567446,1124.177237253568,178905.3426124197,8965.846000060003,1782.4120000599992,636.9959999999999,6546.438000000004,2214.505000059999,6751.341000000004,24.699342371541725,LEVE,2
0,1,11,0,4,1,-11.234711969836171,-74.5939974291448,6,5,6,2,6,2,2,0,2022,2,1,0,6,1,2,5768.608,2.0,3,1,0.0,9,32,365.0,0.5055535147670205,71.64834806655777,59.71661057761873,8.330220329942271,816.7465751821994,42934.03211991434,12264.545,1826.4639999999995,1105.5389999999998,9332.542,1588.5359999999996,10676.009,12.952261987705208,LEVE,2
3,3,13,0,4,1,-6.902120701832457,-79.78225346271503,0,4,7,1,2,2,2,0,2022,2,1,0,7,1,0,6543.555,3.0,2,0,1.0,0,30,1475.0,0.5641992796027862,80.882527751483,65.9094339982314,9.073972195368588,853.0395030552988,16475.406852248394,3459.691,515.0619999999999,689.7280000000001,2254.901,703.3549999999999,2756.336,20.329994788551925,LEVE,2
3,2,3,0,4,1,-16.390132,-72.200493,0,4,7,1,2,2,2,0,2022,2,1,0,8,1,0,6639.975,2.0,2,0,1.0,9,31,1616.0,0.6077843615696785,76.53072135400231,69.81276959706165,8.77367759087771,1135.5159013374655,74658.55888650964,10322.272,1495.236,1749.739,7077.2970000000005,2886.595,7435.677000000001,27.964725207783708,LEVE,2
1,1,3,2,2,4,-16.400653,-71.516359,0,0,7,0,2,0,1,0,2022,2,1,0,9,1,0,6543.555,2.0,4,4,1.0,14,33,1198.0,0.6893081609955986,78.72461703282094,81.31677090898836,11.55271371546442,1241.4976449826772,53016.63811563169,10322.272,1495.236,1749.739,7077.2970000000005,2886.595,7435.677000000001,27.964725207783708,LEVE,2
6,1,8,0,4,0,-13.032857,-74.952973,0,4,0,0,3,2,2,0,2022,2,1,0,14,3,2,6543.555,2.0,4,4,1.0,14,33,1198.0,0.488230635263319,69.43676718997209,51.35450690635422,6.587870960289425,965.860217779833,2302.593147751606,8511.426,1445.3929999999996,2008.516,5057.516999999999,1879.579,6631.846999999998,22.08300935706896,GRAVE_MORTALIDAD,1
0,0,20,0,4,1,-13.506092,-70.422063,7,4,7,1,2,2,2,6,2022,2,1,0,17,3,2,1761.8050000000003,2.0,2,0,1.0,6,22,410.0,0.4605485155443012,64.71302946644445,74.87135140317575,7.39511734949235,704.7967759284797,5357.764453961457,13642.312999999998,2020.7790000000005,2354.117,9267.416999999998,3314.0520000000006,10328.260999999997,24.29244952817019,LEVE,2
2,0,14,2,2,4,-11.963629,-77.077475,0,0,1,1,2,2,2,0,2022,2,1,0,17,3,0,6543.555,2.0,4,4,1.0,14,33,1198.0,0.758462599563312,80.5192231989937,79.20045639149897,11.33839041452458,1628.5661148492152,363987.54389721627,7626.313,1683.4029999999998,1599.0829999999996,4343.827000000001,1814.875,5811.438000000001,23.797541485643197,LEVE,2
3,2,7,0,4,1,-13.67468779683094,-71.66918807448901,0,4,0,1,2,1,0,2,2022,2,1,0,23,2,2,7586.903,2.0,2,0,1.0,9,5,1198.0,0.4479676236050441,63.30882145145972,67.24479045772004,7.580797561744292,698.3309065509212,5653.304068522484,17779.13499998999,2097.3709999899997,2863.123,12818.640999999989,2878.713,14900.421999989989,16.19152450331032,GRAVE_MORTALIDAD,1
0,0,14,2,2,4,-12.1056822,-77.0011375,0,0,7,1,2,2,2,0,2022,2,1,0,23,2,0,6543.555,2.0,4,4,1.0,14,33,1198.0,0.8236163632543221,80.64134543571234,78.76297514209003,13.635913030045838,1867.8532062234744,106584.52890792293,7626.313,1683.4029999999998,1599.0829999999996,4343.827000000001,1814.875,5811.438000000001,23.797541485643197,LEVE,2
6,1,15,2,2,4,-3.756961,-73.251322,2,0,9,1,2,2,2,2,2022,2,2,0,3,0,1,6543.555,2.0,4,4,1.0,14,33,1198.0,0.6598204400488458,74.39325093062702,69.69813044898703,12.74033149882924,1208.8057293272177,145540.50535331905,1095.5949999999998,128.87099999999998,320.74700000000007,645.9769999999999,274.214,821.381,25.02877431897737,LEVE,2
1,1,14,2,4,1,-11.509562,-77.205765,0,4,7,1,2,2,2,0,2022,2,2,0,4,0,0,782.3000000000001,-1.0,0,0,1.0,9,15,161.0,0.6447048661877788,79.92873744030881,69.7224229508107,9.344738893386534,1220.4608925685638,104439.11563169166,7626.313,1683.4029999999998,1599.0829999999996,4343.827000000001,1814.875,5811.438000000001,23.797541485643197,LEVE,2
6,1,12,0,4,1,-8.384521,-77.284063,2,4,0,0,7,2,2,0,2022,2,2,0,14,3,0,1688.589,1.0,1,3,0.0,9,32,287.0,0.3197513128881681,72.75839607187493,46.46893985694722,5.089349616666145,343.5767651925731,13901.271948608137,8931.828000000005,1335.5899999999997,1935.9830000000004,5660.255000000005,1219.309,7712.519000000005,13.651281686122925,GRAVE_MORTALIDAD,1
3,2,12,0,4,2,-7.728846904117775,-79.32433734883507,0,4,7,1,2,2,2,0,2022,2,2,0,18,2,0,6543.555,2.0,4,4,1.0,14,33,1198.0,0.5345074857798321,76.79673752589963,64.57887254166187,7.835494818831411,867.2803588353443,27037.03854389721,8931.828000000005,1335.5899999999997,1935.9830000000004,5660.255000000005,1219.309,7712.519000000005,13.651281686122925,LEVE,2
0,0,14,2,2,4,-12.101285,-76.874275,0,2,7,1,2,2,2,0,2022,2,2,0,20,2,0,6543.555,2.0,4,4,1.0,14,33,1198.0,0.6463106547105882,77.51872248135703,70.89234783689217,9.27899743443454,1279.2302833246192,140977.61456102785,7626.313,1683.4029999999998,1599.0829999999996,4343.827000000001,1814.875,5811.438000000001,23.797541485643197,LEVE,2
1,0,13,0,4,1,-6.3304186,-79.7639598,5,4,7,1,2,2,2,0,2022,2,2,0,21,2,0,1305.18,2.0,2,0,1.0,1,20,163.0,0.5059173540051534,75.20849370321716,65.55087882905781,7.516301845742602,777.5523013576318,18529.839400428264,3459.691,515.0619999999999,689.7280000000001,2254.901,703.3549999999999,2756.336,20.329994788551925,LEVE,2
0,0,3,2,4,2,-16.355786,-71.566352,0,0,7,1,7,2,2,0,2022,2,3,0,5,0,0,6543.555,2.0,4,4,1.0,14,33,1198.0,0.6411767862503931,77.2408324916572,78.204125011303,10.595705083047717,1107.223861768016,193412.3169164882,10322.272,1495.236,1749.739,7077.2970000000005,2886.595,7435.677000000001,27.964725207783708,LEVE,2
0,0,14,2,3,4,-11.86253,-77.03923,0,3,1,1,2,2,2,0,2022,2,3,0,6,1,0,6543.555,2.0,4,4,1.0,14,33,1198.0,0.6498693508177541,78.84967382596041,74.11456675539837,9.21786785255454,1246.479589064551,356854.23554603854,7626.313,1683.4029999999998,1599.0829999999996,4343.827000000001,1814.875,5811.438000000001,23.797541485643197,LEVE,2