CLASE SINIESTRO,CANTIDAD DE VEHICULOS DAÑADOS,DEPARTAMENTO,ZONA,TIPO DE VÍA,RED VIAL,COORDENADAS LATITUD,COORDENADAS  LONGITUD,CONDICIÓN CLIMÁTICA,ZONIFICACIÓN,CARACTERÍSTICAS DE VÍA,PERFIL LONGITUDINAL VÍA,SUPERFICIE DE CALZADA,¿EXISTE SEÑAL VERTICAL?,¿EXISTE SEÑAL HORIZONTAL?,CAUSA FACTOR PRINCIPAL,AÑO,MES,DIA_SEMANA,ES_FIN_SEMANA,HORA_NUM,FRANJA_HORARIA,REGION_NATURAL,MTC_RVN_LONGITUD_KM,MTC_RVN_N_CARRILES_MEDIANA,MTC_RVN_SUPERFICIE_DOMINANTE,MTC_RVN_ESTADO_DOMINANTE,MTC_RVN_ES_CONCESIONADA,MTC_RVN_CONCESION_PRINCIPAL,MTC_RVN_CORREDOR_LOGISTICO,MTC_RVN_N_TRAMOS,IDH_2019,IDH_ESP_VIDA_2019,IDH_EDUC_SECUND_PCT_2019,IDH_ANIOS_EDUC_2019,IDH_INGRESO_PERCAP_2019,IDH_POBLACION_2019,MTC_DEP_RED_TOTAL_KM,MTC_DEP_NACIONAL_TOTAL_KM,MTC_DEP_DEPARTAMENTAL_TOTAL_KM,MTC_DEP_VECINAL_TOTAL_KM,MTC_DEP_PAV_TOTAL_KM,MTC_DEP_NO_PAV_TOTAL_KM,MTC_DEP_PCT_PAVIMENTADA,CATEGORIA_SEVERIDAD,CATEGORIA_SEVERIDAD_ENC
1,0,22,0,4,1,-18.0624,-70.287386,0,4,7,1,2,2,2,4,2022,2,6,1,4,0,0,6639.975,2.0,2,0,1.0,9,31,1616.0,0.6966125262955101,76.67066141771582,75.49195828278967,11.654573086271489,1371.819928142763,74177.24411134903,2650.572,630.6729999999998,487.3610000000001,1532.5379999999998,1068.7019999999998,1581.87,40.31967439480987,LEVE,2
0,1,15,2,4,0,-3.8011477,-73.308816,0,0,7,0,2,2,2,2,2022,2,6,1,7,1,1,6543.555,2.0,4,4,1.0,14,33,1198.0,0.578134350962316,72.90307998335238,55.49705098903474,10.509480811415798,1057.596132242517,149460.57173447538,1095.5949999999998,128.87099999999998,320.74700000000007,645.9769999999999,274.214,821.381,25.02877431897737,LEVE,2
3,2,20,0,4,1,-16.05827,-69.69661,0,4,7,1,2,0,1,2,2022,2,6,1,8,1,2,7586.903,2.0,2,0,1.0,9,5,1198.0,0.3247057995130503,73.24682709519536,76.81044161661171,6.507336567861034,242.9773157546694,24872.03426124197,13642.312999999998,2020.7790000000005,2354.117,9267.416999999998,3314.0520000000006,10328.260999999997,24.29244952817019,LEVE,2
0,1,19,0,4,2,-5.31917,-79.7878,0,4,7,1,2,2,2,0,2022,2,6,1,12,3,0,6543.555,2.0,4,4,1.0,14,33,1198.0,0.3308600936388035,74.76246818097447,57.66035801467513,4.819031624676888,342.44759475337025,5712.877944325482,8965.846000060003,1782.4120000599992,636.9959999999999,6546.438000000004,2214.505000059999,6751.341000000004,24.699342371541725,LEVE,2
3,2,13,2,3,4,-6.8905404,-79.5625118,0,3,7,1,2,2,2,0,2022,2,6,1,16,3,0,6543.555,2.0,4,4,1.0,14,33,1198.0,0.5396489907562034,81.7229587411162,74.36334598401676,7.973429713499195,755.6839701415522,15028.072805139189,3459.691,515.0619999999999,689.7280000000001,2254.901,703.3549999999999,2756.336,20.329994788551925,LEVE,2
6,1,7,2,2,4,-13.531242969091702,-71.94799194024732,2,3,7,0,2,2,2,2,2022,2,6,1,16,3,2,6543.555,2.0,4,4,1.0,14,33,1198.0,0.7389014524656411,77.12870395561643,80.53659510982042,13.123552539892293,1463.2590919973347,61899.75802997858,17779.13499998999,2097.3709999899997,2863.123,12818.640999999989,2878.713,14900.421999989989,16.19152450331032,LEVE,2
3,2,13,0,4,1,-6.727169572652818,-79.8901308417955,0,4,7,1,2,2,2,0,2022,2,6,1,19,2,0,6543.555,3.0,2,0,1.0,0,30,1475.0,0.5539280527450423,74.69452916859504,66.89728158703436,9.542777400516576,872.5509264417765,79617.09421841543,3459.691,515.0619999999999,689.7280000000001,2254.901,703.3549999999999,2756.336,20.329994788551925,LEVE,2
1,1,7,0,4,1,-13.3318242,-72.0596769,0,4,7,1,2,2,2,2,2022,2,6,1,20,2,2,3447.8009999999995,1.0,2,3,0.0,9,12,1109.0,0.4746839628280104,74.76269963274814,80.53064804651179,8.225738795127288,561.5989157917511,5389.192719486081,17779.13499998999,2097.3709999899997,2863.123,12818.640999999989,2878.713,14900.421999989989,16.19152450331032,LEVE,2
3,2,21,2,4,1,-5.944189,-77.305847,2,0,7,1,2,2,2,1,2022,2,6,1,20,2,1,7758.33400008,2.0,2,0,1.0,9,20,2133.0,0.4789759027469384,73.43778249935497,54.01635312204597,6.285279694551369,847.2910954428505,47552.6295503212,5645.136,815.0759999999999,965.298,3864.762,1013.406,4631.73,17.95184385283189,LEVE,2
0,1,3,2,4,1,-16.382368,-71.577284,0,0,7,0,2,2,2,0,2022,2,6,1,21,2,0,1504.4250000000002,2.0,2,0,1.0,7,25,241.0,0.6411767862503931,77.2408324916572,78.204125011303,10.595705083047717,1107.223861768016,193412.3169164882,10322.272,1495.236,1749.739,7077.2970000000005,2886.595,7435.677000000001,27.964725207783708,LEVE,2
1,0,13,0,4,0,-6.665822,-79.786422,0,4,7,1,2,2,2,0,2022,2,6,1,23,2,0,6543.555,2.0,4,4,1.0,14,33,1198.0,0.5110846256157147,68.87191436583258,65.67157893754222,9.535932277812948,787.4179581342529,35704.93147751606,3459.691,515.0619999999999,689.7280000000001,2254.901,703.3549999999999,2756.336,20.329994788551925,LEVE,2
6,1,5,2,4,1,-7.17930167,-78.48539833,0,4,1,1,2,2,2,0,2022,2,0,0,3,0,2,9936.932,2.0,2,0,1.0,9,32,3830.0,0.6070175276741574,73.19224654097276,74.29530430690215,9.490386956642766,1117.141592366869,257380.9443254818,15935.565011852366,1733.9250000199986,935.692,13265.948011832368,2000.1670000199988,13935.398011832369,12.551591352627522,LEVE,2
6,1,18,0,4,2,-10.764565440816192,-75.70994143870614,0,4,5,0,7,2,2,0,2022,2,0,0,4,0,2,6543.555,2.0,4,4,1.0,14,33,1198.0,0.3897304415765113,74.0326408467674,71.13948583681704,6.892064016687502,388.52307155807824,19522.64453961456,3677.119863,564.5869999999999,910.845,2201.687863000001,590.8779999999998,3086.2418630000006,16.06904376290656,LEVE,2
6,1,10,2,4,1,-14.280672093464643,-75.68218313423354,0,4,7,1,2,2,2,2,2022,2,0,0,4,0,0,6639.975,2.0,2,0,1.0,9,31,1616.0,0.6261042306271147,80.48505954362174,76.55712631348362,9.341715591523595,1061.002261282891,31419.372591006424,3721.461,698.1859999999996,744.866,2278.409,1102.9029999999996,2618.558,29.636290693359403,LEVE,2
3,2,14,0,4,1,-11.1404,-77.23035,0,4,7,1,2,1,0,2,2022,2,0,0,20,2,0,1422.177,2.0,2,0,0.0,9,19,698.0,0.625259356790912,76.00710856837651,64.39893010534446,7.928807895834627,1379.4198272918734,24684.304068522484,7626.313,1683.4029999999998,1599.0829999999996,4343.827000000001,1814.875,5811.438000000001,23.797541485643197,LEVE,2
6,1,13,0,4,3,-6.885022,-79.53013,0,4,7,1,7,2,2,0,2022,2,0,0,20,2,0,6543.555,2.0,4,4,1.0,14,33,1198.0,0.5396489907562034,81.7229587411162,74.36334598401676,7.973429713499195,755.6839701415522,15028.072805139189,3459.691,515.0619999999999,689.7280000000001,2254.901,703.3549999999999,2756.336,20.329994788551925,LEVE,2
1,1,12,0,4,1,-7.364211367187465,-79.52776551923222,0,4,7,1,2,2,2,0,2022,2,1,0,3,0,0,6543.555,3.0,2,0,1.0,0,30,1475.0,0.5536071806269429,80.66289122606678,53.80834710479373,7.403597509184111,1013.3481693819356,4003.1884368308342,8931.828000000005,1335.5899999999997,1935.9830000000004,5660.255000000005,1219.309,7712.519000000005,13.651281686122925,LEVE,2
3,2,3,0,4,1,-15.812568464821371,-74.38580123214663,0,4,7,1,2,2,2,0,2022,2,1,0,7,1,0,6639.975,2.0,2,0,1.0,9,31,1616.0,0.5759660838327949,85.0,57.78458871790271,8.237349280259481,955.2212903110584,731.8543897216274,10322.272,1495.236,1749.739,7077.2970000000005,2886.595,7435.677000000001,27.964725207783708,LEVE,2
6,1,12,0,4,1,-7.20012376560909,-79.42825350892518,0,4,7,1,2,2,2,0,2022,2,1,0,9,1,0,6543.555,3.0,2,0,1.0,0,30,1475.0,0.5885704819472196,78.81449187577415,72.29060549742594,8.763210867480462,976.1586325354776,48424.389721627405,8931.828000000005,1335.5899999999997,1935.9830000000004,5660.255000000005,1219.309,7712.519000000005,13.651281686122925,LEVE,2
3,2,14,0,4,1,-11.138223067622045,-77.59695584784023,0,4,7,1,2,2,2,2,2022,2,1,0,10,1,0,6543.555,3.0,2,0,1.0,0,30,1475.0,0.7327345537337897,78.20903814342847,76.31492653513806,13.642917835589472,1405.6698219039215,62016.21841541756,7626.313,1683.4029999999998,1599.0829999999996,4343.827000000001,1814.875,5811.438000000001,23.797541485643197,LEVE,2
6,1,10,2,4,1,-14.2709061,-75.6839471,7,4,0,1,2,2,2,0,2022,2,1,0,15,3,0,6639.975,2.0,2,0,1.0,9,31,1616.0,0.6261042306271147,80.48505954362174,76.55712631348362,9.341715591523595,1061.002261282891,31419.372591006424,3721.461,698.1859999999996,744.866,2278.409,1102.9029999999996,2618.558,29.636290693359403,LEVE,2
0,1,1,0,4,1,-10.332245,-78.047975,0,4,7,1,2,2,2,0,2022,2,1,0,16,3,2,6543.555,3.0,2,0,1.0,0,30,1475.0,0.594329796273136,79.51274210494626,67.23963656911357,9.093808711905876,1004.1856289962402,25729.80728051392,10767.648,1885.0630000000003,1222.721,7659.864000000001,2100.343,8667.305000000002,19.506051832303577,LEVE,2
6,1,13,0,4,2,-6.855076,-79.904741,0,4,7,1,7,2,2,0,2022,2,2,0,8,1,0,6543.555,2.0,4,4,1.0,14,33,1198.0,0.4559446956608766,79.05629898429913,66.02126087158302,7.078347730181844,558.4939116900435,13004.145610278374,3459.691,515.0619999999999,689.7280000000001,2254.901,703.3549999999999,2756.336,20.329994788551925,LEVE,2
2,0,14,2,2,4,-12.0237641,-77.0744663,0,1,7,1,2,2,2,0,2022,2,2,0,9,1,0,6543.555,2.0,4,4,1.0,14,33,1198.0,0.7419979630670723,80.31822295927182,79.00446395716813,11.084203715652809,1554.6868971011318,739416.2413542903,7626.313,1683.4029999999998,1599.0829999999996,4343.827000000001,1814.875,5811.438000000001,23.797541485643197,LEVE,2
10,1,5,0,4,2,-7.0629574513078,-78.7195395416569,6,5,6,2,6,2,2,0,2022,2,2,0,11,1,2,6543.555,2.0,4,4,1.0,14,33,1198.0,0.2741996735144121,67.87327980496377,34.62824886204975,4.027767902888583,340.12388239954726,2984.6616702355464,15935.565011852366,1733.9250000199986,935.692,13265.948011832368,2000.1670000199988,13935.398011832369,12.551591352627522,GRAVE_MORTALIDAD,1
0,1,5,2,4,1,-7.19294555,-78.97348878,0,4,7,1,2,2,2,0,2022,2,2,0,11,1,2,887.28,2.0,2,0,1.0,8,17,155.0,0.5563774842369664,73.07406660240972,65.2611721745993,7.77984257932775,1045.7361851012442,7379.728051391864,15935.565011852366,1733.9250000199986,935.692,13265.948011832368,2000.1670000199988,13935.398011832369,12.551591352627522,LEVE,2
6,1,12,0,4,1,-8.044529146280775,-77.44012180968068,2,4,0,1,7,2,2,2,2022,2,2,0,12,3,0,1688.589,1.0,1,3,0.0,9,32,287.0,0.5483466485199614,73.40947702180615,54.774559790319735,7.761827414252816,1085.433074508267,22858.52890792291,8931.828000000005,1335.5899999999997,1935.9830000000004,5660.255000000005,1219.309,7712.519000000005,13.651281686122925,GRAVE_MORTALIDAD,1
3,2,3,0,4,1,-16.378563,-72.181366,0,4,7,1,2,1,1,0,2022,2,2,0,14,3,0,6639.975,2.0,2,0,1.0,9,31,1616.0,0.6077843615696785,76.53072135400231,69.81276959706165,8.77367759087771,1135.5159013374655,74658.55888650964,10322.272,1495.236,1749.739,7077.2970000000005,2886.595,7435.677000000001,27.964725207783708,GRAVE_LESIONADOS,0
0,1,13,2,4,1,-6.544446,-80.014918,0,3,7,1,2,2,2,0,2022,2,2,0,18,2,0,6543.555,3.0,2,0,1.0,0,30,1475.0,0.3879800350664534,75.68222437543551,50.64551119758177,4.891651630735472,548.2382997194167,48902.40256959316,3459.691,515.0619999999999,689.7280000000001,2254.901,703.3549999999999,2756.336,20.329994788551925,LEVE,2
0,1,13,2,4,1,-6.872421,-79.817412,0,3,7,1,2,2,2,0,2022,2,2,0,19,2,0,6543.555,3.0,2,0,1.0,0,30,1475.0,0.5641992796027862,80.882527751483,65.9094339982314,9.073972195368588,853.0395030552988,16475.406852248394,3459.691,515.0619999999999,689.7280000000001,2254.901,703.3549999999999,2756.336,20.329994788551925,LEVE,2
0,0,6,2,2,4,-12.053946211150148,-77.11996789753974,0,3,7,1,2,1,1,2,2022,2,3,0,5,0,0,6543.555,2.0,4,4,1.0,14,33,1198.0,0.5563774842369664,77.00938809632027,69.10246351364754,8.476961866273152,914.8835608305218,27932.19700214133,51.58600000000001,44.68700000000001,6.899000000000001,0.0,49.838000000000015,1.748,96.61148373589734,LEVE,2
7,0,14,2,2,4,-12.0595523,-77.0780123,0,2,7,1,2,2,2,0,2022,2,3,0,8,1,0,6543.555,2.0,4,4,1.0,14,33,1198.0,0.7646845961658533,80.23682119426338,77.96082737891015,12.014176158371615,1633.787715186093,250806.0877944326,7626.313,1683.4029999999998,1599.0829999999996,4343.827000000001,1814.875,5811.438000000001,23.797541485643197,LEVE,2
3,2,20,0,4,1,-15.3413794,-70.0436795,0,4,7,1,2,2,2,2,2022,2,3,0,8,1,2,1762.84,2.0,1,0,0.0,9,32,485.0,0.1810174949558188,69.26889595852893,49.98260057006019,4.579825449945772,98.35153163090057,11217.961456102785,13642.312999999998,2020.7790000000005,2354.117,9267.416999999998,3314.0520000000006,10328.260999999997,24.29244952817019,GRAVE_MORTALIDAD,1
6,1,13,0,4,0,-6.603333,-79.816003,0,4,7,1,2,2,2,0,2022,2,3,0,8,1,0,6543.555,2.0,4,4,1.0,14,33,1198.0,0.4830691057308139,70.96444951827758,64.80144780665611,8.449210981294696,693.4770787539296,13710.346895074948,3459.691,515.0619999999999,689.7280000000001,2254.901,703.3549999999999,2756.336,20.329994788551925,GRAVE_MORTALIDAD,1
3,1,13,0,4,1,-6.740838,-79.53269,0,4,7,1,2,2,2,0,2022,2,3,0,20,2,0,919.085,2.0,2,3,0.0,9,7,218.0,0.5368990377599975,81.14791216819076,67.58350560537582,7.829746599316162,796.0036204699745,23182.03854389721,3459.691,515.0619999999999,689.7280000000001,2254.901,703.3549999999999,2756.336,20.329994788551925,GRAVE_MORTALIDAD,1
1,1,7,2,4,1,-13.516553,-71.992016,2,3,7,1,7,2,2,2,2022,2,3,0,20,2,2,7586.903,2.0,2,0,1.0,9,5,1198.0,0.659083927657813,75.61465237849653,81.09709385188002,11.294406746128049,1171.1134172238742,122604.71092077089,17779.13499998999,2097.3709999899997,2863.123,12818.640999999989,2878.713,14900.421999989989,16.19152450331032,LEVE,2
4,1,11,0,4,1,-11.7097313959511,-75.5559882928531,0,4,7,1,2,2,2,2,2022,2,3,0,23,2,2,311.82,2.0,2,0,0.0,9,32,74.0,0.4846609581848212,71.70970037684953,62.978404663645314,7.681608625268467,740.7899756467436,5696.379014989293,12264.545,1826.4639999999995,1105.5389999999998,9332.542,1588.5359999999996,10676.009,12.952261987705208,LEVE,2
3,2,5,2,4,1,-5.721137,-78.800079,0,3,7,1,2,2,2,0,2022,2,4,0,0,0,2,7758.33400008,2.0,2,0,1.0,9,20,2133.0,0.5803239946829384,74.49544278598792,68.33065356443184,8.733179344969395,1046.078117086984,102362.46895074946,15935.565011852366,1733.9250000199986,935.692,13265.948011832368,2000.1670000199988,13935.398011832369,12.551591352627522,LEVE,2
3,2,20,0,4,1,-15.865961,-69.941804,0,4,7,1,2,0,1,2,2022,2,4,0,4,0,2,7586.903,2.0,2,0,1.0,9,5,1198.0,0.6488901960567479,69.67312345830231,82.12448375199249,11.701623814093702,1230.336353415943,144745.3597430407,13642.312999999998,2020.7790000000005,2354.117,9267.416999999998,3314.0520000000006,10328.260999999997,24.29244952817019,LEVE,2
5,2,19,0,4,1,-5.28354871301154,-79.9539359154332,0,4,7,1,2,2,2,0,2022,2,4,0,5,0,0,722.9000000000002,2.0,1,0,1.0,2,32,123.0,0.4611707659321047,75.10249837094239,58.81051951010394,6.354218749759934,701.659112227466,7773.17130620985,8965.846000060003,1782.4120000599992,636.9959999999999,6546.438000000004,2214.505000059999,6751.341000000004,24.699342371541725,LEVE,2
10,1,2,0,4,0,-14.377681964744992,-72.89002263729276,6,5,6,2,6,2,2,0,2022,2,4,0,8,1,2,6543.555,2.0,4,4,1.0,14,33,1198.0,0.3187913318835241,54.2987924038521,38.12162709530855,6.754383854706028,483.4371645310488,2702.629550321199,8358.971,1282.451,1298.0969999999998,5778.423,1432.683,6926.288,17.139466089785454,LEVE,2
6,1,13,0,4,1,-6.42869747121557,-80.16217139090038,0,4,7,1,2,2,2,0,2022,2,4,0,10,1,0,6543.555,3.0,2,0,1.0,0,30,1475.0,0.3879800350664534,75.68222437543551,50.64551119758177,4.891651630735472,548.2382997194167,48902.40256959316,3459.691,515.0619999999999,689.7280000000001,2254.901,703.3549999999999,2756.336,20.329994788551925,LEVE,2
0,0,14,2,4,1,-12.005992210769222,-76.84781483192452,0,0,7,1,2,2,2,0,2022,2,4,0,12,3,0,875.67,2.0,2,0,1.0,3,14,156.0,0.6868549636939637,79.62363164345142,76.30894566128948,9.209137883551294,1425.4498631666322,684921.8484148846,7626.313,1683.4029999999998,1599.0829999999996,4343.827000000001,1814.875,5811.438000000001,23.797541485643197,LEVE,2
3,2,7,0,4,1,-12.601006,-73.755868,0,4,0,1,2,2,2,2,2022,2,4,0,12,3,2,3447.8009999999995,1.0,2,3,0.0,9,12,1109.0,0.4000524425036719,73.40481655087646,49.29293286065465,6.082220384138268,542.3967836867969,14951.593147751608,17779.13499998999,2097.3709999899997,2863.123,12818.640999999989,2878.713,14900.421999989989,16.19152450331032,LEVE,2
0,1,14,2,2,4,-12.031263,-77.044221,6,5,6,2,6,2,2,0,2022,2,4,0,14,3,0,6543.555,2.0,4,4,1.0,14,33,1198.0,0.7419979630670723,80.31822295927182,79.00446395716813,11.084203715652809,1554.6868971011318,739416.2413542903,7626.313,1683.4029999999998,1599.0829999999996,4343.827000000001,1814.875,5811.438000000001,23.797541485643197,LEVE,2
6,1,3,0,4,3,-16.664339686215882,-72.60415254475068,0,4,2,1,1,2,2,0,2022,2,4,0,19,2,0,6543.555,2.0,4,4,1.0,14,33,1198.0,0.5506134487544145,84.11518135609504,66.07904665694413,8.594478109433165,777.7519971785225,628.7494646680942,10322.272,1495.236,1749.739,7077.2970000000005,2886.595,7435.677000000001,27.964725207783708,GRAVE_MORTALIDAD,1
3,0,14,2,2,4,-12.035846417381062,-76.94893425059153,0,0,1,1,2,2,2,0,2022,2,4,0,23,2,0,6543.555,2.0,4,4,1.0,14,33,1198.0,0.7347309224519117,80.70014842215761,76.47981423089655,10.519505095866096,1571.8150981252256,229834.5310492505,7626.313,1683.4029999999998,1599.0829999999996,4343.827000000001,1814.875,5811.438000000001,23.797541485643197,LEVE,2
3,1,16,2,2,4,-12.596323,-69.188251,6,5,6,2,6,2,2,0,2022,2,5,1,1,0,1,6543.555,2.0,4,4,1.0,14,33,1198.0,0.6331639735785386,72.20641129524063,67.6175404202189,10.029362591344883,1305.419538589062,88506.68094218415,2090.391,399.431,340.021,1350.9389999999996,493.824,1596.5669999999996,23.62352306338862,LEVE,2
6,1,7,0,4,0,-14.313434797193873,-71.83869301413971,2,4,7,1,2,2,2,2,2022,2,5,1,3,0,2,6543.555,2.0,4,4,1.0,14,33,1198.0,0.2889521169082136,68.43497660341365,60.62718744786712,5.042567223569555,255.78633529092875,8001.259100642398,17779.13499998999,2097.3709999899997,2863.123,12818.640999999989,2878.713,14900.421999989989,16.19152450331032,LEVE,2
3,2,14,0,4,1,-11.601846,-77.246566,0,4,7,0,2,1,0,2,2022,2,5,1,5,0,0,6543.555,3.0,2,0,1.0,0,30,1475.0,0.6328991168419597,79.8522840328396,72.51785912375117,8.65057438382499,1190.6734036432963,65701.61456102783,7626.313,1683.4029999999998,1599.0829999999996,4343.827000000001,1814.875,5811.438000000001,23.797541485643197,LEVE,2
10,1,9,2,4,1,-9.627725,-76.063042,7,4,0,1,2,2,2,2,2022,2,5,1,13,3,2,693.175,2.0,2,3,0.0,9,10,249.0,0.3096549989431256,76.17431233061522,44.8813332706993,3.774794268602337,378.47949303176176,19256.764453961456,8209.057,1333.4779999999996,791.9770000000001,6083.602,1059.8589999999997,7149.198,12.910849565303296,LEVE,2
3,2,20,0,4,1,-15.2881063,-70.2244787,0,4,0,1,2,2,2,2,2022,2,5,1,14,3,2,1761.8050000000003,2.0,2,0,1.0,6,22,410.0,0.289549626938555,77.56938441814937,61.26176615135224,5.519427583790393,205.49658062526288,1447.8907922912204,13642.312999999998,2020.7790000000005,2354.117,9267.416999999998,3314.0520000000006,10328.260999999997,24.29244952817019,GRAVE_MORTALIDAD,1
3,1,11,0,4,1,-11.146291707939652,-75.39992088493442,6,5,6,2,6,2,2,0,2022,2,5,1,16,3,2,600.0300000000001,2.0,2,0,0.0,9,8,178.0,0.5524312122883903,74.69278428872114,62.924176307590606,8.661674602491013,944.9757327320935,25835.76017130621,12264.545,1826.4639999999995,1105.5389999999998,9332.542,1588.5359999999996,10676.009,12.952261987705208,GRAVE_LESIONADOS,0
6,1,12,0,4,1,-8.572443440024923,-78.67179754713541,0,4,7,1,2,2,2,0,2022,2,5,1,17,3,0,6543.555,3.0,2,0,1.0,0,30,1475.0,0.4971504606547645,77.79759708660042,46.44666297237219,6.322206801902116,929.9716106661404,44368.59100642397,8931.828000000005,1335.5899999999997,1935.9830000000004,5660.255000000005,1219.309,7712.519000000005,13.651281686122925,LEVE,2
3,2,20,0,4,0,-16.294218,-69.233346,0,4,7,1,2,0,1,2,2022,2,5,1,17,3,2,6543.555,2.0,4,4,1.0,14,33,1198.0,0.3165090894545869,72.969641049674,69.1278394147308,6.0160374778788,250.7872170233644,13778.516059957172,13642.312999999998,2020.7790000000005,2354.117,9267.416999999998,3314.0520000000006,10328.260999999997,24.29244952817019,LEVE,2
3,2,23,0,4,1,-4.05709329669435,-80.96238258703987,7,4,0,1,2,2,2,2,2022,2,5,1,17,3,0,6543.555,3.0,2,0,1.0,0,30,1475.0,0.541317038400816,72.94324989979708,53.43656724071051,7.565486393755631,1085.5161080725888,6440.817708333333,1009.101,138.47399999999996,287.471,583.156,276.972,732.129,27.447401201663663,GRAVE_LESIONADOS,0
6,1,7,0,4,2,-13.197916597739423,-71.65895396776274,5,4,7,1,1,2,2,2,2022,2,5,1,18,2,2,6543.555,2.0,4,4,1.0,14,33,1198.0,0.19075270827632,59.71559562867156,50.75498712202398,3.131024861008163,170.5711932850073,9921.785867237688,17779.13499998999,2097.3709999899997,2863.123,12818.640999999989,2878.713,14900.421999989989,16.19152450331032,LEVE,2
0,0,14,2,7,4,-12.041470599880004,-76.92442398321249,0,0,7,1,2,2,2,0,2022,2,5,1,19,2,0,6543.555,2.0,4,4,1.0,14,33,1198.0,0.6868549636939637,79.62363164345142,76.30894566128948,9.209137883551294,1425.4498631666322,684921.8484148846,7626.313,1683.4029999999998,1599.0829999999996,4343.827000000001,1814.875,5811.438000000001,23.797541485643197,LEVE,2
4,1,3,2,4,1,-16.408001,-71.560112,0,0,7,0,2,0,1,0,2022,2,5,1,21,2,0,1101.78,1.0,5,2,0.0,9,32,202.0,0.7653437300682744,78.6226545944725,83.51549406889337,13.790438975095991,1507.4228664951638,27292.80085653105,10322.272,1495.236,1749.739,7077.2970000000005,2886.595,7435.677000000001,27.964725207783708,LEVE,2
1,0,13,0,4,0,-6.773373,-79.926741,0,4,7,1,2,2,2,0,2022,2,6,1,4,0,0,6543.555,2.0,4,4,1.0,14,33,1198.0,0.4076362703905044,75.77254875260448,63.57397693154903,7.358061397464254,430.5491715105506,17972.576017130625,3459.691,515.0619999999999,689.7280000000001,2254.901,703.3549999999999,2756.336,20.329994788551925,LEVE,2
0,1,3,2,4,1,-16.315405,-71.606316,0,0,0,0,2,0,1,0,2022,2,6,1,5,0,0,1504.4250000000002,2.0,2,0,1.0,7,25,241.0,0.6411767862503931,77.2408324916572,78.204125011303,10.595705083047717,1107.223861768016,193412.3169164882,10322.272,1495.236,1749.739,7077.2970000000005,2886.595,7435.677000000001,27.964725207783708,LEVE,2
0,1,13,0,4,1,-6.525814,-79.864103,0,4,7,1,2,2,2,0,2022,2,6,1,11,1,0,1305.18,2.0,2,0,1.0,1,20,163.0,0.4726698879842176,75.8092086621182,65.19881901297883,6.724941796138032,681.4326851501024,22675.216274089933,3459.691,515.0619999999999,689.7280000000001,2254.901,703.3549999999999,2756.336,20.329994788551925,LEVE,2
6,1,16,2,4,1,-12.591308,-69.182342,6,5,6,2,6,2,2,0,2022,2,6,1,12,3,1,3263.58,2.0,2,0,1.0,5,18,566.0,0.6331639735785386,72.20641129524063,67.6175404202189,10.029362591344883,1305.419538589062,88506.68094218415,2090.391,399.431,340.021,1350.9389999999996,493.824,1596.5669999999996,23.62352306338862,LEVE,2
3,2,7,0,4,0,-13.340650565678542,-71.5750555676924,2,4,0,1,1,2,2,2,2022,2,6,1,17,3,2,6543.555,2.0,4,4,1.0,14,33,1198.0,0.2466226927938573,59.50771953912937,42.678907967899015,3.991373779253808,285.51302601039464,12676.173447537472,17779.13499998999,2097.3709999899997,2863.123,12818.640999999989,2878.713,14900.421999989989,16.19152450331032,LEVE,2
6,1,11,0,4,1,-11.608632,-75.84178,0,4,0,0,2,1,0,2,2022,2,6,1,17,3,2,7586.903,2.0,2,0,1.0,9,5,1198.0,0.6211711217784234,75.51508523355102,70.90101252241288,10.049671623026311,1128.403546167389,8996.89721627409,12264.545,1826.4639999999995,1105.5389999999998,9332.542,1588.5359999999996,10676.009,12.952261987705208,LEVE,2
6,1,12,0,4,2,-7.655089478875486,-78.5757881785326,0,4,7,1,1,2,2,2,2022,2,6,1,21,2,0,6543.555,2.0,4,4,1.0,14,33,1198.0,0.2897886081648534,73.35084450247514,36.137408266972855,4.793628428724338,304.6961587477634,6499.340471092077,8931.828000000005,1335.5899999999997,1935.9830000000004,5660.255000000005,1219.309,7712.519000000005,13.651281686122925,LEVE,2
6,1,7,0,4,2,-13.447796827644884,-72.44365488823162,0,4,7,1,1,2,2,2,2022,2,6,1,21,2,2,6543.555,2.0,4,4,1.0,14,33,1198.0,0.3401816617977222,71.10991456121904,48.96986934460488,5.376243173322119,394.5611246991025,8685.158458244112,17779.13499998999,2097.3709999899997,2863.123,12818.640999999989,2878.713,14900.421999989989,16.19152450331032,GRAVE_LESIONADOS,0
0,1,12,0,4,1,-8.012744,-79.071152,0,4,7,1,2,2,2,0,2022,2,6,1,22,2,0,6543.555,3.0,2,0,1.0,0,30,1475.0,0.583006771156836,78.2441938961209,62.24037484511178,8.807312392374042,1028.2282118265089,76607.295503212,8931.828000000005,1335.5899999999997,1935.9830000000004,5660.255000000005,1219.309,7712.519000000005,13.651281686122925,LEVE,2
1,0,14,2,4,1,-12.043272018432615,-77.02549743652344,0,3,4,1,2,2,2,0,2022,2,0,0,3,0,0,6543.555,3.0,2,0,1.0,0,30,1475.0,0.7300036506368504,80.21724456394445,75.11639588359114,10.636845733066124,1559.041185521695,156759.78800856532,7626.313,1683.4029999999998,1599.0829999999996,4343.827000000001,1814.875,5811.438000000001,23.797541485643197,LEVE,2