CLASE SINIESTRO,CANTIDAD DE VEHICULOS DAÑADOS,DEPARTAMENTO,ZONA,TIPO DE VÍA,RED VIAL,COORDENADAS LATITUD,COORDENADAS  LONGITUD,CONDICIÓN CLIMÁTICA,ZONIFICACIÓN,CARACTERÍSTICAS DE VÍA,PERFIL LONGITUDINAL VÍA,SUPERFICIE DE CALZADA,¿EXISTE SEÑAL VERTICAL?,¿EXISTE SEÑAL HORIZONTAL?,CAUSA FACTOR PRINCIPAL,AÑO,MES,DIA_SEMANA,ES_FIN_SEMANA,HORA_NUM,FRANJA_HORARIA,REGION_NATURAL,MTC_RVN_LONGITUD_KM,MTC_RVN_N_CARRILES_MEDIANA,MTC_RVN_SUPERFICIE_DOMINANTE,MTC_RVN_ESTADO_DOMINANTE,MTC_RVN_ES_CONCESIONADA,MTC_RVN_CONCESION_PRINCIPAL,MTC_RVN_CORREDOR_LOGISTICO,MTC_RVN_N_TRAMOS,IDH_2019,IDH_ESP_VIDA_2019,IDH_EDUC_SECUND_PCT_2019,IDH_ANIOS_EDUC_2019,IDH_INGRESO_PERCAP_2019,IDH_POBLACION_2019,MTC_DEP_RED_TOTAL_KM,MTC_DEP_NACIONAL_TOTAL_KM,MTC_DEP_DEPARTAMENTAL_TOTAL_KM,MTC_DEP_VECINAL_TOTAL_KM,MTC_DEP_PAV_TOTAL_KM,MTC_DEP_NO_PAV_TOTAL_KM,MTC_DEP_PCT_PAVIMENTADA,CATEGORIA_SEVERIDAD,CATEGORIA_SEVERIDAD_ENC
3,0,14,2,4,1,-11.9677171,-76.7455216,0,2,7,1,2,2,2,0,2022,2,0,0,5,0,0,875.67,2.0,2,0,1.0,3,14,156.0,0.7410537419693288,80.72873693175681,77.76911521289269,11.20634409407566,1539.7635062745433,43755.852248394,7626.313,1683.4029999999998,1599.0829999999996,4343.827000000001,1814.875,5811.438000000001,23.797541485643197,LEVE,2
3,2,13,0,4,1,-6.739669356730316,-79.71388946070171,0,4,7,1,2,2,2,0,2022,2,0,0,6,1,0,919.085,2.0,2,3,0.0,9,7,218.0,0.6225425995267787,81.2291645554815,74.48443506763874,8.985275296431396,1068.7213105287574,28888.895074946468,3459.691,515.0619999999999,689.7280000000001,2254.901,703.3549999999999,2756.336,20.329994788551925,LEVE,2
3,2,9,0,4,1,-9.18738,-75.940817,7,4,7,1,2,1,0,2,2022,2,0,0,13,3,2,7758.33400008,2.0,2,0,1.0,9,20,2133.0,0.3543291339954574,74.37119505444772,40.663684961236285,4.612991440823272,504.5390571003254,7529.884368308351,8209.057,1333.4779999999996,791.9770000000001,6083.602,1059.8589999999997,7149.198,12.910849565303296,LEVE,2
6,1,20,0,4,1,-16.489,-69.11,0,4,7,1,2,1,1,2,2022,2,0,0,13,3,2,7586.903,2.0,2,0,1.0,9,5,1198.0,0.2394362064959017,73.4288503002124,62.51290199484375,6.018616845068367,132.27646614855612,17422.250535331903,13642.312999999998,2020.7790000000005,2354.117,9267.416999999998,3314.0520000000006,10328.260999999997,24.29244952817019,LEVE,2
10,2,14,0,2,4,-11.845251,-77.077429,0,4,7,1,2,2,2,0,2022,3,1,0,7,1,0,6543.555,2.0,4,4,1.0,14,33,1198.0,0.6632628912836565,79.15155564666024,73.19223743118206,9.629669813837666,1289.452647666346,383699.2119914347,7626.313,1683.4029999999998,1599.0829999999996,4343.827000000001,1814.875,5811.438000000001,23.797541485643197,LEVE,2
6,1,4,2,4,1,-13.233523,-74.23572,4,4,7,1,1,2,2,2,2022,3,1,0,12,3,2,7586.903,2.0,2,0,1.0,9,5,1198.0,0.5305121431560528,73.7668210059112,68.45651702301488,8.941396366509018,806.7469451554633,27605.87794432548,12678.733000000004,1805.074000000001,1774.0339999999994,9099.625000000004,2485.375000000001,10193.358000000002,19.602707936195205,GRAVE_LESIONADOS,0
10,1,7,0,4,0,-14.276032,-71.450367,5,4,7,1,2,2,2,1,2022,3,1,0,20,2,2,6543.555,2.0,4,4,1.0,14,33,1198.0,0.2882750993706783,61.105307438693615,62.64723700455549,5.709419886190102,271.2955650853845,8821.728051391863,17779.13499998999,2097.3709999899997,2863.123,12818.640999999989,2878.713,14900.421999989989,16.19152450331032,LEVE,2
6,1,20,0,4,0,-16.2663225,-69.0793557,0,4,0,0,2,0,1,2,2022,3,2,0,0,0,2,6543.555,2.0,4,4,1.0,14,33,1198.0,0.4165447461855686,74.77127585660097,73.32833413464006,6.399479128468322,475.6850527085419,23516.528907922908,13642.312999999998,2020.7790000000005,2354.117,9267.416999999998,3314.0520000000006,10328.260999999997,24.29244952817019,GRAVE_LESIONADOS,0
6,1,8,0,4,0,-13.986365,-74.946275,2,4,5,0,7,2,2,5,2022,3,2,0,5,0,2,6543.555,2.0,4,4,1.0,14,33,1198.0,0.3680468774732097,67.14175142277357,59.01286967019884,6.653719034288736,424.5816514573317,1138.1948608137045,8511.426,1445.3929999999996,2008.516,5057.516999999999,1879.579,6631.846999999998,22.08300935706896,GRAVE_MORTALIDAD,1
1,1,3,2,4,1,-16.331331,-71.593308,0,2,7,0,2,0,1,0,2022,3,2,0,5,0,0,1504.4250000000002,2.0,2,0,1.0,7,25,241.0,0.6411767862503931,77.2408324916572,78.204125011303,10.595705083047717,1107.223861768016,193412.3169164882,10322.272,1495.236,1749.739,7077.2970000000005,2886.595,7435.677000000001,27.964725207783708,LEVE,2
3,1,4,2,4,1,-15.2842392,-73.3467253,0,4,1,1,1,2,2,2,2022,3,2,0,8,1,2,363.38200000000006,-1.0,1,3,0.0,9,32,57.0,0.5195415199437885,75.49542185909227,58.35928232743613,8.456506800217879,820.3133165336449,2875.329764453961,12678.733000000004,1805.074000000001,1774.0339999999994,9099.625000000004,2485.375000000001,10193.358000000002,19.602707936195205,LEVE,2
3,1,6,2,2,4,-12.05573513898662,-77.12184965837463,0,3,7,1,2,1,1,2,2022,3,2,0,12,3,0,6543.555,2.0,4,4,1.0,14,33,1198.0,0.5563774842369664,77.00938809632027,69.10246351364754,8.476961866273152,914.8835608305218,27932.19700214133,51.58600000000001,44.68700000000001,6.899000000000001,0.0,49.838000000000015,1.748,96.61148373589734,LEVE,2
3,2,14,2,2,4,-12.077486903906868,-77.03673355030094,0,4,7,1,2,2,2,0,2022,3,2,0,14,3,0,6543.555,2.0,4,4,1.0,14,33,1198.0,0.8371895927825478,80.41920952305908,81.09222271899455,13.037629206696334,1989.7738956294795,74873.16916488222,7626.313,1683.4029999999998,1599.0829999999996,4343.827000000001,1814.875,5811.438000000001,23.797541485643197,LEVE,2
1,1,7,0,4,2,-14.6837747847914,-71.4894176005773,2,4,0,1,2,1,0,4,2022,3,2,0,22,2,2,6543.555,2.0,4,4,1.0,14,33,1198.0,0.2895499003381874,68.53788948078248,75.55107873554218,4.362279816701996,258.3477698263705,14410.650963597433,17779.13499998999,2097.3709999899997,2863.123,12818.640999999989,2878.713,14900.421999989989,16.19152450331032,LEVE,2
0,1,20,0,4,1,-16.116216,-69.595246,2,4,7,1,2,1,1,4,2022,3,3,0,2,0,2,7586.903,2.0,2,0,1.0,9,5,1198.0,0.4020198374784472,77.80062735845667,75.295761294875,7.279851651626652,372.63390314535104,50686.62526766595,13642.312999999998,2020.7790000000005,2354.117,9267.416999999998,3314.0520000000006,10328.260999999997,24.29244952817019,LEVE,2
6,2,19,0,4,1,-5.197347,-80.687538,0,4,7,1,2,2,2,0,2022,3,3,0,5,0,0,6543.555,3.0,2,0,1.0,0,30,1475.0,0.5997462042553465,78.40793944726823,72.26811532412637,9.714064362322326,976.3169831713308,183875.0,8965.846000060003,1782.4120000599992,636.9959999999999,6546.438000000004,2214.505000059999,6751.341000000004,24.699342371541725,GRAVE_MORTALIDAD,1
3,1,4,2,2,4,-13.150796844132875,-74.22301052329625,0,1,1,1,2,1,0,2,2022,3,3,0,7,1,2,6543.555,2.0,4,4,1.0,14,33,1198.0,0.5506252633070053,69.90928763641818,75.08622643893038,10.15415260514822,862.2051674470921,104520.79871520343,12678.733000000004,1805.074000000001,1774.0339999999994,9099.625000000004,2485.375000000001,10193.358000000002,19.602707936195205,LEVE,2
6,1,8,0,4,1,-13.607529162762743,-75.32030773156066,2,4,0,0,2,2,2,0,2022,3,3,0,17,3,2,1679.5849999999998,2.0,2,3,1.0,9,24,315.0,0.5258594244692153,73.82156528983522,52.91202227434253,8.902806700766412,891.2832603689374,2062.0406852248398,8511.426,1445.3929999999996,2008.516,5057.516999999999,1879.579,6631.846999999998,22.08300935706896,GRAVE_LESIONADOS,0
3,2,20,0,4,0,-15.561899966726877,-69.99207796663597,0,4,0,1,2,0,1,2,2022,3,3,0,22,2,2,6543.555,2.0,4,4,1.0,14,33,1198.0,0.2886752467018767,70.36924972959979,63.68752373871576,6.450053665206414,206.72092593354532,8492.443254817987,13642.312999999998,2020.7790000000005,2354.117,9267.416999999998,3314.0520000000006,10328.260999999997,24.29244952817019,LEVE,2
1,1,14,2,2,4,-12.18429331,-77.0074643892645,6,5,6,2,6,2,2,0,2022,3,3,0,23,2,0,6543.555,2.0,4,4,1.0,14,33,1198.0,0.7583553928164398,79.82595632107274,76.7651270103073,11.46351379457763,1662.7771470294065,333655.3618843683,7626.313,1683.4029999999998,1599.0829999999996,4343.827000000001,1814.875,5811.438000000001,23.797541485643197,LEVE,2
3,2,10,0,4,0,-13.450253,-76.152625,0,4,7,1,2,2,2,2,2022,3,4,0,7,1,0,6543.555,2.0,4,4,1.0,14,33,1198.0,0.575108675542622,80.48751485041296,69.97733945104977,8.91411717811534,891.3032819289404,12460.550321199144,3721.461,698.1859999999996,744.866,2278.409,1102.9029999999996,2618.558,29.636290693359403,LEVE,2
3,2,13,0,4,3,-5.980961,-79.767612,7,4,2,1,7,2,2,2,2022,3,4,0,13,3,0,6543.555,2.0,4,4,1.0,14,33,1198.0,0.4703091457296942,74.91176543888524,59.04522375211969,6.365443427676777,742.49897987499,44335.321199143465,3459.691,515.0619999999999,689.7280000000001,2254.901,703.3549999999999,2756.336,20.329994788551925,LEVE,2
0,0,6,2,2,4,-12.046767,-77.08469,0,2,7,1,2,2,2,0,2022,3,4,0,14,3,0,6543.555,2.0,4,4,1.0,14,33,1198.0,0.5563774842369664,77.00938809632027,69.10246351364754,8.476961866273152,914.8835608305218,27932.19700214133,51.58600000000001,44.68700000000001,6.899000000000001,0.0,49.838000000000015,1.748,96.61148373589734,LEVE,2
6,1,8,0,4,1,-13.582339,-75.274279,2,4,0,0,2,2,2,0,2022,3,4,0,15,3,2,1679.5849999999998,2.0,2,3,1.0,9,24,315.0,0.5258594244692153,73.82156528983522,52.91202227434253,8.902806700766412,891.2832603689374,2062.0406852248398,8511.426,1445.3929999999996,2008.516,5057.516999999999,1879.579,6631.846999999998,22.08300935706896,LEVE,2
1,1,14,1,4,1,-12.240213,-76.947585,6,5,6,2,6,2,2,0,2022,3,5,1,4,0,0,6639.975,2.0,2,0,1.0,9,31,1616.0,0.6990481232857558,80.14597904142546,74.3851677794309,10.004397644056358,1432.5044292531525,459161.0728051392,7626.313,1683.4029999999998,1599.0829999999996,4343.827000000001,1814.875,5811.438000000001,23.797541485643197,LEVE,2
3,2,10,2,4,1,-13.98487844663524,-75.77287120456951,0,3,7,1,2,2,2,0,2022,3,5,1,7,1,0,6639.975,2.0,2,0,1.0,9,31,1616.0,0.6053164595604621,78.88848309050202,67.63954639531094,9.133324993872453,1064.9426147896202,27932.19700214133,3721.461,698.1859999999996,744.866,2278.409,1102.9029999999996,2618.558,29.636290693359403,LEVE,2
10,1,5,2,3,4,-6.864952,-78.14231,0,4,7,1,2,2,2,0,2022,3,5,1,10,1,2,6543.555,2.0,4,4,1.0,14,33,1198.0,0.4626426475820469,68.55306494378911,65.85969011943656,7.360220599067626,697.1780256934369,29011.38543897216,15935.565011852366,1733.9250000199986,935.692,13265.948011832368,2000.1670000199988,13935.398011832369,12.551591352627522,LEVE,2
6,1,7,0,4,1,-12.641036,-72.910948,0,4,0,1,1,2,2,1,2022,3,5,1,11,1,2,3447.8009999999995,1.0,2,3,0.0,9,12,1109.0,0.4297325556987851,76.15904795703717,58.63823936731875,6.097264629229048,579.625724446144,29458.58458244112,17779.13499998999,2097.3709999899997,2863.123,12818.640999999989,2878.713,14900.421999989989,16.19152450331032,LEVE,2
3,5,3,0,4,1,-16.054261,-71.341154,5,4,0,0,2,0,1,0,2022,3,5,1,16,3,0,1504.4250000000002,2.0,2,0,1.0,7,25,241.0,0.4685280505645348,81.83746865987648,70.74305753660312,6.037751599761188,617.4715908037651,1751.8736616702354,10322.272,1495.236,1749.739,7077.2970000000005,2886.595,7435.677000000001,27.964725207783708,GRAVE_MORTALIDAD,1
0,1,6,2,4,1,-12.041549295628164,-77.12666804475543,0,0,7,1,2,1,1,4,2022,3,5,1,16,3,0,139.23,-1.0,2,0,0.0,9,32,69.0,0.5563774842369664,77.00938809632027,69.10246351364754,8.476961866273152,914.8835608305218,27932.19700214133,51.58600000000001,44.68700000000001,6.899000000000001,0.0,49.838000000000015,1.748,96.61148373589734,LEVE,2
6,1,12,0,4,1,-8.701750045827943,-78.63940710194512,0,4,7,1,2,2,2,0,2022,3,5,1,17,3,0,6543.555,3.0,2,0,1.0,0,30,1475.0,0.4867987483268106,77.5825534369154,52.95148122709723,6.150547060309878,840.5788229266196,9838.736616702356,8931.828000000005,1335.5899999999997,1935.9830000000004,5660.255000000005,1219.309,7712.519000000005,13.651281686122925,LEVE,2
3,2,5,2,4,1,-5.688243548265175,-78.7921113792726,0,0,7,1,2,2,2,0,2022,3,5,1,19,2,2,7758.33400008,2.0,2,0,1.0,9,20,2133.0,0.5803239946829384,74.49544278598792,68.33065356443184,8.733179344969395,1046.078117086984,102362.46895074946,15935.565011852366,1733.9250000199986,935.692,13265.948011832368,2000.1670000199988,13935.398011832369,12.551591352627522,LEVE,2
3,4,13,2,4,1,-6.615792791171574,-79.88478356339581,0,3,7,1,2,2,2,0,2022,3,5,1,20,2,0,1305.18,2.0,2,0,1.0,1,20,163.0,0.5539280527450423,74.69452916859504,66.89728158703436,9.542777400516576,872.5509264417765,79617.09421841543,3459.691,515.0619999999999,689.7280000000001,2254.901,703.3549999999999,2756.336,20.329994788551925,GRAVE_MORTALIDAD,1
3,2,4,0,4,0,-12.9108385135728,-74.2743641286087,2,4,7,1,2,1,0,2,2022,3,6,1,0,0,2,6543.555,2.0,4,4,1.0,14,33,1198.0,0.3536962066911246,75.00393511579166,67.02674454925531,5.385230942389032,353.13887310450355,5434.7570087257,12678.733000000004,1805.074000000001,1774.0339999999994,9099.625000000004,2485.375000000001,10193.358000000002,19.602707936195205,LEVE,2
1,1,7,0,4,1,-13.680533903172822,-71.66163543419401,2,4,0,1,2,1,1,4,2022,3,6,1,1,0,2,7586.903,2.0,2,0,1.0,9,5,1198.0,0.4479676236050441,63.30882145145972,67.24479045772004,7.580797561744292,698.3309065509212,5653.304068522484,17779.13499998999,2097.3709999899997,2863.123,12818.640999999989,2878.713,14900.421999989989,16.19152450331032,LEVE,2
1,1,22,0,4,1,-18.196019,-70.327957,6,5,6,2,6,2,2,0,2022,3,6,1,4,0,0,6639.975,2.0,2,0,1.0,9,31,1616.0,0.6966125262955101,76.67066141771582,75.49195828278967,11.654573086271489,1371.819928142763,74177.24411134903,2650.572,630.6729999999998,487.3610000000001,1532.5379999999998,1068.7019999999998,1581.87,40.31967439480987,LEVE,2
6,1,11,0,4,2,-10.933896050793132,-74.8367159943703,6,5,6,2,6,2,2,0,2022,3,6,1,4,0,2,6543.555,2.0,4,4,1.0,14,33,1198.0,0.4504704361939795,78.21109613042135,53.36127577481231,6.956854509393587,612.1696439943328,61517.46466809421,12264.545,1826.4639999999995,1105.5389999999998,9332.542,1588.5359999999996,10676.009,12.952261987705208,LEVE,2
5,2,14,2,4,2,-11.093917881550526,-77.58225736843556,0,3,7,1,2,2,2,2,2022,3,6,1,5,0,0,6543.555,2.0,4,4,1.0,14,33,1198.0,0.6256541286888256,76.866876725279,74.48686395070398,9.794027812898843,1113.4562244631716,37972.95074946467,7626.313,1683.4029999999998,1599.0829999999996,4343.827000000001,1814.875,5811.438000000001,23.797541485643197,LEVE,2
6,1,20,0,4,1,-15.2713891,-69.8962317,0,4,7,1,2,2,2,6,2022,3,6,1,6,1,2,1762.84,2.0,1,0,0.0,9,32,485.0,0.3120136684565522,74.56643070176949,67.13828218150482,6.277409990126978,231.9912855577296,12390.518201284798,13642.312999999998,2020.7790000000005,2354.117,9267.416999999998,3314.0520000000006,10328.260999999997,24.29244952817019,LEVE,2
6,1,8,0,4,1,-13.41957,-74.95678,4,4,0,0,2,1,1,0,2022,3,6,1,6,1,2,1679.5849999999998,2.0,2,3,1.0,9,24,315.0,0.2997946406100768,72.83003345209801,46.42647217987546,4.997510303405721,292.6881439974165,3327.8779443254816,8511.426,1445.3929999999996,2008.516,5057.516999999999,1879.579,6631.846999999998,22.08300935706896,GRAVE_LESIONADOS,0
3,1,8,0,4,0,-13.00148,-74.764165,6,5,6,2,6,2,2,0,2022,3,6,1,13,3,2,6543.555,2.0,4,4,1.0,14,33,1198.0,0.3648777342527826,72.61386206398959,50.19709555656983,5.638488277525374,444.6393044914551,24733.083511777302,8511.426,1445.3929999999996,2008.516,5057.516999999999,1879.579,6631.846999999998,22.08300935706896,LEVE,2
6,1,3,0,4,3,-16.02584647455192,-73.17319128532293,0,4,2,0,7,2,2,0,2022,3,6,1,14,3,0,6543.555,2.0,4,4,1.0,14,33,1198.0,0.5183905111471736,82.843827832221,63.930606651402016,8.692387452544432,674.4214445160325,7967.207708779443,10322.272,1495.236,1749.739,7077.2970000000005,2886.595,7435.677000000001,27.964725207783708,GRAVE_MORTALIDAD,1
3,2,7,0,4,1,-13.590382682521708,-70.95496693686286,0,4,0,1,2,2,2,1,2022,3,6,1,16,3,2,3263.58,2.0,2,0,1.0,5,18,566.0,0.2049706052549527,63.12869858831351,30.49288384590369,3.8435928225617033,194.4551977882597,4199.537473233405,17779.13499998999,2097.3709999899997,2863.123,12818.640999999989,2878.713,14900.421999989989,16.19152450331032,LEVE,2
1,1,5,2,4,1,-7.46713058,-78.11290494,6,5,6,2,6,2,2,0,2022,3,6,1,16,3,2,9936.932,2.0,2,0,1.0,9,32,3830.0,0.2517980913588912,79.04120044279121,35.01748350135311,3.323753479451267,260.3952910099023,13301.858672376871,15935.565011852366,1733.9250000199986,935.692,13265.948011832368,2000.1670000199988,13935.398011832369,12.551591352627522,LEVE,2
0,1,12,2,3,4,-8.074656,-79.008549,0,3,1,1,2,2,2,2,2022,3,6,1,19,2,0,6543.555,2.0,4,4,1.0,14,33,1198.0,0.5628682280502054,79.35078533424159,59.07369130997599,7.880201475313533,999.8741857239928,209189.32119914345,8931.828000000005,1335.5899999999997,1935.9830000000004,5660.255000000005,1219.309,7712.519000000005,13.651281686122925,LEVE,2
10,1,2,0,4,1,-14.07484338971626,-72.62212003892782,6,5,6,2,6,2,2,0,2022,3,6,1,21,2,2,2176.715,1.0,1,3,0.0,9,32,756.0,0.2485280313372658,61.28941025834994,74.74030594996249,7.199898568265905,152.3514169885068,1481.2805139186296,8358.971,1282.451,1298.0969999999998,5778.423,1432.683,6926.288,17.139466089785454,LEVE,2
2,1,23,0,4,1,-3.914975098119045,-80.88801017523916,7,4,0,0,2,2,2,2,2022,3,0,0,8,1,0,6543.555,3.0,2,0,1.0,0,30,1475.0,0.541317038400816,72.94324989979708,53.43656724071051,7.565486393755631,1085.5161080725888,6440.817708333333,1009.101,138.47399999999996,287.471,583.156,276.972,732.129,27.447401201663663,LEVE,2
3,2,5,0,4,1,-7.195726,-78.368729,0,4,7,1,2,2,2,0,2022,3,0,0,11,1,2,9936.932,2.0,2,0,1.0,9,32,3830.0,0.3658867820676106,77.61736312988027,56.72232982291409,4.846126768330761,429.7048027279435,5469.092077087795,15935.565011852366,1733.9250000199986,935.692,13265.948011832368,2000.1670000199988,13935.398011832369,12.551591352627522,GRAVE_MORTALIDAD,1
0,1,3,0,4,1,-16.410435,-72.055252,0,4,1,1,2,1,0,0,2022,3,0,0,14,3,0,6639.975,2.0,2,0,1.0,9,31,1616.0,0.6084493916639881,75.90495029382188,64.41217540559256,8.260115261366025,1243.986900667714,6382.811563169165,10322.272,1495.236,1749.739,7077.2970000000005,2886.595,7435.677000000001,27.964725207783708,LEVE,2
0,1,14,2,2,4,-11.937831,-77.049489,0,0,7,1,2,2,2,0,2022,3,0,0,14,3,0,6543.555,2.0,4,4,1.0,14,33,1198.0,0.7218926988400113,80.0902077245261,77.9581888264889,10.971588327733102,1458.3206086290393,530000.3426124197,7626.313,1683.4029999999998,1599.0829999999996,4343.827000000001,1814.875,5811.438000000001,23.797541485643197,LEVE,2
3,2,12,0,4,1,-7.150350381087838,-79.4508880048356,0,4,7,1,2,2,2,2,2022,3,0,0,14,3,0,6543.555,3.0,2,0,1.0,0,30,1475.0,0.5114727232493018,78.60606800160349,61.153108160372966,6.422343227671115,862.4189512831092,24701.19700214133,8931.828000000005,1335.5899999999997,1935.9830000000004,5660.255000000005,1219.309,7712.519000000005,13.651281686122925,LEVE,2
6,1,1,0,4,3,-8.903711450122605,-77.56473257769545,2,4,2,0,7,2,2,0,2022,3,0,0,18,2,2,6543.555,2.0,4,4,1.0,14,33,1198.0,0.2806688781857774,69.09723665848658,48.38186812302301,4.903104877031298,263.05741828422674,5701.301927194861,10767.648,1885.0630000000003,1222.721,7659.864000000001,2100.343,8667.305000000002,19.506051832303577,GRAVE_MORTALIDAD,1
0,0,14,2,2,4,-11.900935825697534,-77.03989323217921,0,0,1,1,2,2,2,0,2022,3,0,0,18,2,0,6543.555,2.0,4,4,1.0,14,33,1198.0,0.7218926988400113,80.0902077245261,77.9581888264889,10.971588327733102,1458.3206086290393,530000.3426124197,7626.313,1683.4029999999998,1599.0829999999996,4343.827000000001,1814.875,5811.438000000001,23.797541485643197,LEVE,2
3,2,14,2,4,1,-12.02946,-76.999036,0,0,7,1,2,2,2,0,2022,3,1,0,6,1,0,6543.555,3.0,2,0,1.0,0,30,1475.0,0.6970617810314195,81.40501156526744,73.5715154770137,9.635174408411393,1428.892506292977,203379.9271948608,7626.313,1683.4029999999998,1599.0829999999996,4343.827000000001,1814.875,5811.438000000001,23.797541485643197,LEVE,2
3,2,20,2,4,1,-15.492,-70.144125,7,0,1,1,2,2,2,2,2022,3,1,0,8,1,2,1504.4250000000002,2.0,2,0,1.0,7,25,241.0,0.5759734352119,73.55929462493827,78.89306383943827,10.174966342239475,888.1716010638444,232834.39603082248,13642.312999999998,2020.7790000000005,2354.117,9267.416999999998,3314.0520000000006,10328.260999999997,24.29244952817019,LEVE,2
3,2,10,0,4,1,-13.412786,-76.084959,0,4,0,0,2,2,2,2,2022,3,1,0,9,1,0,1482.81,1.0,1,3,0.0,9,16,270.0,0.6055729655078196,80.58213764502653,70.63839631717828,10.391391352220332,938.9082921830436,66625.16488222699,3721.461,698.1859999999996,744.866,2278.409,1102.9029999999996,2618.558,29.636290693359403,GRAVE_MORTALIDAD,1
3,1,4,2,2,4,-13.14284649,-74.22042649,0,3,7,1,2,1,0,2,2022,3,1,0,14,3,2,6543.555,2.0,4,4,1.0,14,33,1198.0,0.5762473171860396,74.20666393561979,79.40205121246312,10.17052038570618,875.6652261287057,18408.08137044968,12678.733000000004,1805.074000000001,1774.0339999999994,9099.625000000004,2485.375000000001,10193.358000000002,19.602707936195205,LEVE,2
3,1,14,2,2,4,-12.1544186234116,-76.8693337967414,0,0,7,1,2,2,2,2,2022,3,1,0,17,3,0,6543.555,2.0,4,4,1.0,14,33,1198.0,0.6463106547105882,77.51872248135703,70.89234783689217,9.27899743443454,1279.2302833246192,140977.61456102785,7626.313,1683.4029999999998,1599.0829999999996,4343.827000000001,1814.875,5811.438000000001,23.797541485643197,LEVE,2
0,1,12,0,4,1,-8.539943,-78.67644,0,4,7,1,2,2,2,4,2022,3,2,0,0,0,0,6543.555,3.0,2,0,1.0,0,30,1475.0,0.4971504606547645,77.79759708660042,46.44666297237219,6.322206801902116,929.9716106661404,44368.59100642397,8931.828000000005,1335.5899999999997,1935.9830000000004,5660.255000000005,1219.309,7712.519000000005,13.651281686122925,LEVE,2
6,1,10,0,4,1,-13.353544938238636,-76.22172841728349,0,4,7,1,2,2,2,6,2022,3,2,0,1,0,0,6639.975,2.0,2,0,1.0,9,31,1616.0,0.5736744275518083,81.67473861808857,68.1608574885675,9.138785887908334,865.1176766860625,26660.92933618844,3721.461,698.1859999999996,744.866,2278.409,1102.9029999999996,2618.558,29.636290693359403,GRAVE_MORTALIDAD,1
6,1,12,0,4,0,-7.54598524765243,-77.71371781842402,2,4,7,1,7,2,2,2,2022,3,2,0,4,0,0,6543.555,2.0,4,4,1.0,14,33,1198.0,0.214536657372195,82.41615841065922,20.89404464378667,3.7704870423377095,184.3773302103564,3492.2569593147746,8931.828000000005,1335.5899999999997,1935.9830000000004,5660.255000000005,1219.309,7712.519000000005,13.651281686122925,GRAVE_MORTALIDAD,1
3,2,13,2,4,1,-6.723075,-79.892557,0,2,7,1,2,2,2,0,2022,3,2,0,6,1,0,6543.555,3.0,2,0,1.0,0,30,1475.0,0.5539280527450423,74.69452916859504,66.89728158703436,9.542777400516576,872.5509264417765,79617.09421841543,3459.691,515.0619999999999,689.7280000000001,2254.901,703.3549999999999,2756.336,20.329994788551925,LEVE,2
3,2,14,2,4,1,-12.04027,-77.01653,0,2,7,1,2,2,2,0,2022,3,2,0,14,3,0,6543.555,3.0,2,0,1.0,0,30,1475.0,0.7300036506368504,80.21724456394445,75.11639588359114,10.636845733066124,1559.041185521695,156759.78800856532,7626.313,1683.4029999999998,1599.0829999999996,4343.827000000001,1814.875,5811.438000000001,23.797541485643197,LEVE,2
0,1,5,0,4,3,-7.62635833,-78.21360167,6,5,6,2,6,2,2,0,2022,3,2,0,15,3,2,6543.555,2.0,4,4,1.0,14,33,1198.0,0.2948350537014906,77.15212155268404,35.50451291723821,3.7775920646885006,361.8643687343071,26075.62526766595,15935.565011852366,1733.9250000199986,935.692,13265.948011832368,2000.1670000199988,13935.398011832369,12.551591352627522,LEVE,2
6,1,3,0,4,1,-15.62316608,-73.79733259,2,4,5,0,7,2,2,0,2022,3,2,0,16,3,0,1484.11,1.0,1,3,0.0,9,32,216.0,0.4581856714369287,84.05531625961265,38.19659254234247,7.0236712472397125,677.6546113385082,1906.5310492505355,10322.272,1495.236,1749.739,7077.2970000000005,2886.595,7435.677000000001,27.964725207783708,LEVE,2
3,2,20,0,4,0,-14.972485065416162,-70.14978086836956,0,4,0,1,1,2,2,2,2022,3,3,0,6,1,2,6543.555,2.0,4,4,1.0,14,33,1198.0,0.2754344058225869,66.99088569137052,56.06081955993908,5.718402794847079,222.1231925259248,3723.5182012847968,13642.312999999998,2020.7790000000005,2354.117,9267.416999999998,3314.0520000000006,10328.260999999997,24.29244952817019,LEVE,2
6,1,1,0,4,1,-8.268228316316504,-77.99048105842314,0,4,5,0,7,2,2,0,2022,3,3,0,15,3,2,9936.932,2.0,2,0,1.0,9,32,3830.0,0.355183333973533,67.09775811520099,59.828546959297896,5.8097239798981954,418.0007722182975,2114.053533190578,10767.648,1885.0630000000003,1222.721,7659.864000000001,2100.343,8667.305000000002,19.506051832303577,LEVE,2
3,1,20,0,4,2,-15.673126628223365,-69.84928784225646,0,4,7,1,2,2,2,2,2022,3,3,0,18,2,2,6543.555,2.0,4,4,1.0,14,33,1198.0,0.2340843824111472,70.52898898013444,62.87432375980422,4.224552350027807,162.17132958234427,9524.6573875803,13642.312999999998,2020.7790000000005,2354.117,9267.416999999998,3314.0520000000006,10328.260999999997,24.29244952817019,LEVE,2