CLASE SINIESTRO,CANTIDAD DE VEHICULOS DAÑADOS,DEPARTAMENTO,ZONA,TIPO DE VÍA,RED VIAL,COORDENADAS LATITUD,COORDENADAS  LONGITUD,CONDICIÓN CLIMÁTICA,ZONIFICACIÓN,CARACTERÍSTICAS DE VÍA,PERFIL LONGITUDINAL VÍA,SUPERFICIE DE CALZADA,¿EXISTE SEÑAL VERTICAL?,¿EXISTE SEÑAL HORIZONTAL?,CAUSA FACTOR PRINCIPAL,AÑO,MES,DIA_SEMANA,ES_FIN_SEMANA,HORA_NUM,FRANJA_HORARIA,REGION_NATURAL,MTC_RVN_LONGITUD_KM,MTC_RVN_N_CARRILES_MEDIANA,MTC_RVN_SUPERFICIE_DOMINANTE,MTC_RVN_ESTADO_DOMINANTE,MTC_RVN_ES_CONCESIONADA,MTC_RVN_CONCESION_PRINCIPAL,MTC_RVN_CORREDOR_LOGISTICO,MTC_RVN_N_TRAMOS,IDH_2019,IDH_ESP_VIDA_2019,IDH_EDUC_SECUND_PCT_2019,IDH_ANIOS_EDUC_2019,IDH_INGRESO_PERCAP_2019,IDH_POBLACION_2019,MTC_DEP_RED_TOTAL_KM,MTC_DEP_NACIONAL_TOTAL_KM,MTC_DEP_DEPARTAMENTAL_TOTAL_KM,MTC_DEP_VECINAL_TOTAL_KM,MTC_DEP_PAV_TOTAL_KM,MTC_DEP_NO_PAV_TOTAL_KM,MTC_DEP_PCT_PAVIMENTADA,CATEGORIA_SEVERIDAD,CATEGORIA_SEVERIDAD_ENC
5,1,14,2,2,4,-11.949566403461,-77.0858316969476,6,5,6,2,6,2,2,0,2022,3,3,0,20,2,0,6543.555,2.0,4,4,1.0,14,33,1198.0,0.7419979630670723,80.31822295927182,79.00446395716813,11.084203715652809,1554.6868971011318,739416.2413542903,7626.313,1683.4029999999998,1599.0829999999996,4343.827000000001,1814.875,5811.438000000001,23.797541485643197,LEVE,2
6,1,12,0,4,2,-8.460950404191363,-78.85554491169593,0,4,7,1,1,2,2,0,2022,3,3,0,23,2,0,6543.555,2.0,4,4,1.0,14,33,1198.0,0.5051395598219868,77.13285387085847,51.52067479184955,6.715328807318118,900.900383457586,67612.41755888652,8931.828000000005,1335.5899999999997,1935.9830000000004,5660.255000000005,1219.309,7712.519000000005,13.651281686122925,LEVE,2
3,1,14,2,2,4,-11.970962,-76.992302,6,5,6,2,6,2,2,0,2022,3,4,0,2,0,0,6543.555,2.0,4,4,1.0,14,33,1198.0,0.701053025277506,79.62867561460851,73.1469484600971,10.064317505194426,1464.6926161541437,1150285.0494171206,7626.313,1683.4029999999998,1599.0829999999996,4343.827000000001,1814.875,5811.438000000001,23.797541485643197,LEVE,2
6,1,4,0,7,4,-14.168986,-73.57301,0,4,0,0,1,2,2,2,2022,3,4,0,4,0,2,6543.555,2.0,4,4,1.0,14,33,1198.0,0.3245307522372146,74.29668775911921,29.317061269468272,6.169472057283078,376.41883408593634,948.0899357601712,12678.733000000004,1805.074000000001,1774.0339999999994,9099.625000000004,2485.375000000001,10193.358000000002,19.602707936195205,LEVE,2
6,1,12,0,4,3,-7.803343,-78.402325,2,4,0,0,7,2,2,6,2022,3,4,0,9,1,0,6543.555,2.0,4,4,1.0,14,33,1198.0,0.1883083184611077,75.93360618381381,28.79507521744373,3.260895439511201,147.65429669929867,24235.73233404711,8931.828000000005,1335.5899999999997,1935.9830000000004,5660.255000000005,1219.309,7712.519000000005,13.651281686122925,GRAVE_LESIONADOS,0
3,2,7,0,4,1,-14.020605855797989,-71.45716071152206,2,4,7,1,2,1,0,2,2022,3,4,0,10,1,2,7586.903,2.0,2,0,1.0,9,5,1198.0,0.3409107564841972,74.2782790389362,69.85088681249269,5.816184127144114,302.53841952167744,4833.456102783726,17779.13499998999,2097.3709999899997,2863.123,12818.640999999989,2878.713,14900.421999989989,16.19152450331032,GRAVE_LESIONADOS,0
3,2,20,0,4,0,-14.361764812056052,-69.82151095208351,0,4,7,1,2,2,2,2,2022,3,4,0,18,2,2,6543.555,2.0,4,4,1.0,14,33,1198.0,0.3798276108256661,68.84580694362505,77.07589080107745,6.406956319418527,404.6387989593952,8968.678800856529,13642.312999999998,2020.7790000000005,2354.117,9267.416999999998,3314.0520000000006,10328.260999999997,24.29244952817019,GRAVE_LESIONADOS,0
0,1,14,2,2,4,-12.057647,-77.067668,0,4,7,1,2,2,2,0,2022,3,4,0,19,2,0,6543.555,2.0,4,4,1.0,14,33,1198.0,0.7646845961658533,80.23682119426338,77.96082737891015,12.014176158371615,1633.787715186093,250806.0877944326,7626.313,1683.4029999999998,1599.0829999999996,4343.827000000001,1814.875,5811.438000000001,23.797541485643197,LEVE,2
3,1,1,0,4,1,-10.203143,-78.050151,0,4,7,1,2,2,2,0,2022,3,5,1,0,0,2,6543.555,3.0,2,0,1.0,0,30,1475.0,0.594329796273136,79.51274210494626,67.23963656911357,9.093808711905876,1004.1856289962402,25729.80728051392,10767.648,1885.0630000000003,1222.721,7659.864000000001,2100.343,8667.305000000002,19.506051832303577,LEVE,2
1,1,21,0,4,1,-6.14327275397964,-76.2690696093467,6,5,6,2,6,2,2,0,2022,3,5,1,2,0,1,631.88,2.0,2,0,1.0,1,20,65.0,0.3665777639444328,70.42517509177479,35.14149888486565,5.3170877351714,578.6411816323407,8289.20556745182,5645.136,815.0759999999999,965.298,3864.762,1013.406,4631.73,17.95184385283189,LEVE,2
0,1,4,2,4,0,-13.05425248,-73.95491305,0,4,7,1,2,1,0,2,2022,3,5,1,3,0,2,6543.555,2.0,4,4,1.0,14,33,1198.0,0.3320448174461976,76.07070288737705,65.35337614512109,4.851250736000548,317.916102761766,9097.079229122057,12678.733000000004,1805.074000000001,1774.0339999999994,9099.625000000004,2485.375000000001,10193.358000000002,19.602707936195205,LEVE,2
6,2,3,2,2,4,-16.61005310771141,-72.70527483355946,0,4,7,1,2,2,2,0,2022,3,5,1,6,1,0,6543.555,2.0,4,4,1.0,14,33,1198.0,0.6438160463426852,84.71218617950387,69.3595667037428,8.966372569949256,1152.2024707992498,16526.967880085653,10322.272,1495.236,1749.739,7077.2970000000005,2886.595,7435.677000000001,27.964725207783708,LEVE,2
10,1,2,0,2,4,-14.078797918383271,-72.62581486234875,6,5,6,2,6,2,2,0,2022,3,5,1,7,1,2,6543.555,2.0,4,4,1.0,14,33,1198.0,0.4265243541762176,61.6180659643794,83.5148492061426,9.42316113768585,503.0573237070407,1309.5952890792291,8358.971,1282.451,1298.0969999999998,5778.423,1432.683,6926.288,17.139466089785454,LEVE,2
0,1,1,2,2,4,-9.074472820484136,-78.57626927976929,0,0,1,1,2,2,2,0,2022,3,5,1,8,1,2,6543.555,2.0,4,4,1.0,14,33,1198.0,0.6138280897610826,78.84695742989106,71.99259200326753,9.438855747011283,1055.78291711923,196830.83083511775,10767.648,1885.0630000000003,1222.721,7659.864000000001,2100.343,8667.305000000002,19.506051832303577,LEVE,2
3,2,9,0,4,1,-9.149739,-75.988285,5,4,0,1,2,1,0,2,2022,3,5,1,15,3,2,7758.33400008,2.0,2,0,1.0,9,20,2133.0,0.4184171487202614,72.18805630075194,51.97959729207806,5.109504197253802,694.6457382215672,4014.4925778067222,8209.057,1333.4779999999996,791.9770000000001,6083.602,1059.8589999999997,7149.198,12.910849565303296,LEVE,2
3,2,19,2,3,4,-5.380902,-80.761395,0,0,7,1,1,2,2,0,2022,3,5,1,19,2,0,6543.555,2.0,4,4,1.0,14,33,1198.0,0.4687740488762445,76.40259786416358,62.39999678810319,6.714528273892864,672.8003583579583,43346.27408993576,8965.846000060003,1782.4120000599992,636.9959999999999,6546.438000000004,2214.505000059999,6751.341000000004,24.699342371541725,LEVE,2
0,1,3,0,4,1,-16.998379,-72.062978,0,4,7,0,2,0,1,0,2022,3,6,1,3,0,0,1926.94,2.0,2,0,1.0,9,32,393.0,0.5784035125051519,74.737535639558,71.5667957422958,10.005034846291316,929.7976738409852,7264.014989293362,10322.272,1495.236,1749.739,7077.2970000000005,2886.595,7435.677000000001,27.964725207783708,LEVE,2
5,2,3,2,3,4,-16.397815544469076,-71.53264756050224,0,3,7,1,2,2,2,0,2022,3,6,1,4,0,0,6543.555,2.0,4,4,1.0,14,33,1198.0,0.7621671359922388,78.82549845032362,81.65077117756084,13.192212326676357,1538.109987002949,42333.23340471092,10322.272,1495.236,1749.739,7077.2970000000005,2886.595,7435.677000000001,27.964725207783708,LEVE,2
1,1,10,2,3,4,-13.679180967830352,-76.15231400319837,0,3,1,1,2,2,2,0,2022,3,6,1,4,0,0,6543.555,2.0,4,4,1.0,14,33,1198.0,0.5723734005661165,76.14778354007997,72.53650205141851,9.107715991741182,922.4721268572972,24272.76659528908,3721.461,698.1859999999996,744.866,2278.409,1102.9029999999996,2618.558,29.636290693359403,LEVE,2
1,1,10,0,4,1,-13.930563763669994,-75.93926083155701,0,4,7,1,2,2,2,0,2022,3,6,1,5,0,0,6639.975,2.0,2,0,1.0,9,31,1616.0,0.6053164595604621,78.88848309050202,67.63954639531094,9.133324993872453,1064.9426147896202,27932.19700214133,3721.461,698.1859999999996,744.866,2278.409,1102.9029999999996,2618.558,29.636290693359403,LEVE,2
3,1,16,1,4,2,-12.760173,-69.566378,6,5,6,2,6,2,2,0,2022,3,6,1,6,1,1,6543.555,2.0,4,4,1.0,14,33,1198.0,0.5306879228968285,75.21455641083696,61.3535047815888,7.418086077409707,928.48331283152,4575.10920770878,2090.391,399.431,340.021,1350.9389999999996,493.824,1596.5669999999996,23.62352306338862,LEVE,2
3,1,14,0,4,1,-11.002744,-77.617208,0,4,1,1,2,1,0,2,2022,3,6,1,7,1,0,6543.555,3.0,2,0,1.0,0,30,1475.0,0.6058977644686256,75.86009868534626,65.24867654925505,8.328201694517173,1216.0018080234922,26242.524625267662,7626.313,1683.4029999999998,1599.0829999999996,4343.827000000001,1814.875,5811.438000000001,23.797541485643197,GRAVE_MORTALIDAD,1
0,1,14,2,2,4,-11.9927389,-77.0108661,6,5,6,2,6,2,2,0,2022,3,6,1,11,1,0,6543.555,2.0,4,4,1.0,14,33,1198.0,0.701053025277506,79.62867561460851,73.1469484600971,10.064317505194426,1464.6926161541437,1150285.0494171206,7626.313,1683.4029999999998,1599.0829999999996,4343.827000000001,1814.875,5811.438000000001,23.797541485643197,LEVE,2
6,1,14,0,4,1,-11.13827,-77.202376,0,4,0,1,2,1,0,2,2022,3,6,1,14,3,0,1422.177,2.0,2,0,0.0,9,19,698.0,0.625259356790912,76.00710856837651,64.39893010534446,7.928807895834627,1379.4198272918734,24684.304068522484,7626.313,1683.4029999999998,1599.0829999999996,4343.827000000001,1814.875,5811.438000000001,23.797541485643197,LEVE,2
7,1,12,0,4,0,-7.697309,-77.66172,2,4,7,1,7,2,2,5,2022,3,6,1,16,3,0,6543.555,2.0,4,4,1.0,14,33,1198.0,0.4686292122960986,72.39347765706144,42.14285241633188,6.687776775372348,878.2652317159998,9440.374732334049,8931.828000000005,1335.5899999999997,1935.9830000000004,5660.255000000005,1219.309,7712.519000000005,13.651281686122925,GRAVE_MORTALIDAD,1
6,1,5,0,4,2,-7.07082,-78.782245,5,4,0,1,7,2,2,0,2022,3,6,1,18,2,2,6543.555,2.0,4,4,1.0,14,33,1198.0,0.3334181514351879,65.70103407075928,46.92785453731552,5.377079435778443,426.7373479842607,11921.895074946468,15935.565011852366,1733.9250000199986,935.692,13265.948011832368,2000.1670000199988,13935.398011832369,12.551591352627522,GRAVE_LESIONADOS,0
10,1,2,0,4,0,-14.3879087256472,-72.8574167010493,6,5,6,2,6,2,2,0,2022,3,6,1,18,2,2,6543.555,2.0,4,4,1.0,14,33,1198.0,0.3187913318835241,54.2987924038521,38.12162709530855,6.754383854706028,483.4371645310488,2702.629550321199,8358.971,1282.451,1298.0969999999998,5778.423,1432.683,6926.288,17.139466089785454,LEVE,2
6,1,7,0,4,3,-14.12253511866947,-71.4743294606795,0,4,7,1,2,2,2,2,2022,3,6,1,19,2,2,6543.555,2.0,4,4,1.0,14,33,1198.0,0.2362499849365727,56.84947393215996,62.32780725650673,5.743110713119207,182.18550475203295,1790.2997858672377,17779.13499998999,2097.3709999899997,2863.123,12818.640999999989,2878.713,14900.421999989989,16.19152450331032,LEVE,2
3,1,11,2,4,1,-11.247796338571344,-74.63722939014922,6,5,6,2,6,2,2,0,2022,3,6,1,21,2,2,1040.6349999999998,1.0,1,2,0.0,9,32,141.0,0.5055535147670205,71.64834806655777,59.71661057761873,8.330220329942271,816.7465751821994,42934.03211991434,12264.545,1826.4639999999995,1105.5389999999998,9332.542,1588.5359999999996,10676.009,12.952261987705208,LEVE,2
3,1,5,0,4,1,-6.059592,-79.075479,0,4,7,1,2,0,1,0,2022,3,6,1,23,2,2,9936.932,2.0,2,0,1.0,9,32,3830.0,0.5089064260692896,75.49593859459377,56.74492330977312,6.743539171475742,903.5347616610204,6985.957173447538,15935.565011852366,1733.9250000199986,935.692,13265.948011832368,2000.1670000199988,13935.398011832369,12.551591352627522,LEVE,2
3,1,1,0,4,1,-9.457931,-78.33327,0,4,7,1,2,2,2,0,2022,3,0,0,3,0,2,6543.555,3.0,2,0,1.0,0,30,1475.0,0.5873460606982213,78.04758132038613,65.8701248560095,8.596987164492063,1041.0659985770535,35482.29764453961,10767.648,1885.0630000000003,1222.721,7659.864000000001,2100.343,8667.305000000002,19.506051832303577,LEVE,2
3,2,9,0,4,1,-9.443862,-75.973997,5,4,0,1,2,1,0,2,2022,3,0,0,4,0,2,693.175,2.0,2,3,0.0,9,10,249.0,0.3514165953877426,72.32913425621899,38.30075589942594,4.884885065227305,505.1402346806649,9590.61670235546,8209.057,1333.4779999999996,791.9770000000001,6083.602,1059.8589999999997,7149.198,12.910849565303296,GRAVE_MORTALIDAD,1
3,2,3,2,4,0,-16.362057,-71.624069,0,0,7,1,2,2,2,0,2022,3,0,0,5,0,0,6543.555,2.0,4,4,1.0,14,33,1198.0,0.6411767862503931,77.2408324916572,78.204125011303,10.595705083047717,1107.223861768016,193412.3169164882,10322.272,1495.236,1749.739,7077.2970000000005,2886.595,7435.677000000001,27.964725207783708,LEVE,2
1,1,9,2,4,1,-10.010606,-76.236774,0,4,7,1,2,2,2,4,2022,3,0,0,6,1,2,9936.932,2.0,2,0,1.0,9,32,3830.0,0.6216164930359083,73.83445245401661,82.32001856648495,9.834238570262777,1100.9295903910202,39141.07922912206,8209.057,1333.4779999999996,791.9770000000001,6083.602,1059.8589999999997,7149.198,12.910849565303296,LEVE,2
3,2,5,0,4,1,-7.2774845,-78.52642799,4,4,7,0,2,0,1,0,2022,3,0,0,6,1,2,887.28,2.0,2,0,1.0,8,17,155.0,0.2871763458712909,71.92284374528238,38.46051957702505,4.470383362620207,312.57454505408714,4874.023554603855,15935.565011852366,1733.9250000199986,935.692,13265.948011832368,2000.1670000199988,13935.398011832369,12.551591352627522,GRAVE_MORTALIDAD,1
3,2,19,0,4,1,-5.34912333203378,-80.0677052977847,0,4,7,1,2,2,2,1,2022,3,0,0,6,1,0,1305.18,2.0,2,0,1.0,1,20,163.0,0.3893523155396837,73.6911779276771,49.78375684989758,4.513910151215105,616.2310203311459,12720.513918629553,8965.846000060003,1782.4120000599992,636.9959999999999,6546.438000000004,2214.505000059999,6751.341000000004,24.699342371541725,LEVE,2
3,3,1,2,4,1,-9.09944219246969,-78.56271890109753,0,0,1,1,2,2,2,2,2022,3,0,0,9,1,2,6543.555,3.0,2,0,1.0,0,30,1475.0,0.6138280897610826,78.84695742989106,71.99259200326753,9.438855747011283,1055.78291711923,196830.83083511775,10767.648,1885.0630000000003,1222.721,7659.864000000001,2100.343,8667.305000000002,19.506051832303577,GRAVE_MORTALIDAD,1
6,1,2,0,4,1,-14.4620480456075,-73.2359517232308,6,5,6,2,6,2,2,0,2022,3,0,0,10,1,2,2238.6850000000004,2.0,2,0,1.0,4,27,115.0,0.3664074671664916,64.98461839600242,49.21626723104894,6.514538355458617,485.1304734113088,4508.062098501071,8358.971,1282.451,1298.0969999999998,5778.423,1432.683,6926.288,17.139466089785454,LEVE,2
6,1,14,0,4,1,-11.26035498474348,-76.74175576376878,0,4,0,1,1,1,0,2,2022,3,0,0,15,3,0,782.3000000000001,-1.0,0,0,1.0,9,15,161.0,0.5316885753143136,77.00205758239869,68.09653252409606,7.190703749804558,875.7726425203539,281.14561027837294,7626.313,1683.4029999999998,1599.0829999999996,4343.827000000001,1814.875,5811.438000000001,23.797541485643197,GRAVE_MORTALIDAD,1
0,1,15,2,2,4,-3.7649589,-73.2590273,6,5,6,2,6,2,2,0,2022,3,0,0,17,3,1,6543.555,2.0,4,4,1.0,14,33,1198.0,0.529795353544325,72.41445562653223,53.44391779748307,8.289281910927794,973.5956743426708,73191.91006423984,1095.5949999999998,128.87099999999998,320.74700000000007,645.9769999999999,274.214,821.381,25.02877431897737,LEVE,2
3,2,19,2,4,1,-5.178503,-80.666686,0,0,7,1,2,2,2,2,2022,3,0,0,21,2,0,6543.555,3.0,2,0,1.0,0,30,1475.0,0.5997462042553465,78.40793944726823,72.26811532412637,9.714064362322326,976.3169831713308,183875.0,8965.846000060003,1782.4120000599992,636.9959999999999,6546.438000000004,2214.505000059999,6751.341000000004,24.699342371541725,LEVE,2
7,1,1,2,7,4,-9.52967998407476,-77.53063566634897,0,0,1,0,4,1,1,6,2022,3,1,0,12,3,2,6543.555,2.0,4,4,1.0,14,33,1198.0,0.6030793015789164,74.32152956359432,74.04555490947676,10.264927494866978,1025.0063083434895,64284.002141327626,10767.648,1885.0630000000003,1222.721,7659.864000000001,2100.343,8667.305000000002,19.506051832303577,LEVE,2
0,1,14,2,4,2,-11.9255698497521,-76.9636556981117,6,5,6,2,6,2,2,0,2022,3,1,0,23,2,0,6543.555,2.0,4,4,1.0,14,33,1198.0,0.701053025277506,79.62867561460851,73.1469484600971,10.064317505194426,1464.6926161541437,1150285.0494171206,7626.313,1683.4029999999998,1599.0829999999996,4343.827000000001,1814.875,5811.438000000001,23.797541485643197,LEVE,2
6,1,14,2,7,4,-12.108192,-77.058571,6,5,6,2,6,2,2,0,2022,3,2,0,1,0,0,6543.555,2.0,4,4,1.0,14,33,1198.0,0.7888324174847985,80.35414029442592,78.47021861578261,13.858205769646707,1641.6552926623544,53212.44111349037,7626.313,1683.4029999999998,1599.0829999999996,4343.827000000001,1814.875,5811.438000000001,23.797541485643197,LEVE,2
3,1,4,0,4,1,-12.928738,-74.267617,0,4,0,1,2,2,2,2,2022,3,2,0,6,1,2,7586.903,2.0,2,0,1.0,9,5,1198.0,0.4493406382074752,74.14434204360414,69.22696974128239,7.465486734942583,554.5288150874046,45975.54773927236,12678.733000000004,1805.074000000001,1774.0339999999994,9099.625000000004,2485.375000000001,10193.358000000002,19.602707936195205,LEVE,2
3,2,3,0,4,1,-15.865493,-71.130546,0,4,0,1,2,0,1,0,2022,3,2,0,6,1,0,1504.4250000000002,2.0,2,0,1.0,7,25,241.0,0.4498224071382834,81.63336343193146,58.84842497065013,5.774685730039019,620.6584683449911,1358.612419700214,10322.272,1495.236,1749.739,7077.2970000000005,2886.595,7435.677000000001,27.964725207783708,GRAVE_LESIONADOS,0
0,1,18,2,4,1,-10.574368742497535,-75.40626162704564,6,5,6,2,6,2,2,0,2022,3,2,0,11,1,2,1235.3850000000002,2.0,1,3,0.0,9,32,457.0,0.5341944882701687,69.42667706266779,61.26537181312355,9.054664491279595,942.0902951310848,15116.044967880083,3677.119863,564.5869999999999,910.845,2201.687863000001,590.8779999999998,3086.2418630000006,16.06904376290656,LEVE,2
3,2,13,0,4,3,-6.464714,-79.736062,0,4,7,1,2,2,2,0,2022,3,2,0,18,2,0,6543.555,2.0,4,4,1.0,14,33,1198.0,0.4223480801354451,69.21333797191475,54.90787428957437,6.076241918149045,654.7580359381622,22806.316916488224,3459.691,515.0619999999999,689.7280000000001,2254.901,703.3549999999999,2756.336,20.329994788551925,LEVE,2
6,1,12,0,4,3,-7.722098291763188,-77.90409563007718,2,4,7,1,7,2,2,2,2022,3,2,0,18,2,0,6543.555,2.0,4,4,1.0,14,33,1198.0,0.1405167107902591,78.51359748127314,37.10104254570508,2.208230316135842,109.24828744554304,13896.82226980728,8931.828000000005,1335.5899999999997,1935.9830000000004,5660.255000000005,1219.309,7712.519000000005,13.651281686122925,GRAVE_LESIONADOS,0
3,2,13,0,4,1,-6.780738,-79.775901,0,4,0,1,2,2,2,0,2022,3,2,0,18,2,0,919.085,2.0,2,3,0.0,9,7,218.0,0.5620975674023033,82.12463805178847,66.61876166359768,8.699915557104742,843.1720684546592,25484.141327623125,3459.691,515.0619999999999,689.7280000000001,2254.901,703.3549999999999,2756.336,20.329994788551925,LEVE,2
1,1,22,0,4,1,-18.299647,-70.315496,6,5,6,2,6,2,2,0,2022,3,2,0,19,2,0,6639.975,2.0,2,0,1.0,9,31,1616.0,0.6966125262955101,76.67066141771582,75.49195828278967,11.654573086271489,1371.819928142763,74177.24411134903,2650.572,630.6729999999998,487.3610000000001,1532.5379999999998,1068.7019999999998,1581.87,40.31967439480987,LEVE,2
6,1,19,2,4,0,-5.188331619680699,-80.60983030723118,0,0,7,1,2,2,2,6,2022,3,3,0,5,0,0,6543.555,2.0,4,4,1.0,14,33,1198.0,0.6220812987247925,80.20155828147696,72.71675503872983,10.02377668600292,1028.915688621886,159840.92719486082,8965.846000060003,1782.4120000599992,636.9959999999999,6546.438000000004,2214.505000059999,6751.341000000004,24.699342371541725,LEVE,2
1,1,13,0,4,1,-6.927695,-79.74143,0,4,7,1,2,2,2,0,2022,3,3,0,5,0,0,6543.555,3.0,2,0,1.0,0,30,1475.0,0.5328313946151968,80.14557682903842,69.10246351364754,7.779461377421685,787.1306410578989,10221.605995717344,3459.691,515.0619999999999,689.7280000000001,2254.901,703.3549999999999,2756.336,20.329994788551925,LEVE,2
3,2,21,0,4,1,-6.045425,-77.016127,0,4,0,1,2,2,2,2,2022,3,3,0,9,1,1,7758.33400008,2.0,2,0,1.0,9,20,2133.0,0.5294800468051228,72.46713251445857,60.50982579904599,7.757161651692042,952.984823255978,86435.21199143468,5645.136,815.0759999999999,965.298,3864.762,1013.406,4631.73,17.95184385283189,LEVE,2
3,2,12,0,4,0,-7.8806646233416435,-79.21294547432167,0,4,7,1,2,2,2,2,2022,3,3,0,13,3,0,6543.555,2.0,4,4,1.0,14,33,1198.0,0.6175807721294785,78.68058667122713,72.13823415758,9.27691307330927,1088.0099421422665,19535.08137044968,8931.828000000005,1335.5899999999997,1935.9830000000004,5660.255000000005,1219.309,7712.519000000005,13.651281686122925,GRAVE_LESIONADOS,0
6,1,19,0,4,1,-4.221164057682058,-81.16719623639703,0,4,0,0,2,1,0,2,2022,3,3,0,18,2,0,6543.555,3.0,2,0,1.0,0,30,1475.0,0.5629465606615759,77.76254735473564,66.54760879709113,9.026755648979854,894.3106392789007,9569.768736616705,8965.846000060003,1782.4120000599992,636.9959999999999,6546.438000000004,2214.505000059999,6751.341000000004,24.699342371541725,LEVE,2
10,1,7,0,4,2,-13.555421,-72.021903,0,4,0,1,1,2,2,2,2022,3,4,0,12,3,2,6543.555,2.0,4,4,1.0,14,33,1198.0,0.659083927657813,75.61465237849653,81.09709385188002,11.294406746128049,1171.1134172238742,122604.71092077089,17779.13499998999,2097.3709999899997,2863.123,12818.640999999989,2878.713,14900.421999989989,16.19152450331032,GRAVE_LESIONADOS,0
6,1,9,0,4,3,-9.919618,-76.176757,0,4,7,1,7,2,2,2,2022,3,4,0,15,3,2,6543.555,2.0,4,4,1.0,14,33,1198.0,0.6180444460983137,74.03039022888252,77.03642562714263,10.109576076622472,1095.6415212894094,74635.5374732334,8209.057,1333.4779999999996,791.9770000000001,6083.602,1059.8589999999997,7149.198,12.910849565303296,LEVE,2
6,1,20,0,4,1,-15.31287060453219,-69.5469975128075,0,4,7,1,2,2,2,2,2022,3,4,0,15,3,2,462.042,2.0,2,0,0.0,9,32,189.0,0.3001792084708839,72.05478568984886,64.25907503093477,5.359610293608567,246.82728934360597,11752.51391862955,13642.312999999998,2020.7790000000005,2354.117,9267.416999999998,3314.0520000000006,10328.260999999997,24.29244952817019,LEVE,2
3,2,12,0,4,1,-7.123959,-79.482107,0,4,7,1,2,2,2,2,2022,3,4,0,17,3,0,6543.555,3.0,2,0,1.0,0,30,1475.0,0.5114727232493018,78.60606800160349,61.153108160372966,6.422343227671115,862.4189512831092,24701.19700214133,8931.828000000005,1335.5899999999997,1935.9830000000004,5660.255000000005,1219.309,7712.519000000005,13.651281686122925,GRAVE_LESIONADOS,0
0,1,14,2,4,0,-11.066938,-77.598471,0,3,7,1,2,2,2,2,2022,3,4,0,18,2,0,6543.555,2.0,4,4,1.0,14,33,1198.0,0.644332113046051,78.61218205687396,70.04798203155518,8.919818005352203,1280.219555520582,36044.03426124197,7626.313,1683.4029999999998,1599.0829999999996,4343.827000000001,1814.875,5811.438000000001,23.797541485643197,LEVE,2
3,1,14,2,2,4,-11.897196,-77.029915,6,5,6,2,6,2,2,0,2022,3,4,0,21,2,0,6543.555,2.0,4,4,1.0,14,33,1198.0,0.6498693508177541,78.84967382596041,74.11456675539837,9.21786785255454,1246.479589064551,356854.23554603854,7626.313,1683.4029999999998,1599.0829999999996,4343.827000000001,1814.875,5811.438000000001,23.797541485643197,LEVE,2
3,2,19,2,4,0,-4.906676289439571,-80.7149380373635,0,4,7,1,2,2,2,2,2022,3,4,0,22,2,0,6543.555,2.0,4,4,1.0,14,33,1198.0,0.5657000696312142,79.93504063107561,71.14438533384025,9.31841991972829,829.1233898514824,181599.8115631692,8965.846000060003,1782.4120000599992,636.9959999999999,6546.438000000004,2214.505000059999,6751.341000000004,24.699342371541725,LEVE,2
3,1,5,2,4,1,-6.381019,-78.813507,6,5,6,2,6,2,2,0,2022,3,4,0,22,2,2,9936.932,2.0,2,0,1.0,9,32,3830.0,0.3988811935496497,76.27795285736048,52.72074369701245,5.402568072747514,535.5131446860119,52449.71734475375,15935.565011852366,1733.9250000199986,935.692,13265.948011832368,2000.1670000199988,13935.398011832369,12.551591352627522,LEVE,2
3,1,11,2,6,4,-11.258276821799369,-74.63794284265961,6,5,6,2,6,2,2,0,2022,3,5,1,17,3,2,6543.555,2.0,4,4,1.0,14,33,1198.0,0.5055535147670205,71.64834806655777,59.71661057761873,8.330220329942271,816.7465751821994,42934.03211991434,12264.545,1826.4639999999995,1105.5389999999998,9332.542,1588.5359999999996,10676.009,12.952261987705208,LEVE,2
3,2,20,0,4,1,-16.134248643016267,-70.04472892880808,0,4,7,1,2,0,1,2,2022,3,5,1,18,2,2,779.525,2.0,2,0,1.0,7,26,163.0,0.3279226888241855,68.17036545870775,72.54908010508095,6.085205709416528,293.1898870593515,5184.3083511777295,13642.312999999998,2020.7790000000005,2354.117,9267.416999999998,3314.0520000000006,10328.260999999997,24.29244952817019,LEVE,2
1,0,20,0,4,1,-14.9063508,-70.5833486,0,4,7,1,2,2,2,2,2022,3,5,1,20,2,2,7586.903,2.0,2,0,1.0,9,5,1198.0,0.5324613279457675,72.39987766754832,76.2817294955702,8.981479623970959,793.3716794826516,21194.194860813703,13642.312999999998,2020.7790000000005,2354.117,9267.416999999998,3314.0520000000006,10328.260999999997,24.29244952817019,LEVE,2
6,1,20,0,4,0,-14.861094,-70.083645,0,4,7,1,2,2,2,1,2022,3,5,1,22,2,2,6543.555,2.0,4,4,1.0,14,33,1198.0,0.4384088880022875,66.28408395269946,71.45267205250292,8.282733608109961,563.5418969725097,28239.627408993576,13642.312999999998,2020.7790000000005,2354.117,9267.416999999998,3314.0520000000006,10328.260999999997,24.29244952817019,LEVE,2