CLASE SINIESTRO,CANTIDAD DE VEHICULOS DAÑADOS,DEPARTAMENTO,ZONA,TIPO DE VÍA,RED VIAL,COORDENADAS LATITUD,COORDENADAS  LONGITUD,CONDICIÓN CLIMÁTICA,ZONIFICACIÓN,CARACTERÍSTICAS DE VÍA,PERFIL LONGITUDINAL VÍA,SUPERFICIE DE CALZADA,¿EXISTE SEÑAL VERTICAL?,¿EXISTE SEÑAL HORIZONTAL?,CAUSA FACTOR PRINCIPAL,AÑO,MES,DIA_SEMANA,ES_FIN_SEMANA,HORA_NUM,FRANJA_HORARIA,REGION_NATURAL,MTC_RVN_LONGITUD_KM,MTC_RVN_N_CARRILES_MEDIANA,MTC_RVN_SUPERFICIE_DOMINANTE,MTC_RVN_ESTADO_DOMINANTE,MTC_RVN_ES_CONCESIONADA,MTC_RVN_CONCESION_PRINCIPAL,MTC_RVN_CORREDOR_LOGISTICO,MTC_RVN_N_TRAMOS,IDH_2019,IDH_ESP_VIDA_2019,IDH_EDUC_SECUND_PCT_2019,IDH_ANIOS_EDUC_2019,IDH_INGRESO_PERCAP_2019,IDH_POBLACION_2019,MTC_DEP_RED_TOTAL_KM,MTC_DEP_NACIONAL_TOTAL_KM,MTC_DEP_DEPARTAMENTAL_TOTAL_KM,MTC_DEP_VECINAL_TOTAL_KM,MTC_DEP_PAV_TOTAL_KM,MTC_DEP_NO_PAV_TOTAL_KM,MTC_DEP_PCT_PAVIMENTADA,CATEGORIA_SEVERIDAD,CATEGORIA_SEVERIDAD_ENC
3,2,14,0,4,1,-11.002965,-77.617296,0,4,7,1,2,1,0,2,2022,3,6,1,1,0,0,6543.555,3.0,2,0,1.0,0,30,1475.0,0.6058977644686256,75.86009868534626,65.24867654925505,8.328201694517173,1216.0018080234922,26242.524625267662,7626.313,1683.4029999999998,1599.0829999999996,4343.827000000001,1814.875,5811.438000000001,23.797541485643197,LEVE,2
6,1,11,0,4,1,-12.0298718,-75.2663292,0,4,7,1,2,2,2,2,2022,3,6,1,2,0,2,196.88,2.0,2,0,1.0,3,32,35.0,0.5285636336071157,73.42501182291251,72.99402084998901,8.480900339546155,804.6146188752779,13113.002141327624,12264.545,1826.4639999999995,1105.5389999999998,9332.542,1588.5359999999996,10676.009,12.952261987705208,LEVE,2
6,1,19,2,2,4,-5.175705,-80.691057,0,4,7,0,2,2,2,2,2022,3,6,1,2,0,0,6543.555,2.0,4,4,1.0,14,33,1198.0,0.5997462042553465,78.40793944726823,72.26811532412637,9.714064362322326,976.3169831713308,183875.0,8965.846000060003,1782.4120000599992,636.9959999999999,6546.438000000004,2214.505000059999,6751.341000000004,24.699342371541725,LEVE,2
6,1,14,2,4,1,-12.0101,-76.8703,6,5,6,2,6,2,2,0,2022,3,6,1,2,0,0,875.67,2.0,2,0,1.0,3,14,156.0,0.6868549636939637,79.62363164345142,76.30894566128948,9.209137883551294,1425.4498631666322,684921.8484148846,7626.313,1683.4029999999998,1599.0829999999996,4343.827000000001,1814.875,5811.438000000001,23.797541485643197,GRAVE_MORTALIDAD,1
10,1,2,0,4,1,-14.052714002905486,-72.76267135628318,6,5,6,2,6,2,2,0,2022,3,6,1,3,0,2,2176.715,1.0,1,3,0.0,9,32,756.0,0.4082419425129512,62.16247406267834,69.9099073164565,7.740376071033257,535.7076875431198,4718.406852248394,8358.971,1282.451,1298.0969999999998,5778.423,1432.683,6926.288,17.139466089785454,LEVE,2
3,2,12,0,4,1,-8.388479,-78.851144,0,4,7,1,2,2,2,2,2022,3,6,1,3,0,0,6543.555,3.0,2,0,1.0,0,30,1475.0,0.5051395598219868,77.13285387085847,51.52067479184955,6.715328807318118,900.900383457586,67612.41755888652,8931.828000000005,1335.5899999999997,1935.9830000000004,5660.255000000005,1219.309,7712.519000000005,13.651281686122925,LEVE,2
6,1,22,0,4,2,-17.598172,-70.722395,0,4,7,1,2,2,2,2,2022,3,6,1,3,0,0,6543.555,2.0,4,4,1.0,14,33,1198.0,0.5808930026895661,73.37135799124349,71.93408096666538,9.168656032350269,1015.959346788436,2847.875802997859,2650.572,630.6729999999998,487.3610000000001,1532.5379999999998,1068.7019999999998,1581.87,40.31967439480987,LEVE,2
3,2,22,0,4,1,-17.981974,-70.280788,4,4,7,1,2,1,1,2,2022,3,6,1,5,0,0,6639.975,2.0,2,0,1.0,9,31,1616.0,0.6966125262955101,76.67066141771582,75.49195828278967,11.654573086271489,1371.819928142763,74177.24411134903,2650.572,630.6729999999998,487.3610000000001,1532.5379999999998,1068.7019999999998,1581.87,40.31967439480987,LEVE,2
6,1,3,0,4,0,-15.65131,-71.640565,0,4,0,0,2,0,1,0,2022,3,6,1,14,3,0,6543.555,2.0,4,4,1.0,14,33,1198.0,0.5325761945469989,81.34951653829121,50.97523181639888,6.867251361766504,964.6116839691138,2104.1584582441114,10322.272,1495.236,1749.739,7077.2970000000005,2886.595,7435.677000000001,27.964725207783708,GRAVE_MORTALIDAD,1
10,1,14,2,2,4,-11.913083,-77.019259,6,5,6,2,6,2,2,0,2022,3,6,1,23,2,0,6543.555,2.0,4,4,1.0,14,33,1198.0,0.7218926988400113,80.0902077245261,77.9581888264889,10.971588327733102,1458.3206086290393,530000.3426124197,7626.313,1683.4029999999998,1599.0829999999996,4343.827000000001,1814.875,5811.438000000001,23.797541485643197,LEVE,2
3,0,9,2,4,1,-9.345312,-75.982546,2,4,7,1,2,1,0,2,2022,3,0,0,0,0,2,693.175,2.0,2,3,0.0,9,10,249.0,0.3514165953877426,72.32913425621899,38.30075589942594,4.884885065227305,505.1402346806649,9590.61670235546,8209.057,1333.4779999999996,791.9770000000001,6083.602,1059.8589999999997,7149.198,12.910849565303296,LEVE,2
6,1,14,2,4,1,-12.06114766146284,-76.97248530948352,6,5,6,2,6,2,2,0,2022,3,0,0,4,0,0,6639.975,2.0,2,0,1.0,9,31,1616.0,0.6868549636939637,79.62363164345142,76.30894566128948,9.209137883551294,1425.4498631666322,684921.8484148846,7626.313,1683.4029999999998,1599.0829999999996,4343.827000000001,1814.875,5811.438000000001,23.797541485643197,LEVE,2
3,2,19,0,4,1,-5.78294,-80.544911,0,4,7,1,2,2,2,2,2022,3,0,0,4,0,0,6543.555,3.0,2,0,1.0,0,30,1475.0,0.4860724693701166,72.15814961491549,57.86687952143938,7.507596134322599,781.8218439197168,48691.10064239828,8965.846000060003,1782.4120000599992,636.9959999999999,6546.438000000004,2214.505000059999,6751.341000000004,24.699342371541725,GRAVE_LESIONADOS,0
5,2,12,0,4,0,-7.927559,-79.252953,0,4,7,1,2,2,2,2,2022,3,0,0,7,1,0,6543.555,2.0,4,4,1.0,14,33,1198.0,0.6175807721294785,78.68058667122713,72.13823415758,9.27691307330927,1088.0099421422665,19535.08137044968,8931.828000000005,1335.5899999999997,1935.9830000000004,5660.255000000005,1219.309,7712.519000000005,13.651281686122925,LEVE,2
6,2,7,0,4,1,-15.351627,-71.104512,2,4,7,1,2,0,1,1,2022,3,0,0,12,3,2,568.5409999999999,1.0,2,3,0.0,9,3,93.0,0.4222081089999886,68.53644198939976,64.0389062540908,6.228410225649751,607.1280595160617,1204.2119914346897,17779.13499998999,2097.3709999899997,2863.123,12818.640999999989,2878.713,14900.421999989989,16.19152450331032,LEVE,2
3,2,12,0,4,1,-8.403789,-78.834177,0,4,7,1,2,2,2,2,2022,3,0,0,18,2,0,6543.555,3.0,2,0,1.0,0,30,1475.0,0.5051395598219868,77.13285387085847,51.52067479184955,6.715328807318118,900.900383457586,67612.41755888652,8931.828000000005,1335.5899999999997,1935.9830000000004,5660.255000000005,1219.309,7712.519000000005,13.651281686122925,GRAVE_MORTALIDAD,1
0,1,14,2,2,4,-12.1744,-76.94747,6,5,6,2,6,2,2,0,2022,3,0,0,18,2,0,6543.555,2.0,4,4,1.0,14,33,1198.0,0.689811994580126,79.88015655965044,73.89553442371854,9.755251380104111,1409.8432274455126,452660.364025696,7626.313,1683.4029999999998,1599.0829999999996,4343.827000000001,1814.875,5811.438000000001,23.797541485643197,LEVE,2
6,1,19,2,4,2,-4.991518918270135,-80.64655781582537,0,4,7,1,2,1,0,2,2022,3,0,0,23,2,0,6543.555,2.0,4,4,1.0,14,33,1198.0,0.5657000696312142,79.93504063107561,71.14438533384025,9.31841991972829,829.1233898514824,181599.8115631692,8965.846000060003,1782.4120000599992,636.9959999999999,6546.438000000004,2214.505000059999,6751.341000000004,24.699342371541725,LEVE,2
6,1,7,0,4,3,-15.162383,-71.157122,5,4,0,1,2,1,0,2,2022,3,1,0,7,1,2,6543.555,2.0,4,4,1.0,14,33,1198.0,0.3491291336434085,68.34579473193322,63.63866309000273,4.984551874124405,419.36068685534286,1114.627408993576,17779.13499998999,2097.3709999899997,2863.123,12818.640999999989,2878.713,14900.421999989989,16.19152450331032,GRAVE_MORTALIDAD,1
6,1,22,2,2,4,-18.03149409140884,-70.27291054248211,7,3,7,1,2,0,1,0,2022,3,1,0,11,1,0,6543.555,2.0,4,4,1.0,14,33,1198.0,0.6966125262955101,76.67066141771582,75.49195828278967,11.654573086271489,1371.819928142763,74177.24411134903,2650.572,630.6729999999998,487.3610000000001,1532.5379999999998,1068.7019999999998,1581.87,40.31967439480987,LEVE,2
6,1,11,0,4,1,-10.939242044136048,-74.86162280623186,6,5,6,2,6,2,2,0,2022,3,2,0,12,3,2,5768.608,2.0,3,1,0.0,9,32,365.0,0.4504704361939795,78.21109613042135,53.36127577481231,6.956854509393587,612.1696439943328,61517.46466809421,12264.545,1826.4639999999995,1105.5389999999998,9332.542,1588.5359999999996,10676.009,12.952261987705208,GRAVE_LESIONADOS,0
6,1,19,2,4,1,-5.030273,-80.200573,0,4,7,1,2,2,2,0,2022,3,2,0,19,2,0,892.7650002999999,-1.0,1,0,0.0,9,32,790.0,0.4653748048968089,74.19666709322776,61.11371397478021,6.596218102126203,701.9088264424688,75914.02997858672,8965.846000060003,1782.4120000599992,636.9959999999999,6546.438000000004,2214.505000059999,6751.341000000004,24.699342371541725,LEVE,2
7,1,6,2,4,1,-12.040701675627345,-77.11587471962183,0,3,7,1,2,0,1,0,2022,3,3,0,5,0,0,19.635,-1.0,2,3,0.0,9,32,40.0,0.5563774842369664,77.00938809632027,69.10246351364754,8.476961866273152,914.8835608305218,27932.19700214133,51.58600000000001,44.68700000000001,6.899000000000001,0.0,49.838000000000015,1.748,96.61148373589734,LEVE,2
1,0,6,2,4,1,-11.97529867702563,-77.12500823797006,0,2,7,1,2,0,1,4,2022,3,3,0,7,1,0,139.23,-1.0,2,0,0.0,9,32,69.0,0.5563774842369664,77.00938809632027,69.10246351364754,8.476961866273152,914.8835608305218,27932.19700214133,51.58600000000001,44.68700000000001,6.899000000000001,0.0,49.838000000000015,1.748,96.61148373589734,LEVE,2
0,1,12,0,4,3,-7.721533,-79.28752,0,4,7,1,1,2,2,0,2022,3,3,0,10,1,0,6543.555,2.0,4,4,1.0,14,33,1198.0,0.5345074857798321,76.79673752589963,64.57887254166187,7.835494818831411,867.2803588353443,27037.03854389721,8931.828000000005,1335.5899999999997,1935.9830000000004,5660.255000000005,1219.309,7712.519000000005,13.651281686122925,LEVE,2
0,1,7,0,4,2,-13.32962012555691,-72.1689268062771,0,4,7,1,1,2,2,2,2022,3,3,0,15,3,2,6543.555,2.0,4,4,1.0,14,33,1198.0,0.3091216969737358,74.65060422099381,55.22072068185886,5.263703320136043,274.747946885056,5268.858672376874,17779.13499998999,2097.3709999899997,2863.123,12818.640999999989,2878.713,14900.421999989989,16.19152450331032,LEVE,2
7,0,10,2,3,4,-14.073634,-75.784767,0,3,2,0,7,2,2,0,2022,3,3,0,16,3,0,6543.555,2.0,4,4,1.0,14,33,1198.0,0.6637216310803388,79.6446050662278,81.37671161983333,11.724811319582514,1084.329233867723,142450.24411134905,3721.461,698.1859999999996,744.866,2278.409,1102.9029999999996,2618.558,29.636290693359403,LEVE,2
5,2,10,2,2,4,-14.059571,-75.722216,0,3,1,1,2,2,2,0,2022,3,3,0,18,2,0,6543.555,2.0,4,4,1.0,14,33,1198.0,0.616344289610642,80.7965682315964,78.0945097589989,10.478110468164347,933.3636045670844,54312.19271948608,3721.461,698.1859999999996,744.866,2278.409,1102.9029999999996,2618.558,29.636290693359403,LEVE,2
6,1,7,0,4,2,-13.16313667,-71.9724245,2,4,5,1,2,2,2,1,2022,3,3,0,23,2,2,6543.555,2.0,4,4,1.0,14,33,1198.0,0.2310138329166804,69.70483973976968,39.26079785509049,3.4363371208003386,226.75902356837,5501.668094218416,17779.13499998999,2097.3709999899997,2863.123,12818.640999999989,2878.713,14900.421999989989,16.19152450331032,LEVE,2
0,1,4,2,4,2,-13.178609,-74.22137,0,0,1,0,4,2,2,2,2022,3,4,0,10,1,2,6543.555,2.0,4,4,1.0,14,33,1198.0,0.5305121431560528,73.7668210059112,68.45651702301488,8.941396366509018,806.7469451554633,27605.87794432548,12678.733000000004,1805.074000000001,1774.0339999999994,9099.625000000004,2485.375000000001,10193.358000000002,19.602707936195205,LEVE,2
0,1,9,2,6,4,-9.307166,-76.002489,0,0,7,1,4,2,2,4,2022,3,4,0,10,1,2,6543.555,2.0,4,4,1.0,14,33,1198.0,0.5818337288935853,73.84436545241161,70.00654188026523,9.541274475508528,1000.4260420093171,59227.28479657388,8209.057,1333.4779999999996,791.9770000000001,6083.602,1059.8589999999997,7149.198,12.910849565303296,LEVE,2
0,1,19,0,4,1,-4.75594792446089,-80.29782228265425,0,4,7,1,2,2,2,2,2022,3,4,0,11,1,0,640.6200000000001,2.0,2,3,0.0,9,32,72.0,0.4460358515525411,78.78138598624281,47.04925171219679,5.992153605249824,689.7789450041487,25138.147751606,8965.846000060003,1782.4120000599992,636.9959999999999,6546.438000000004,2214.505000059999,6751.341000000004,24.699342371541725,LEVE,2
6,1,7,2,4,1,-14.292153543743536,-71.21975426759026,2,3,1,1,2,0,1,2,2022,3,5,1,7,1,2,7586.903,2.0,2,0,1.0,9,5,1198.0,0.5265643824923771,76.3202150422939,72.59240802938885,8.636399400985075,746.7361126929013,59032.11777301927,17779.13499998999,2097.3709999899997,2863.123,12818.640999999989,2878.713,14900.421999989989,16.19152450331032,LEVE,2
10,1,21,0,4,1,-5.674651,-77.675794,2,4,7,1,2,2,2,0,2022,3,5,1,13,3,1,7758.33400008,2.0,2,0,1.0,9,20,2133.0,0.395409368693869,74.01814372927417,48.94523443220634,5.029353255237231,594.0921143791977,22212.160599571733,5645.136,815.0759999999999,965.298,3864.762,1013.406,4631.73,17.95184385283189,LEVE,2
0,1,14,2,2,4,-12.025976610406657,-76.92000324652466,6,5,6,2,6,2,2,0,2022,3,5,1,16,3,0,6543.555,2.0,4,4,1.0,14,33,1198.0,0.6868549636939637,79.62363164345142,76.30894566128948,9.209137883551294,1425.4498631666322,684921.8484148846,7626.313,1683.4029999999998,1599.0829999999996,4343.827000000001,1814.875,5811.438000000001,23.797541485643197,LEVE,2
3,2,20,0,4,1,-15.9302331,-69.8740858,0,4,7,1,2,0,1,2,2022,3,5,1,17,3,2,7586.903,2.0,2,0,1.0,9,5,1198.0,0.3492776286092784,69.0024577433395,71.96566663107897,6.507478728969356,328.2181581851397,6084.453961456104,13642.312999999998,2020.7790000000005,2354.117,9267.416999999998,3314.0520000000006,10328.260999999997,24.29244952817019,GRAVE_MORTALIDAD,1
6,1,3,0,4,0,-15.99961631325248,-72.47631622169334,0,4,5,0,2,2,2,0,2022,3,5,1,20,2,0,6543.555,2.0,4,4,1.0,14,33,1198.0,0.6024576531259656,74.85024130316643,64.23108519863159,8.997712385646595,1171.9851283860644,8415.291220556745,10322.272,1495.236,1749.739,7077.2970000000005,2886.595,7435.677000000001,27.964725207783708,LEVE,2
6,1,19,0,4,0,-4.920059432277141,-81.06372716643473,0,4,7,1,2,2,2,2,2022,3,5,1,21,2,0,6543.555,2.0,4,4,1.0,14,33,1198.0,0.4665610762412708,82.14467689738757,54.0378846271984,6.549252922664564,653.3014398056696,13498.633832976446,8965.846000060003,1782.4120000599992,636.9959999999999,6546.438000000004,2214.505000059999,6751.341000000004,24.699342371541725,LEVE,2
3,1,7,0,4,1,-13.694242768343637,-71.59844714159948,0,4,0,0,2,0,1,2,2022,3,5,1,21,2,2,7586.903,2.0,2,0,1.0,9,5,1198.0,0.4629184740681672,65.5665792285447,72.8013940331536,7.251714555673934,719.1023705109678,7985.920770877943,17779.13499998999,2097.3709999899997,2863.123,12818.640999999989,2878.713,14900.421999989989,16.19152450331032,LEVE,2
3,2,12,0,4,1,-7.776087,-79.251727,0,4,7,1,2,2,2,2,2022,3,5,1,21,2,0,6543.555,3.0,2,0,1.0,0,30,1475.0,0.6137552402736777,77.488039372676,77.55476206305543,9.288784127631692,1053.6564617230836,8413.593147751606,8931.828000000005,1335.5899999999997,1935.9830000000004,5660.255000000005,1219.309,7712.519000000005,13.651281686122925,GRAVE_MORTALIDAD,1
3,1,5,2,4,1,-7.16543873,-78.50264764,6,5,6,2,6,2,2,0,2022,3,5,1,23,2,2,9936.932,2.0,2,0,1.0,9,32,3830.0,0.6070175276741574,73.19224654097276,74.29530430690215,9.490386956642766,1117.141592366869,257380.9443254818,15935.565011852366,1733.9250000199986,935.692,13265.948011832368,2000.1670000199988,13935.398011832369,12.551591352627522,LEVE,2
1,1,14,2,4,1,-12.2979310064019,-76.8538862432187,6,5,6,2,6,2,2,0,2022,3,5,1,23,2,0,6639.975,2.0,2,0,1.0,9,31,1616.0,0.6909236767275176,78.41626133969348,70.97436336767564,9.826485374940413,1476.8351947609171,95908.53319057816,7626.313,1683.4029999999998,1599.0829999999996,4343.827000000001,1814.875,5811.438000000001,23.797541485643197,LEVE,2
3,2,20,0,4,1,-16.430825738404142,-69.16693919707568,0,4,0,0,2,0,1,2,2022,3,6,1,2,0,2,7586.903,2.0,2,0,1.0,9,5,1198.0,0.2394362064959017,73.4288503002124,62.51290199484375,6.018616845068367,132.27646614855612,17422.250535331903,13642.312999999998,2020.7790000000005,2354.117,9267.416999999998,3314.0520000000006,10328.260999999997,24.29244952817019,LEVE,2
6,1,11,0,4,1,-10.94005315194511,-75.19719296823605,6,5,6,2,6,2,2,0,2022,3,6,1,5,0,2,5768.608,2.0,3,1,0.0,9,32,365.0,0.4295860411633357,74.52920034355449,56.24873272101314,6.697659727647938,572.4658040665552,73767.52890792291,12264.545,1826.4639999999995,1105.5389999999998,9332.542,1588.5359999999996,10676.009,12.952261987705208,LEVE,2
3,2,19,0,4,1,-4.8572942381084765,-80.30894809168305,0,4,7,1,2,2,2,2,2022,3,6,1,6,1,0,640.6200000000001,2.0,2,3,0.0,9,32,72.0,0.459857589992435,80.72202071327797,50.86886521100652,5.65389066385764,729.6720832259953,125429.93361884369,8965.846000060003,1782.4120000599992,636.9959999999999,6546.438000000004,2214.505000059999,6751.341000000004,24.699342371541725,LEVE,2
3,2,19,0,4,1,-4.5267446551044825,-80.47315803688726,0,4,7,1,2,2,2,2,2022,3,6,1,7,1,0,410.779,2.0,2,3,0.0,9,32,103.0,0.3726695067482696,77.5283182409139,41.67016302837659,4.468926143170908,555.7263417005713,12823.41113490364,8965.846000060003,1782.4120000599992,636.9959999999999,6546.438000000004,2214.505000059999,6751.341000000004,24.699342371541725,LEVE,2
3,2,20,0,4,1,-15.4194085,-70.0694522,7,4,7,1,2,2,2,2,2022,3,6,1,7,1,2,1762.84,2.0,1,0,0.0,9,32,485.0,0.2399049659709538,73.66748174046536,65.59496565670392,5.108032967220759,142.3423295419015,4818.295503211992,13642.312999999998,2020.7790000000005,2354.117,9267.416999999998,3314.0520000000006,10328.260999999997,24.29244952817019,LEVE,2
6,1,5,0,4,2,-7.200335,-78.31018,0,4,0,0,1,2,2,0,2022,3,6,1,17,3,2,6543.555,2.0,4,4,1.0,14,33,1198.0,0.2723221878437338,73.9254469105048,35.794306883925714,3.6855018180311454,315.0310385486801,10335.051391862957,15935.565011852366,1733.9250000199986,935.692,13265.948011832368,2000.1670000199988,13935.398011832369,12.551591352627522,GRAVE_LESIONADOS,0
3,2,9,2,4,1,-9.3336001,-75.989034,7,4,0,0,2,1,0,2,2022,3,6,1,17,3,2,693.175,2.0,2,3,0.0,9,10,249.0,0.3514165953877426,72.32913425621899,38.30075589942594,4.884885065227305,505.1402346806649,9590.61670235546,8209.057,1333.4779999999996,791.9770000000001,6083.602,1059.8589999999997,7149.198,12.910849565303296,GRAVE_LESIONADOS,0
0,1,14,2,4,1,-12.0318839845185,-76.9880235183415,6,5,6,2,6,2,2,0,2022,3,6,1,17,3,0,875.67,2.0,2,0,1.0,3,14,156.0,0.6970617810314195,81.40501156526744,73.5715154770137,9.635174408411393,1428.892506292977,203379.9271948608,7626.313,1683.4029999999998,1599.0829999999996,4343.827000000001,1814.875,5811.438000000001,23.797541485643197,LEVE,2
6,1,8,0,4,1,-13.598955,-75.362833,5,4,7,1,2,2,2,0,2022,3,6,1,18,2,2,1679.5849999999998,2.0,2,3,1.0,9,24,315.0,0.5258594244692153,73.82156528983522,52.91202227434253,8.902806700766412,891.2832603689374,2062.0406852248398,8511.426,1445.3929999999996,2008.516,5057.516999999999,1879.579,6631.846999999998,22.08300935706896,LEVE,2
5,1,19,0,4,0,-4.869924715571225,-81.0158176697112,0,4,0,0,2,2,2,0,2022,3,6,1,18,2,0,6543.555,2.0,4,4,1.0,14,33,1198.0,0.5134125150148937,80.42101395764229,62.97539572100164,6.848578978890857,798.2506832795541,2286.0620985010705,8965.846000060003,1782.4120000599992,636.9959999999999,6546.438000000004,2214.505000059999,6751.341000000004,24.699342371541725,LEVE,2
6,1,19,0,4,1,-4.232034909771605,-81.17430923443803,0,4,0,0,2,1,0,2,2022,3,6,1,18,2,0,6543.555,3.0,2,0,1.0,0,30,1475.0,0.5751392337522091,77.97866676358052,65.54938395169397,9.442353539970531,929.1954080088152,7348.017130620985,8965.846000060003,1782.4120000599992,636.9959999999999,6546.438000000004,2214.505000059999,6751.341000000004,24.699342371541725,LEVE,2
3,2,14,2,4,1,-11.61340138800391,-77.23109716729165,0,3,1,1,2,1,0,2,2022,3,6,1,18,2,0,6543.555,3.0,2,0,1.0,0,30,1475.0,0.606011890732538,79.10580202061365,64.14379964647316,7.172095916125169,1269.9879605915198,20981.39186295503,7626.313,1683.4029999999998,1599.0829999999996,4343.827000000001,1814.875,5811.438000000001,23.797541485643197,LEVE,2
0,1,7,0,4,1,-14.19004,-71.33704,2,4,7,1,2,2,2,4,2022,3,6,1,21,2,2,7586.903,2.0,2,0,1.0,9,5,1198.0,0.4107458749971457,72.1547719826022,75.11691677377222,6.84079438286104,455.9087564374382,2466.282655246253,17779.13499998999,2097.3709999899997,2863.123,12818.640999999989,2878.713,14900.421999989989,16.19152450331032,LEVE,2
6,1,19,0,4,0,-4.916601433503071,-80.90234658692755,0,4,7,1,2,1,1,2,2022,3,6,1,22,2,0,6543.555,2.0,4,4,1.0,14,33,1198.0,0.5428409581568773,81.13869061428008,68.17092411381827,7.297645058046871,855.3136782439924,12632.488222698072,8965.846000060003,1782.4120000599992,636.9959999999999,6546.438000000004,2214.505000059999,6751.341000000004,24.699342371541725,LEVE,2
6,1,14,2,7,4,-12.1135039034589,-77.0510165416255,6,5,6,2,6,2,2,0,2022,3,0,0,7,1,0,6543.555,2.0,4,4,1.0,14,33,1198.0,0.8326399351216524,80.31446032722859,77.78409882620639,13.96507415980228,1925.7868972542449,87898.66595289079,7626.313,1683.4029999999998,1599.0829999999996,4343.827000000001,1814.875,5811.438000000001,23.797541485643197,LEVE,2
6,1,1,0,4,1,-8.59749149683882,-77.7673569121848,2,4,0,1,2,2,2,0,2022,3,0,0,19,2,2,1703.219,1.0,0,3,0.0,9,28,247.0,0.3402471183500948,73.78511110983891,55.65918179301772,5.735441575011024,339.0487843660055,2856.3661670235547,10767.648,1885.0630000000003,1222.721,7659.864000000001,2100.343,8667.305000000002,19.506051832303577,GRAVE_LESIONADOS,0
10,1,16,0,4,1,-12.542110676520997,-69.14294938385845,0,4,7,1,2,2,2,0,2022,3,1,0,1,0,1,3263.58,2.0,2,0,1.0,5,18,566.0,0.525748215792057,74.03823732580896,58.20048721039922,8.141897025119901,894.6823580853445,9162.706638115633,2090.391,399.431,340.021,1350.9389999999996,493.824,1596.5669999999996,23.62352306338862,LEVE,2
3,1,7,2,4,1,-12.865908784558725,-72.69354675932448,0,3,7,1,4,2,2,2,2022,3,1,0,4,0,2,3447.8009999999995,1.0,2,3,0.0,9,12,1109.0,0.5803892132127203,77.20158157453214,80.09764322421019,9.63293466488124,868.3252877671093,30810.066381156317,17779.13499998999,2097.3709999899997,2863.123,12818.640999999989,2878.713,14900.421999989989,16.19152450331032,LEVE,2
6,1,12,0,4,1,-8.928619,-78.635569,0,4,7,1,2,2,2,2,2022,3,1,0,7,1,0,6543.555,3.0,2,0,1.0,0,30,1475.0,0.4867987483268106,77.5825534369154,52.95148122709723,6.150547060309878,840.5788229266196,9838.736616702356,8931.828000000005,1335.5899999999997,1935.9830000000004,5660.255000000005,1219.309,7712.519000000005,13.651281686122925,GRAVE_MORTALIDAD,1
3,2,19,2,4,1,-4.913389273271774,-80.67215728939541,0,4,1,1,2,2,2,2,2022,3,1,0,11,1,0,640.6200000000001,2.0,2,3,0.0,9,32,72.0,0.5657000696312142,79.93504063107561,71.14438533384025,9.31841991972829,829.1233898514824,181599.8115631692,8965.846000060003,1782.4120000599992,636.9959999999999,6546.438000000004,2214.505000059999,6751.341000000004,24.699342371541725,LEVE,2
3,2,13,2,4,1,-5.988544,-79.737082,7,0,7,1,2,2,2,0,2022,3,1,0,14,3,0,1305.18,2.0,2,0,1.0,1,20,163.0,0.4703091457296942,74.91176543888524,59.04522375211969,6.365443427676777,742.49897987499,44335.321199143465,3459.691,515.0619999999999,689.7280000000001,2254.901,703.3549999999999,2756.336,20.329994788551925,LEVE,2
3,2,10,2,4,1,-14.82183,-74.965426,0,3,7,1,2,2,2,0,2022,3,1,0,18,2,0,6639.975,2.0,2,0,1.0,9,31,1616.0,0.5563774842369664,77.00938809632027,69.10246351364754,8.476961866273152,914.8835608305218,27932.19700214133,3721.461,698.1859999999996,744.866,2278.409,1102.9029999999996,2618.558,29.636290693359403,GRAVE_MORTALIDAD,1
3,1,13,2,4,3,-6.195028,-79.991647,0,4,1,1,1,0,0,0,2022,3,2,0,16,3,0,6543.555,2.0,4,4,1.0,14,33,1198.0,0.4703091457296942,74.91176543888524,59.04522375211969,6.365443427676777,742.49897987499,44335.321199143465,3459.691,515.0619999999999,689.7280000000001,2254.901,703.3549999999999,2756.336,20.329994788551925,LEVE,2
1,1,13,0,4,1,-6.9605555444952,-79.6329412734483,0,4,7,1,2,2,2,0,2022,3,2,0,19,2,0,574.472,1.0,2,3,1.0,9,32,139.0,0.5328313946151968,80.14557682903842,69.10246351364754,7.779461377421685,787.1306410578989,10221.605995717344,3459.691,515.0619999999999,689.7280000000001,2254.901,703.3549999999999,2756.336,20.329994788551925,LEVE,2
10,1,3,0,4,1,-16.040969,-71.306209,0,4,7,1,2,0,1,0,2022,3,3,0,4,0,0,1504.4250000000002,2.0,2,0,1.0,7,25,241.0,0.4685280505645348,81.83746865987648,70.74305753660312,6.037751599761188,617.4715908037651,1751.8736616702354,10322.272,1495.236,1749.739,7077.2970000000005,2886.595,7435.677000000001,27.964725207783708,GRAVE_LESIONADOS,0
6,1,5,0,4,1,-5.54315214,-78.81293259,0,4,0,0,2,2,2,0,2022,3,3,0,6,1,2,7758.33400008,2.0,2,0,1.0,9,20,2133.0,0.4823525101155781,74.68609013731242,51.19107770858362,5.880567124588062,905.9911705096852,13071.734475374731,15935.565011852366,1733.9250000199986,935.692,13265.948011832368,2000.1670000199988,13935.398011832369,12.551591352627522,GRAVE_LESIONADOS,0