CLASE SINIESTRO,CANTIDAD DE VEHICULOS DAÑADOS,DEPARTAMENTO,ZONA,TIPO DE VÍA,RED VIAL,COORDENADAS LATITUD,COORDENADAS  LONGITUD,CONDICIÓN CLIMÁTICA,ZONIFICACIÓN,CARACTERÍSTICAS DE VÍA,PERFIL LONGITUDINAL VÍA,SUPERFICIE DE CALZADA,¿EXISTE SEÑAL VERTICAL?,¿EXISTE SEÑAL HORIZONTAL?,CAUSA FACTOR PRINCIPAL,AÑO,MES,DIA_SEMANA,ES_FIN_SEMANA,HORA_NUM,FRANJA_HORARIA,REGION_NATURAL,MTC_RVN_LONGITUD_KM,MTC_RVN_N_CARRILES_MEDIANA,MTC_RVN_SUPERFICIE_DOMINANTE,MTC_RVN_ESTADO_DOMINANTE,MTC_RVN_ES_CONCESIONADA,MTC_RVN_CONCESION_PRINCIPAL,MTC_RVN_CORREDOR_LOGISTICO,MTC_RVN_N_TRAMOS,IDH_2019,IDH_ESP_VIDA_2019,IDH_EDUC_SECUND_PCT_2019,IDH_ANIOS_EDUC_2019,IDH_INGRESO_PERCAP_2019,IDH_POBLACION_2019,MTC_DEP_RED_TOTAL_KM,MTC_DEP_NACIONAL_TOTAL_KM,MTC_DEP_DEPARTAMENTAL_TOTAL_KM,MTC_DEP_VECINAL_TOTAL_KM,MTC_DEP_PAV_TOTAL_KM,MTC_DEP_NO_PAV_TOTAL_KM,MTC_DEP_PCT_PAVIMENTADA,CATEGORIA_SEVERIDAD,CATEGORIA_SEVERIDAD_ENC
3,2,5,2,4,1,-7.11869881,-78.33576852,2,4,7,1,2,2,2,0,2022,4,6,1,18,2,2,2760.8550000000005,1.0,1,3,0.0,9,32,1208.0,0.2787832446449395,76.6302139673737,44.82684454743621,3.548077185984384,299.2159549691333,20782.33618843683,15935.565011852366,1733.9250000199986,935.692,13265.948011832368,2000.1670000199988,13935.398011832369,12.551591352627522,GRAVE_MORTALIDAD,1
0,1,14,0,4,1,-11.06594,-77.58721,0,4,7,0,2,1,0,2,2022,4,0,0,5,0,0,6543.555,3.0,2,0,1.0,0,30,1475.0,0.644332113046051,78.61218205687396,70.04798203155518,8.919818005352203,1280.219555520582,36044.03426124197,7626.313,1683.4029999999998,1599.0829999999996,4343.827000000001,1814.875,5811.438000000001,23.797541485643197,LEVE,2
3,2,5,0,4,1,-5.32838,-78.79727,0,4,2,1,2,2,2,0,2022,4,0,0,6,1,2,7758.33400008,2.0,2,0,1.0,9,20,2133.0,0.3892940905457197,75.5719627800036,47.67488871800354,5.313057380273734,537.3986971669038,13817.460385438972,15935.565011852366,1733.9250000199986,935.692,13265.948011832368,2000.1670000199988,13935.398011832369,12.551591352627522,LEVE,2
1,0,22,0,4,2,-18.276368,-70.43332,5,4,7,1,2,0,1,0,2022,4,0,0,6,1,0,6543.555,2.0,4,4,1.0,14,33,1198.0,0.5551799999072031,75.37994385062687,62.699954828476905,7.065143842078104,1076.8792057258834,6114.0,2650.572,630.6729999999998,487.3610000000001,1532.5379999999998,1068.7019999999998,1581.87,40.31967439480987,LEVE,2
0,1,12,0,4,1,-8.47521,-78.707538,0,4,7,1,2,2,2,4,2022,4,0,0,7,1,0,6543.555,3.0,2,0,1.0,0,30,1475.0,0.5051395598219868,77.13285387085847,51.52067479184955,6.715328807318118,900.900383457586,67612.41755888652,8931.828000000005,1335.5899999999997,1935.9830000000004,5660.255000000005,1219.309,7712.519000000005,13.651281686122925,LEVE,2
2,0,11,2,2,4,-12.099061,-75.186957,0,0,7,1,2,2,2,3,2022,4,0,0,11,1,2,6543.555,2.0,4,4,1.0,14,33,1198.0,0.5505646674026337,73.4133487878793,75.3445074155263,9.620272300569804,826.4718925707687,91775.8886509636,12264.545,1826.4639999999995,1105.5389999999998,9332.542,1588.5359999999996,10676.009,12.952261987705208,LEVE,2
0,0,20,0,4,1,-16.094836,-69.623235,0,4,7,1,2,0,1,4,2022,4,0,0,15,3,2,7586.903,2.0,2,0,1.0,9,5,1198.0,0.4020198374784472,77.80062735845667,75.295761294875,7.279851651626652,372.63390314535104,50686.62526766595,13642.312999999998,2020.7790000000005,2354.117,9267.416999999998,3314.0520000000006,10328.260999999997,24.29244952817019,LEVE,2
3,1,11,0,4,1,-10.957707363940512,-74.82562239297226,6,5,6,2,6,2,2,0,2022,4,1,0,1,0,2,5768.608,2.0,3,1,0.0,9,32,365.0,0.4504704361939795,78.21109613042135,53.36127577481231,6.956854509393587,612.1696439943328,61517.46466809421,12264.545,1826.4639999999995,1105.5389999999998,9332.542,1588.5359999999996,10676.009,12.952261987705208,GRAVE_LESIONADOS,0
3,2,11,0,4,1,-11.88678,-75.39043,0,4,7,1,2,2,2,2,2022,4,1,0,5,0,2,196.88,2.0,2,0,1.0,3,32,35.0,0.3829418427301908,69.53519019140302,61.90302484972667,7.605764991096732,405.6993645641632,4767.728051391863,12264.545,1826.4639999999995,1105.5389999999998,9332.542,1588.5359999999996,10676.009,12.952261987705208,GRAVE_LESIONADOS,0
3,2,9,2,4,1,-9.0726769,-76.0640611,7,0,7,1,2,1,0,2,2022,4,1,0,10,1,2,7758.33400008,2.0,2,0,1.0,9,20,2133.0,0.4184171487202614,72.18805630075194,51.97959729207806,5.109504197253802,694.6457382215672,4014.4925778067222,8209.057,1333.4779999999996,791.9770000000001,6083.602,1059.8589999999997,7149.198,12.910849565303296,LEVE,2
3,2,11,0,4,1,-11.89142,-75.34304,0,4,7,1,2,2,2,2,2022,4,1,0,15,3,2,7586.903,2.0,2,0,1.0,9,5,1198.0,0.5150103500707462,70.89081048633196,60.87981187517256,8.807736773952207,838.1727186702815,5279.312633832977,12264.545,1826.4639999999995,1105.5389999999998,9332.542,1588.5359999999996,10676.009,12.952261987705208,GRAVE_MORTALIDAD,1
3,2,10,2,4,1,-14.841315,-74.942224,0,3,1,1,2,2,2,0,2022,4,1,0,19,2,0,2238.6850000000004,2.0,2,0,1.0,4,27,115.0,0.5563774842369664,77.00938809632027,69.10246351364754,8.476961866273152,914.8835608305218,27932.19700214133,3721.461,698.1859999999996,744.866,2278.409,1102.9029999999996,2618.558,29.636290693359403,LEVE,2
3,2,10,2,4,1,-14.00787,-75.765825,0,3,7,1,2,2,2,0,2022,4,1,0,21,2,0,6639.975,2.0,2,0,1.0,9,31,1616.0,0.6350781586942635,79.3721196581268,77.51375521876884,10.809406137631074,1028.5280705927485,31104.417558886507,3721.461,698.1859999999996,744.866,2278.409,1102.9029999999996,2618.558,29.636290693359403,LEVE,2
0,1,7,0,4,1,-13.474138758380366,-72.27845128192435,0,4,7,1,2,2,2,1,2022,4,2,0,1,0,2,7586.903,2.0,2,0,1.0,9,5,1198.0,0.2811173960891883,77.11100763906057,59.78223574586323,5.012239116376277,206.45731953948768,6402.226980728051,17779.13499998999,2097.3709999899997,2863.123,12818.640999999989,2878.713,14900.421999989989,16.19152450331032,LEVE,2
0,1,7,0,4,0,-13.41726719757374,-71.83665749533398,0,4,7,0,7,2,2,2,2022,4,2,0,16,3,2,6543.555,2.0,4,4,1.0,14,33,1198.0,0.4168644219609223,76.74940152408504,64.55327366555804,6.067767533089989,505.0369445670448,10179.415417558886,17779.13499998999,2097.3709999899997,2863.123,12818.640999999989,2878.713,14900.421999989989,16.19152450331032,LEVE,2
0,1,14,2,2,4,-12.075948,-77.02623,6,5,6,2,6,2,2,0,2022,4,2,0,16,3,0,6543.555,2.0,4,4,1.0,14,33,1198.0,0.7141594849782824,79.90829932185413,74.79179886803175,10.522504814235935,1482.4793645077043,156887.87152034265,7626.313,1683.4029999999998,1599.0829999999996,4343.827000000001,1814.875,5811.438000000001,23.797541485643197,LEVE,2
3,1,13,2,4,1,-6.53168955444354,-80.031733841186,0,0,7,1,2,2,2,0,2022,4,2,0,18,2,0,6543.555,3.0,2,0,1.0,0,30,1475.0,0.3879800350664534,75.68222437543551,50.64551119758177,4.891651630735472,548.2382997194167,48902.40256959316,3459.691,515.0619999999999,689.7280000000001,2254.901,703.3549999999999,2756.336,20.329994788551925,LEVE,2
3,2,3,0,4,1,-16.657997,-71.871372,0,4,7,1,2,0,1,0,2022,4,2,0,19,2,0,6639.975,2.0,2,0,1.0,9,31,1616.0,0.6105481451420971,78.10653088113892,68.35418098658066,8.411557426919764,1158.5430895193692,35025.678800856535,10322.272,1495.236,1749.739,7077.2970000000005,2886.595,7435.677000000001,27.964725207783708,LEVE,2
0,1,14,2,4,1,-11.861387,-77.078387,6,5,6,2,6,2,2,0,2022,4,2,0,23,2,0,6543.555,3.0,2,0,1.0,0,30,1475.0,0.6632628912836565,79.15155564666024,73.19223743118206,9.629669813837666,1289.452647666346,383699.2119914347,7626.313,1683.4029999999998,1599.0829999999996,4343.827000000001,1814.875,5811.438000000001,23.797541485643197,LEVE,2
6,1,14,2,2,4,-11.936698,-77.048753,6,5,6,2,6,2,2,0,2022,4,3,0,0,0,0,6543.555,2.0,4,4,1.0,14,33,1198.0,0.7218926988400113,80.0902077245261,77.9581888264889,10.971588327733102,1458.3206086290393,530000.3426124197,7626.313,1683.4029999999998,1599.0829999999996,4343.827000000001,1814.875,5811.438000000001,23.797541485643197,LEVE,2
0,1,12,0,4,1,-8.003335366008683,-79.07130712635922,0,4,7,1,2,2,2,4,2022,4,3,0,3,0,0,6543.555,3.0,2,0,1.0,0,30,1475.0,0.583006771156836,78.2441938961209,62.24037484511178,8.807312392374042,1028.2282118265089,76607.295503212,8931.828000000005,1335.5899999999997,1935.9830000000004,5660.255000000005,1219.309,7712.519000000005,13.651281686122925,LEVE,2
3,1,21,0,4,1,-6.046564,-77.035053,0,4,0,0,2,2,2,1,2022,4,3,0,7,1,1,7758.33400008,2.0,2,0,1.0,9,20,2133.0,0.5294800468051228,72.46713251445857,60.50982579904599,7.757161651692042,952.984823255978,86435.21199143468,5645.136,815.0759999999999,965.298,3864.762,1013.406,4631.73,17.95184385283189,GRAVE_MORTALIDAD,1
7,1,11,0,4,1,-10.9825602199244,-75.3079675448741,6,5,6,2,6,2,2,0,2022,4,3,0,11,1,2,600.0300000000001,2.0,2,0,0.0,9,8,178.0,0.587430624814192,75.05837214886559,65.27778442559935,9.160286843623986,1064.616047731197,24595.453961456104,12264.545,1826.4639999999995,1105.5389999999998,9332.542,1588.5359999999996,10676.009,12.952261987705208,LEVE,2
10,1,4,2,4,2,-13.292617604851367,-74.45777492110896,0,4,0,0,2,1,0,2,2022,4,3,0,11,1,2,6543.555,2.0,4,4,1.0,14,33,1198.0,0.1859776092837948,69.85250115366037,39.77024304701982,3.1640035399309645,143.5227500887571,15617.884368308352,12678.733000000004,1805.074000000001,1774.0339999999994,9099.625000000004,2485.375000000001,10193.358000000002,19.602707936195205,GRAVE_LESIONADOS,0
6,1,1,0,4,1,-10.403397,-77.974306,0,4,7,1,2,2,2,0,2022,4,3,0,15,3,2,6543.555,3.0,2,0,1.0,0,30,1475.0,0.594329796273136,79.51274210494626,67.23963656911357,9.093808711905876,1004.1856289962402,25729.80728051392,10767.648,1885.0630000000003,1222.721,7659.864000000001,2100.343,8667.305000000002,19.506051832303577,LEVE,2
0,1,12,0,4,1,-8.529139,-78.682165,0,4,7,1,2,2,2,0,2022,4,3,0,19,2,0,6543.555,3.0,2,0,1.0,0,30,1475.0,0.4971504606547645,77.79759708660042,46.44666297237219,6.322206801902116,929.9716106661404,44368.59100642397,8931.828000000005,1335.5899999999997,1935.9830000000004,5660.255000000005,1219.309,7712.519000000005,13.651281686122925,LEVE,2
5,2,12,0,4,1,-8.440818786493223,-78.7534320963491,0,4,7,1,2,2,2,0,2022,4,3,0,19,2,0,6543.555,3.0,2,0,1.0,0,30,1475.0,0.5051395598219868,77.13285387085847,51.52067479184955,6.715328807318118,900.900383457586,67612.41755888652,8931.828000000005,1335.5899999999997,1935.9830000000004,5660.255000000005,1219.309,7712.519000000005,13.651281686122925,LEVE,2
6,1,3,2,3,4,-16.468725,-71.551163,0,3,1,0,2,0,1,0,2022,4,4,0,2,0,0,6543.555,2.0,4,4,1.0,14,33,1198.0,0.6667517543391563,77.72519918989518,79.84779472154914,11.061117097797226,1187.188317676406,87112.27408993576,10322.272,1495.236,1749.739,7077.2970000000005,2886.595,7435.677000000001,27.964725207783708,LEVE,2
3,1,14,2,4,1,-12.018346,-76.911652,6,5,6,2,6,2,2,0,2022,4,4,0,4,0,0,875.67,2.0,2,0,1.0,3,14,156.0,0.6831952456039544,78.60873873772867,74.49000793376607,10.00420210847705,1376.0472418044385,255143.7301927195,7626.313,1683.4029999999998,1599.0829999999996,4343.827000000001,1814.875,5811.438000000001,23.797541485643197,GRAVE_MORTALIDAD,1
0,1,5,2,6,4,-7.15525091,-78.45967954,0,4,7,1,4,2,2,0,2022,4,4,0,18,2,2,6543.555,2.0,4,4,1.0,14,33,1198.0,0.4873182795359782,74.24096566709692,64.6877883123536,6.6248391576573376,776.4319899416191,48280.91862955032,15935.565011852366,1733.9250000199986,935.692,13265.948011832368,2000.1670000199988,13935.398011832369,12.551591352627522,LEVE,2
3,1,19,2,4,1,-5.2079184,-80.6212371,0,0,7,1,2,2,2,0,2022,4,4,0,19,2,0,1305.18,2.0,2,0,1.0,1,20,163.0,0.6220812987247925,80.20155828147696,72.71675503872983,10.02377668600292,1028.915688621886,159840.92719486082,8965.846000060003,1782.4120000599992,636.9959999999999,6546.438000000004,2214.505000059999,6751.341000000004,24.699342371541725,LEVE,2
1,1,19,0,4,1,-5.139098,-80.349455,0,4,7,1,2,2,2,0,2022,4,4,0,20,2,0,1305.18,2.0,2,0,1.0,1,20,163.0,0.459857589992435,80.72202071327797,50.86886521100652,5.65389066385764,729.6720832259953,125429.93361884369,8965.846000060003,1782.4120000599992,636.9959999999999,6546.438000000004,2214.505000059999,6751.341000000004,24.699342371541725,LEVE,2
1,0,23,0,4,1,-3.718510946147052,-80.75336839688924,0,4,0,1,2,2,2,0,2022,4,5,1,1,0,0,6543.555,3.0,2,0,1.0,0,30,1475.0,0.568342833663152,74.37886913017682,68.79116494388956,9.025058202905662,964.4271707185276,11360.244111349037,1009.101,138.47399999999996,287.471,583.156,276.972,732.129,27.447401201663663,LEVE,2
6,1,8,2,4,1,-13.581158,-75.244149,0,4,0,0,2,1,1,0,2022,4,5,1,16,3,2,1679.5849999999998,2.0,2,3,1.0,9,24,315.0,0.5258594244692153,73.82156528983522,52.91202227434253,8.902806700766412,891.2832603689374,2062.0406852248398,8511.426,1445.3929999999996,2008.516,5057.516999999999,1879.579,6631.846999999998,22.08300935706896,GRAVE_LESIONADOS,0
1,1,14,2,4,1,-11.921435,-76.675836,6,5,6,2,6,2,2,0,2022,4,6,1,2,0,0,875.67,2.0,2,0,1.0,3,14,156.0,0.6831952456039544,78.60873873772867,74.49000793376607,10.00420210847705,1376.0472418044385,255143.7301927195,7626.313,1683.4029999999998,1599.0829999999996,4343.827000000001,1814.875,5811.438000000001,23.797541485643197,LEVE,2
0,1,14,2,2,4,-12.111205,-77.02335,6,5,6,2,6,2,2,0,2022,4,6,1,11,1,0,6543.555,2.0,4,4,1.0,14,33,1198.0,0.8171136689103559,80.21740365444107,79.57658595346267,12.295076294470428,1940.453431937829,88766.19486081369,7626.313,1683.4029999999998,1599.0829999999996,4343.827000000001,1814.875,5811.438000000001,23.797541485643197,LEVE,2
3,2,19,0,4,1,-5.467806,-80.603836,0,4,7,1,2,2,2,0,2022,4,6,1,21,2,0,6543.555,3.0,2,0,1.0,0,30,1475.0,0.3712661887971417,74.2499540116052,43.02992058288998,5.22916054433666,511.742132828135,5400.353319057816,8965.846000060003,1782.4120000599992,636.9959999999999,6546.438000000004,2214.505000059999,6751.341000000004,24.699342371541725,LEVE,2
3,1,5,2,4,1,-7.14512578,-78.51381524,6,5,6,2,6,2,2,0,2022,4,0,0,0,0,2,9936.932,2.0,2,0,1.0,9,32,3830.0,0.6070175276741574,73.19224654097276,74.29530430690215,9.490386956642766,1117.141592366869,257380.9443254818,15935.565011852366,1733.9250000199986,935.692,13265.948011832368,2000.1670000199988,13935.398011832369,12.551591352627522,LEVE,2
0,1,14,2,4,1,-11.937526,-77.071828,6,5,6,2,6,2,2,0,2022,4,0,0,1,0,0,6543.555,3.0,2,0,1.0,0,30,1475.0,0.758462599563312,80.5192231989937,79.20045639149897,11.33839041452458,1628.5661148492152,363987.54389721627,7626.313,1683.4029999999998,1599.0829999999996,4343.827000000001,1814.875,5811.438000000001,23.797541485643197,LEVE,2
1,1,14,0,4,1,-10.892130785708703,-77.67582893812603,0,4,7,1,2,1,0,0,2022,4,0,0,6,1,0,6543.555,3.0,2,0,1.0,0,30,1475.0,0.6058977644686256,75.86009868534626,65.24867654925505,8.328201694517173,1216.0018080234922,26242.524625267662,7626.313,1683.4029999999998,1599.0829999999996,4343.827000000001,1814.875,5811.438000000001,23.797541485643197,LEVE,2
0,1,8,0,4,1,-13.472465,-75.065095,0,4,7,1,2,1,1,0,2022,4,0,0,15,3,2,1679.5849999999998,2.0,2,3,1.0,9,24,315.0,0.378190446863802,61.96062803309754,62.44748113248555,6.662538076220829,503.0752702710709,212.6488222698074,8511.426,1445.3929999999996,2008.516,5057.516999999999,1879.579,6631.846999999998,22.08300935706896,LEVE,2
3,2,12,0,4,1,-7.272699,-79.477915,0,4,7,1,2,2,2,2,2022,4,1,0,5,0,0,6543.555,3.0,2,0,1.0,0,30,1475.0,0.5650979329787121,81.32490571897102,68.6769211482833,7.868096912305706,909.6843705053026,43897.946466809415,8931.828000000005,1335.5899999999997,1935.9830000000004,5660.255000000005,1219.309,7712.519000000005,13.651281686122925,GRAVE_MORTALIDAD,1
6,1,12,0,4,0,-7.817445545513125,-77.63357401488287,0,4,0,0,1,2,2,2,2022,4,1,0,8,1,0,6543.555,2.0,4,4,1.0,14,33,1198.0,0.4686292122960986,72.39347765706144,42.14285241633188,6.687776775372348,878.2652317159998,9440.374732334049,8931.828000000005,1335.5899999999997,1935.9830000000004,5660.255000000005,1219.309,7712.519000000005,13.651281686122925,LEVE,2
3,1,11,2,4,3,-11.30388246837108,-74.55187077045927,6,5,6,2,6,2,2,0,2022,4,1,0,10,1,2,6543.555,2.0,4,4,1.0,14,33,1198.0,0.4285012061956566,75.41084938147766,60.01133023046341,7.293281496635318,514.084282951313,59216.39149500083,12264.545,1826.4639999999995,1105.5389999999998,9332.542,1588.5359999999996,10676.009,12.952261987705208,LEVE,2
2,1,14,2,2,4,-12.0668456,-77.0052153,6,5,6,2,6,2,2,0,2022,4,1,0,10,1,0,6543.555,2.0,4,4,1.0,14,33,1198.0,0.7141594849782824,79.90829932185413,74.79179886803175,10.522504814235935,1482.4793645077043,156887.87152034265,7626.313,1683.4029999999998,1599.0829999999996,4343.827000000001,1814.875,5811.438000000001,23.797541485643197,LEVE,2
0,1,1,2,4,1,-9.072562692594683,-78.58902475388773,0,0,7,1,2,2,2,4,2022,4,1,0,12,3,2,6543.555,3.0,2,0,1.0,0,30,1475.0,0.6138280897610826,78.84695742989106,71.99259200326753,9.438855747011283,1055.78291711923,196830.83083511775,10767.648,1885.0630000000003,1222.721,7659.864000000001,2100.343,8667.305000000002,19.506051832303577,LEVE,2
6,1,22,0,4,1,-17.805173051007888,-70.59319312095045,6,5,6,2,6,2,2,0,2022,4,1,0,14,3,0,6639.975,2.0,2,0,1.0,9,31,1616.0,0.5526222945995614,74.2498786138685,70.50025041365525,8.75355945120394,897.5682559826355,2956.51391862955,2650.572,630.6729999999998,487.3610000000001,1532.5379999999998,1068.7019999999998,1581.87,40.31967439480987,LEVE,2
1,1,5,2,6,4,-7.14674322,-78.4628021,2,0,2,1,2,2,2,0,2022,4,1,0,15,3,2,6543.555,2.0,4,4,1.0,14,33,1198.0,0.4873182795359782,74.24096566709692,64.6877883123536,6.6248391576573376,776.4319899416191,48280.91862955032,15935.565011852366,1733.9250000199986,935.692,13265.948011832368,2000.1670000199988,13935.398011832369,12.551591352627522,LEVE,2
3,0,10,2,4,1,-14.258504,-75.687392,0,4,7,1,2,2,2,0,2022,4,1,0,15,3,0,6639.975,2.0,2,0,1.0,9,31,1616.0,0.6261042306271147,80.48505954362174,76.55712631348362,9.341715591523595,1061.002261282891,31419.372591006424,3721.461,698.1859999999996,744.866,2278.409,1102.9029999999996,2618.558,29.636290693359403,LEVE,2
1,1,6,2,4,1,-11.942374412178228,-77.13127055456906,0,0,7,1,2,2,2,0,2022,4,1,0,22,2,0,139.23,-1.0,2,0,0.0,9,32,69.0,0.5563774842369664,77.00938809632027,69.10246351364754,8.476961866273152,914.8835608305218,27932.19700214133,51.58600000000001,44.68700000000001,6.899000000000001,0.0,49.838000000000015,1.748,96.61148373589734,LEVE,2
6,1,3,0,4,2,-16.439461,-71.929865,0,4,0,1,2,0,1,0,2022,4,1,0,23,2,0,6543.555,2.0,4,4,1.0,14,33,1198.0,0.6455852322566902,78.58826324858522,78.38415596279924,8.472481180514539,1258.6172876652156,2628.282655246253,10322.272,1495.236,1749.739,7077.2970000000005,2886.595,7435.677000000001,27.964725207783708,LEVE,2
3,1,13,0,4,1,-6.519502,-80.047729,0,4,7,1,2,2,2,0,2022,4,2,0,2,0,0,6543.555,3.0,2,0,1.0,0,30,1475.0,0.3879800350664534,75.68222437543551,50.64551119758177,4.891651630735472,548.2382997194167,48902.40256959316,3459.691,515.0619999999999,689.7280000000001,2254.901,703.3549999999999,2756.336,20.329994788551925,LEVE,2
6,1,22,0,4,2,-17.520609434056144,-70.72215373363609,6,5,6,2,6,2,2,0,2022,4,2,0,4,0,0,6543.555,2.0,4,4,1.0,14,33,1198.0,0.5808930026895661,73.37135799124349,71.93408096666538,9.168656032350269,1015.959346788436,2847.875802997859,2650.572,630.6729999999998,487.3610000000001,1532.5379999999998,1068.7019999999998,1581.87,40.31967439480987,GRAVE_MORTALIDAD,1
6,1,6,2,7,4,-12.054155073024663,-77.145566383695,0,2,7,1,2,2,2,2,2022,4,2,0,4,0,0,6543.555,2.0,4,4,1.0,14,33,1198.0,0.5563774842369664,77.00938809632027,69.10246351364754,8.476961866273152,914.8835608305218,27932.19700214133,51.58600000000001,44.68700000000001,6.899000000000001,0.0,49.838000000000015,1.748,96.61148373589734,LEVE,2
0,1,16,0,4,1,-12.885302,-70.023002,0,0,7,1,2,2,2,4,2022,4,2,0,17,3,1,3263.58,2.0,2,0,1.0,5,18,566.0,0.5847607793961872,74.2269863647676,56.54783510482739,8.321017414125608,1213.9031663194648,11048.877944325484,2090.391,399.431,340.021,1350.9389999999996,493.824,1596.5669999999996,23.62352306338862,LEVE,2
3,2,20,0,4,1,-16.51236746735443,-69.0882216243112,0,4,7,1,2,2,2,2,2022,4,2,0,17,3,2,7586.903,2.0,2,0,1.0,9,5,1198.0,0.2394362064959017,73.4288503002124,62.51290199484375,6.018616845068367,132.27646614855612,17422.250535331903,13642.312999999998,2020.7790000000005,2354.117,9267.416999999998,3314.0520000000006,10328.260999999997,24.29244952817019,LEVE,2
0,1,12,0,4,1,-7.452900319944818,-79.49065446539922,0,4,7,1,2,2,2,0,2022,4,2,0,20,2,0,6543.555,3.0,2,0,1.0,0,30,1475.0,0.6138517538553948,80.84826225715301,64.49339622566798,9.143362084626023,1095.689060330069,16852.97430406852,8931.828000000005,1335.5899999999997,1935.9830000000004,5660.255000000005,1219.309,7712.519000000005,13.651281686122925,LEVE,2
6,1,14,2,2,4,-11.9367113327829,-77.048712090667,6,5,6,2,6,2,2,0,2022,4,2,0,20,2,0,6543.555,2.0,4,4,1.0,14,33,1198.0,0.7218926988400113,80.0902077245261,77.9581888264889,10.971588327733102,1458.3206086290393,530000.3426124197,7626.313,1683.4029999999998,1599.0829999999996,4343.827000000001,1814.875,5811.438000000001,23.797541485643197,LEVE,2
3,1,14,2,4,2,-11.985049,-76.93855,6,5,6,2,6,2,2,0,2022,4,2,0,21,2,0,6543.555,2.0,4,4,1.0,14,33,1198.0,0.6831952456039544,78.60873873772867,74.49000793376607,10.00420210847705,1376.0472418044385,255143.7301927195,7626.313,1683.4029999999998,1599.0829999999996,4343.827000000001,1814.875,5811.438000000001,23.797541485643197,LEVE,2
2,1,2,2,4,1,-13.661499,-73.41861,6,5,6,2,6,2,2,0,2022,4,2,0,23,2,2,7586.903,2.0,2,0,1.0,9,5,1198.0,0.5127888132519094,75.56818459680073,75.23806976002929,8.476961866273152,698.0439852679892,48362.40899357601,8358.971,1282.451,1298.0969999999998,5778.423,1432.683,6926.288,17.139466089785454,LEVE,2
3,1,14,0,4,1,-12.23387967,-76.96018262,0,2,7,1,2,2,2,2,2022,4,3,0,3,0,0,6639.975,2.0,2,0,1.0,9,31,1616.0,0.6990481232857558,80.14597904142546,74.3851677794309,10.004397644056358,1432.5044292531525,459161.0728051392,7626.313,1683.4029999999998,1599.0829999999996,4343.827000000001,1814.875,5811.438000000001,23.797541485643197,LEVE,2
0,1,20,0,4,0,-16.249249472681786,-69.00240762655612,0,4,0,1,2,1,1,4,2022,4,3,0,5,0,2,6543.555,2.0,4,4,1.0,14,33,1198.0,0.1864550495080983,78.53390944838529,66.3576850223852,4.377819255268348,86.59813315960392,4516.55460385439,13642.312999999998,2020.7790000000005,2354.117,9267.416999999998,3314.0520000000006,10328.260999999997,24.29244952817019,LEVE,2
0,1,3,2,4,0,-16.3501797,-72.1854332,0,0,9,1,2,0,1,0,2022,4,3,0,5,0,0,6543.555,2.0,4,4,1.0,14,33,1198.0,0.6077843615696785,76.53072135400231,69.81276959706165,8.77367759087771,1135.5159013374655,74658.55888650964,10322.272,1495.236,1749.739,7077.2970000000005,2886.595,7435.677000000001,27.964725207783708,LEVE,2
3,2,13,0,4,1,-6.80138108906246,-79.8501031078304,5,4,7,1,2,2,2,0,2022,4,3,0,21,2,0,6543.555,3.0,2,0,1.0,0,30,1475.0,0.5698121065713132,80.7750211042815,73.24532007426484,9.611369875155264,807.8835749369007,96903.36830835116,3459.691,515.0619999999999,689.7280000000001,2254.901,703.3549999999999,2756.336,20.329994788551925,LEVE,2
6,1,14,2,2,4,-12.027727,-77.040628,6,5,6,2,6,2,2,0,2022,4,4,0,0,0,0,6543.555,2.0,4,4,1.0,14,33,1198.0,0.7300036506368504,80.21724456394445,75.11639588359114,10.636845733066124,1559.041185521695,156759.78800856532,7626.313,1683.4029999999998,1599.0829999999996,4343.827000000001,1814.875,5811.438000000001,23.797541485643197,LEVE,2
10,1,14,2,4,1,-12.030099,-76.994874,6,5,6,2,6,2,2,0,2022,4,4,0,4,0,0,6543.555,3.0,2,0,1.0,0,30,1475.0,0.6970617810314195,81.40501156526744,73.5715154770137,9.635174408411393,1428.892506292977,203379.9271948608,7626.313,1683.4029999999998,1599.0829999999996,4343.827000000001,1814.875,5811.438000000001,23.797541485643197,LEVE,2
5,1,1,0,4,1,-8.99838,-78.617956,0,4,7,1,2,2,2,0,2022,4,4,0,5,0,2,6543.555,3.0,2,0,1.0,0,30,1475.0,0.5751416396314166,79.13313360862875,61.07686741629993,7.835804203082414,1055.1585250692096,20995.070663811563,10767.648,1885.0630000000003,1222.721,7659.864000000001,2100.343,8667.305000000002,19.506051832303577,LEVE,2
3,2,19,0,4,1,-5.37607494666028,-80.7360660846995,0,4,7,1,2,2,2,0,2022,4,4,0,6,1,0,453.9549999999999,2.0,2,3,0.0,9,32,133.0,0.4687740488762445,76.40259786416358,62.39999678810319,6.714528273892864,672.8003583579583,43346.27408993576,8965.846000060003,1782.4120000599992,636.9959999999999,6546.438000000004,2214.505000059999,6751.341000000004,24.699342371541725,LEVE,2
3,1,13,2,4,1,-6.68541,-79.90401,0,3,7,1,2,2,2,2,2022,4,4,0,7,1,0,6543.555,3.0,2,0,1.0,0,30,1475.0,0.5539280527450423,74.69452916859504,66.89728158703436,9.542777400516576,872.5509264417765,79617.09421841543,3459.691,515.0619999999999,689.7280000000001,2254.901,703.3549999999999,2756.336,20.329994788551925,LEVE,2