CLASE SINIESTRO,CANTIDAD DE VEHICULOS DAÑADOS,DEPARTAMENTO,ZONA,TIPO DE VÍA,RED VIAL,COORDENADAS LATITUD,COORDENADAS  LONGITUD,CONDICIÓN CLIMÁTICA,ZONIFICACIÓN,CARACTERÍSTICAS DE VÍA,PERFIL LONGITUDINAL VÍA,SUPERFICIE DE CALZADA,¿EXISTE SEÑAL VERTICAL?,¿EXISTE SEÑAL HORIZONTAL?,CAUSA FACTOR PRINCIPAL,AÑO,MES,DIA_SEMANA,ES_FIN_SEMANA,HORA_NUM,FRANJA_HORARIA,REGION_NATURAL,MTC_RVN_LONGITUD_KM,MTC_RVN_N_CARRILES_MEDIANA,MTC_RVN_SUPERFICIE_DOMINANTE,MTC_RVN_ESTADO_DOMINANTE,MTC_RVN_ES_CONCESIONADA,MTC_RVN_CONCESION_PRINCIPAL,MTC_RVN_CORREDOR_LOGISTICO,MTC_RVN_N_TRAMOS,IDH_2019,IDH_ESP_VIDA_2019,IDH_EDUC_SECUND_PCT_2019,IDH_ANIOS_EDUC_2019,IDH_INGRESO_PERCAP_2019,IDH_POBLACION_2019,MTC_DEP_RED_TOTAL_KM,MTC_DEP_NACIONAL_TOTAL_KM,MTC_DEP_DEPARTAMENTAL_TOTAL_KM,MTC_DEP_VECINAL_TOTAL_KM,MTC_DEP_PAV_TOTAL_KM,MTC_DEP_NO_PAV_TOTAL_KM,MTC_DEP_PCT_PAVIMENTADA,CATEGORIA_SEVERIDAD,CATEGORIA_SEVERIDAD_ENC
4,1,7,2,2,4,-14.281336,-71.2278245,0,0,7,1,4,2,2,1,2022,5,0,0,18,2,2,6543.555,2.0,4,4,1.0,14,33,1198.0,0.5265643824923771,76.3202150422939,72.59240802938885,8.636399400985075,746.7361126929013,59032.11777301927,17779.13499998999,2097.3709999899997,2863.123,12818.640999999989,2878.713,14900.421999989989,16.19152450331032,GRAVE_LESIONADOS,0
3,2,23,0,4,1,-3.611388481298515,-80.50967921464728,0,4,7,1,2,2,2,2,2022,5,0,0,18,2,0,6543.555,3.0,2,0,1.0,0,30,1475.0,0.5691277377037675,76.83860361118322,66.3560753457607,8.686409348773196,962.153294603348,23971.755888650965,1009.101,138.47399999999996,287.471,583.156,276.972,732.129,27.447401201663663,LEVE,2
6,1,23,0,4,0,-3.628754926432807,-80.19432755788802,0,4,7,1,2,2,2,2,2022,5,0,0,19,2,0,6543.555,2.0,4,4,1.0,14,33,1198.0,0.3739065183088536,68.4141813909333,44.19525597561862,6.685920095420442,491.6766763134211,3282.683083511777,1009.101,138.47399999999996,287.471,583.156,276.972,732.129,27.447401201663663,LEVE,2
3,2,19,2,4,1,-4.916179203674546,-80.66409399576936,0,4,7,1,2,2,2,2,2022,5,0,0,22,2,0,640.6200000000001,2.0,2,3,0.0,9,32,72.0,0.5657000696312142,79.93504063107561,71.14438533384025,9.31841991972829,829.1233898514824,181599.8115631692,8965.846000060003,1782.4120000599992,636.9959999999999,6546.438000000004,2214.505000059999,6751.341000000004,24.699342371541725,LEVE,2
6,1,7,0,4,2,-13.13389062520789,-71.7717922828925,0,4,5,0,1,1,0,1,2022,5,1,0,9,1,2,6543.555,2.0,4,4,1.0,14,33,1198.0,0.19075270827632,59.71559562867156,50.75498712202398,3.131024861008163,170.5711932850073,9921.785867237688,17779.13499998999,2097.3709999899997,2863.123,12818.640999999989,2878.713,14900.421999989989,16.19152450331032,LEVE,2
6,1,5,0,4,3,-7.219264,-78.611895,7,4,0,1,1,2,2,0,2022,5,1,0,12,3,2,6543.555,2.0,4,4,1.0,14,33,1198.0,0.3499131122933449,74.39401817945264,56.6280544824882,4.625294965690104,417.1826098657696,8462.284796573875,15935.565011852366,1733.9250000199986,935.692,13265.948011832368,2000.1670000199988,13935.398011832369,12.551591352627522,GRAVE_LESIONADOS,0
3,2,20,0,4,1,-15.2355974,-69.8292837,0,4,0,1,2,2,2,2,2022,5,1,0,15,3,2,1762.84,2.0,1,0,0.0,9,32,485.0,0.4032210196156518,69.57344393979501,70.66462432904875,7.051546041958483,460.5210312161111,14743.678800856533,13642.312999999998,2020.7790000000005,2354.117,9267.416999999998,3314.0520000000006,10328.260999999997,24.29244952817019,GRAVE_MORTALIDAD,1
10,1,20,0,4,0,-15.142520990632432,-69.21831837040257,0,4,7,1,7,2,2,2,2022,5,1,0,18,2,2,6543.555,2.0,4,4,1.0,14,33,1198.0,0.2992647132950835,71.29087212794018,55.106065776176855,6.1504410432947925,243.4093365645157,3483.638115631692,13642.312999999998,2020.7790000000005,2354.117,9267.416999999998,3314.0520000000006,10328.260999999997,24.29244952817019,LEVE,2
6,1,20,0,4,1,-14.240761690814937,-69.15695065487148,0,4,7,1,7,2,2,2,2022,5,2,0,3,0,2,1762.84,2.0,1,0,0.0,9,32,485.0,0.3774724466573285,74.08911939577227,45.910498742132894,7.27912911324001,420.0091939101,1923.8993576017128,13642.312999999998,2020.7790000000005,2354.117,9267.416999999998,3314.0520000000006,10328.260999999997,24.29244952817019,LEVE,2
3,1,13,0,4,1,-6.455893,-80.132488,0,4,7,1,2,2,2,0,2022,5,2,0,4,0,0,6543.555,3.0,2,0,1.0,0,30,1475.0,0.3879800350664534,75.68222437543551,50.64551119758177,4.891651630735472,548.2382997194167,48902.40256959316,3459.691,515.0619999999999,689.7280000000001,2254.901,703.3549999999999,2756.336,20.329994788551925,GRAVE_MORTALIDAD,1
0,2,7,2,4,2,-13.509832,-71.913932,0,3,0,0,2,2,2,2,2022,5,2,0,6,1,2,6543.555,2.0,4,4,1.0,14,33,1198.0,0.6806292796157144,77.51447806142957,82.6599812385644,11.044400293146794,1245.5372385926626,131240.7944325482,17779.13499998999,2097.3709999899997,2863.123,12818.640999999989,2878.713,14900.421999989989,16.19152450331032,LEVE,2
3,2,3,0,4,1,-16.470246,-71.692165,0,4,7,0,2,1,1,0,2022,5,3,0,7,1,0,1504.4250000000002,2.0,2,0,1.0,7,25,241.0,0.6689013265491138,80.68275010974979,77.5560025217936,10.466309714908672,1190.454984819332,14385.036402569593,10322.272,1495.236,1749.739,7077.2970000000005,2886.595,7435.677000000001,27.964725207783708,GRAVE_MORTALIDAD,1
6,1,20,0,4,1,-16.024146133773815,-69.73722878919689,0,4,7,1,2,2,2,2,2022,5,3,0,11,1,2,7586.903,2.0,2,0,1.0,9,5,1198.0,0.3247057995130503,73.24682709519536,76.81044161661171,6.507336567861034,242.9773157546694,24872.03426124197,13642.312999999998,2020.7790000000005,2354.117,9267.416999999998,3314.0520000000006,10328.260999999997,24.29244952817019,LEVE,2
3,2,12,0,4,1,-8.377373,-78.860858,0,4,7,1,2,2,2,2,2022,5,3,0,16,3,0,6543.555,3.0,2,0,1.0,0,30,1475.0,0.5051395598219868,77.13285387085847,51.52067479184955,6.715328807318118,900.900383457586,67612.41755888652,8931.828000000005,1335.5899999999997,1935.9830000000004,5660.255000000005,1219.309,7712.519000000005,13.651281686122925,LEVE,2
0,1,20,0,4,1,-15.6469796,-70.3557862,0,4,7,1,2,2,2,4,2022,5,3,0,17,3,2,1504.4250000000002,2.0,2,0,1.0,7,25,241.0,0.4387767884413746,74.08026937973001,72.73571788884047,7.487249530915593,506.6407671536068,4885.396145610278,13642.312999999998,2020.7790000000005,2354.117,9267.416999999998,3314.0520000000006,10328.260999999997,24.29244952817019,LEVE,2
6,1,11,0,4,1,-10.99535598018256,-75.31456226825117,6,5,6,2,6,2,2,0,2022,5,3,0,21,2,2,600.0300000000001,2.0,2,0,0.0,9,8,178.0,0.587430624814192,75.05837214886559,65.27778442559935,9.160286843623986,1064.616047731197,24595.453961456104,12264.545,1826.4639999999995,1105.5389999999998,9332.542,1588.5359999999996,10676.009,12.952261987705208,GRAVE_LESIONADOS,0
0,1,14,2,2,4,-11.984402,-77.015373,6,5,6,2,6,2,2,0,2022,5,3,0,22,2,0,6543.555,2.0,4,4,1.0,14,33,1198.0,0.701053025277506,79.62867561460851,73.1469484600971,10.064317505194426,1464.6926161541437,1150285.0494171206,7626.313,1683.4029999999998,1599.0829999999996,4343.827000000001,1814.875,5811.438000000001,23.797541485643197,LEVE,2
0,1,12,0,4,1,-7.798368,-77.979569,0,4,7,1,2,2,2,2,2022,5,4,0,1,0,0,9936.932,2.0,2,0,1.0,9,32,3830.0,0.3986882084754764,72.97869269132666,58.65435142755623,5.605762371496486,527.7120199980477,69564.29978586723,8931.828000000005,1335.5899999999997,1935.9830000000004,5660.255000000005,1219.309,7712.519000000005,13.651281686122925,LEVE,2
6,1,1,0,4,1,-8.954780824501626,-77.36403224784864,7,4,5,1,1,2,2,2,2022,5,4,0,4,0,2,1134.015,-1.0,0,2,0.0,9,32,173.0,0.1933413124191001,75.27480682469546,30.78802384394488,3.581661421784507,143.17637578490553,5778.182012847967,10767.648,1885.0630000000003,1222.721,7659.864000000001,2100.343,8667.305000000002,19.506051832303577,LEVE,2
0,1,14,2,2,4,-12.0193984,-76.9187015,6,5,6,2,6,2,2,0,2022,5,4,0,5,0,0,6543.555,2.0,4,4,1.0,14,33,1198.0,0.6831952456039544,78.60873873772867,74.49000793376607,10.00420210847705,1376.0472418044385,255143.7301927195,7626.313,1683.4029999999998,1599.0829999999996,4343.827000000001,1814.875,5811.438000000001,23.797541485643197,LEVE,2
0,0,6,2,2,4,-12.049602371925683,-77.11083950430451,0,2,7,1,2,0,1,4,2022,5,4,0,13,3,0,6543.555,2.0,4,4,1.0,14,33,1198.0,0.5563774842369664,77.00938809632027,69.10246351364754,8.476961866273152,914.8835608305218,27932.19700214133,51.58600000000001,44.68700000000001,6.899000000000001,0.0,49.838000000000015,1.748,96.61148373589734,LEVE,2
6,1,11,0,4,1,-11.9460573130092,-75.328205332467,0,4,7,1,2,2,2,2,2022,5,4,0,14,3,2,196.88,2.0,2,0,1.0,3,32,35.0,0.5094324469192663,69.80046164182401,68.30814412618273,8.9065528403411,781.4898849740999,1269.9314775160597,12264.545,1826.4639999999995,1105.5389999999998,9332.542,1588.5359999999996,10676.009,12.952261987705208,GRAVE_MORTALIDAD,1
6,1,14,0,4,2,-10.75023591567628,-77.26211927017157,0,4,0,1,1,2,2,1,2022,5,4,0,15,3,0,6543.555,2.0,4,4,1.0,14,33,1198.0,0.316448116092254,73.50877606362158,42.06009678584249,4.781829411791958,360.10454563617805,2416.548179871521,7626.313,1683.4029999999998,1599.0829999999996,4343.827000000001,1814.875,5811.438000000001,23.797541485643197,LEVE,2
0,1,3,2,4,1,-16.497109,-71.835723,0,0,1,1,2,0,1,0,2022,5,4,0,18,2,0,6639.975,2.0,2,0,1.0,9,31,1616.0,0.6105481451420971,78.10653088113892,68.35418098658066,8.411557426919764,1158.5430895193692,35025.678800856535,10322.272,1495.236,1749.739,7077.2970000000005,2886.595,7435.677000000001,27.964725207783708,LEVE,2
3,2,20,0,4,1,-16.90780928709047,-69.70675279593272,0,4,0,1,2,2,2,2,2022,5,4,0,18,2,2,1139.285,1.0,1,3,0.0,9,32,176.0,0.3367238884705214,79.36896456880557,60.06171049206615,6.384918376891411,270.8405155620205,5778.8501070663815,13642.312999999998,2020.7790000000005,2354.117,9267.416999999998,3314.0520000000006,10328.260999999997,24.29244952817019,GRAVE_MORTALIDAD,1
5,2,20,2,4,1,-15.5243284,-70.1819582,0,2,7,1,2,2,2,2,2022,5,4,0,20,2,2,1504.4250000000002,2.0,2,0,1.0,7,25,241.0,0.5759734352119,73.55929462493827,78.89306383943827,10.174966342239475,888.1716010638444,232834.39603082248,13642.312999999998,2020.7790000000005,2354.117,9267.416999999998,3314.0520000000006,10328.260999999997,24.29244952817019,LEVE,2
6,1,19,0,2,4,-5.182029,-80.638654,0,0,7,1,2,2,2,2,2022,5,5,1,4,0,0,6543.555,2.0,4,4,1.0,14,33,1198.0,0.6582040223794163,78.74105515718446,77.3206684883171,11.334167841567446,1124.177237253568,178905.3426124197,8965.846000060003,1782.4120000599992,636.9959999999999,6546.438000000004,2214.505000059999,6751.341000000004,24.699342371541725,LEVE,2
0,1,14,2,2,4,-12.1283137,-76.9951014,6,5,6,2,6,2,2,0,2022,5,5,1,12,3,0,6543.555,2.0,4,4,1.0,14,33,1198.0,0.8017574897902351,80.48487267736287,78.74302427848284,13.156716040468266,1766.1488062170545,359776.608137045,7626.313,1683.4029999999998,1599.0829999999996,4343.827000000001,1814.875,5811.438000000001,23.797541485643197,LEVE,2
6,1,1,0,4,1,-8.564146651819044,-77.63079332757098,5,4,7,0,1,1,1,0,2022,5,5,1,16,3,2,1703.219,1.0,0,3,0.0,9,28,247.0,0.2235535999263506,73.45839458409556,45.37993605623589,4.103256000117067,160.68553039031255,2516.8950749464666,10767.648,1885.0630000000003,1222.721,7659.864000000001,2100.343,8667.305000000002,19.506051832303577,GRAVE_MORTALIDAD,1
3,1,20,0,4,0,-15.366502281014483,-70.08432442339543,0,4,7,1,2,2,2,2,2022,5,5,1,18,2,2,6543.555,2.0,4,4,1.0,14,33,1198.0,0.2324501385472216,70.00261704144198,63.763506331253495,4.517670868242165,153.1624478804619,2932.3790149892934,13642.312999999998,2020.7790000000005,2354.117,9267.416999999998,3314.0520000000006,10328.260999999997,24.29244952817019,LEVE,2
0,1,18,2,4,1,-10.994750396287248,-76.35567281454678,0,0,7,1,2,1,1,2,2022,5,5,1,19,2,2,1084.715,2.0,2,3,0.0,9,23,1025.0,0.632230858329541,71.21665908427565,83.11645790367719,10.400797572253085,1174.7982599647726,11513.492505353315,3677.119863,564.5869999999999,910.845,2201.687863000001,590.8779999999998,3086.2418630000006,16.06904376290656,LEVE,2
3,2,12,2,2,4,-8.0694,-79.034274,0,3,1,1,2,2,2,0,2022,5,5,1,21,2,0,6543.555,2.0,4,4,1.0,14,33,1198.0,0.5628682280502054,79.35078533424159,59.07369130997599,7.880201475313533,999.8741857239928,209189.32119914345,8931.828000000005,1335.5899999999997,1935.9830000000004,5660.255000000005,1219.309,7712.519000000005,13.651281686122925,LEVE,2
3,1,13,0,4,2,-6.38934,-79.75543,0,4,7,1,2,1,0,0,2022,5,6,1,3,0,0,6543.555,2.0,4,4,1.0,14,33,1198.0,0.5059173540051534,75.20849370321716,65.55087882905781,7.516301845742602,777.5523013576318,18529.839400428264,3459.691,515.0619999999999,689.7280000000001,2254.901,703.3549999999999,2756.336,20.329994788551925,LEVE,2
3,1,13,0,4,1,-6.6910073,-79.9038109,0,4,7,1,2,2,2,0,2022,5,6,1,5,0,0,6543.555,3.0,2,0,1.0,0,30,1475.0,0.5539280527450423,74.69452916859504,66.89728158703436,9.542777400516576,872.5509264417765,79617.09421841543,3459.691,515.0619999999999,689.7280000000001,2254.901,703.3549999999999,2756.336,20.329994788551925,LEVE,2
3,2,7,0,4,0,-12.678571,-72.285681,7,4,5,1,2,2,2,1,2022,5,6,1,10,1,2,6543.555,2.0,4,4,1.0,14,33,1198.0,0.3458285951625388,71.92356146222339,58.36138650150466,5.536599799186402,367.66184108199946,11927.233404710922,17779.13499998999,2097.3709999899997,2863.123,12818.640999999989,2878.713,14900.421999989989,16.19152450331032,LEVE,2
5,1,9,0,4,1,-8.905989,-76.093755,0,4,7,1,2,2,2,0,2022,5,6,1,16,3,2,7758.33400008,2.0,2,0,1.0,9,20,2133.0,0.4488980782274319,72.32233236849576,48.83099256769076,6.808038769056246,716.252056011431,32955.28479657388,8209.057,1333.4779999999996,791.9770000000001,6083.602,1059.8589999999997,7149.198,12.910849565303296,LEVE,2
3,2,20,0,4,1,-14.662329891518588,-69.57634081744473,0,4,7,1,2,2,2,2,2022,5,6,1,18,2,2,1762.84,2.0,1,0,0.0,9,32,485.0,0.6184115616858871,61.62211917452258,75.07837960512437,8.232900973487418,1672.724317350423,26325.70877944325,13642.312999999998,2020.7790000000005,2354.117,9267.416999999998,3314.0520000000006,10328.260999999997,24.29244952817019,GRAVE_MORTALIDAD,1
10,1,10,2,2,4,-14.077721,-75.732901,0,3,7,1,2,0,1,0,2022,5,6,1,19,2,0,6543.555,2.0,4,4,1.0,14,33,1198.0,0.6637216310803388,79.6446050662278,81.37671161983333,11.724811319582514,1084.329233867723,142450.24411134905,3721.461,698.1859999999996,744.866,2278.409,1102.9029999999996,2618.558,29.636290693359403,LEVE,2
1,1,14,2,4,1,-11.57892,-77.2619,0,3,7,1,2,1,0,4,2022,5,6,1,20,2,0,6543.555,3.0,2,0,1.0,0,30,1475.0,0.6328991168419597,79.8522840328396,72.51785912375117,8.65057438382499,1190.6734036432963,65701.61456102783,7626.313,1683.4029999999998,1599.0829999999996,4343.827000000001,1814.875,5811.438000000001,23.797541485643197,LEVE,2
3,1,14,2,2,4,-12.160096,-77.018885,6,5,6,2,6,2,2,0,2022,5,6,1,20,2,0,6543.555,2.0,4,4,1.0,14,33,1198.0,0.7583553928164398,79.82595632107274,76.7651270103073,11.46351379457763,1662.7771470294065,333655.3618843683,7626.313,1683.4029999999998,1599.0829999999996,4343.827000000001,1814.875,5811.438000000001,23.797541485643197,LEVE,2
3,2,10,0,4,1,-13.958563,-75.78566,0,4,7,1,2,2,2,0,2022,5,0,0,4,0,0,6639.975,2.0,2,0,1.0,9,31,1616.0,0.6053164595604621,78.88848309050202,67.63954639531094,9.133324993872453,1064.9426147896202,27932.19700214133,3721.461,698.1859999999996,744.866,2278.409,1102.9029999999996,2618.558,29.636290693359403,GRAVE_MORTALIDAD,1
3,1,14,2,2,4,-11.8436756,-77.0425209,6,5,6,2,6,2,2,0,2022,5,0,0,10,1,0,6543.555,2.0,4,4,1.0,14,33,1198.0,0.6498693508177541,78.84967382596041,74.11456675539837,9.21786785255454,1246.479589064551,356854.23554603854,7626.313,1683.4029999999998,1599.0829999999996,4343.827000000001,1814.875,5811.438000000001,23.797541485643197,LEVE,2
3,2,19,0,4,1,-5.295863,-80.617741,0,4,3,0,0,2,2,2,2022,5,0,0,10,1,0,6543.555,3.0,2,0,1.0,0,30,1475.0,0.5034350778485951,78.14388603810477,62.51585839041032,7.698619805954479,731.8176685454189,76220.84796573877,8965.846000060003,1782.4120000599992,636.9959999999999,6546.438000000004,2214.505000059999,6751.341000000004,24.699342371541725,LEVE,2
0,0,23,0,4,1,-3.684780265894736,-80.68891524247249,7,4,7,1,2,2,2,4,2022,5,0,0,10,1,0,6543.555,3.0,2,0,1.0,0,30,1475.0,0.568342833663152,74.37886913017682,68.79116494388956,9.025058202905662,964.4271707185276,11360.244111349037,1009.101,138.47399999999996,287.471,583.156,276.972,732.129,27.447401201663663,LEVE,2
0,1,19,0,4,1,-5.016998967166749,-80.70028238695588,0,4,7,1,2,2,2,4,2022,5,0,0,19,2,0,6543.555,3.0,2,0,1.0,0,30,1475.0,0.5657000696312142,79.93504063107561,71.14438533384025,9.31841991972829,829.1233898514824,181599.8115631692,8965.846000060003,1782.4120000599992,636.9959999999999,6546.438000000004,2214.505000059999,6751.341000000004,24.699342371541725,LEVE,2
3,2,13,0,4,1,-6.7522605,-79.725199,0,4,7,1,2,0,0,0,2022,5,0,0,23,2,0,919.085,2.0,2,3,0.0,9,7,218.0,0.5620975674023033,82.12463805178847,66.61876166359768,8.699915557104742,843.1720684546592,25484.141327623125,3459.691,515.0619999999999,689.7280000000001,2254.901,703.3549999999999,2756.336,20.329994788551925,LEVE,2
7,0,14,2,0,4,-12.033891052582716,-77.0258339565766,0,3,7,1,2,2,2,0,2022,5,1,0,2,0,0,6543.555,2.0,4,4,1.0,14,33,1198.0,0.7300036506368504,80.21724456394445,75.11639588359114,10.636845733066124,1559.041185521695,156759.78800856532,7626.313,1683.4029999999998,1599.0829999999996,4343.827000000001,1814.875,5811.438000000001,23.797541485643197,LEVE,2
3,1,5,2,4,1,-7.16561589,-78.50029531,0,4,2,1,2,2,2,0,2022,5,1,0,9,1,2,2760.8550000000005,1.0,1,3,0.0,9,32,1208.0,0.6070175276741574,73.19224654097276,74.29530430690215,9.490386956642766,1117.141592366869,257380.9443254818,15935.565011852366,1733.9250000199986,935.692,13265.948011832368,2000.1670000199988,13935.398011832369,12.551591352627522,LEVE,2
10,1,8,0,4,3,-12.969261,-74.528495,0,4,2,0,7,2,2,0,2022,5,1,0,15,3,2,6543.555,2.0,4,4,1.0,14,33,1198.0,0.2162286756440088,68.50512921964423,45.7283297326313,4.109550200433367,161.0246139447855,4039.468950749465,8511.426,1445.3929999999996,2008.516,5057.516999999999,1879.579,6631.846999999998,22.08300935706896,LEVE,2
0,1,3,2,4,1,-16.2505026466129,-71.6779159628935,0,3,7,1,2,0,1,0,2022,5,1,0,18,2,0,1504.4250000000002,2.0,2,0,1.0,7,25,241.0,0.6005060748875158,78.21704200773246,77.40211893847457,8.994742794352394,996.014120858737,33335.45824411135,10322.272,1495.236,1749.739,7077.2970000000005,2886.595,7435.677000000001,27.964725207783708,LEVE,2
1,1,14,2,2,4,-11.97259,-76.99189,6,5,6,2,6,2,2,0,2022,5,2,0,5,0,0,6543.555,2.0,4,4,1.0,14,33,1198.0,0.701053025277506,79.62867561460851,73.1469484600971,10.064317505194426,1464.6926161541437,1150285.0494171206,7626.313,1683.4029999999998,1599.0829999999996,4343.827000000001,1814.875,5811.438000000001,23.797541485643197,LEVE,2
3,2,3,2,4,1,-16.400563605979364,-71.58423260368195,0,0,1,0,2,2,2,0,2022,5,2,0,8,1,0,1504.4250000000002,2.0,2,0,1.0,7,25,241.0,0.6411767862503931,77.2408324916572,78.204125011303,10.595705083047717,1107.223861768016,193412.3169164882,10322.272,1495.236,1749.739,7077.2970000000005,2886.595,7435.677000000001,27.964725207783708,GRAVE_MORTALIDAD,1
6,1,1,0,4,2,-8.601897639050883,-77.5813508444709,0,4,5,1,1,2,2,0,2022,5,2,0,15,3,2,6543.555,2.0,4,4,1.0,14,33,1198.0,0.1843315854532847,75.47310330968506,35.12438623234664,3.463282946428317,125.48241310612576,6053.08993576017,10767.648,1885.0630000000003,1222.721,7659.864000000001,2100.343,8667.305000000002,19.506051832303577,GRAVE_MORTALIDAD,1
3,1,13,2,2,4,-6.7814,-79.8371,0,3,1,1,2,2,2,2,2022,5,3,0,10,1,0,6543.555,2.0,4,4,1.0,14,33,1198.0,0.6336758582443321,79.57413791335281,79.43179781120509,10.959065315580176,998.3945232858084,284974.83725910063,3459.691,515.0619999999999,689.7280000000001,2254.901,703.3549999999999,2756.336,20.329994788551925,LEVE,2
3,1,18,2,4,1,-10.742715145971738,-75.28161434092334,6,5,6,2,6,2,2,0,2022,5,3,0,12,3,2,7758.33400008,2.0,2,0,1.0,9,20,2133.0,0.4935018682383632,71.16974224067597,56.11550877051247,7.658018677879371,835.2109153691747,18777.072805139185,3677.119863,564.5869999999999,910.845,2201.687863000001,590.8779999999998,3086.2418630000006,16.06904376290656,GRAVE_MORTALIDAD,1
3,2,12,0,4,2,-8.570562699842977,-78.71639461497162,0,4,7,1,1,2,2,0,2022,5,3,0,13,3,0,6543.555,2.0,4,4,1.0,14,33,1198.0,0.4971504606547645,77.79759708660042,46.44666297237219,6.322206801902116,929.9716106661404,44368.59100642397,8931.828000000005,1335.5899999999997,1935.9830000000004,5660.255000000005,1219.309,7712.519000000005,13.651281686122925,LEVE,2
4,1,7,2,4,1,-13.633322,-71.383243,0,4,0,1,2,0,1,2,2022,5,4,0,5,0,2,3263.58,2.0,2,0,1.0,5,18,566.0,0.2701433460922377,67.03086854576458,59.596346222865,3.690268129191559,281.2948228692088,16118.58886509636,17779.13499998999,2097.3709999899997,2863.123,12818.640999999989,2878.713,14900.421999989989,16.19152450331032,LEVE,2
7,1,1,0,4,2,-8.599303937013753,-77.5788939802409,0,4,5,1,1,1,0,0,2022,5,4,0,18,2,2,6543.555,2.0,4,4,1.0,14,33,1198.0,0.2835512649020222,73.77373663481798,38.44242022100361,5.251378333416113,261.1618974746919,1510.2633832976444,10767.648,1885.0630000000003,1222.721,7659.864000000001,2100.343,8667.305000000002,19.506051832303577,GRAVE_MORTALIDAD,1
0,1,11,2,4,1,-11.965227558079103,-75.30833759209574,0,4,7,1,2,0,1,2,2022,5,4,0,18,2,2,196.88,2.0,2,0,1.0,3,32,35.0,0.4406926463960144,77.24199455844337,65.2315838780753,7.529686970714586,507.2865720616661,4403.843683083512,12264.545,1826.4639999999995,1105.5389999999998,9332.542,1588.5359999999996,10676.009,12.952261987705208,LEVE,2
6,1,11,0,4,3,-11.21295335910498,-74.66224878398413,6,5,6,2,6,2,2,0,2022,5,4,0,20,2,2,6543.555,2.0,4,4,1.0,14,33,1198.0,0.3896449199426799,73.52944498752588,58.12847486528723,6.818497881997056,432.7706547473175,27485.456102783723,12264.545,1826.4639999999995,1105.5389999999998,9332.542,1588.5359999999996,10676.009,12.952261987705208,LEVE,2
1,1,13,2,4,1,-6.387917,-79.819777,0,3,7,1,2,2,2,0,2022,5,5,1,4,0,0,1305.18,2.0,2,0,1.0,1,20,163.0,0.5059173540051534,75.20849370321716,65.55087882905781,7.516301845742602,777.5523013576318,18529.839400428264,3459.691,515.0619999999999,689.7280000000001,2254.901,703.3549999999999,2756.336,20.329994788551925,LEVE,2
3,2,19,0,4,1,-5.1506,-80.47459,0,4,7,1,2,2,2,0,2022,5,5,1,6,1,0,1305.18,2.0,2,0,1.0,1,20,163.0,0.6220812987247925,80.20155828147696,72.71675503872983,10.02377668600292,1028.915688621886,159840.92719486082,8965.846000060003,1782.4120000599992,636.9959999999999,6546.438000000004,2214.505000059999,6751.341000000004,24.699342371541725,LEVE,2
3,2,13,0,4,2,-6.534687,-79.912711,0,4,1,1,2,2,2,0,2022,5,5,1,15,3,0,6543.555,2.0,4,4,1.0,14,33,1198.0,0.4530607633213016,76.60203660440479,57.768100495203775,6.835929280138066,623.8856963091697,18730.47537473233,3459.691,515.0619999999999,689.7280000000001,2254.901,703.3549999999999,2756.336,20.329994788551925,LEVE,2
0,1,20,0,4,1,-16.218310263745206,-69.49077599235127,0,4,7,1,2,2,2,4,2022,5,5,1,20,2,2,7586.903,2.0,2,0,1.0,9,5,1198.0,0.4138545322335047,72.42365757071663,75.18782800461412,7.422478928805024,440.156451811849,19964.802997858675,13642.312999999998,2020.7790000000005,2354.117,9267.416999999998,3314.0520000000006,10328.260999999997,24.29244952817019,LEVE,2
3,2,19,0,4,1,-4.562178544039255,-80.48681071173851,0,4,7,1,2,2,2,2,2022,5,6,1,8,1,0,410.779,2.0,2,3,0.0,9,32,103.0,0.3726695067482696,77.5283182409139,41.67016302837659,4.468926143170908,555.7263417005713,12823.41113490364,8965.846000060003,1782.4120000599992,636.9959999999999,6546.438000000004,2214.505000059999,6751.341000000004,24.699342371541725,LEVE,2
6,1,14,2,2,4,-11.9472089,-77.06073543,6,5,6,2,6,2,2,0,2022,5,6,1,10,1,0,6543.555,2.0,4,4,1.0,14,33,1198.0,0.7218926988400113,80.0902077245261,77.9581888264889,10.971588327733102,1458.3206086290393,530000.3426124197,7626.313,1683.4029999999998,1599.0829999999996,4343.827000000001,1814.875,5811.438000000001,23.797541485643197,LEVE,2
10,1,2,2,4,1,-14.10356582408187,-72.7059108655267,6,5,6,2,6,2,2,0,2022,5,6,1,11,1,2,2176.715,1.0,1,3,0.0,9,32,756.0,0.4082419425129512,62.16247406267834,69.9099073164565,7.740376071033257,535.7076875431198,4718.406852248394,8358.971,1282.451,1298.0969999999998,5778.423,1432.683,6926.288,17.139466089785454,LEVE,2
6,1,19,0,4,2,-4.781,-80.536,0,4,0,1,1,2,2,2,2022,5,6,1,12,3,0,6543.555,2.0,4,4,1.0,14,33,1198.0,0.5657000696312142,79.93504063107561,71.14438533384025,9.31841991972829,829.1233898514824,181599.8115631692,8965.846000060003,1782.4120000599992,636.9959999999999,6546.438000000004,2214.505000059999,6751.341000000004,24.699342371541725,LEVE,2