CLASE SINIESTRO,CANTIDAD DE VEHICULOS DAÑADOS,DEPARTAMENTO,ZONA,TIPO DE VÍA,RED VIAL,COORDENADAS LATITUD,COORDENADAS  LONGITUD,CONDICIÓN CLIMÁTICA,ZONIFICACIÓN,CARACTERÍSTICAS DE VÍA,PERFIL LONGITUDINAL VÍA,SUPERFICIE DE CALZADA,¿EXISTE SEÑAL VERTICAL?,¿EXISTE SEÑAL HORIZONTAL?,CAUSA FACTOR PRINCIPAL,AÑO,MES,DIA_SEMANA,ES_FIN_SEMANA,HORA_NUM,FRANJA_HORARIA,REGION_NATURAL,MTC_RVN_LONGITUD_KM,MTC_RVN_N_CARRILES_MEDIANA,MTC_RVN_SUPERFICIE_DOMINANTE,MTC_RVN_ESTADO_DOMINANTE,MTC_RVN_ES_CONCESIONADA,MTC_RVN_CONCESION_PRINCIPAL,MTC_RVN_CORREDOR_LOGISTICO,MTC_RVN_N_TRAMOS,IDH_2019,IDH_ESP_VIDA_2019,IDH_EDUC_SECUND_PCT_2019,IDH_ANIOS_EDUC_2019,IDH_INGRESO_PERCAP_2019,IDH_POBLACION_2019,MTC_DEP_RED_TOTAL_KM,MTC_DEP_NACIONAL_TOTAL_KM,MTC_DEP_DEPARTAMENTAL_TOTAL_KM,MTC_DEP_VECINAL_TOTAL_KM,MTC_DEP_PAV_TOTAL_KM,MTC_DEP_NO_PAV_TOTAL_KM,MTC_DEP_PCT_PAVIMENTADA,CATEGORIA_SEVERIDAD,CATEGORIA_SEVERIDAD_ENC
6,1,20,0,4,1,-15.294135,-70.223175,0,4,7,1,2,2,2,5,2022,6,5,1,14,3,2,1761.8050000000003,2.0,2,0,1.0,6,22,410.0,0.289549626938555,77.56938441814937,61.26176615135224,5.519427583790393,205.49658062526288,1447.8907922912204,13642.312999999998,2020.7790000000005,2354.117,9267.416999999998,3314.0520000000006,10328.260999999997,24.29244952817019,GRAVE_MORTALIDAD,1
3,1,11,2,4,2,-11.770201597534674,-75.49005898081053,0,0,7,1,2,2,2,2,2022,6,5,1,19,2,2,6543.555,2.0,4,4,1.0,14,33,1198.0,0.5793345244831453,70.26773017152715,73.92845349337222,10.396400147076845,984.6153728015668,14305.199143468952,12264.545,1826.4639999999995,1105.5389999999998,9332.542,1588.5359999999996,10676.009,12.952261987705208,LEVE,2
6,1,4,0,4,1,-13.13727664,-74.21051279,0,4,0,0,2,2,2,2,2022,6,5,1,22,2,2,7586.903,2.0,2,0,1.0,9,5,1198.0,0.5762473171860396,74.20666393561979,79.40205121246312,10.17052038570618,875.6652261287057,18408.08137044968,12678.733000000004,1805.074000000001,1774.0339999999994,9099.625000000004,2485.375000000001,10193.358000000002,19.602707936195205,LEVE,2
3,2,20,0,4,1,-16.488321601736654,-69.11035532776755,5,4,7,1,2,1,1,2,2022,6,5,1,22,2,2,7586.903,2.0,2,0,1.0,9,5,1198.0,0.2394362064959017,73.4288503002124,62.51290199484375,6.018616845068367,132.27646614855612,17422.250535331903,13642.312999999998,2020.7790000000005,2354.117,9267.416999999998,3314.0520000000006,10328.260999999997,24.29244952817019,LEVE,2
3,2,22,0,4,1,-18.16691804414193,-70.6537413023782,0,4,7,1,2,2,2,2,2022,6,5,1,23,2,0,1926.94,2.0,2,0,1.0,9,32,393.0,0.5526222945995614,74.2498786138685,70.50025041365525,8.75355945120394,897.5682559826355,2956.51391862955,2650.572,630.6729999999998,487.3610000000001,1532.5379999999998,1068.7019999999998,1581.87,40.31967439480987,LEVE,2
6,1,13,0,4,1,-6.684792,-79.904011,0,4,9,1,2,2,2,0,2022,6,6,1,1,0,0,6543.555,3.0,2,0,1.0,0,30,1475.0,0.5539280527450423,74.69452916859504,66.89728158703436,9.542777400516576,872.5509264417765,79617.09421841543,3459.691,515.0619999999999,689.7280000000001,2254.901,703.3549999999999,2756.336,20.329994788551925,GRAVE_MORTALIDAD,1
3,1,14,2,2,4,-12.195909865191556,-77.00061983499798,0,0,0,1,2,2,2,0,2022,6,6,1,3,0,0,6543.555,2.0,4,4,1.0,14,33,1198.0,0.7583553928164398,79.82595632107274,76.7651270103073,11.46351379457763,1662.7771470294065,333655.3618843683,7626.313,1683.4029999999998,1599.0829999999996,4343.827000000001,1814.875,5811.438000000001,23.797541485643197,LEVE,2
4,1,3,2,3,4,-16.4229103,-71.8180602,0,3,7,1,2,0,1,0,2022,6,6,1,3,0,0,6543.555,2.0,4,4,1.0,14,33,1198.0,0.6105481451420971,78.10653088113892,68.35418098658066,8.411557426919764,1158.5430895193692,35025.678800856535,10322.272,1495.236,1749.739,7077.2970000000005,2886.595,7435.677000000001,27.964725207783708,LEVE,2
1,1,1,0,4,1,-9.413827339375976,-77.56467275113332,0,4,0,1,2,0,1,4,2022,6,6,1,4,0,2,9936.932,2.0,2,0,1.0,9,32,3830.0,0.4494840816302098,76.58174958748486,60.44532954386632,6.126030498705479,641.7825208069339,6289.884368308352,10767.648,1885.0630000000003,1222.721,7659.864000000001,2100.343,8667.305000000002,19.506051832303577,LEVE,2
6,1,7,0,4,3,-14.4813,-71.2655,0,4,7,1,7,2,2,2,2022,6,6,1,5,0,2,6543.555,2.0,4,4,1.0,14,33,1198.0,0.3335583800255638,64.76699777563081,82.89465802650051,5.693188824750774,324.52702171263775,1833.167023554604,17779.13499998999,2097.3709999899997,2863.123,12818.640999999989,2878.713,14900.421999989989,16.19152450331032,LEVE,2
6,1,14,2,2,4,-11.8809297,-77.02161,0,1,7,1,2,2,2,0,2022,6,6,1,8,1,0,6543.555,2.0,4,4,1.0,14,33,1198.0,0.6498693508177541,78.84967382596041,74.11456675539837,9.21786785255454,1246.479589064551,356854.23554603854,7626.313,1683.4029999999998,1599.0829999999996,4343.827000000001,1814.875,5811.438000000001,23.797541485643197,LEVE,2
6,1,11,0,4,2,-11.266173761139322,-75.60367222167244,6,5,6,2,6,2,2,0,2022,6,6,1,11,1,2,6543.555,2.0,4,4,1.0,14,33,1198.0,0.4094314403899762,74.63978889880055,46.46618001064272,5.324449305943795,637.1599522355274,11960.32976445396,12264.545,1826.4639999999995,1105.5389999999998,9332.542,1588.5359999999996,10676.009,12.952261987705208,GRAVE_LESIONADOS,0
3,1,14,2,2,4,-12.022756096625134,-76.91190355430972,0,0,7,1,7,2,2,0,2022,6,6,1,12,3,0,6543.555,2.0,4,4,1.0,14,33,1198.0,0.6868549636939637,79.62363164345142,76.30894566128948,9.209137883551294,1425.4498631666322,684921.8484148846,7626.313,1683.4029999999998,1599.0829999999996,4343.827000000001,1814.875,5811.438000000001,23.797541485643197,LEVE,2
3,2,9,0,4,1,-9.496673,-75.95111,5,4,0,0,2,1,0,2,2022,6,6,1,16,3,2,693.175,2.0,2,3,0.0,9,10,249.0,0.3096549989431256,76.17431233061522,44.8813332706993,3.774794268602337,378.47949303176176,19256.764453961456,8209.057,1333.4779999999996,791.9770000000001,6083.602,1059.8589999999997,7149.198,12.910849565303296,LEVE,2
3,2,13,0,4,1,-6.750403843919744,-79.72370134756918,0,4,7,1,2,1,0,0,2022,6,6,1,17,3,0,919.085,2.0,2,3,0.0,9,7,218.0,0.4538626297202813,80.94520104092902,62.24925040341902,8.047508647429995,507.2829711881181,10878.907922912204,3459.691,515.0619999999999,689.7280000000001,2254.901,703.3549999999999,2756.336,20.329994788551925,GRAVE_LESIONADOS,0
6,1,20,0,4,1,-16.187036391641616,-70.09894608608309,0,4,0,1,2,2,2,2,2022,6,6,1,17,3,2,779.525,2.0,2,0,1.0,7,26,163.0,0.3279226888241855,68.17036545870775,72.54908010508095,6.085205709416528,293.1898870593515,5184.3083511777295,13642.312999999998,2020.7790000000005,2354.117,9267.416999999998,3314.0520000000006,10328.260999999997,24.29244952817019,LEVE,2
3,1,16,0,2,4,-12.596425,-69.194638,6,5,6,2,6,2,2,0,2022,6,6,1,17,3,1,6543.555,2.0,4,4,1.0,14,33,1198.0,0.6331639735785386,72.20641129524063,67.6175404202189,10.029362591344883,1305.419538589062,88506.68094218415,2090.391,399.431,340.021,1350.9389999999996,493.824,1596.5669999999996,23.62352306338862,LEVE,2
1,1,3,2,4,2,-16.460249,-71.556444,0,3,7,1,2,0,1,0,2022,6,6,1,18,2,0,6543.555,2.0,4,4,1.0,14,33,1198.0,0.6631745849019589,78.63253022415783,79.29781888439902,10.779495299397515,1170.8241486483955,46994.9721627409,10322.272,1495.236,1749.739,7077.2970000000005,2886.595,7435.677000000001,27.964725207783708,LEVE,2
6,1,8,0,4,0,-12.70278,-74.640874,0,4,0,1,7,2,2,6,2022,6,6,1,19,2,2,6543.555,2.0,4,4,1.0,14,33,1198.0,0.1970301566869,72.13710828520209,44.34919107180657,4.4031612824594415,119.16938006047737,4717.710920770877,8511.426,1445.3929999999996,2008.516,5057.516999999999,1879.579,6631.846999999998,22.08300935706896,LEVE,2
3,2,20,0,4,1,-16.07493851132279,-69.6652400814053,0,4,7,1,2,2,2,2,2022,6,6,1,22,2,2,7586.903,2.0,2,0,1.0,9,5,1198.0,0.4020198374784472,77.80062735845667,75.295761294875,7.279851651626652,372.63390314535104,50686.62526766595,13642.312999999998,2020.7790000000005,2354.117,9267.416999999998,3314.0520000000006,10328.260999999997,24.29244952817019,LEVE,2
3,1,19,0,4,1,-5.126459,-80.700992,0,4,7,1,2,2,2,2,2022,6,0,0,6,1,0,6543.555,3.0,2,0,1.0,0,30,1475.0,0.5997462042553465,78.40793944726823,72.26811532412637,9.714064362322326,976.3169831713308,183875.0,8965.846000060003,1782.4120000599992,636.9959999999999,6546.438000000004,2214.505000059999,6751.341000000004,24.699342371541725,GRAVE_MORTALIDAD,1
3,2,23,0,4,1,-4.1007025618874655,-81.02849897588948,0,4,0,0,2,1,0,2,2022,6,0,0,6,1,0,6543.555,3.0,2,0,1.0,0,30,1475.0,0.541317038400816,72.94324989979708,53.43656724071051,7.565486393755631,1085.5161080725888,6440.817708333333,1009.101,138.47399999999996,287.471,583.156,276.972,732.129,27.447401201663663,LEVE,2
0,1,14,2,2,4,-12.131478,-76.999405,6,5,6,2,6,2,2,0,2022,6,0,0,9,1,0,6543.555,2.0,4,4,1.0,14,33,1198.0,0.8017574897902351,80.48487267736287,78.74302427848284,13.156716040468266,1766.1488062170545,359776.608137045,7626.313,1683.4029999999998,1599.0829999999996,4343.827000000001,1814.875,5811.438000000001,23.797541485643197,LEVE,2
0,1,14,0,4,2,-11.883623699527789,-76.95503377748341,0,4,7,1,2,2,2,0,2022,6,0,0,9,1,0,6543.555,2.0,4,4,1.0,14,33,1198.0,0.701053025277506,79.62867561460851,73.1469484600971,10.064317505194426,1464.6926161541437,1150285.0494171206,7626.313,1683.4029999999998,1599.0829999999996,4343.827000000001,1814.875,5811.438000000001,23.797541485643197,LEVE,2
10,1,2,0,4,1,-14.082098401459197,-72.61768348431015,6,5,6,2,6,2,2,0,2022,6,0,0,9,1,2,2176.715,1.0,1,3,0.0,9,32,756.0,0.2485280313372658,61.28941025834994,74.74030594996249,7.199898568265905,152.3514169885068,1481.2805139186296,8358.971,1282.451,1298.0969999999998,5778.423,1432.683,6926.288,17.139466089785454,GRAVE_MORTALIDAD,1
1,1,11,0,4,1,-11.58366,-75.95685,0,4,7,1,2,2,2,0,2022,6,1,0,1,0,2,875.67,2.0,2,0,1.0,3,14,156.0,0.6211711217784234,75.51508523355102,70.90101252241288,10.049671623026311,1128.403546167389,8996.89721627409,12264.545,1826.4639999999995,1105.5389999999998,9332.542,1588.5359999999996,10676.009,12.952261987705208,LEVE,2
4,1,3,2,4,1,-16.408497,-71.559893,0,0,7,1,2,1,1,0,2022,6,1,0,2,0,0,1101.78,1.0,5,2,0.0,9,32,202.0,0.6855214685752905,77.55287024349596,78.52978455751916,11.09515988146928,1299.5425610685809,22541.235546038544,10322.272,1495.236,1749.739,7077.2970000000005,2886.595,7435.677000000001,27.964725207783708,LEVE,2
3,1,1,0,4,1,-9.730268,-78.263684,0,4,0,1,2,0,1,0,2022,6,1,0,3,0,2,6543.555,3.0,2,0,1.0,0,30,1475.0,0.5873460606982213,78.04758132038613,65.8701248560095,8.596987164492063,1041.0659985770535,35482.29764453961,10767.648,1885.0630000000003,1222.721,7659.864000000001,2100.343,8667.305000000002,19.506051832303577,GRAVE_MORTALIDAD,1
3,2,12,2,2,4,-8.091642,-79.040555,0,2,1,1,2,2,2,2,2022,6,1,0,3,0,0,6543.555,2.0,4,4,1.0,14,33,1198.0,0.7151155191839451,79.57652607829836,77.25576500264712,11.809756866444314,1377.9438475528384,331253.00214132766,8931.828000000005,1335.5899999999997,1935.9830000000004,5660.255000000005,1219.309,7712.519000000005,13.651281686122925,LEVE,2
3,2,19,2,4,2,-5.231583522023898,-80.65791446240563,0,0,7,1,2,2,2,2,2022,6,1,0,6,1,0,6543.555,2.0,4,4,1.0,14,33,1198.0,0.5034350778485951,78.14388603810477,62.51585839041032,7.698619805954479,731.8176685454189,76220.84796573877,8965.846000060003,1782.4120000599992,636.9959999999999,6546.438000000004,2214.505000059999,6751.341000000004,24.699342371541725,LEVE,2
3,2,7,0,4,1,-13.2391075,-70.7698199155,0,0,7,1,2,1,1,2,2022,6,1,0,13,3,2,3263.58,2.0,2,0,1.0,5,18,566.0,0.456269323491559,57.22814439496783,65.7020880165366,7.857170607722528,858.4104388154956,2071.82869379015,17779.13499998999,2097.3709999899997,2863.123,12818.640999999989,2878.713,14900.421999989989,16.19152450331032,LEVE,2
0,1,6,2,4,1,-12.031659682711798,-77.12741864082965,0,2,7,1,2,1,1,4,2022,6,1,0,17,3,0,139.23,-1.0,2,0,0.0,9,32,69.0,0.5563774842369664,77.00938809632027,69.10246351364754,8.476961866273152,914.8835608305218,27932.19700214133,51.58600000000001,44.68700000000001,6.899000000000001,0.0,49.838000000000015,1.748,96.61148373589734,LEVE,2
3,1,20,0,4,1,-15.781644544278436,-70.03232718002589,0,4,7,1,2,2,2,2,2022,6,1,0,17,3,2,7586.903,2.0,2,0,1.0,9,5,1198.0,0.6488901960567479,69.67312345830231,82.12448375199249,11.701623814093702,1230.336353415943,144745.3597430407,13642.312999999998,2020.7790000000005,2354.117,9267.416999999998,3314.0520000000006,10328.260999999997,24.29244952817019,LEVE,2
6,1,14,2,4,0,-12.100449208387404,-76.79225496039615,0,4,7,1,2,2,2,0,2022,6,1,0,19,2,0,6543.555,2.0,4,4,1.0,14,33,1198.0,0.6371716495641229,77.28809635528053,69.64326619808601,9.01503899605881,1265.0419992552625,48261.34689507495,7626.313,1683.4029999999998,1599.0829999999996,4343.827000000001,1814.875,5811.438000000001,23.797541485643197,LEVE,2
0,1,12,2,2,4,-8.12523,-79.025426,0,0,1,1,2,2,2,0,2022,6,2,0,8,1,0,6543.555,2.0,4,4,1.0,14,33,1198.0,0.7151155191839451,79.57652607829836,77.25576500264712,11.809756866444314,1377.9438475528384,331253.00214132766,8931.828000000005,1335.5899999999997,1935.9830000000004,5660.255000000005,1219.309,7712.519000000005,13.651281686122925,LEVE,2
10,1,20,2,2,4,-15.8843,-69.972199,0,4,4,0,3,2,2,2,2022,6,2,0,14,3,2,6543.555,2.0,4,4,1.0,14,33,1198.0,0.6488901960567479,69.67312345830231,82.12448375199249,11.701623814093702,1230.336353415943,144745.3597430407,13642.312999999998,2020.7790000000005,2354.117,9267.416999999998,3314.0520000000006,10328.260999999997,24.29244952817019,LEVE,2
6,1,12,0,4,1,-7.574973071313438,-79.3699211119346,0,4,7,1,2,2,2,0,2022,6,2,0,15,3,0,6543.555,3.0,2,0,1.0,0,30,1475.0,0.5605164445866666,76.61349501649897,62.760180081206855,7.98931757140171,999.8297352720696,9448.43683083512,8931.828000000005,1335.5899999999997,1935.9830000000004,5660.255000000005,1219.309,7712.519000000005,13.651281686122925,LEVE,2
6,1,1,0,4,2,-8.706511334204723,-77.49953307562446,0,4,5,1,1,2,2,0,2022,6,2,0,18,2,2,6543.555,2.0,4,4,1.0,14,33,1198.0,0.4250153304535135,75.93355032868925,52.81176631650828,6.544146828871554,565.7350572614482,15623.824411134903,10767.648,1885.0630000000003,1222.721,7659.864000000001,2100.343,8667.305000000002,19.506051832303577,GRAVE_LESIONADOS,0
0,1,14,2,4,1,-11.503774232574075,-77.22944492817412,0,0,7,1,2,2,2,4,2022,6,2,0,19,2,0,48.79,2.0,2,0,1.0,10,15,19.0,0.6447048661877788,79.92873744030881,69.7224229508107,9.344738893386534,1220.4608925685638,104439.11563169166,7626.313,1683.4029999999998,1599.0829999999996,4343.827000000001,1814.875,5811.438000000001,23.797541485643197,LEVE,2
1,1,7,0,4,1,-14.772371,-71.390948,0,4,7,1,2,2,2,4,2022,6,2,0,20,2,2,566.7160000000001,2.0,5,2,0.0,9,3,137.0,0.553052655456334,69.21726434550523,74.04128761826507,8.709280027519238,977.6848841665504,33976.192719486084,17779.13499998999,2097.3709999899997,2863.123,12818.640999999989,2878.713,14900.421999989989,16.19152450331032,LEVE,2
6,1,7,0,4,1,-13.5019426,-71.771753315,0,4,7,1,2,1,1,2,2022,6,3,0,15,3,2,3447.8009999999995,1.0,2,3,0.0,9,12,1109.0,0.3026259544873475,73.96325815272854,51.57388201289304,4.44307015911855,305.2037031086013,5530.693790149893,17779.13499998999,2097.3709999899997,2863.123,12818.640999999989,2878.713,14900.421999989989,16.19152450331032,LEVE,2
3,1,14,2,2,4,-12.065613373152544,-77.00441832552427,0,0,7,1,2,2,2,0,2022,6,3,0,15,3,0,6543.555,2.0,4,4,1.0,14,33,1198.0,0.7141594849782824,79.90829932185413,74.79179886803175,10.522504814235935,1482.4793645077043,156887.87152034265,7626.313,1683.4029999999998,1599.0829999999996,4343.827000000001,1814.875,5811.438000000001,23.797541485643197,LEVE,2
0,1,12,0,4,1,-8.382137,-78.856709,0,4,7,1,2,2,2,4,2022,6,3,0,17,3,0,6543.555,3.0,2,0,1.0,0,30,1475.0,0.5051395598219868,77.13285387085847,51.52067479184955,6.715328807318118,900.900383457586,67612.41755888652,8931.828000000005,1335.5899999999997,1935.9830000000004,5660.255000000005,1219.309,7712.519000000005,13.651281686122925,LEVE,2
3,1,9,0,4,2,-8.753582,-76.264304,0,4,7,1,1,2,2,2,2022,6,3,0,19,2,2,6543.555,2.0,4,4,1.0,14,33,1198.0,0.4431696013965035,69.69177354792248,52.35097110610642,5.742319584917666,790.5380840726359,2816.7806196644115,8209.057,1333.4779999999996,791.9770000000001,6083.602,1059.8589999999997,7149.198,12.910849565303296,LEVE,2
3,2,12,0,4,1,-7.183863,-79.43292,0,4,7,1,2,2,2,2,2022,6,4,0,1,0,0,6543.555,3.0,2,0,1.0,0,30,1475.0,0.5114727232493018,78.60606800160349,61.153108160372966,6.422343227671115,862.4189512831092,24701.19700214133,8931.828000000005,1335.5899999999997,1935.9830000000004,5660.255000000005,1219.309,7712.519000000005,13.651281686122925,LEVE,2
6,1,8,2,4,1,-13.562104,-75.242429,0,4,7,1,2,2,2,0,2022,6,4,0,7,1,2,1679.5849999999998,2.0,2,3,1.0,9,24,315.0,0.5258594244692153,73.82156528983522,52.91202227434253,8.902806700766412,891.2832603689374,2062.0406852248398,8511.426,1445.3929999999996,2008.516,5057.516999999999,1879.579,6631.846999999998,22.08300935706896,LEVE,2
3,2,19,2,4,1,-4.913425684076633,-80.6722321698199,0,4,7,1,2,2,2,2,2022,6,4,0,8,1,0,640.6200000000001,2.0,2,3,0.0,9,32,72.0,0.5657000696312142,79.93504063107561,71.14438533384025,9.31841991972829,829.1233898514824,181599.8115631692,8965.846000060003,1782.4120000599992,636.9959999999999,6546.438000000004,2214.505000059999,6751.341000000004,24.699342371541725,LEVE,2
1,0,20,0,4,0,-15.174420260186656,-69.85716288307462,0,4,7,1,2,2,2,0,2022,6,4,0,16,3,2,6543.555,2.0,4,4,1.0,14,33,1198.0,0.4032210196156518,69.57344393979501,70.66462432904875,7.051546041958483,460.5210312161111,14743.678800856533,13642.312999999998,2020.7790000000005,2354.117,9267.416999999998,3314.0520000000006,10328.260999999997,24.29244952817019,LEVE,2
6,1,7,0,4,1,-13.6897472,-72.3214502,0,4,0,0,2,1,0,2,2022,6,5,1,1,0,2,2176.715,1.0,1,3,0.0,9,32,756.0,0.221263491726049,75.43345322294252,44.46514893903143,4.401911806337783,146.29272183158662,3523.3854389721623,17779.13499998999,2097.3709999899997,2863.123,12818.640999999989,2878.713,14900.421999989989,16.19152450331032,LEVE,2
6,1,20,0,4,1,-13.7297195,-70.4624681,0,4,7,1,2,2,2,5,2022,6,5,1,3,0,2,1761.8050000000003,2.0,2,0,1.0,6,22,410.0,0.3249096507143286,68.3031236414702,47.94448468330011,5.074559513513553,387.3182851963189,6349.807280513919,13642.312999999998,2020.7790000000005,2354.117,9267.416999999998,3314.0520000000006,10328.260999999997,24.29244952817019,GRAVE_LESIONADOS,0
3,2,18,0,4,1,-10.76784963356476,-76.25232065922202,0,4,7,1,2,2,2,2,2022,6,5,1,15,3,2,9936.932,2.0,2,0,1.0,9,32,3830.0,0.6308411392653337,76.68708414566403,85.5601522784168,10.615011147502193,1020.696304275199,7086.708779443255,3677.119863,564.5869999999999,910.845,2201.687863000001,590.8779999999998,3086.2418630000006,16.06904376290656,LEVE,2
0,1,20,0,4,1,-16.098931,-69.637053,6,5,6,2,6,2,2,0,2022,6,5,1,16,3,2,417.30000000000007,1.0,0,3,0.0,9,32,52.0,0.4020198374784472,77.80062735845667,75.295761294875,7.279851651626652,372.63390314535104,50686.62526766595,13642.312999999998,2020.7790000000005,2354.117,9267.416999999998,3314.0520000000006,10328.260999999997,24.29244952817019,LEVE,2
0,1,10,0,4,1,-13.357459443530985,-76.21887442619116,0,4,7,1,2,2,2,4,2022,6,5,1,18,2,0,6639.975,2.0,2,0,1.0,9,31,1616.0,0.5736744275518083,81.67473861808857,68.1608574885675,9.138785887908334,865.1176766860625,26660.92933618844,3721.461,698.1859999999996,744.866,2278.409,1102.9029999999996,2618.558,29.636290693359403,LEVE,2
6,1,1,0,4,1,-10.155781401635291,-77.35437200219378,0,4,5,1,4,2,2,0,2022,6,5,1,21,2,2,616.825,2.0,2,3,0.0,9,6,145.0,0.4531157308049352,69.6069712983507,58.76727661591375,7.129251453181916,691.8045311251692,1594.8458244111348,10767.648,1885.0630000000003,1222.721,7659.864000000001,2100.343,8667.305000000002,19.506051832303577,GRAVE_MORTALIDAD,1
3,2,3,0,4,1,-15.9879738,-71.2530199,0,4,7,1,2,0,1,0,2022,6,6,1,4,0,0,1504.4250000000002,2.0,2,0,1.0,7,25,241.0,0.4498224071382834,81.63336343193146,58.84842497065013,5.774685730039019,620.6584683449911,1358.612419700214,10322.272,1495.236,1749.739,7077.2970000000005,2886.595,7435.677000000001,27.964725207783708,GRAVE_MORTALIDAD,1
0,1,3,2,2,4,-16.427276,-71.533219,7,0,7,1,2,0,1,0,2022,6,6,1,9,1,0,6543.555,2.0,4,4,1.0,14,33,1198.0,0.7453744058790387,79.4589730074046,82.73398367318066,12.665195784530074,1448.5317937470898,76620.6295503212,10322.272,1495.236,1749.739,7077.2970000000005,2886.595,7435.677000000001,27.964725207783708,LEVE,2
3,2,10,2,3,4,-14.064445388184582,-75.73683108491699,0,1,1,1,2,2,2,0,2022,6,6,1,16,3,0,6543.555,2.0,4,4,1.0,14,33,1198.0,0.6637216310803388,79.6446050662278,81.37671161983333,11.724811319582514,1084.329233867723,142450.24411134905,3721.461,698.1859999999996,744.866,2278.409,1102.9029999999996,2618.558,29.636290693359403,LEVE,2
3,2,13,0,4,1,-6.5546024,-80.0044064,0,4,7,1,2,2,2,0,2022,6,0,0,6,1,0,6543.555,3.0,2,0,1.0,0,30,1475.0,0.3879800350664534,75.68222437543551,50.64551119758177,4.891651630735472,548.2382997194167,48902.40256959316,3459.691,515.0619999999999,689.7280000000001,2254.901,703.3549999999999,2756.336,20.329994788551925,LEVE,2
0,1,13,2,2,4,-6.796333,-79.840322,7,3,7,1,2,2,2,0,2022,6,0,0,12,3,0,6543.555,2.0,4,4,1.0,14,33,1198.0,0.5698121065713132,80.7750211042815,73.24532007426484,9.611369875155264,807.8835749369007,96903.36830835116,3459.691,515.0619999999999,689.7280000000001,2254.901,703.3549999999999,2756.336,20.329994788551925,LEVE,2
0,1,13,2,4,0,-6.745795,-79.837689,0,3,7,1,2,2,2,0,2022,6,0,0,15,3,0,6543.555,2.0,4,4,1.0,14,33,1198.0,0.5415697888341857,80.94178299597955,72.69485501755445,9.042819482789628,724.6578159158644,183060.58029978588,3459.691,515.0619999999999,689.7280000000001,2254.901,703.3549999999999,2756.336,20.329994788551925,LEVE,2
1,1,19,0,4,1,-5.154443,-80.694879,0,4,7,1,2,2,2,2,2022,6,0,0,20,2,0,6543.555,3.0,2,0,1.0,0,30,1475.0,0.5997462042553465,78.40793944726823,72.26811532412637,9.714064362322326,976.3169831713308,183875.0,8965.846000060003,1782.4120000599992,636.9959999999999,6546.438000000004,2214.505000059999,6751.341000000004,24.699342371541725,LEVE,2
6,1,7,2,4,1,-13.2808894,-72.2044021,0,4,7,1,2,1,1,2,2022,6,0,0,20,2,2,3447.8009999999995,1.0,2,3,0.0,9,12,1109.0,0.3091216969737358,74.65060422099381,55.22072068185886,5.263703320136043,274.747946885056,5268.858672376874,17779.13499998999,2097.3709999899997,2863.123,12818.640999999989,2878.713,14900.421999989989,16.19152450331032,LEVE,2
3,1,19,0,4,1,-5.115703,-80.172681,6,5,6,2,6,2,2,0,2022,6,1,0,5,0,0,43.63,-1.0,2,0,0.0,9,32,35.0,0.4653748048968089,74.19666709322776,61.11371397478021,6.596218102126203,701.9088264424688,75914.02997858672,8965.846000060003,1782.4120000599992,636.9959999999999,6546.438000000004,2214.505000059999,6751.341000000004,24.699342371541725,LEVE,2
0,1,24,0,4,0,-8.25444,-74.659979,7,4,7,1,1,2,2,4,2022,6,1,0,14,3,1,6543.555,2.0,4,4,1.0,14,33,1198.0,0.5478371208327225,74.17370407104559,60.31222796205821,9.40140543765922,905.3304073844272,113671.11777301929,2689.139,392.697,1311.5319999999997,984.91,261.598,2427.541,9.727946379863592,LEVE,2
5,1,16,0,4,1,-12.462089,-69.139226,0,4,7,1,2,2,2,2,2022,6,1,0,20,2,1,3263.58,2.0,2,0,1.0,5,18,566.0,0.525748215792057,74.03823732580896,58.20048721039922,8.141897025119901,894.6823580853445,9162.706638115633,2090.391,399.431,340.021,1350.9389999999996,493.824,1596.5669999999996,23.62352306338862,GRAVE_MORTALIDAD,1
3,1,9,0,4,1,-10.348741,-76.181179,7,4,0,1,2,2,2,2,2022,6,2,0,9,1,2,9936.932,2.0,2,0,1.0,9,32,3830.0,0.2701280162338842,73.64856031271022,44.54106753143592,3.986088600746413,263.8426934638171,9851.79443254818,8209.057,1333.4779999999996,791.9770000000001,6083.602,1059.8589999999997,7149.198,12.910849565303296,GRAVE_MORTALIDAD,1
6,1,5,0,4,2,-6.6888736,-78.91984762,0,4,7,1,1,2,2,0,2022,6,2,0,15,3,2,6543.555,2.0,4,4,1.0,14,33,1198.0,0.2520922951813849,71.15916123881034,58.43173386485664,4.236536481038662,197.1146670521341,1541.0985010706638,15935.565011852366,1733.9250000199986,935.692,13265.948011832368,2000.1670000199988,13935.398011832369,12.551591352627522,LEVE,2
0,2,14,0,4,1,-11.458679036780996,-77.31875178714486,0,4,7,1,2,2,2,4,2022,6,2,0,15,3,0,6543.555,3.0,2,0,1.0,0,30,1475.0,0.6328991168419597,79.8522840328396,72.51785912375117,8.65057438382499,1190.6734036432963,65701.61456102783,7626.313,1683.4029999999998,1599.0829999999996,4343.827000000001,1814.875,5811.438000000001,23.797541485643197,LEVE,2