CLASE SINIESTRO,CANTIDAD DE VEHICULOS DAÑADOS,DEPARTAMENTO,ZONA,TIPO DE VÍA,RED VIAL,COORDENADAS LATITUD,COORDENADAS  LONGITUD,CONDICIÓN CLIMÁTICA,ZONIFICACIÓN,CARACTERÍSTICAS DE VÍA,PERFIL LONGITUDINAL VÍA,SUPERFICIE DE CALZADA,¿EXISTE SEÑAL VERTICAL?,¿EXISTE SEÑAL HORIZONTAL?,CAUSA FACTOR PRINCIPAL,AÑO,MES,DIA_SEMANA,ES_FIN_SEMANA,HORA_NUM,FRANJA_HORARIA,REGION_NATURAL,MTC_RVN_LONGITUD_KM,MTC_RVN_N_CARRILES_MEDIANA,MTC_RVN_SUPERFICIE_DOMINANTE,MTC_RVN_ESTADO_DOMINANTE,MTC_RVN_ES_CONCESIONADA,MTC_RVN_CONCESION_PRINCIPAL,MTC_RVN_CORREDOR_LOGISTICO,MTC_RVN_N_TRAMOS,IDH_2019,IDH_ESP_VIDA_2019,IDH_EDUC_SECUND_PCT_2019,IDH_ANIOS_EDUC_2019,IDH_INGRESO_PERCAP_2019,IDH_POBLACION_2019,MTC_DEP_RED_TOTAL_KM,MTC_DEP_NACIONAL_TOTAL_KM,MTC_DEP_DEPARTAMENTAL_TOTAL_KM,MTC_DEP_VECINAL_TOTAL_KM,MTC_DEP_PAV_TOTAL_KM,MTC_DEP_NO_PAV_TOTAL_KM,MTC_DEP_PCT_PAVIMENTADA,CATEGORIA_SEVERIDAD,CATEGORIA_SEVERIDAD_ENC
6,1,10,2,2,4,-13.717682,-76.194882,0,0,0,1,2,2,2,0,2022,6,3,0,1,0,0,6543.555,2.0,4,4,1.0,14,33,1198.0,0.5876128251369682,76.40783657687089,72.44948426378424,10.42636694091524,914.8835608305218,58924.95503211991,3721.461,698.1859999999996,744.866,2278.409,1102.9029999999996,2618.558,29.636290693359403,LEVE,2
3,0,20,0,4,0,-16.098306,-69.547939,0,4,7,1,2,2,2,2,2022,6,3,0,6,1,2,6543.555,2.0,4,4,1.0,14,33,1198.0,0.2613641192883233,79.6090612964439,69.87345878214366,5.552108294960823,147.53606639786318,10083.702355460387,13642.312999999998,2020.7790000000005,2354.117,9267.416999999998,3314.0520000000006,10328.260999999997,24.29244952817019,LEVE,2
6,1,19,0,4,1,-5.39432110512937,-80.6138139425431,0,4,7,1,1,2,2,0,2022,6,3,0,6,1,0,6543.555,3.0,2,0,1.0,0,30,1475.0,0.3808780806094198,75.58814012425684,51.41409818066682,5.162437438816056,497.9705387314675,18828.24197002141,8965.846000060003,1782.4120000599992,636.9959999999999,6546.438000000004,2214.505000059999,6751.341000000004,24.699342371541725,LEVE,2
3,1,19,2,4,1,-5.208412,-80.649925,0,0,7,1,2,2,2,0,2022,6,3,0,13,3,0,6543.555,3.0,2,0,1.0,0,30,1475.0,0.6582040223794163,78.74105515718446,77.3206684883171,11.334167841567446,1124.177237253568,178905.3426124197,8965.846000060003,1782.4120000599992,636.9959999999999,6546.438000000004,2214.505000059999,6751.341000000004,24.699342371541725,LEVE,2
0,1,12,2,2,4,-8.093435,-78.996373,0,0,1,1,2,2,2,0,2022,6,3,0,21,2,0,6543.555,2.0,4,4,1.0,14,33,1198.0,0.7151155191839451,79.57652607829836,77.25576500264712,11.809756866444314,1377.9438475528384,331253.00214132766,8931.828000000005,1335.5899999999997,1935.9830000000004,5660.255000000005,1219.309,7712.519000000005,13.651281686122925,LEVE,2
1,1,10,2,4,1,-13.971264,-75.77885,4,3,7,1,2,2,2,0,2022,6,4,0,1,0,0,6639.975,2.0,2,0,1.0,9,31,1616.0,0.6053164595604621,78.88848309050202,67.63954639531094,9.133324993872453,1064.9426147896202,27932.19700214133,3721.461,698.1859999999996,744.866,2278.409,1102.9029999999996,2618.558,29.636290693359403,LEVE,2
6,1,19,0,4,3,-5.240558,-80.21436,0,4,7,1,1,2,2,0,2022,6,4,0,5,0,0,6543.555,2.0,4,4,1.0,14,33,1198.0,0.4653748048968089,74.19666709322776,61.11371397478021,6.596218102126203,701.9088264424688,75914.02997858672,8965.846000060003,1782.4120000599992,636.9959999999999,6546.438000000004,2214.505000059999,6751.341000000004,24.699342371541725,LEVE,2
0,1,5,2,4,3,-7.21902332,-78.48628345,0,4,0,0,1,2,2,0,2022,6,4,0,6,1,2,6543.555,2.0,4,4,1.0,14,33,1198.0,0.6070175276741574,73.19224654097276,74.29530430690215,9.490386956642766,1117.141592366869,257380.9443254818,15935.565011852366,1733.9250000199986,935.692,13265.948011832368,2000.1670000199988,13935.398011832369,12.551591352627522,LEVE,2
6,1,2,0,4,0,-13.5485149,-73.4865364,7,4,7,0,1,2,2,2,2022,6,4,0,17,3,2,6543.555,2.0,4,4,1.0,14,33,1198.0,0.241310185459975,70.83483413046108,58.5191389199668,4.887115219495449,162.12128067173168,8997.351177730192,8358.971,1282.451,1298.0969999999998,5778.423,1432.683,6926.288,17.139466089785454,LEVE,2
0,1,4,2,6,4,-12.93499336,-74.24935113,0,3,1,0,2,2,2,2,2022,6,4,0,17,3,2,6543.555,2.0,4,4,1.0,14,33,1198.0,0.4493406382074752,74.14434204360414,69.22696974128239,7.465486734942583,554.5288150874046,45975.54773927236,12678.733000000004,1805.074000000001,1774.0339999999994,9099.625000000004,2485.375000000001,10193.358000000002,19.602707936195205,LEVE,2
6,1,13,0,4,1,-6.24051,-79.71961,0,4,7,1,2,2,2,0,2022,6,4,0,18,2,0,1305.18,2.0,2,0,1.0,1,20,163.0,0.4974674218418852,75.93907983080418,58.3357972839862,7.69595447676265,761.2908213145297,28734.96573875803,3459.691,515.0619999999999,689.7280000000001,2254.901,703.3549999999999,2756.336,20.329994788551925,LEVE,2
10,1,13,0,4,3,-6.465464,-79.646114,2,4,7,1,1,2,2,0,2022,6,4,0,19,2,0,6543.555,2.0,4,4,1.0,14,33,1198.0,0.4223480801354451,69.21333797191475,54.90787428957437,6.076241918149045,654.7580359381622,22806.316916488224,3459.691,515.0619999999999,689.7280000000001,2254.901,703.3549999999999,2756.336,20.329994788551925,LEVE,2
0,1,1,2,4,1,-9.47635125904905,-78.30329085854329,0,0,1,1,2,2,2,0,2022,6,4,0,20,2,2,6543.555,3.0,2,0,1.0,0,30,1475.0,0.5873460606982213,78.04758132038613,65.8701248560095,8.596987164492063,1041.0659985770535,35482.29764453961,10767.648,1885.0630000000003,1222.721,7659.864000000001,2100.343,8667.305000000002,19.506051832303577,GRAVE_MORTALIDAD,1
6,1,7,2,2,4,-13.5574245,-71.861211116,0,3,7,1,2,1,1,2,2022,6,5,1,4,0,2,6543.555,2.0,4,4,1.0,14,33,1198.0,0.6549025615332805,78.59637500870319,78.62696287300767,10.432612491698492,1156.1148957567648,59698.74304068524,17779.13499998999,2097.3709999899997,2863.123,12818.640999999989,2878.713,14900.421999989989,16.19152450331032,GRAVE_LESIONADOS,0
6,1,20,0,4,0,-16.270169,-69.193323,0,4,7,1,1,2,2,2,2022,6,5,1,8,1,2,6543.555,2.0,4,4,1.0,14,33,1198.0,0.2877340121227977,76.22289581398884,73.1503940774359,5.2662394437359605,197.7736899050548,708.2526766595288,13642.312999999998,2020.7790000000005,2354.117,9267.416999999998,3314.0520000000006,10328.260999999997,24.29244952817019,LEVE,2
6,1,11,0,4,1,-11.737881,-75.743432,0,4,7,1,2,2,2,2,2022,6,5,1,8,1,2,7586.903,2.0,2,0,1.0,9,5,1198.0,0.6211711217784234,75.51508523355102,70.90101252241288,10.049671623026311,1128.403546167389,8996.89721627409,12264.545,1826.4639999999995,1105.5389999999998,9332.542,1588.5359999999996,10676.009,12.952261987705208,LEVE,2
0,1,14,2,2,4,-12.034891553811542,-76.93168221232975,0,0,7,1,2,2,2,0,2022,6,5,1,12,3,0,6543.555,2.0,4,4,1.0,14,33,1198.0,0.6868549636939637,79.62363164345142,76.30894566128948,9.209137883551294,1425.4498631666322,684921.8484148846,7626.313,1683.4029999999998,1599.0829999999996,4343.827000000001,1814.875,5811.438000000001,23.797541485643197,LEVE,2
6,1,1,0,4,1,-8.865947605991478,-77.35329340112088,0,4,5,0,1,2,2,6,2022,6,5,1,13,3,2,1134.015,-1.0,0,2,0.0,9,32,173.0,0.4482516464400018,69.45292604881267,55.63143182953387,7.976641182224009,644.174012674278,3251.852248394004,10767.648,1885.0630000000003,1222.721,7659.864000000001,2100.343,8667.305000000002,19.506051832303577,GRAVE_MORTALIDAD,1
3,1,12,0,4,1,-7.460453,-79.451174,0,4,7,1,2,2,2,2,2022,6,5,1,16,3,0,6543.555,3.0,2,0,1.0,0,30,1475.0,0.6138517538553948,80.84826225715301,64.49339622566798,9.143362084626023,1095.689060330069,16852.97430406852,8931.828000000005,1335.5899999999997,1935.9830000000004,5660.255000000005,1219.309,7712.519000000005,13.651281686122925,LEVE,2
3,2,5,0,4,1,-6.98808840400377,-78.57384583881584,0,4,0,0,2,0,0,2,2022,6,5,1,16,3,2,9936.932,2.0,2,0,1.0,9,32,3830.0,0.6070175276741574,73.19224654097276,74.29530430690215,9.490386956642766,1117.141592366869,257380.9443254818,15935.565011852366,1733.9250000199986,935.692,13265.948011832368,2000.1670000199988,13935.398011832369,12.551591352627522,LEVE,2
6,1,5,0,4,1,-6.88766667,-78.11678167,0,4,7,0,2,2,2,0,2022,6,5,1,18,2,2,2760.8550000000005,1.0,1,3,0.0,9,32,1208.0,0.4626426475820469,68.55306494378911,65.85969011943656,7.360220599067626,697.1780256934369,29011.38543897216,15935.565011852366,1733.9250000199986,935.692,13265.948011832368,2000.1670000199988,13935.398011832369,12.551591352627522,LEVE,2
3,2,22,0,4,1,-17.838756623536323,-70.52637650366653,0,4,1,1,2,2,2,2,2022,6,5,1,18,2,0,6639.975,2.0,2,0,1.0,9,31,1616.0,0.5526222945995614,74.2498786138685,70.50025041365525,8.75355945120394,897.5682559826355,2956.51391862955,2650.572,630.6729999999998,487.3610000000001,1532.5379999999998,1068.7019999999998,1581.87,40.31967439480987,LEVE,2
3,2,22,2,2,4,-18.04112442669799,-70.26041407300062,5,3,7,1,2,0,1,2,2022,6,5,1,19,2,0,6543.555,2.0,4,4,1.0,14,33,1198.0,0.5563774842369664,77.00938809632027,69.10246351364754,8.476961866273152,914.8835608305218,27932.19700214133,2650.572,630.6729999999998,487.3610000000001,1532.5379999999998,1068.7019999999998,1581.87,40.31967439480987,LEVE,2
1,1,10,2,4,1,-13.683217,-76.064119,0,1,7,1,2,2,2,0,2022,6,5,1,23,2,0,1679.5849999999998,2.0,2,3,1.0,9,24,315.0,0.5368583996363854,74.61272186125923,72.26825466878516,8.4069286474868,830.4721109449902,14789.134903640255,3721.461,698.1859999999996,744.866,2278.409,1102.9029999999996,2618.558,29.636290693359403,LEVE,2
3,2,24,0,4,1,-8.40348,-74.625249,0,4,7,1,2,2,2,2,2022,6,5,1,23,2,1,1169.3919999999998,2.0,3,1,0.0,9,32,75.0,0.5634769861561197,73.0016356967691,60.42057392437736,9.668331643433834,987.6889044977592,126065.34475374733,2689.139,392.697,1311.5319999999997,984.91,261.598,2427.541,9.727946379863592,LEVE,2
1,1,13,2,4,2,-6.770087,-79.778726,0,4,7,1,2,2,2,0,2022,6,6,1,5,0,0,6543.555,2.0,4,4,1.0,14,33,1198.0,0.5620975674023033,82.12463805178847,66.61876166359768,8.699915557104742,843.1720684546592,25484.141327623125,3459.691,515.0619999999999,689.7280000000001,2254.901,703.3549999999999,2756.336,20.329994788551925,LEVE,2
6,1,12,0,4,3,-8.006153756652473,-77.4926367684348,0,4,7,1,1,2,2,0,2022,6,6,1,8,1,0,6543.555,2.0,4,4,1.0,14,33,1198.0,0.5483466485199614,73.40947702180615,54.774559790319735,7.761827414252816,1085.433074508267,22858.52890792291,8931.828000000005,1335.5899999999997,1935.9830000000004,5660.255000000005,1219.309,7712.519000000005,13.651281686122925,GRAVE_MORTALIDAD,1
3,2,22,2,2,4,-18.087743500251914,-70.27674053177542,0,3,7,1,2,0,1,2,2022,6,6,1,9,1,0,6543.555,2.0,4,4,1.0,14,33,1198.0,0.5563774842369664,77.00938809632027,69.10246351364754,8.476961866273152,914.8835608305218,27932.19700214133,2650.572,630.6729999999998,487.3610000000001,1532.5379999999998,1068.7019999999998,1581.87,40.31967439480987,LEVE,2
3,2,11,0,4,2,-12.103180975361571,-75.27531547056573,0,4,7,1,2,2,2,2,2022,6,6,1,10,1,2,6543.555,2.0,4,4,1.0,14,33,1198.0,0.5223267978415674,73.4529426985538,76.05814635831882,8.414793358833153,765.7824380846354,1967.38329764454,12264.545,1826.4639999999995,1105.5389999999998,9332.542,1588.5359999999996,10676.009,12.952261987705208,LEVE,2
0,1,16,2,6,4,-12.585664,-69.199273,6,5,6,2,6,2,2,0,2022,6,6,1,10,1,1,6543.555,2.0,4,4,1.0,14,33,1198.0,0.6331639735785386,72.20641129524063,67.6175404202189,10.029362591344883,1305.419538589062,88506.68094218415,2090.391,399.431,340.021,1350.9389999999996,493.824,1596.5669999999996,23.62352306338862,LEVE,2
7,1,19,0,4,3,-5.063142,-80.145299,0,4,2,0,1,2,2,0,2022,6,6,1,17,3,0,6543.555,2.0,4,4,1.0,14,33,1198.0,0.4653748048968089,74.19666709322776,61.11371397478021,6.596218102126203,701.9088264424688,75914.02997858672,8965.846000060003,1782.4120000599992,636.9959999999999,6546.438000000004,2214.505000059999,6751.341000000004,24.699342371541725,LEVE,2
6,1,7,0,4,1,-14.395139,-71.134351,0,4,7,1,2,1,1,2,2022,6,6,1,18,2,2,7586.903,2.0,2,0,1.0,9,5,1198.0,0.3688068892893833,76.47283450634272,62.25751908213611,5.9696521090432615,372.1207781777657,9957.021413276232,17779.13499998999,2097.3709999899997,2863.123,12818.640999999989,2878.713,14900.421999989989,16.19152450331032,LEVE,2
0,1,14,2,4,1,-12.175225937648378,-76.97774592276338,0,0,7,1,2,2,2,0,2022,6,6,1,18,2,0,6639.975,2.0,2,0,1.0,9,31,1616.0,0.7289998534947872,80.50926319493618,76.9124822838204,10.358587270463827,1551.106643515347,384728.5117773019,7626.313,1683.4029999999998,1599.0829999999996,4343.827000000001,1814.875,5811.438000000001,23.797541485643197,LEVE,2
3,2,14,0,4,1,-10.64214973136169,-77.80167817048151,0,4,7,1,2,2,2,0,2022,6,6,1,21,2,0,616.825,2.0,2,3,0.0,9,6,145.0,0.6268687897946689,82.18096720561557,72.30753381266985,8.959173721649861,1090.279660993292,20521.346895074952,7626.313,1683.4029999999998,1599.0829999999996,4343.827000000001,1814.875,5811.438000000001,23.797541485643197,LEVE,2
3,1,16,0,4,1,-11.811876,-69.180757,6,5,6,2,6,2,2,0,2022,6,6,1,21,2,1,3263.58,2.0,2,0,1.0,5,18,566.0,0.597617604972796,82.26721782405238,48.48097664391574,7.80953834738407,1251.9428244578776,3379.3597430406853,2090.391,399.431,340.021,1350.9389999999996,493.824,1596.5669999999996,23.62352306338862,LEVE,2
3,2,12,0,4,1,-7.13939,-79.463869,0,4,7,1,2,2,2,2,2022,6,6,1,23,2,0,6543.555,3.0,2,0,1.0,0,30,1475.0,0.5114727232493018,78.60606800160349,61.153108160372966,6.422343227671115,862.4189512831092,24701.19700214133,8931.828000000005,1335.5899999999997,1935.9830000000004,5660.255000000005,1219.309,7712.519000000005,13.651281686122925,LEVE,2
1,1,14,0,4,1,-12.03186857113612,-76.98848593151921,0,4,7,1,2,2,2,0,2022,6,0,0,1,0,0,875.67,2.0,2,0,1.0,3,14,156.0,0.6970617810314195,81.40501156526744,73.5715154770137,9.635174408411393,1428.892506292977,203379.9271948608,7626.313,1683.4029999999998,1599.0829999999996,4343.827000000001,1814.875,5811.438000000001,23.797541485643197,LEVE,2
6,1,14,2,4,1,-11.978427911890416,-76.78207926382203,0,2,7,1,2,2,2,0,2022,6,0,0,2,0,0,875.67,2.0,2,0,1.0,3,14,156.0,0.7410537419693288,80.72873693175681,77.76911521289269,11.20634409407566,1539.7635062745433,43755.852248394,7626.313,1683.4029999999998,1599.0829999999996,4343.827000000001,1814.875,5811.438000000001,23.797541485643197,LEVE,2
6,1,14,2,2,4,-12.111403465270996,-76.99590301513672,0,0,7,1,2,2,2,0,2022,6,0,0,3,0,0,6543.555,2.0,4,4,1.0,14,33,1198.0,0.8236163632543221,80.64134543571234,78.76297514209003,13.635913030045838,1867.8532062234744,106584.52890792293,7626.313,1683.4029999999998,1599.0829999999996,4343.827000000001,1814.875,5811.438000000001,23.797541485643197,LEVE,2
6,1,20,0,4,1,-15.6880311,-70.8102044,0,4,0,1,2,0,1,2,2022,6,0,0,4,0,2,1504.4250000000002,2.0,2,0,1.0,7,25,241.0,0.4698599762559323,78.4228993312338,68.12786536644234,6.991927650318564,610.3916333612686,6938.8501070663815,13642.312999999998,2020.7790000000005,2354.117,9267.416999999998,3314.0520000000006,10328.260999999997,24.29244952817019,LEVE,2
6,1,13,0,4,1,-6.648391,-79.942871,0,4,7,1,2,2,2,0,2022,6,0,0,6,1,0,6543.555,3.0,2,0,1.0,0,30,1475.0,0.5539280527450423,74.69452916859504,66.89728158703436,9.542777400516576,872.5509264417765,79617.09421841543,3459.691,515.0619999999999,689.7280000000001,2254.901,703.3549999999999,2756.336,20.329994788551925,LEVE,2
6,1,4,0,4,1,-13.7773756952253,-74.3259621976569,0,4,0,0,1,1,0,6,2022,6,0,0,18,2,2,1253.475,-1.0,1,3,0.0,9,32,217.0,0.3596792445576856,69.98384405621857,66.62678995625929,5.645665835771019,395.1568643364122,2038.1199143468957,12678.733000000004,1805.074000000001,1774.0339999999994,9099.625000000004,2485.375000000001,10193.358000000002,19.602707936195205,LEVE,2
3,2,12,0,4,1,-7.998345,-78.307615,0,4,7,1,2,2,2,0,2022,6,0,0,18,2,0,9936.932,2.0,2,0,1.0,9,32,3830.0,0.4320883936567258,76.718936301794,43.003289188979466,6.269065613037991,662.0777072841523,13167.552462526766,8931.828000000005,1335.5899999999997,1935.9830000000004,5660.255000000005,1219.309,7712.519000000005,13.651281686122925,LEVE,2
0,1,11,0,4,1,-11.982411,-75.262406,0,4,7,1,2,2,2,4,2022,6,0,0,19,2,2,7586.903,2.0,2,0,1.0,9,5,1198.0,0.510310164202821,71.52440814978874,75.72388801715883,9.092332465948596,712.4612550145519,5266.717344753748,12264.545,1826.4639999999995,1105.5389999999998,9332.542,1588.5359999999996,10676.009,12.952261987705208,LEVE,2
3,1,11,2,4,1,-11.4430638434703,-74.4919174674897,6,5,6,2,6,2,2,0,2022,6,1,0,0,0,2,1337.175,1.0,1,3,0.0,9,32,315.0,0.3570817332180048,73.74932476832508,43.805659202757695,6.484925788605561,398.3541927461293,66993.35796966725,12264.545,1826.4639999999995,1105.5389999999998,9332.542,1588.5359999999996,10676.009,12.952261987705208,LEVE,2
1,1,14,0,4,1,-12.250331378864685,-76.93051276432485,0,2,7,1,2,2,2,0,2022,6,1,0,5,0,0,6639.975,2.0,2,0,1.0,9,31,1616.0,0.6909236767275176,78.41626133969348,70.97436336767564,9.826485374940413,1476.8351947609171,95908.53319057816,7626.313,1683.4029999999998,1599.0829999999996,4343.827000000001,1814.875,5811.438000000001,23.797541485643197,LEVE,2
6,1,14,0,4,1,-12.22223131897444,-76.97444197707152,0,2,1,1,2,2,2,0,2022,6,1,0,13,3,0,6543.555,3.0,2,0,1.0,0,30,1475.0,0.6990481232857558,80.14597904142546,74.3851677794309,10.004397644056358,1432.5044292531525,459161.0728051392,7626.313,1683.4029999999998,1599.0829999999996,4343.827000000001,1814.875,5811.438000000001,23.797541485643197,GRAVE_MORTALIDAD,1
3,2,11,0,4,1,-11.78715,-75.67505,0,4,7,1,2,2,2,2,2022,6,1,0,15,3,2,7586.903,2.0,2,0,1.0,9,5,1198.0,0.4545643050211295,68.73444804749025,55.05670880126828,7.076811092931955,737.237129067086,1424.8051391862955,12264.545,1826.4639999999995,1105.5389999999998,9332.542,1588.5359999999996,10676.009,12.952261987705208,GRAVE_LESIONADOS,0
6,1,10,2,2,4,-14.08007,-75.721941,0,3,7,1,2,2,2,0,2022,6,1,0,19,2,0,6543.555,2.0,4,4,1.0,14,33,1198.0,0.6637216310803388,79.6446050662278,81.37671161983333,11.724811319582514,1084.329233867723,142450.24411134905,3721.461,698.1859999999996,744.866,2278.409,1102.9029999999996,2618.558,29.636290693359403,LEVE,2
6,1,20,0,4,1,-16.12115082,-69.58969485,0,4,7,1,2,2,2,2,2022,6,2,0,1,0,2,7586.903,2.0,2,0,1.0,9,5,1198.0,0.4020198374784472,77.80062735845667,75.295761294875,7.279851651626652,372.63390314535104,50686.62526766595,13642.312999999998,2020.7790000000005,2354.117,9267.416999999998,3314.0520000000006,10328.260999999997,24.29244952817019,LEVE,2
3,2,21,0,4,1,-6.029269,-77.210712,0,4,7,1,2,2,2,2,2022,6,2,0,5,0,1,7758.33400008,2.0,2,0,1.0,9,20,2133.0,0.5963332411867256,73.80959983510441,63.34953560123128,8.251886446437874,1232.7304200473363,24031.167023554604,5645.136,815.0759999999999,965.298,3864.762,1013.406,4631.73,17.95184385283189,LEVE,2
6,1,2,0,4,2,-13.996839359725826,-73.08757276189921,6,5,6,2,6,2,2,0,2022,6,2,0,17,3,2,6543.555,2.0,4,4,1.0,14,33,1198.0,0.2696597132477344,63.86696013405778,72.18957478059431,4.545554964059695,234.72280798347384,1793.899357601713,8358.971,1282.451,1298.0969999999998,5778.423,1432.683,6926.288,17.139466089785454,LEVE,2
1,1,11,0,4,1,-11.77974511,-75.48229265,0,4,7,1,2,2,2,0,2022,6,2,0,20,2,2,311.82,2.0,2,0,0.0,9,32,74.0,0.5793345244831453,70.26773017152715,73.92845349337222,10.396400147076845,984.6153728015668,14305.199143468952,12264.545,1826.4639999999995,1105.5389999999998,9332.542,1588.5359999999996,10676.009,12.952261987705208,LEVE,2
4,1,10,0,4,2,-13.540899886059233,-76.17728956323718,0,4,7,1,2,2,2,6,2022,6,2,0,22,2,0,6543.555,2.0,4,4,1.0,14,33,1198.0,0.575108675542622,80.48751485041296,69.97733945104977,8.91411717811534,891.3032819289404,12460.550321199144,3721.461,698.1859999999996,744.866,2278.409,1102.9029999999996,2618.558,29.636290693359403,LEVE,2
3,2,13,0,4,3,-6.542156,-79.870673,0,4,0,1,2,2,2,0,2022,6,2,0,23,2,0,6543.555,2.0,4,4,1.0,14,33,1198.0,0.4530607633213016,76.60203660440479,57.768100495203775,6.835929280138066,623.8856963091697,18730.47537473233,3459.691,515.0619999999999,689.7280000000001,2254.901,703.3549999999999,2756.336,20.329994788551925,LEVE,2
1,1,14,2,7,4,-12.12724475655441,-77.03710906091183,0,0,0,1,2,2,2,0,2022,6,3,0,0,0,0,6543.555,2.0,4,4,1.0,14,33,1198.0,0.8326399351216524,80.31446032722859,77.78409882620639,13.96507415980228,1925.7868972542449,87898.66595289079,7626.313,1683.4029999999998,1599.0829999999996,4343.827000000001,1814.875,5811.438000000001,23.797541485643197,LEVE,2
1,1,14,2,4,1,-12.254755,-76.924147,0,4,7,1,2,2,2,0,2022,6,3,0,1,0,0,6639.975,2.0,2,0,1.0,9,31,1616.0,0.6909236767275176,78.41626133969348,70.97436336767564,9.826485374940413,1476.8351947609171,95908.53319057816,7626.313,1683.4029999999998,1599.0829999999996,4343.827000000001,1814.875,5811.438000000001,23.797541485643197,LEVE,2
1,1,11,2,4,1,-10.904987503772606,-76.07006557262896,0,0,7,1,2,0,1,0,2022,6,3,0,1,0,2,9936.932,2.0,2,0,1.0,9,32,3830.0,0.4515021227868664,71.4196998727447,62.336219650226376,7.581270728582125,617.1133018029116,6161.010706638115,12264.545,1826.4639999999995,1105.5389999999998,9332.542,1588.5359999999996,10676.009,12.952261987705208,LEVE,2
3,2,22,0,4,1,-18.17592327950679,-70.50039473125472,5,4,7,1,2,0,1,2,2022,6,3,0,5,0,0,1926.94,2.0,2,0,1.0,9,32,393.0,0.5551799999072031,75.37994385062687,62.699954828476905,7.065143842078104,1076.8792057258834,6114.0,2650.572,630.6729999999998,487.3610000000001,1532.5379999999998,1068.7019999999998,1581.87,40.31967439480987,LEVE,2
3,2,14,0,4,2,-11.25009555354391,-77.35747213048693,0,4,7,1,2,2,2,2,2022,6,3,0,5,0,0,6543.555,2.0,4,4,1.0,14,33,1198.0,0.625259356790912,76.00710856837651,64.39893010534446,7.928807895834627,1379.4198272918734,24684.304068522484,7626.313,1683.4029999999998,1599.0829999999996,4343.827000000001,1814.875,5811.438000000001,23.797541485643197,LEVE,2
1,1,14,2,4,1,-11.770736277951563,-77.15902010039257,0,0,7,1,2,2,2,0,2022,6,3,0,6,1,0,6543.555,3.0,2,0,1.0,0,30,1475.0,0.6688889885290078,77.65971620762488,72.11797581870952,9.343568875150348,1392.9562465448405,54956.252676659526,7626.313,1683.4029999999998,1599.0829999999996,4343.827000000001,1814.875,5811.438000000001,23.797541485643197,LEVE,2
10,1,3,2,3,4,-17.001495,-72.08726,0,3,7,0,7,2,2,0,2022,6,3,0,16,3,0,6543.555,2.0,4,4,1.0,14,33,1198.0,0.5784035125051519,74.737535639558,71.5667957422958,10.005034846291316,929.7976738409852,7264.014989293362,10322.272,1495.236,1749.739,7077.2970000000005,2886.595,7435.677000000001,27.964725207783708,LEVE,2
3,2,5,0,4,1,-5.100353,-79.0455366,0,4,7,1,2,2,2,0,2022,6,3,0,17,3,2,7758.33400008,2.0,2,0,1.0,9,20,2133.0,0.4391812721167056,75.54174317098156,56.236342149889175,6.489422517034793,610.2085755707644,37111.99571734476,15935.565011852366,1733.9250000199986,935.692,13265.948011832368,2000.1670000199988,13935.398011832369,12.551591352627522,LEVE,2
6,1,7,2,4,1,-14.4821734391772,-72.0938381362104,0,4,0,0,2,1,1,2,2022,7,4,0,7,1,2,1780.161,1.0,1,3,0.0,9,32,490.0,0.339323744940919,67.8567694463257,60.573677132379146,5.206321478431428,388.7128879370376,24527.03426124197,17779.13499998999,2097.3709999899997,2863.123,12818.640999999989,2878.713,14900.421999989989,16.19152450331032,LEVE,2
3,1,5,1,4,1,-6.691349,-78.541895,6,5,6,2,6,2,2,0,2022,7,4,0,7,1,2,9936.932,2.0,2,0,1.0,9,32,3830.0,0.3484871558022944,76.33677469666252,53.28672218475212,4.131981838863427,447.1658531581213,76209.5845824411,15935.565011852366,1733.9250000199986,935.692,13265.948011832368,2000.1670000199988,13935.398011832369,12.551591352627522,LEVE,2
0,1,13,0,4,1,-6.14817101787074,-79.7156908860278,0,4,7,1,2,2,2,0,2022,7,4,0,9,1,0,6543.555,3.0,2,0,1.0,0,30,1475.0,0.4974674218418852,75.93907983080418,58.3357972839862,7.69595447676265,761.2908213145297,28734.96573875803,3459.691,515.0619999999999,689.7280000000001,2254.901,703.3549999999999,2756.336,20.329994788551925,LEVE,2
6,1,7,0,4,3,-14.494503,-71.46394,0,4,7,0,7,2,2,1,2022,7,4,0,10,1,2,6543.555,2.0,4,4,1.0,14,33,1198.0,0.1548867386502985,64.5917716662409,49.236568431257616,4.545810476428086,79.98533389978881,5532.92505353319,17779.13499998999,2097.3709999899997,2863.123,12818.640999999989,2878.713,14900.421999989989,16.19152450331032,LEVE,2
6,1,2,2,4,1,-13.499955,-73.808258,7,4,0,1,2,1,1,2,2022,7,4,0,12,3,2,7586.903,2.0,2,0,1.0,9,5,1198.0,0.4192164217293653,68.17945161913431,60.59110843196562,7.127031141345839,564.301368975115,6209.351177730193,8358.971,1282.451,1298.0969999999998,5778.423,1432.683,6926.288,17.139466089785454,LEVE,2
0,1,21,2,4,1,-6.046127,-77.017082,0,4,7,1,2,2,2,4,2022,7,4,0,18,2,1,7758.33400008,2.0,2,0,1.0,9,20,2133.0,0.5294800468051228,72.46713251445857,60.50982579904599,7.757161651692042,952.984823255978,86435.21199143468,5645.136,815.0759999999999,965.298,3864.762,1013.406,4631.73,17.95184385283189,LEVE,2