CLASE SINIESTRO,CANTIDAD DE VEHICULOS DAÑADOS,DEPARTAMENTO,ZONA,TIPO DE VÍA,RED VIAL,COORDENADAS LATITUD,COORDENADAS  LONGITUD,CONDICIÓN CLIMÁTICA,ZONIFICACIÓN,CARACTERÍSTICAS DE VÍA,PERFIL LONGITUDINAL VÍA,SUPERFICIE DE CALZADA,¿EXISTE SEÑAL VERTICAL?,¿EXISTE SEÑAL HORIZONTAL?,CAUSA FACTOR PRINCIPAL,AÑO,MES,DIA_SEMANA,ES_FIN_SEMANA,HORA_NUM,FRANJA_HORARIA,REGION_NATURAL,MTC_RVN_LONGITUD_KM,MTC_RVN_N_CARRILES_MEDIANA,MTC_RVN_SUPERFICIE_DOMINANTE,MTC_RVN_ESTADO_DOMINANTE,MTC_RVN_ES_CONCESIONADA,MTC_RVN_CONCESION_PRINCIPAL,MTC_RVN_CORREDOR_LOGISTICO,MTC_RVN_N_TRAMOS,IDH_2019,IDH_ESP_VIDA_2019,IDH_EDUC_SECUND_PCT_2019,IDH_ANIOS_EDUC_2019,IDH_INGRESO_PERCAP_2019,IDH_POBLACION_2019,MTC_DEP_RED_TOTAL_KM,MTC_DEP_NACIONAL_TOTAL_KM,MTC_DEP_DEPARTAMENTAL_TOTAL_KM,MTC_DEP_VECINAL_TOTAL_KM,MTC_DEP_PAV_TOTAL_KM,MTC_DEP_NO_PAV_TOTAL_KM,MTC_DEP_PCT_PAVIMENTADA,CATEGORIA_SEVERIDAD,CATEGORIA_SEVERIDAD_ENC
6,1,1,0,4,1,-8.9076392268264,-78.56746390954739,0,4,0,0,2,2,2,0,2022,7,4,0,19,2,2,339.39500000000004,2.0,2,3,0.0,9,9,100.0,0.6138280897610826,78.84695742989106,71.99259200326753,9.438855747011283,1055.78291711923,196830.83083511775,10767.648,1885.0630000000003,1222.721,7659.864000000001,2100.343,8667.305000000002,19.506051832303577,LEVE,2
3,2,12,2,3,4,-8.074545,-79.022619,0,0,1,1,2,2,2,2,2022,7,4,0,22,2,0,6543.555,2.0,4,4,1.0,14,33,1198.0,0.5628682280502054,79.35078533424159,59.07369130997599,7.880201475313533,999.8741857239928,209189.32119914345,8931.828000000005,1335.5899999999997,1935.9830000000004,5660.255000000005,1219.309,7712.519000000005,13.651281686122925,LEVE,2
1,1,14,2,2,4,-12.243900000499872,-76.90951799846174,0,0,7,1,2,2,2,0,2022,7,5,1,1,0,0,6543.555,2.0,4,4,1.0,14,33,1198.0,0.6909236767275176,78.41626133969348,70.97436336767564,9.826485374940413,1476.8351947609171,95908.53319057816,7626.313,1683.4029999999998,1599.0829999999996,4343.827000000001,1814.875,5811.438000000001,23.797541485643197,LEVE,2
1,1,14,2,2,4,-12.0781808,-77.0803376,0,0,7,1,2,2,2,0,2022,7,5,1,2,0,0,6543.555,2.0,4,4,1.0,14,33,1198.0,0.5563774842369664,77.00938809632027,69.10246351364754,8.476961866273152,914.8835608305218,27932.19700214133,7626.313,1683.4029999999998,1599.0829999999996,4343.827000000001,1814.875,5811.438000000001,23.797541485643197,LEVE,2
0,1,11,0,4,1,-12.025631,-75.420456,0,4,7,1,2,2,2,2,2022,7,5,1,16,3,2,1452.982,1.0,1,3,1.0,9,13,441.0,0.3314428175210972,71.0453549138241,56.201059650987645,6.831664625200039,297.0741962406553,2686.26766595289,12264.545,1826.4639999999995,1105.5389999999998,9332.542,1588.5359999999996,10676.009,12.952261987705208,LEVE,2
1,1,13,0,4,1,-6.888183,-79.804553,0,4,7,1,2,2,2,0,2022,7,5,1,20,2,0,6543.555,3.0,2,0,1.0,0,30,1475.0,0.5641992796027862,80.882527751483,65.9094339982314,9.073972195368588,853.0395030552988,16475.406852248394,3459.691,515.0619999999999,689.7280000000001,2254.901,703.3549999999999,2756.336,20.329994788551925,LEVE,2
3,5,10,0,4,1,-13.38707444,-76.20203622,0,4,7,1,2,2,2,2,2022,7,6,1,7,1,0,6639.975,2.0,2,0,1.0,9,31,1616.0,0.5736744275518083,81.67473861808857,68.1608574885675,9.138785887908334,865.1176766860625,26660.92933618844,3721.461,698.1859999999996,744.866,2278.409,1102.9029999999996,2618.558,29.636290693359403,GRAVE_MORTALIDAD,1
0,1,6,2,2,4,-12.062088097143755,-77.14276654465186,0,0,7,1,2,0,1,2,2022,7,6,1,10,1,0,6543.555,2.0,4,4,1.0,14,33,1198.0,0.5563774842369664,77.00938809632027,69.10246351364754,8.476961866273152,914.8835608305218,27932.19700214133,51.58600000000001,44.68700000000001,6.899000000000001,0.0,49.838000000000015,1.748,96.61148373589734,LEVE,2
10,1,2,0,4,3,-14.033949034102209,-72.14636488596634,6,5,6,2,6,2,2,0,2022,7,6,1,14,3,2,6543.555,2.0,4,4,1.0,14,33,1198.0,0.2890033757841554,71.08739551307794,72.02833342283576,4.396397733737986,248.45269054492056,5861.336188436831,8358.971,1282.451,1298.0969999999998,5778.423,1432.683,6926.288,17.139466089785454,GRAVE_MORTALIDAD,1
6,1,12,0,4,2,-7.788201,-77.595033,0,4,7,1,1,2,2,2,2022,7,6,1,16,3,0,6543.555,2.0,4,4,1.0,14,33,1198.0,0.4686292122960986,72.39347765706144,42.14285241633188,6.687776775372348,878.2652317159998,9440.374732334049,8931.828000000005,1335.5899999999997,1935.9830000000004,5660.255000000005,1219.309,7712.519000000005,13.651281686122925,GRAVE_MORTALIDAD,1
0,1,12,0,4,1,-7.8757916009639155,-79.13215306921666,0,4,7,1,2,2,2,2,2022,7,6,1,18,2,0,6543.555,3.0,2,0,1.0,0,30,1475.0,0.5721567587688113,77.67102283812494,66.21373667954742,8.464777379360486,978.4498488219192,15563.077087794432,8931.828000000005,1335.5899999999997,1935.9830000000004,5660.255000000005,1219.309,7712.519000000005,13.651281686122925,LEVE,2
6,1,14,2,4,1,-10.661403010346053,-77.77216329846316,5,4,7,1,2,2,2,0,2022,7,6,1,20,2,0,1031.172,-1.0,1,0,0.0,9,32,405.0,0.6089995249782627,83.27989923505345,68.21266463461673,7.753898352965485,1106.793700553604,19807.916488222698,7626.313,1683.4029999999998,1599.0829999999996,4343.827000000001,1814.875,5811.438000000001,23.797541485643197,LEVE,2
6,1,12,0,4,0,-8.194369,-76.982986,0,4,7,0,1,2,2,2,2022,7,6,1,23,2,0,6543.555,2.0,4,4,1.0,14,33,1198.0,0.1735823791101917,75.03214416673701,34.14144098647395,3.9221403013778975,103.4466457442477,1514.0214132762312,8931.828000000005,1335.5899999999997,1935.9830000000004,5660.255000000005,1219.309,7712.519000000005,13.651281686122925,GRAVE_MORTALIDAD,1
3,1,11,0,4,1,-11.21196936009697,-74.65767326686544,6,5,6,2,6,2,2,0,2022,7,6,1,23,2,2,5768.608,2.0,3,1,0.0,9,32,365.0,0.3896449199426799,73.52944498752588,58.12847486528723,6.818497881997056,432.7706547473175,27485.456102783723,12264.545,1826.4639999999995,1105.5389999999998,9332.542,1588.5359999999996,10676.009,12.952261987705208,LEVE,2
4,1,14,2,7,4,-12.1522147,-77.0244595,0,3,7,1,2,2,2,0,2022,7,0,0,3,0,0,6543.555,2.0,4,4,1.0,14,33,1198.0,0.8207642838213052,80.14976904502905,78.34721798827678,12.592455139231284,1956.55173075211,27481.5653104925,7626.313,1683.4029999999998,1599.0829999999996,4343.827000000001,1814.875,5811.438000000001,23.797541485643197,LEVE,2
6,1,19,2,2,4,-5.183466,-80.664198,0,4,7,1,2,2,2,0,2022,7,0,0,14,3,0,6543.555,2.0,4,4,1.0,14,33,1198.0,0.5997462042553465,78.40793944726823,72.26811532412637,9.714064362322326,976.3169831713308,183875.0,8965.846000060003,1782.4120000599992,636.9959999999999,6546.438000000004,2214.505000059999,6751.341000000004,24.699342371541725,LEVE,2
3,2,3,0,4,1,-16.867949,-71.851756,0,4,7,1,2,1,1,0,2022,7,1,0,4,0,0,6639.975,2.0,2,0,1.0,9,31,1616.0,0.6456305778571253,75.67334095395331,77.09261911098552,10.479683603540597,1179.2653123056473,21630.747323340474,10322.272,1495.236,1749.739,7077.2970000000005,2886.595,7435.677000000001,27.964725207783708,GRAVE_MORTALIDAD,1
3,2,13,0,4,1,-6.725805,-79.891082,0,4,7,1,2,2,2,0,2022,7,1,0,5,0,0,6543.555,3.0,2,0,1.0,0,30,1475.0,0.5539280527450423,74.69452916859504,66.89728158703436,9.542777400516576,872.5509264417765,79617.09421841543,3459.691,515.0619999999999,689.7280000000001,2254.901,703.3549999999999,2756.336,20.329994788551925,GRAVE_LESIONADOS,0
6,1,14,2,2,4,-12.18942855906315,-77.0072448974895,0,0,7,1,2,2,2,0,2022,7,1,0,5,0,0,6543.555,2.0,4,4,1.0,14,33,1198.0,0.7583553928164398,79.82595632107274,76.7651270103073,11.46351379457763,1662.7771470294065,333655.3618843683,7626.313,1683.4029999999998,1599.0829999999996,4343.827000000001,1814.875,5811.438000000001,23.797541485643197,LEVE,2
0,1,14,2,2,4,-11.991583421555264,-77.10776831454098,0,0,7,1,2,2,2,0,2022,7,1,0,11,1,0,6543.555,2.0,4,4,1.0,14,33,1198.0,0.7419979630670723,80.31822295927182,79.00446395716813,11.084203715652809,1554.6868971011318,739416.2413542903,7626.313,1683.4029999999998,1599.0829999999996,4343.827000000001,1814.875,5811.438000000001,23.797541485643197,LEVE,2
0,1,14,2,2,4,-12.030284,-77.029465,0,0,7,1,2,2,2,2,2022,7,1,0,22,2,0,6543.555,2.0,4,4,1.0,14,33,1198.0,0.7300036506368504,80.21724456394445,75.11639588359114,10.636845733066124,1559.041185521695,156759.78800856532,7626.313,1683.4029999999998,1599.0829999999996,4343.827000000001,1814.875,5811.438000000001,23.797541485643197,LEVE,2
3,2,5,0,4,1,-7.218075,-78.74925667,0,4,7,1,2,2,2,0,2022,7,2,0,3,0,2,887.28,2.0,2,0,1.0,8,17,155.0,0.2737187302851982,67.63966633396905,40.953211486842825,3.7263390622442008,336.78785003448525,4122.6017130620985,15935.565011852366,1733.9250000199986,935.692,13265.948011832368,2000.1670000199988,13935.398011832369,12.551591352627522,LEVE,2
1,1,12,0,4,1,-8.097352,-78.974404,0,4,7,1,2,2,2,0,2022,7,2,0,4,0,0,610.6099999999999,2.0,2,0,1.0,8,29,100.0,0.5929579484728337,80.24150924632623,64.75837382721711,8.51830466766158,1043.4182142665843,34739.39614561028,8931.828000000005,1335.5899999999997,1935.9830000000004,5660.255000000005,1219.309,7712.519000000005,13.651281686122925,LEVE,2
0,2,10,0,4,2,-13.452454,-76.126608,0,4,2,0,7,2,2,4,2022,7,2,0,5,0,0,6543.555,2.0,4,4,1.0,14,33,1198.0,0.5587971735938619,78.87090394897412,58.2444201812792,8.651099683361522,938.67731243416,8209.766595289078,3721.461,698.1859999999996,744.866,2278.409,1102.9029999999996,2618.558,29.636290693359403,LEVE,2
0,1,19,2,4,1,-5.173715,-80.680308,0,2,7,1,2,2,2,0,2022,7,2,0,6,1,0,6543.555,3.0,2,0,1.0,0,30,1475.0,0.5997462042553465,78.40793944726823,72.26811532412637,9.714064362322326,976.3169831713308,183875.0,8965.846000060003,1782.4120000599992,636.9959999999999,6546.438000000004,2214.505000059999,6751.341000000004,24.699342371541725,LEVE,2
0,0,18,2,7,4,-10.852161487788104,-76.11416121719361,0,3,2,1,1,2,2,2,2022,7,2,0,7,1,2,6543.555,2.0,4,4,1.0,14,33,1198.0,0.3809805024475937,74.2650289070001,82.89783498714431,7.452077577745868,324.00556378663055,3505.5546038543894,3677.119863,564.5869999999999,910.845,2201.687863000001,590.8779999999998,3086.2418630000006,16.06904376290656,LEVE,2
6,1,4,0,4,1,-13.029388202246906,-74.2173077460767,0,4,0,0,2,1,0,2,2022,7,2,0,15,3,2,7586.903,2.0,2,0,1.0,9,5,1198.0,0.3182118584685479,77.25150459408908,52.46529757884336,4.999497882050312,300.2684757394725,4462.792057970449,12678.733000000004,1805.074000000001,1774.0339999999994,9099.625000000004,2485.375000000001,10193.358000000002,19.602707936195205,LEVE,2
6,1,7,0,4,1,-14.641781,-71.2764293,0,4,7,1,2,2,2,2,2022,7,2,0,17,3,2,566.7160000000001,2.0,5,2,0.0,9,3,137.0,0.2860092739262279,59.94781725321823,66.333630235029,5.464450966964557,274.3102477158444,5060.0256959314775,17779.13499998999,2097.3709999899997,2863.123,12818.640999999989,2878.713,14900.421999989989,16.19152450331032,LEVE,2
6,1,1,0,4,2,-9.419447582340071,-77.59299694169833,0,4,0,0,1,2,2,0,2022,7,2,0,18,2,2,6543.555,2.0,4,4,1.0,14,33,1198.0,0.4323879753589431,78.79867813952899,58.4735128410733,6.08831846763777,563.8572432327223,5142.762312633833,10767.648,1885.0630000000003,1222.721,7659.864000000001,2100.343,8667.305000000002,19.506051832303577,GRAVE_MORTALIDAD,1
6,1,19,2,2,4,-5.184283,-80.6250834,0,4,7,1,2,2,2,0,2022,7,3,0,3,0,0,6543.555,2.0,4,4,1.0,14,33,1198.0,0.6582040223794163,78.74105515718446,77.3206684883171,11.334167841567446,1124.177237253568,178905.3426124197,8965.846000060003,1782.4120000599992,636.9959999999999,6546.438000000004,2214.505000059999,6751.341000000004,24.699342371541725,LEVE,2
3,2,14,0,4,1,-11.150481207183622,-77.59657497740974,0,4,1,1,2,1,0,2,2022,7,3,0,6,1,0,6543.555,3.0,2,0,1.0,0,30,1475.0,0.7327345537337897,78.20903814342847,76.31492653513806,13.642917835589472,1405.6698219039215,62016.21841541756,7626.313,1683.4029999999998,1599.0829999999996,4343.827000000001,1814.875,5811.438000000001,23.797541485643197,LEVE,2
3,1,1,0,4,1,-9.232379,-78.448749,0,4,7,1,2,2,2,0,2022,7,3,0,8,1,2,6543.555,3.0,2,0,1.0,0,30,1475.0,0.568820669072786,79.34476661557915,55.60978448774673,7.574555719773437,1088.2848331088856,15652.0278372591,10767.648,1885.0630000000003,1222.721,7659.864000000001,2100.343,8667.305000000002,19.506051832303577,GRAVE_MORTALIDAD,1
0,1,14,2,2,4,-12.129913236273836,-77.0264471065407,0,3,1,1,2,2,2,0,2022,7,3,0,13,3,0,6543.555,2.0,4,4,1.0,14,33,1198.0,0.8326399351216524,80.31446032722859,77.78409882620639,13.96507415980228,1925.7868972542449,87898.66595289079,7626.313,1683.4029999999998,1599.0829999999996,4343.827000000001,1814.875,5811.438000000001,23.797541485643197,LEVE,2
0,1,21,0,4,1,-5.730581,-77.514495,0,4,7,1,2,2,2,2,2022,7,3,0,20,2,1,7758.33400008,2.0,2,0,1.0,9,20,2133.0,0.395409368693869,74.01814372927417,48.94523443220634,5.029353255237231,594.0921143791977,22212.160599571733,5645.136,815.0759999999999,965.298,3864.762,1013.406,4631.73,17.95184385283189,LEVE,2
2,1,3,2,3,4,-16.4181615,-71.5060567,0,3,7,1,2,0,1,0,2022,7,3,0,23,2,0,6543.555,2.0,4,4,1.0,14,33,1198.0,0.6497628344872909,78.50677470622946,79.58517547019379,10.832141867699551,1100.753355561081,126056.75374732334,10322.272,1495.236,1749.739,7077.2970000000005,2886.595,7435.677000000001,27.964725207783708,LEVE,2
0,1,19,2,2,4,-5.16802,-80.648719,0,4,7,1,2,1,0,0,2022,7,4,0,5,0,0,6543.555,2.0,4,4,1.0,14,33,1198.0,0.6582040223794163,78.74105515718446,77.3206684883171,11.334167841567446,1124.177237253568,178905.3426124197,8965.846000060003,1782.4120000599992,636.9959999999999,6546.438000000004,2214.505000059999,6751.341000000004,24.699342371541725,LEVE,2
6,1,14,2,2,4,-12.123954,-77.004534,0,3,7,1,2,2,2,0,2022,7,4,0,5,0,0,6543.555,2.0,4,4,1.0,14,33,1198.0,0.8326399351216524,80.31446032722859,77.78409882620639,13.96507415980228,1925.7868972542449,87898.66595289079,7626.313,1683.4029999999998,1599.0829999999996,4343.827000000001,1814.875,5811.438000000001,23.797541485643197,LEVE,2
6,1,20,0,4,1,-15.06603095073276,-69.42749699270799,7,4,7,1,2,2,2,2,2022,7,4,0,11,1,2,573.9449999999999,-1.0,1,0,0.0,9,32,128.0,0.2992647132950835,71.29087212794018,55.106065776176855,6.1504410432947925,243.4093365645157,3483.638115631692,13642.312999999998,2020.7790000000005,2354.117,9267.416999999998,3314.0520000000006,10328.260999999997,24.29244952817019,LEVE,2
3,2,24,2,2,4,-8.369551,-74.549133,0,0,7,1,2,1,0,2,2022,7,4,0,19,2,1,6543.555,2.0,4,4,1.0,14,33,1198.0,0.5634769861561197,73.0016356967691,60.42057392437736,9.668331643433834,987.6889044977592,126065.34475374733,2689.139,392.697,1311.5319999999997,984.91,261.598,2427.541,9.727946379863592,LEVE,2
7,1,19,0,4,2,-5.316476,-79.749585,0,4,7,0,1,2,2,0,2022,7,5,1,15,3,0,6543.555,2.0,4,4,1.0,14,33,1198.0,0.3308600936388035,74.76246818097447,57.66035801467513,4.819031624676888,342.44759475337025,5712.877944325482,8965.846000060003,1782.4120000599992,636.9959999999999,6546.438000000004,2214.505000059999,6751.341000000004,24.699342371541725,LEVE,2
5,2,21,2,4,1,-5.738795,-77.501768,0,0,7,1,2,2,2,2,2022,7,6,1,1,0,1,7758.33400008,2.0,2,0,1.0,9,20,2133.0,0.395409368693869,74.01814372927417,48.94523443220634,5.029353255237231,594.0921143791977,22212.160599571733,5645.136,815.0759999999999,965.298,3864.762,1013.406,4631.73,17.95184385283189,GRAVE_LESIONADOS,0
1,1,1,2,4,1,-9.10585030813847,-78.55573139992703,0,2,7,1,2,2,2,0,2022,7,6,1,2,0,2,6543.555,3.0,2,0,1.0,0,30,1475.0,0.6138280897610826,78.84695742989106,71.99259200326753,9.438855747011283,1055.78291711923,196830.83083511775,10767.648,1885.0630000000003,1222.721,7659.864000000001,2100.343,8667.305000000002,19.506051832303577,LEVE,2
4,1,14,0,4,0,-11.055576392366431,-77.60122056017393,0,4,7,1,2,2,2,2,2022,7,6,1,2,0,0,6543.555,2.0,4,4,1.0,14,33,1198.0,0.644332113046051,78.61218205687396,70.04798203155518,8.919818005352203,1280.219555520582,36044.03426124197,7626.313,1683.4029999999998,1599.0829999999996,4343.827000000001,1814.875,5811.438000000001,23.797541485643197,LEVE,2
6,1,1,0,2,4,-9.128416272535498,-78.5184979617348,0,0,7,1,2,2,2,0,2022,7,6,1,3,0,2,6543.555,2.0,4,4,1.0,14,33,1198.0,0.6459598096056908,78.63908715089502,73.94922643905556,10.615650526897664,1131.8657131941532,175440.59743040687,10767.648,1885.0630000000003,1222.721,7659.864000000001,2100.343,8667.305000000002,19.506051832303577,LEVE,2
0,1,21,2,4,1,-5.818199,-77.382588,0,0,7,1,2,0,0,4,2022,7,6,1,5,0,1,7758.33400008,2.0,2,0,1.0,9,20,2133.0,0.3490236341472501,73.80303880571165,34.287308240418106,5.251593843982846,481.3272995041394,11414.025695931476,5645.136,815.0759999999999,965.298,3864.762,1013.406,4631.73,17.95184385283189,LEVE,2
0,1,7,0,4,1,-13.6823583,-71.6541899,0,4,2,1,2,0,1,4,2022,7,6,1,5,0,2,7586.903,2.0,2,0,1.0,9,5,1198.0,0.4283714433870919,66.43187764474756,58.40915961759468,7.113360857534741,635.2250698338239,4265.441113490365,17779.13499998999,2097.3709999899997,2863.123,12818.640999999989,2878.713,14900.421999989989,16.19152450331032,LEVE,2
5,1,21,2,4,1,-5.81718,-77.383978,0,0,7,1,2,2,2,2,2022,7,6,1,5,0,1,7758.33400008,2.0,2,0,1.0,9,20,2133.0,0.3490236341472501,73.80303880571165,34.287308240418106,5.251593843982846,481.3272995041394,11414.025695931476,5645.136,815.0759999999999,965.298,3864.762,1013.406,4631.73,17.95184385283189,LEVE,2
0,1,1,2,4,1,-9.10589784811372,-78.5557733535328,0,2,7,1,2,2,2,2,2022,7,6,1,5,0,2,6543.555,3.0,2,0,1.0,0,30,1475.0,0.6138280897610826,78.84695742989106,71.99259200326753,9.438855747011283,1055.78291711923,196830.83083511775,10767.648,1885.0630000000003,1222.721,7659.864000000001,2100.343,8667.305000000002,19.506051832303577,LEVE,2
3,2,12,0,4,1,-7.303484,-79.478253,0,4,7,1,2,2,2,2,2022,7,6,1,6,1,0,6543.555,3.0,2,0,1.0,0,30,1475.0,0.5650979329787121,81.32490571897102,68.6769211482833,7.868096912305706,909.6843705053026,43897.946466809415,8931.828000000005,1335.5899999999997,1935.9830000000004,5660.255000000005,1219.309,7712.519000000005,13.651281686122925,LEVE,2
6,1,7,0,4,0,-14.3055985,-71.674153,0,4,7,1,1,2,2,2,2022,7,6,1,7,1,2,6543.555,2.0,4,4,1.0,14,33,1198.0,0.3019380525213365,67.820248318162,51.97930810478111,4.325305912165344,347.7119433349018,12588.336188436831,17779.13499998999,2097.3709999899997,2863.123,12818.640999999989,2878.713,14900.421999989989,16.19152450331032,LEVE,2
6,1,5,0,4,2,-7.07326707,-78.34429079,0,4,5,0,1,2,2,0,2022,7,6,1,15,3,2,6543.555,2.0,4,4,1.0,14,33,1198.0,0.2787832446449395,76.6302139673737,44.82684454743621,3.548077185984384,299.2159549691333,20782.33618843683,15935.565011852366,1733.9250000199986,935.692,13265.948011832368,2000.1670000199988,13935.398011832369,12.551591352627522,GRAVE_LESIONADOS,0
3,1,16,0,4,1,-12.891986,-70.065377,6,5,6,2,6,2,2,0,2022,7,6,1,16,3,1,3263.58,2.0,2,0,1.0,5,18,566.0,0.5847607793961872,74.2269863647676,56.54783510482739,8.321017414125608,1213.9031663194648,11048.877944325484,2090.391,399.431,340.021,1350.9389999999996,493.824,1596.5669999999996,23.62352306338862,LEVE,2
3,1,7,2,4,1,-13.8278411,-71.5396619,0,4,7,1,2,1,1,2,2022,7,6,1,17,3,2,7586.903,2.0,2,0,1.0,9,5,1198.0,0.2662629803896222,69.177138363648,53.22953524136351,4.064477176468824,251.91361966271845,10643.807280513918,17779.13499998999,2097.3709999899997,2863.123,12818.640999999989,2878.713,14900.421999989989,16.19152450331032,LEVE,2
3,2,7,2,4,1,-13.6866028,-71.611283,0,0,0,0,2,1,1,2,2022,7,6,1,17,3,2,7586.903,2.0,2,0,1.0,9,5,1198.0,0.4629184740681672,65.5665792285447,72.8013940331536,7.251714555673934,719.1023705109678,7985.920770877943,17779.13499998999,2097.3709999899997,2863.123,12818.640999999989,2878.713,14900.421999989989,16.19152450331032,LEVE,2
0,1,14,2,2,4,-12.0404506239818,-76.96425469197622,0,0,7,1,2,2,2,0,2022,7,6,1,18,2,0,6543.555,2.0,4,4,1.0,14,33,1198.0,0.7347309224519117,80.70014842215761,76.47981423089655,10.519505095866096,1571.8150981252256,229834.5310492505,7626.313,1683.4029999999998,1599.0829999999996,4343.827000000001,1814.875,5811.438000000001,23.797541485643197,LEVE,2
1,1,20,0,4,0,-16.41654,-69.053983,0,4,7,1,2,2,2,0,2022,7,6,1,19,2,2,6543.555,2.0,4,4,1.0,14,33,1198.0,0.2394362064959017,73.4288503002124,62.51290199484375,6.018616845068367,132.27646614855612,17422.250535331903,13642.312999999998,2020.7790000000005,2354.117,9267.416999999998,3314.0520000000006,10328.260999999997,24.29244952817019,LEVE,2
3,2,12,0,4,1,-8.052487,-78.851766,0,4,7,1,2,2,2,2,2022,7,6,1,19,2,0,610.6099999999999,2.0,2,0,1.0,8,29,100.0,0.5929579484728337,80.24150924632623,64.75837382721711,8.51830466766158,1043.4182142665843,34739.39614561028,8931.828000000005,1335.5899999999997,1935.9830000000004,5660.255000000005,1219.309,7712.519000000005,13.651281686122925,LEVE,2
3,1,19,0,4,3,-5.393315,-80.756073,6,5,6,2,6,2,2,0,2022,7,6,1,21,2,0,6543.555,2.0,4,4,1.0,14,33,1198.0,0.4687740488762445,76.40259786416358,62.39999678810319,6.714528273892864,672.8003583579583,43346.27408993576,8965.846000060003,1782.4120000599992,636.9959999999999,6546.438000000004,2214.505000059999,6751.341000000004,24.699342371541725,GRAVE_LESIONADOS,0
1,1,10,2,4,1,-13.605339615380815,-75.62303332510473,2,0,0,1,2,2,2,0,2022,7,0,0,2,0,0,1679.5849999999998,2.0,2,3,1.0,9,24,315.0,0.5372675889530071,73.26278548534886,86.12472280623308,8.338592726572426,789.6851896177719,1223.293361884368,3721.461,698.1859999999996,744.866,2278.409,1102.9029999999996,2618.558,29.636290693359403,LEVE,2
0,1,15,2,4,0,-3.7928245,-73.2992777,0,4,7,1,2,2,2,2,2022,7,0,0,9,1,1,6543.555,2.0,4,4,1.0,14,33,1198.0,0.578134350962316,72.90307998335238,55.49705098903474,10.509480811415798,1057.596132242517,149460.57173447538,1095.5949999999998,128.87099999999998,320.74700000000007,645.9769999999999,274.214,821.381,25.02877431897737,LEVE,2
3,2,13,0,4,0,-6.506989,-80.007284,0,4,7,1,2,1,0,0,2022,7,0,0,10,1,0,6543.555,2.0,4,4,1.0,14,33,1198.0,0.3879800350664534,75.68222437543551,50.64551119758177,4.891651630735472,548.2382997194167,48902.40256959316,3459.691,515.0619999999999,689.7280000000001,2254.901,703.3549999999999,2756.336,20.329994788551925,LEVE,2
10,1,5,0,4,1,-6.510966,-79.118425,0,4,0,0,2,2,2,0,2022,7,0,0,11,1,2,919.085,2.0,2,3,0.0,9,7,218.0,0.4198705264500552,71.07710978950026,66.58810225494344,5.455993657128185,608.8154659157517,7079.2912205567445,15935.565011852366,1733.9250000199986,935.692,13265.948011832368,2000.1670000199988,13935.398011832369,12.551591352627522,GRAVE_LESIONADOS,0
1,1,12,0,4,2,-8.15069,-79.010301,0,4,7,1,2,2,2,4,2022,7,0,0,16,3,0,6543.555,2.0,4,4,1.0,14,33,1198.0,0.618325375347301,78.45577068094175,66.18977766598024,9.47415720612109,1128.5991234425228,37258.80942184154,8931.828000000005,1335.5899999999997,1935.9830000000004,5660.255000000005,1219.309,7712.519000000005,13.651281686122925,LEVE,2
6,1,2,0,4,1,-13.951929228837376,-73.14033970459101,6,5,6,2,6,2,2,0,2022,7,1,0,11,1,2,2238.6850000000004,2.0,2,0,1.0,4,27,115.0,0.2665746325878793,68.55061946136793,49.78357802940215,4.479962639971037,244.87806137580827,2673.3576017130617,8358.971,1282.451,1298.0969999999998,5778.423,1432.683,6926.288,17.139466089785454,LEVE,2
6,1,5,1,4,1,-6.328728,-78.713119,6,5,6,2,6,2,2,0,2022,7,1,0,12,3,2,687.412,-1.0,1,3,0.0,9,32,530.0,0.3344646673203048,75.74025524831903,52.374246125101166,4.850231140916322,360.1510557667936,9254.372591006424,15935.565011852366,1733.9250000199986,935.692,13265.948011832368,2000.1670000199988,13935.398011832369,12.551591352627522,LEVE,2
1,1,6,2,3,4,-12.0216519,-77.1365997195,0,0,7,1,2,1,1,0,2022,7,1,0,12,3,0,6543.555,2.0,4,4,1.0,14,33,1198.0,0.5563774842369664,77.00938809632027,69.10246351364754,8.476961866273152,914.8835608305218,27932.19700214133,51.58600000000001,44.68700000000001,6.899000000000001,0.0,49.838000000000015,1.748,96.61148373589734,LEVE,2
6,1,12,0,4,1,-8.702087,-78.639476,0,4,7,1,2,2,2,2,2022,7,1,0,14,3,0,6543.555,3.0,2,0,1.0,0,30,1475.0,0.4867987483268106,77.5825534369154,52.95148122709723,6.150547060309878,840.5788229266196,9838.736616702356,8931.828000000005,1335.5899999999997,1935.9830000000004,5660.255000000005,1219.309,7712.519000000005,13.651281686122925,GRAVE_MORTALIDAD,1
3,1,5,0,4,1,-6.368741,-78.779169,0,4,0,0,2,2,2,0,2022,7,1,0,16,3,2,687.412,-1.0,1,3,0.0,9,32,530.0,0.3988811935496497,76.27795285736048,52.72074369701245,5.402568072747514,535.5131446860119,52449.71734475375,15935.565011852366,1733.9250000199986,935.692,13265.948011832368,2000.1670000199988,13935.398011832369,12.551591352627522,LEVE,2
1,1,14,2,2,4,-12.031977995791785,-77.07501690522398,0,0,7,1,2,2,2,0,2022,7,1,0,23,2,0,6543.555,2.0,4,4,1.0,14,33,1198.0,0.7419979630670723,80.31822295927182,79.00446395716813,11.084203715652809,1554.6868971011318,739416.2413542903,7626.313,1683.4029999999998,1599.0829999999996,4343.827000000001,1814.875,5811.438000000001,23.797541485643197,LEVE,2