CLASE SINIESTRO,CANTIDAD DE VEHICULOS DAÑADOS,DEPARTAMENTO,ZONA,TIPO DE VÍA,RED VIAL,COORDENADAS LATITUD,COORDENADAS  LONGITUD,CONDICIÓN CLIMÁTICA,ZONIFICACIÓN,CARACTERÍSTICAS DE VÍA,PERFIL LONGITUDINAL VÍA,SUPERFICIE DE CALZADA,¿EXISTE SEÑAL VERTICAL?,¿EXISTE SEÑAL HORIZONTAL?,CAUSA FACTOR PRINCIPAL,AÑO,MES,DIA_SEMANA,ES_FIN_SEMANA,HORA_NUM,FRANJA_HORARIA,REGION_NATURAL,MTC_RVN_LONGITUD_KM,MTC_RVN_N_CARRILES_MEDIANA,MTC_RVN_SUPERFICIE_DOMINANTE,MTC_RVN_ESTADO_DOMINANTE,MTC_RVN_ES_CONCESIONADA,MTC_RVN_CONCESION_PRINCIPAL,MTC_RVN_CORREDOR_LOGISTICO,MTC_RVN_N_TRAMOS,IDH_2019,IDH_ESP_VIDA_2019,IDH_EDUC_SECUND_PCT_2019,IDH_ANIOS_EDUC_2019,IDH_INGRESO_PERCAP_2019,IDH_POBLACION_2019,MTC_DEP_RED_TOTAL_KM,MTC_DEP_NACIONAL_TOTAL_KM,MTC_DEP_DEPARTAMENTAL_TOTAL_KM,MTC_DEP_VECINAL_TOTAL_KM,MTC_DEP_PAV_TOTAL_KM,MTC_DEP_NO_PAV_TOTAL_KM,MTC_DEP_PCT_PAVIMENTADA,CATEGORIA_SEVERIDAD,CATEGORIA_SEVERIDAD_ENC
3,2,14,2,2,4,-12.15640594887478,-76.96668640507136,0,0,7,1,2,2,2,0,2022,7,2,0,4,0,0,6543.555,2.0,4,4,1.0,14,33,1198.0,0.7289998534947872,80.50926319493618,76.9124822838204,10.358587270463827,1551.106643515347,384728.5117773019,7626.313,1683.4029999999998,1599.0829999999996,4343.827000000001,1814.875,5811.438000000001,23.797541485643197,LEVE,2
6,1,5,2,4,3,-6.82164882,-78.52600642,0,4,7,1,1,2,2,0,2022,7,2,0,14,3,2,6543.555,2.0,4,4,1.0,14,33,1198.0,0.2787832446449395,76.6302139673737,44.82684454743621,3.548077185984384,299.2159549691333,20782.33618843683,15935.565011852366,1733.9250000199986,935.692,13265.948011832368,2000.1670000199988,13935.398011832369,12.551591352627522,GRAVE_LESIONADOS,0
5,2,14,2,2,4,-12.18948712406167,-77.01445676943,0,0,7,1,2,2,2,0,2022,7,2,0,17,3,0,6543.555,2.0,4,4,1.0,14,33,1198.0,0.7583553928164398,79.82595632107274,76.7651270103073,11.46351379457763,1662.7771470294065,333655.3618843683,7626.313,1683.4029999999998,1599.0829999999996,4343.827000000001,1814.875,5811.438000000001,23.797541485643197,LEVE,2
6,1,20,0,4,2,-14.915627743532644,-69.6893610980596,0,4,0,1,2,2,2,2,2022,7,2,0,19,2,2,6543.555,2.0,4,4,1.0,14,33,1198.0,0.2560717900569508,66.95706009564688,62.9390284462099,5.652066606220652,178.2470204077377,5624.734475374732,13642.312999999998,2020.7790000000005,2354.117,9267.416999999998,3314.0520000000006,10328.260999999997,24.29244952817019,GRAVE_MORTALIDAD,1
6,1,14,2,4,1,-12.467895289616358,-76.75040776641067,0,3,0,1,2,2,2,0,2022,7,3,0,17,3,0,6639.975,2.0,2,0,1.0,9,31,1616.0,0.7033052422048006,79.27699023084553,78.75787716925494,10.495980139511614,1399.9661523613097,18759.880085653105,7626.313,1683.4029999999998,1599.0829999999996,4343.827000000001,1814.875,5811.438000000001,23.797541485643197,LEVE,2
3,2,12,0,4,2,-7.861107712087386,-78.47893183237632,0,4,7,1,1,2,2,0,2022,7,3,0,19,2,0,6543.555,2.0,4,4,1.0,14,33,1198.0,0.1883083184611077,75.93360618381381,28.79507521744373,3.260895439511201,147.65429669929867,24235.73233404711,8931.828000000005,1335.5899999999997,1935.9830000000004,5660.255000000005,1219.309,7712.519000000005,13.651281686122925,LEVE,2
3,1,22,0,4,2,-17.614852,-70.761441,6,5,6,2,6,2,2,0,2022,7,4,0,6,1,0,6543.555,2.0,4,4,1.0,14,33,1198.0,0.5808930026895661,73.37135799124349,71.93408096666538,9.168656032350269,1015.959346788436,2847.875802997859,2650.572,630.6729999999998,487.3610000000001,1532.5379999999998,1068.7019999999998,1581.87,40.31967439480987,LEVE,2
1,1,20,0,4,1,-16.236553,-69.376548,0,4,7,1,2,2,2,1,2022,7,4,0,6,1,2,7586.903,2.0,2,0,1.0,9,5,1198.0,0.4138545322335047,72.42365757071663,75.18782800461412,7.422478928805024,440.156451811849,19964.802997858675,13642.312999999998,2020.7790000000005,2354.117,9267.416999999998,3314.0520000000006,10328.260999999997,24.29244952817019,LEVE,2
3,2,21,2,4,1,-5.935687,-77.309991,0,3,7,1,2,2,2,2,2022,7,4,0,7,1,1,7758.33400008,2.0,2,0,1.0,9,20,2133.0,0.4789759027469384,73.43778249935497,54.01635312204597,6.285279694551369,847.2910954428505,47552.6295503212,5645.136,815.0759999999999,965.298,3864.762,1013.406,4631.73,17.95184385283189,LEVE,2
6,1,12,0,4,2,-7.489934525299659,-78.8151090444654,0,4,0,1,1,2,2,0,2022,7,4,0,9,1,0,6543.555,2.0,4,4,1.0,14,33,1198.0,0.4144948105238412,73.49794254671177,44.13055421963416,5.896171723235377,643.6779310318752,13394.107066381155,8931.828000000005,1335.5899999999997,1935.9830000000004,5660.255000000005,1219.309,7712.519000000005,13.651281686122925,LEVE,2
6,1,8,0,4,0,-13.033097,-75.57604,0,4,0,0,1,2,2,0,2022,7,4,0,14,3,2,6543.555,2.0,4,4,1.0,14,33,1198.0,0.2627941632225544,62.68022371830308,44.79196519607145,6.763301196582667,215.0365345730461,1886.6531049250536,8511.426,1445.3929999999996,2008.516,5057.516999999999,1879.579,6631.846999999998,22.08300935706896,GRAVE_LESIONADOS,0
6,1,1,0,4,2,-9.633327604746734,-77.81350822599504,0,4,2,0,7,2,2,0,2022,7,4,0,19,2,2,6543.555,2.0,4,4,1.0,14,33,1198.0,0.5563774842369664,77.00938809632027,69.10246351364754,8.476961866273152,914.8835608305218,27932.19700214133,10767.648,1885.0630000000003,1222.721,7659.864000000001,2100.343,8667.305000000002,19.506051832303577,LEVE,2
2,2,12,0,4,1,-8.411636,-78.802653,0,4,7,1,2,2,2,0,2022,7,4,0,19,2,0,6543.555,3.0,2,0,1.0,0,30,1475.0,0.5051395598219868,77.13285387085847,51.52067479184955,6.715328807318118,900.900383457586,67612.41755888652,8931.828000000005,1335.5899999999997,1935.9830000000004,5660.255000000005,1219.309,7712.519000000005,13.651281686122925,LEVE,2
0,1,3,0,4,1,-17.065689,-71.720833,0,4,7,1,2,0,1,0,2022,7,4,0,20,2,0,80.775,-1.0,2,0,0.0,9,32,14.0,0.6449493635682252,78.44719582624413,79.23084709401536,8.759364777311836,1226.330683483547,8054.678800856533,10322.272,1495.236,1749.739,7077.2970000000005,2886.595,7435.677000000001,27.964725207783708,LEVE,2
3,1,1,0,4,1,-9.451092,-78.345081,0,4,0,1,2,2,2,0,2022,7,5,1,3,0,2,6543.555,3.0,2,0,1.0,0,30,1475.0,0.5873460606982213,78.04758132038613,65.8701248560095,8.596987164492063,1041.0659985770535,35482.29764453961,10767.648,1885.0630000000003,1222.721,7659.864000000001,2100.343,8667.305000000002,19.506051832303577,LEVE,2
6,1,7,0,4,0,-13.2397707,-71.6174155,0,4,0,1,1,2,2,6,2022,7,5,1,4,0,2,6543.555,2.0,4,4,1.0,14,33,1198.0,0.19075270827632,59.71559562867156,50.75498712202398,3.131024861008163,170.5711932850073,9921.785867237688,17779.13499998999,2097.3709999899997,2863.123,12818.640999999989,2878.713,14900.421999989989,16.19152450331032,GRAVE_MORTALIDAD,1
3,1,20,0,4,1,-16.220431,-69.391403,0,4,7,1,2,2,2,2,2022,7,5,1,8,1,2,7586.903,2.0,2,0,1.0,9,5,1198.0,0.4138545322335047,72.42365757071663,75.18782800461412,7.422478928805024,440.156451811849,19964.802997858675,13642.312999999998,2020.7790000000005,2354.117,9267.416999999998,3314.0520000000006,10328.260999999997,24.29244952817019,LEVE,2
3,2,21,2,4,1,-6.054252,-77.165076,0,0,0,1,2,1,0,2,2022,7,5,1,10,1,1,7758.33400008,2.0,2,0,1.0,9,20,2133.0,0.5963332411867256,73.80959983510441,63.34953560123128,8.251886446437874,1232.7304200473363,24031.167023554604,5645.136,815.0759999999999,965.298,3864.762,1013.406,4631.73,17.95184385283189,GRAVE_MORTALIDAD,1
0,1,14,2,3,4,-11.974440618554572,-77.05580349036597,0,3,7,1,7,2,2,0,2022,7,5,1,14,3,0,6543.555,2.0,4,4,1.0,14,33,1198.0,0.6853375063928137,80.04346891299102,76.32428568750537,8.817291636093138,1443.328322024431,217176.83083511775,7626.313,1683.4029999999998,1599.0829999999996,4343.827000000001,1814.875,5811.438000000001,23.797541485643197,LEVE,2
6,1,19,0,4,2,-4.931,-80.631,0,4,7,1,1,2,2,0,2022,7,5,1,23,2,0,6543.555,2.0,4,4,1.0,14,33,1198.0,0.5657000696312142,79.93504063107561,71.14438533384025,9.31841991972829,829.1233898514824,181599.8115631692,8965.846000060003,1782.4120000599992,636.9959999999999,6546.438000000004,2214.505000059999,6751.341000000004,24.699342371541725,LEVE,2
0,0,14,2,4,1,-12.0414462,-77.032747,0,0,7,1,2,2,2,0,2022,7,6,1,0,0,0,6543.555,3.0,2,0,1.0,0,30,1475.0,0.7300036506368504,80.21724456394445,75.11639588359114,10.636845733066124,1559.041185521695,156759.78800856532,7626.313,1683.4029999999998,1599.0829999999996,4343.827000000001,1814.875,5811.438000000001,23.797541485643197,LEVE,2
4,1,24,0,4,1,-8.397753,-74.602609,0,4,7,1,2,2,2,2,2022,7,6,1,5,0,1,1169.3919999999998,2.0,3,1,0.0,9,32,75.0,0.5634769861561197,73.0016356967691,60.42057392437736,9.668331643433834,987.6889044977592,126065.34475374733,2689.139,392.697,1311.5319999999997,984.91,261.598,2427.541,9.727946379863592,LEVE,2
1,1,13,2,4,1,-6.689793,-79.903521,0,2,7,1,2,2,2,0,2022,7,6,1,7,1,0,6543.555,3.0,2,0,1.0,0,30,1475.0,0.5539280527450423,74.69452916859504,66.89728158703436,9.542777400516576,872.5509264417765,79617.09421841543,3459.691,515.0619999999999,689.7280000000001,2254.901,703.3549999999999,2756.336,20.329994788551925,LEVE,2
6,1,12,0,4,3,-7.512883811985602,-77.8255790040034,0,4,7,1,7,2,2,2,2022,7,6,1,10,1,0,6543.555,2.0,4,4,1.0,14,33,1198.0,0.1577696273838295,73.34939757302345,20.34278702044506,2.804184440523219,135.15658506181953,13367.980728051392,8931.828000000005,1335.5899999999997,1935.9830000000004,5660.255000000005,1219.309,7712.519000000005,13.651281686122925,LEVE,2
6,1,5,2,4,3,-7.47553218,-78.48339357,0,4,7,1,2,2,2,0,2022,7,6,1,16,3,2,6543.555,2.0,4,4,1.0,14,33,1198.0,0.1913741190087475,72.16457305341952,25.12503806840365,3.650270193694703,156.4717005457997,6877.021413276232,15935.565011852366,1733.9250000199986,935.692,13265.948011832368,2000.1670000199988,13935.398011832369,12.551591352627522,LEVE,2
3,4,11,2,2,4,-12.05565008644459,-75.26356563031626,0,0,7,1,2,2,2,2,2022,7,6,1,18,2,2,6543.555,2.0,4,4,1.0,14,33,1198.0,0.570857606214118,71.93419820356702,79.22395362517479,9.891853727583106,907.4771296679614,20078.124197002144,12264.545,1826.4639999999995,1105.5389999999998,9332.542,1588.5359999999996,10676.009,12.952261987705208,GRAVE_MORTALIDAD,1
0,1,20,2,4,2,-15.827552011713063,-70.0399982042656,0,0,7,1,2,2,2,4,2022,7,6,1,18,2,2,6543.555,2.0,4,4,1.0,14,33,1198.0,0.6488901960567479,69.67312345830231,82.12448375199249,11.701623814093702,1230.336353415943,144745.3597430407,13642.312999999998,2020.7790000000005,2354.117,9267.416999999998,3314.0520000000006,10328.260999999997,24.29244952817019,LEVE,2
1,1,14,2,4,1,-12.195246,-76.972876,0,0,7,1,2,2,2,0,2022,7,0,0,4,0,0,6639.975,2.0,2,0,1.0,9,31,1616.0,0.6990481232857558,80.14597904142546,74.3851677794309,10.004397644056358,1432.5044292531525,459161.0728051392,7626.313,1683.4029999999998,1599.0829999999996,4343.827000000001,1814.875,5811.438000000001,23.797541485643197,LEVE,2
3,2,21,0,4,1,-6.035245,-77.199399,5,4,7,1,2,2,2,2,2022,7,0,0,5,0,1,7758.33400008,2.0,2,0,1.0,9,20,2133.0,0.5963332411867256,73.80959983510441,63.34953560123128,8.251886446437874,1232.7304200473363,24031.167023554604,5645.136,815.0759999999999,965.298,3864.762,1013.406,4631.73,17.95184385283189,LEVE,2
6,1,8,0,4,3,-12.602246,-74.89356,0,4,0,0,1,2,2,0,2022,7,0,0,8,1,2,6543.555,2.0,4,4,1.0,14,33,1198.0,0.2663454843382838,65.45457395221479,57.3335802782264,4.413119915061238,247.66524826450583,29100.053533190578,8511.426,1445.3929999999996,2008.516,5057.516999999999,1879.579,6631.846999999998,22.08300935706896,GRAVE_MORTALIDAD,1
6,1,8,0,4,0,-12.92037,-74.60971,0,4,0,0,3,2,2,0,2022,7,0,0,10,1,2,6543.555,2.0,4,4,1.0,14,33,1198.0,0.2162648349791796,73.56551346579275,26.55032652232296,3.842845894966702,192.6120252616244,1411.6316916488224,8511.426,1445.3929999999996,2008.516,5057.516999999999,1879.579,6631.846999999998,22.08300935706896,LEVE,2
0,1,7,0,4,1,-13.4625344678638,-72.2872897292519,0,4,7,0,2,1,1,4,2022,7,0,0,18,2,2,7586.903,2.0,2,0,1.0,9,5,1198.0,0.2811173960891883,77.11100763906057,59.78223574586323,5.012239116376277,206.45731953948768,6402.226980728051,17779.13499998999,2097.3709999899997,2863.123,12818.640999999989,2878.713,14900.421999989989,16.19152450331032,LEVE,2
0,1,20,0,4,1,-15.6436849,-70.0829097,7,4,7,1,2,2,2,4,2022,7,0,0,20,2,2,7586.903,2.0,2,0,1.0,9,5,1198.0,0.3204026151964153,69.29426309416309,70.2364823564305,6.371809812333516,265.9551058733816,4850.546038543897,13642.312999999998,2020.7790000000005,2354.117,9267.416999999998,3314.0520000000006,10328.260999999997,24.29244952817019,LEVE,2
6,1,20,0,4,0,-16.84497,-69.320417,0,4,7,1,2,2,2,2,2022,7,1,0,3,0,2,6543.555,2.0,4,4,1.0,14,33,1198.0,0.2696974815108578,74.9186375943287,70.46996830894382,7.028380784760885,149.10236657806718,10986.09421841542,13642.312999999998,2020.7790000000005,2354.117,9267.416999999998,3314.0520000000006,10328.260999999997,24.29244952817019,LEVE,2
6,1,12,0,4,2,-7.894453,-77.737723,0,4,7,1,7,2,2,2,2022,7,1,0,9,1,0,6543.555,2.0,4,4,1.0,14,33,1198.0,0.1492206538659984,78.92776803590996,33.56043543982053,2.142334776786642,136.3088563134413,18539.64239828694,8931.828000000005,1335.5899999999997,1935.9830000000004,5660.255000000005,1219.309,7712.519000000005,13.651281686122925,GRAVE_MORTALIDAD,1
0,1,11,2,6,4,-10.925326459463628,-74.86886498178698,6,5,6,2,6,2,2,0,2022,7,1,0,9,1,2,6543.555,2.0,4,4,1.0,14,33,1198.0,0.4504704361939795,78.21109613042135,53.36127577481231,6.956854509393587,612.1696439943328,61517.46466809421,12264.545,1826.4639999999995,1105.5389999999998,9332.542,1588.5359999999996,10676.009,12.952261987705208,LEVE,2
1,1,14,2,2,4,-12.042063440615488,-76.96575702002707,0,0,7,1,2,2,2,0,2022,7,1,0,20,2,0,6543.555,2.0,4,4,1.0,14,33,1198.0,0.7347309224519117,80.70014842215761,76.47981423089655,10.519505095866096,1571.8150981252256,229834.5310492505,7626.313,1683.4029999999998,1599.0829999999996,4343.827000000001,1814.875,5811.438000000001,23.797541485643197,LEVE,2
3,2,14,2,4,1,-11.120190190215116,-77.59397243294644,0,3,1,1,2,1,0,2,2022,7,2,0,5,0,0,6543.555,3.0,2,0,1.0,0,30,1475.0,0.7327345537337897,78.20903814342847,76.31492653513806,13.642917835589472,1405.6698219039215,62016.21841541756,7626.313,1683.4029999999998,1599.0829999999996,4343.827000000001,1814.875,5811.438000000001,23.797541485643197,LEVE,2
0,1,14,2,2,4,-12.16751676734652,-76.97859942866633,0,0,7,1,2,1,0,0,2022,7,2,0,11,1,0,6543.555,2.0,4,4,1.0,14,33,1198.0,0.7289998534947872,80.50926319493618,76.9124822838204,10.358587270463827,1551.106643515347,384728.5117773019,7626.313,1683.4029999999998,1599.0829999999996,4343.827000000001,1814.875,5811.438000000001,23.797541485643197,LEVE,2
0,1,11,0,4,1,-12.053836,-75.224944,0,0,7,1,2,2,2,4,2022,7,2,0,12,3,2,7586.903,2.0,2,0,1.0,9,5,1198.0,0.6349620447591086,73.34739425042062,78.85040671556425,11.216598893401857,1118.0127433957432,167365.50535331905,12264.545,1826.4639999999995,1105.5389999999998,9332.542,1588.5359999999996,10676.009,12.952261987705208,LEVE,2
6,1,7,0,4,0,-13.2786957,-72.6506313,0,4,0,0,1,2,2,2,2022,7,2,0,15,3,2,6543.555,2.0,4,4,1.0,14,33,1198.0,0.4183383728297812,76.39884073986579,59.363988970978056,6.559125700034828,507.29897716596827,5045.957173447538,17779.13499998999,2097.3709999899997,2863.123,12818.640999999989,2878.713,14900.421999989989,16.19152450331032,LEVE,2
3,2,24,0,4,1,-8.395968,-74.595744,0,4,7,1,2,2,2,2,2022,7,2,0,16,3,1,1169.3919999999998,2.0,3,1,0.0,9,32,75.0,0.5634769861561197,73.0016356967691,60.42057392437736,9.668331643433834,987.6889044977592,126065.34475374733,2689.139,392.697,1311.5319999999997,984.91,261.598,2427.541,9.727946379863592,LEVE,2
3,2,10,0,4,1,-13.654171,-76.17378,0,4,7,1,2,2,2,2,2022,7,2,0,17,3,0,205.54999999999995,-1.0,2,0,1.0,13,31,15.0,0.5723734005661165,76.14778354007997,72.53650205141851,9.107715991741182,922.4721268572972,24272.76659528908,3721.461,698.1859999999996,744.866,2278.409,1102.9029999999996,2618.558,29.636290693359403,LEVE,2
3,2,7,0,4,1,-15.1313954,-71.1118835,0,4,7,1,2,2,2,2,2022,7,2,0,19,2,2,568.5409999999999,1.0,2,3,0.0,9,3,93.0,0.3491291336434085,68.34579473193322,63.63866309000273,4.984551874124405,419.36068685534286,1114.627408993576,17779.13499998999,2097.3709999899997,2863.123,12818.640999999989,2878.713,14900.421999989989,16.19152450331032,LEVE,2
3,2,7,0,4,1,-14.821055,-71.44522,0,4,7,1,2,2,2,2,2022,7,2,0,20,2,2,363.645,-1.0,0,0,0.0,9,32,37.0,0.553052655456334,69.21726434550523,74.04128761826507,8.709280027519238,977.6848841665504,33976.192719486084,17779.13499998999,2097.3709999899997,2863.123,12818.640999999989,2878.713,14900.421999989989,16.19152450331032,LEVE,2
3,1,1,0,4,1,-9.498109,-78.27814,0,4,7,1,2,2,2,0,2022,7,2,0,22,2,2,6543.555,3.0,2,0,1.0,0,30,1475.0,0.5873460606982213,78.04758132038613,65.8701248560095,8.596987164492063,1041.0659985770535,35482.29764453961,10767.648,1885.0630000000003,1222.721,7659.864000000001,2100.343,8667.305000000002,19.506051832303577,LEVE,2
0,1,19,0,4,1,-5.271768,-80.673933,0,4,7,1,2,2,2,0,2022,7,2,0,23,2,0,453.9549999999999,2.0,2,3,0.0,9,32,133.0,0.5034350778485951,78.14388603810477,62.51585839041032,7.698619805954479,731.8176685454189,76220.84796573877,8965.846000060003,1782.4120000599992,636.9959999999999,6546.438000000004,2214.505000059999,6751.341000000004,24.699342371541725,LEVE,2
3,1,20,0,4,1,-15.1432686,-69.8198488,0,4,7,1,2,2,2,2,2022,7,2,0,23,2,2,1762.84,2.0,1,0,0.0,9,32,485.0,0.4032210196156518,69.57344393979501,70.66462432904875,7.051546041958483,460.5210312161111,14743.678800856533,13642.312999999998,2020.7790000000005,2354.117,9267.416999999998,3314.0520000000006,10328.260999999997,24.29244952817019,LEVE,2
3,2,10,2,4,1,-13.721737021950393,-76.15562898657214,0,4,7,1,2,2,2,2,2022,7,3,0,5,0,0,6639.975,2.0,2,0,1.0,9,31,1616.0,0.5257121437129864,76.7626302266846,64.42031918719958,9.628927869030145,731.590352640588,12641.751605995718,3721.461,698.1859999999996,744.866,2278.409,1102.9029999999996,2618.558,29.636290693359403,LEVE,2
3,2,20,0,4,1,-16.593188,-69.377548,0,4,7,1,2,2,2,2,2022,7,3,0,8,1,2,1529.105,2.0,2,0,1.0,9,21,200.0,0.2671908646315166,73.48292793161005,74.06901237312874,7.506971110385738,141.65155915099854,20223.04710920771,13642.312999999998,2020.7790000000005,2354.117,9267.416999999998,3314.0520000000006,10328.260999999997,24.29244952817019,LEVE,2
3,2,4,0,4,1,-13.209896264100284,-74.22590733364764,0,4,0,0,2,2,2,2,2022,7,3,0,15,3,2,7586.903,2.0,2,0,1.0,9,5,1198.0,0.5305121431560528,73.7668210059112,68.45651702301488,8.941396366509018,806.7469451554633,27605.87794432548,12678.733000000004,1805.074000000001,1774.0339999999994,9099.625000000004,2485.375000000001,10193.358000000002,19.602707936195205,GRAVE_MORTALIDAD,1
3,3,20,0,4,0,-15.4304877,-70.3009436,0,4,7,1,2,2,2,2,2022,7,4,0,18,2,2,6543.555,2.0,4,4,1.0,14,33,1198.0,0.5759734352119,73.55929462493827,78.89306383943827,10.174966342239475,888.1716010638444,232834.39603082248,13642.312999999998,2020.7790000000005,2354.117,9267.416999999998,3314.0520000000006,10328.260999999997,24.29244952817019,LEVE,2
1,1,1,2,2,4,-9.074447982735784,-78.57710554635807,0,0,7,1,2,2,2,0,2022,7,4,0,20,2,2,6543.555,2.0,4,4,1.0,14,33,1198.0,0.6138280897610826,78.84695742989106,71.99259200326753,9.438855747011283,1055.78291711923,196830.83083511775,10767.648,1885.0630000000003,1222.721,7659.864000000001,2100.343,8667.305000000002,19.506051832303577,LEVE,2
0,1,12,2,4,1,-8.143138,-79.049077,0,3,7,1,2,2,2,6,2022,7,4,0,20,2,0,6543.555,3.0,2,0,1.0,0,30,1475.0,0.7531641124604342,80.00312647864715,76.99495003849329,11.742569192588208,1599.6362666139996,66889.78372591006,8931.828000000005,1335.5899999999997,1935.9830000000004,5660.255000000005,1219.309,7712.519000000005,13.651281686122925,LEVE,2
6,1,14,2,2,4,-11.856792824116663,-77.04370578717374,0,3,7,1,2,0,1,0,2022,7,5,1,16,3,0,6543.555,2.0,4,4,1.0,14,33,1198.0,0.6498693508177541,78.84967382596041,74.11456675539837,9.21786785255454,1246.479589064551,356854.23554603854,7626.313,1683.4029999999998,1599.0829999999996,4343.827000000001,1814.875,5811.438000000001,23.797541485643197,LEVE,2
6,1,11,2,4,1,-11.530042812309487,-75.89507774491513,0,0,7,1,2,0,1,2,2022,7,5,1,17,3,2,7586.903,2.0,2,0,1.0,9,5,1198.0,0.6211711217784234,75.51508523355102,70.90101252241288,10.049671623026311,1128.403546167389,8996.89721627409,12264.545,1826.4639999999995,1105.5389999999998,9332.542,1588.5359999999996,10676.009,12.952261987705208,LEVE,2
6,1,13,0,4,3,-6.826392,-79.936177,0,4,7,1,7,2,2,0,2022,7,5,1,22,2,0,6543.555,2.0,4,4,1.0,14,33,1198.0,0.582874900209372,79.91553229957624,74.28629633563499,9.98490789682274,850.0456977651463,50544.90364025696,3459.691,515.0619999999999,689.7280000000001,2254.901,703.3549999999999,2756.336,20.329994788551925,LEVE,2
5,2,12,0,4,1,-8.405742,-78.826346,0,4,7,1,2,2,2,2,2022,7,5,1,23,2,0,6543.555,3.0,2,0,1.0,0,30,1475.0,0.5051395598219868,77.13285387085847,51.52067479184955,6.715328807318118,900.900383457586,67612.41755888652,8931.828000000005,1335.5899999999997,1935.9830000000004,5660.255000000005,1219.309,7712.519000000005,13.651281686122925,LEVE,2
0,1,16,2,2,4,-11.405563,-69.490785,6,5,6,2,6,2,2,0,2022,7,5,1,23,2,1,6543.555,2.0,4,4,1.0,14,33,1198.0,0.6581706971897894,82.29740447801842,57.44845838686676,9.173700050257915,1382.445171641911,8313.027837259102,2090.391,399.431,340.021,1350.9389999999996,493.824,1596.5669999999996,23.62352306338862,LEVE,2
3,2,12,0,4,1,-8.41160984395962,-78.8027982981897,0,4,7,1,2,2,2,0,2022,7,6,1,2,0,0,6543.555,3.0,2,0,1.0,0,30,1475.0,0.5051395598219868,77.13285387085847,51.52067479184955,6.715328807318118,900.900383457586,67612.41755888652,8931.828000000005,1335.5899999999997,1935.9830000000004,5660.255000000005,1219.309,7712.519000000005,13.651281686122925,LEVE,2
6,1,15,2,4,0,-4.49912742815901,-73.5906953690642,0,4,7,1,2,2,2,2,2022,7,6,1,2,0,1,6543.555,2.0,4,4,1.0,14,33,1198.0,0.4192853036727525,71.77012088672994,48.18803854326944,6.843366997430691,598.433757782486,28373.625267665957,1095.5949999999998,128.87099999999998,320.74700000000007,645.9769999999999,274.214,821.381,25.02877431897737,LEVE,2
3,2,5,0,4,1,-5.67933,-78.781723,0,4,7,1,2,2,2,0,2022,7,6,1,2,0,2,7758.33400008,2.0,2,0,1.0,9,20,2133.0,0.5803239946829384,74.49544278598792,68.33065356443184,8.733179344969395,1046.078117086984,102362.46895074946,15935.565011852366,1733.9250000199986,935.692,13265.948011832368,2000.1670000199988,13935.398011832369,12.551591352627522,GRAVE_MORTALIDAD,1
0,1,11,0,4,1,-11.05921439028324,-75.33461923908422,0,0,1,1,2,2,2,4,2022,7,6,1,4,0,2,600.0300000000001,2.0,2,0,0.0,9,8,178.0,0.587430624814192,75.05837214886559,65.27778442559935,9.160286843623986,1064.616047731197,24595.453961456104,12264.545,1826.4639999999995,1105.5389999999998,9332.542,1588.5359999999996,10676.009,12.952261987705208,LEVE,2
6,1,14,0,4,1,-11.07249,-77.58434,0,4,7,1,2,2,2,0,2022,7,6,1,6,1,0,6543.555,3.0,2,0,1.0,0,30,1475.0,0.6256541286888256,76.866876725279,74.48686395070398,9.794027812898843,1113.4562244631716,37972.95074946467,7626.313,1683.4029999999998,1599.0829999999996,4343.827000000001,1814.875,5811.438000000001,23.797541485643197,LEVE,2
1,1,12,2,2,4,-8.101958,-79.010376,0,0,7,1,2,2,2,2,2022,7,6,1,9,1,0,6543.555,2.0,4,4,1.0,14,33,1198.0,0.7151155191839451,79.57652607829836,77.25576500264712,11.809756866444314,1377.9438475528384,331253.00214132766,8931.828000000005,1335.5899999999997,1935.9830000000004,5660.255000000005,1219.309,7712.519000000005,13.651281686122925,LEVE,2
6,1,14,2,2,4,-11.820243826335124,-77.16471071632888,0,3,7,0,2,2,2,0,2022,7,6,1,17,3,0,6543.555,2.0,4,4,1.0,14,33,1198.0,0.6605773559814456,77.16028643364268,67.6185602929845,9.91728131019075,1349.6349299218464,26602.78586723769,7626.313,1683.4029999999998,1599.0829999999996,4343.827000000001,1814.875,5811.438000000001,23.797541485643197,LEVE,2
0,1,13,2,4,2,-6.31295,-79.76329,0,3,2,1,1,2,2,0,2022,7,6,1,17,3,0,6543.555,2.0,4,4,1.0,14,33,1198.0,0.4974674218418852,75.93907983080418,58.3357972839862,7.69595447676265,761.2908213145297,28734.96573875803,3459.691,515.0619999999999,689.7280000000001,2254.901,703.3549999999999,2756.336,20.329994788551925,LEVE,2
3,2,7,0,4,1,-12.8943499,-72.685834,0,4,0,0,2,1,1,2,2022,7,6,1,18,2,2,3447.8009999999995,1.0,2,3,0.0,9,12,1109.0,0.5803892132127203,77.20158157453214,80.09764322421019,9.63293466488124,868.3252877671093,30810.066381156317,17779.13499998999,2097.3709999899997,2863.123,12818.640999999989,2878.713,14900.421999989989,16.19152450331032,LEVE,2