CLASE SINIESTRO,CANTIDAD DE VEHICULOS DAÑADOS,DEPARTAMENTO,ZONA,TIPO DE VÍA,RED VIAL,COORDENADAS LATITUD,COORDENADAS  LONGITUD,CONDICIÓN CLIMÁTICA,ZONIFICACIÓN,CARACTERÍSTICAS DE VÍA,PERFIL LONGITUDINAL VÍA,SUPERFICIE DE CALZADA,¿EXISTE SEÑAL VERTICAL?,¿EXISTE SEÑAL HORIZONTAL?,CAUSA FACTOR PRINCIPAL,AÑO,MES,DIA_SEMANA,ES_FIN_SEMANA,HORA_NUM,FRANJA_HORARIA,REGION_NATURAL,MTC_RVN_LONGITUD_KM,MTC_RVN_N_CARRILES_MEDIANA,MTC_RVN_SUPERFICIE_DOMINANTE,MTC_RVN_ESTADO_DOMINANTE,MTC_RVN_ES_CONCESIONADA,MTC_RVN_CONCESION_PRINCIPAL,MTC_RVN_CORREDOR_LOGISTICO,MTC_RVN_N_TRAMOS,IDH_2019,IDH_ESP_VIDA_2019,IDH_EDUC_SECUND_PCT_2019,IDH_ANIOS_EDUC_2019,IDH_INGRESO_PERCAP_2019,IDH_POBLACION_2019,MTC_DEP_RED_TOTAL_KM,MTC_DEP_NACIONAL_TOTAL_KM,MTC_DEP_DEPARTAMENTAL_TOTAL_KM,MTC_DEP_VECINAL_TOTAL_KM,MTC_DEP_PAV_TOTAL_KM,MTC_DEP_NO_PAV_TOTAL_KM,MTC_DEP_PCT_PAVIMENTADA,CATEGORIA_SEVERIDAD,CATEGORIA_SEVERIDAD_ENC
0,1,14,2,2,4,-12.0264267,-76.9887615,0,3,7,1,2,2,2,0,2022,8,0,0,15,3,0,6543.555,2.0,4,4,1.0,14,33,1198.0,0.701053025277506,79.62867561460851,73.1469484600971,10.064317505194426,1464.6926161541437,1150285.0494171206,7626.313,1683.4029999999998,1599.0829999999996,4343.827000000001,1814.875,5811.438000000001,23.797541485643197,LEVE,2
0,0,13,2,3,4,-6.481992,-79.650751,0,3,7,1,7,2,2,0,2022,8,0,0,17,3,0,6543.555,2.0,4,4,1.0,14,33,1198.0,0.4223480801354451,69.21333797191475,54.90787428957437,6.076241918149045,654.7580359381622,22806.316916488224,3459.691,515.0619999999999,689.7280000000001,2254.901,703.3549999999999,2756.336,20.329994788551925,LEVE,2
4,1,3,2,4,1,-16.425451,-71.5318611,0,0,7,0,2,2,2,0,2022,8,1,0,2,0,0,1101.78,1.0,5,2,0.0,9,32,202.0,0.7453744058790387,79.4589730074046,82.73398367318066,12.665195784530074,1448.5317937470898,76620.6295503212,10322.272,1495.236,1749.739,7077.2970000000005,2886.595,7435.677000000001,27.964725207783708,LEVE,2
4,1,5,2,4,2,-6.37541312,-78.81702385,7,3,7,1,2,2,2,0,2022,8,1,0,2,0,2,6543.555,2.0,4,4,1.0,14,33,1198.0,0.3988811935496497,76.27795285736048,52.72074369701245,5.402568072747514,535.5131446860119,52449.71734475375,15935.565011852366,1733.9250000199986,935.692,13265.948011832368,2000.1670000199988,13935.398011832369,12.551591352627522,LEVE,2
0,1,13,0,4,1,-5.989715,-79.706363,0,4,7,1,2,2,2,0,2022,8,1,0,5,0,0,1305.18,2.0,2,0,1.0,1,20,163.0,0.4703091457296942,74.91176543888524,59.04522375211969,6.365443427676777,742.49897987499,44335.321199143465,3459.691,515.0619999999999,689.7280000000001,2254.901,703.3549999999999,2756.336,20.329994788551925,LEVE,2
1,1,11,2,4,1,-12.015720113908449,-75.24374119704983,0,2,7,1,2,0,1,2,2022,8,1,0,18,2,2,7586.903,2.0,2,0,1.0,9,5,1198.0,0.5488941163958694,71.8562826306529,78.17729670805694,9.458372361545935,838.8993520480587,14173.7408993576,12264.545,1826.4639999999995,1105.5389999999998,9332.542,1588.5359999999996,10676.009,12.952261987705208,LEVE,2
0,1,11,2,4,2,-11.993778,-75.251304,0,4,1,1,2,2,2,4,2022,8,1,0,20,2,2,6543.555,2.0,4,4,1.0,14,33,1198.0,0.5488941163958694,71.8562826306529,78.17729670805694,9.458372361545935,838.8993520480587,14173.7408993576,12264.545,1826.4639999999995,1105.5389999999998,9332.542,1588.5359999999996,10676.009,12.952261987705208,LEVE,2
6,1,9,0,4,1,-9.209676,-76.151048,0,4,0,1,2,1,0,2,2022,8,1,0,20,2,2,2135.1760000000004,1.0,1,0,0.0,9,32,705.0,0.3946200460108442,71.7331306222984,47.621135174889496,5.973791633302898,554.8279726591455,25825.35117773019,8209.057,1333.4779999999996,791.9770000000001,6083.602,1059.8589999999997,7149.198,12.910849565303296,LEVE,2
3,2,19,0,4,0,-4.576846371005182,-81.25023705032099,0,4,0,1,2,2,2,2,2022,8,1,0,21,2,0,6543.555,2.0,4,4,1.0,14,33,1198.0,0.5901150530410085,76.98052296505229,65.81860373948332,9.709337533966425,1000.689242407422,89997.35760171307,8965.846000060003,1782.4120000599992,636.9959999999999,6546.438000000004,2214.505000059999,6751.341000000004,24.699342371541725,LEVE,2
0,1,14,2,4,1,-11.9770516,-77.08195513,0,0,7,1,2,2,2,0,2022,8,1,0,21,2,0,6543.555,2.0,4,4,1.0,14,33,1198.0,0.758462599563312,80.5192231989937,79.20045639149897,11.33839041452458,1628.5661148492152,363987.54389721627,7626.313,1683.4029999999998,1599.0829999999996,4343.827000000001,1814.875,5811.438000000001,23.797541485643197,LEVE,2
0,1,14,2,4,1,-11.872988,-77.06937683,0,0,5,1,2,2,2,0,2022,8,1,0,23,2,0,6543.555,3.0,2,0,1.0,0,30,1475.0,0.6632628912836565,79.15155564666024,73.19223743118206,9.629669813837666,1289.452647666346,383699.2119914347,7626.313,1683.4029999999998,1599.0829999999996,4343.827000000001,1814.875,5811.438000000001,23.797541485643197,LEVE,2
3,2,22,0,4,2,-17.5249037678873,-70.0333284095395,0,4,0,0,1,2,2,2,2022,8,2,0,0,0,0,6543.555,2.0,4,4,1.0,14,33,1198.0,0.3526037206336615,76.55622369927774,71.5292317969139,7.504442637294258,269.6083847918159,340.6402569593148,2650.572,630.6729999999998,487.3610000000001,1532.5379999999998,1068.7019999999998,1581.87,40.31967439480987,LEVE,2
6,1,10,2,3,4,-14.080969,-75.731989,0,0,7,1,2,2,2,0,2022,8,2,0,4,0,0,6543.555,2.0,4,4,1.0,14,33,1198.0,0.6637216310803388,79.6446050662278,81.37671161983333,11.724811319582514,1084.329233867723,142450.24411134905,3721.461,698.1859999999996,744.866,2278.409,1102.9029999999996,2618.558,29.636290693359403,LEVE,2
10,1,23,0,4,3,-3.575346218738514,-80.48382811665789,0,4,7,1,7,2,2,2,2022,8,2,0,14,3,0,6543.555,2.0,4,4,1.0,14,33,1198.0,0.5691277377037675,76.83860361118322,66.3560753457607,8.686409348773196,962.153294603348,23971.755888650965,1009.101,138.47399999999996,287.471,583.156,276.972,732.129,27.447401201663663,LEVE,2
3,2,10,2,4,2,-14.005,-75.753,0,0,7,1,2,2,2,0,2022,8,2,0,18,2,0,6543.555,2.0,4,4,1.0,14,33,1198.0,0.6550512282136143,80.79243585507895,76.24186335430136,10.628873293911964,1117.2146935377452,14967.175588865097,3721.461,698.1859999999996,744.866,2278.409,1102.9029999999996,2618.558,29.636290693359403,LEVE,2
3,2,14,0,4,0,-10.738293246489183,-77.77122931616893,0,4,7,1,2,2,2,0,2022,8,2,0,20,2,0,6543.555,2.0,4,4,1.0,14,33,1198.0,0.6351794046894105,80.8024412070713,71.35332766738335,9.404359888374977,1133.7779214188106,74926.62740899358,7626.313,1683.4029999999998,1599.0829999999996,4343.827000000001,1814.875,5811.438000000001,23.797541485643197,LEVE,2
6,1,9,0,4,0,-9.9785672,-76.6737712,0,4,0,0,7,2,2,2,2022,9,3,0,3,0,2,6543.555,2.0,4,4,1.0,14,33,1198.0,0.3496982714091246,75.06915345918136,53.93855821675863,5.801597024648145,359.0083568420463,1268.6209850107066,8209.057,1333.4779999999996,791.9770000000001,6083.602,1059.8589999999997,7149.198,12.910849565303296,GRAVE_MORTALIDAD,1
3,2,16,2,4,2,-12.599686,-69.197185,0,0,1,1,4,0,0,2,2022,9,3,0,10,1,1,6543.555,2.0,4,4,1.0,14,33,1198.0,0.6331639735785386,72.20641129524063,67.6175404202189,10.029362591344883,1305.419538589062,88506.68094218415,2090.391,399.431,340.021,1350.9389999999996,493.824,1596.5669999999996,23.62352306338862,LEVE,2
6,1,14,2,6,4,-12.051548714378525,-77.03661018722241,0,0,7,1,2,2,2,0,2022,9,4,0,1,0,0,6543.555,2.0,4,4,1.0,14,33,1198.0,0.7646845961658533,80.23682119426338,77.96082737891015,12.014176158371615,1633.787715186093,250806.0877944326,7626.313,1683.4029999999998,1599.0829999999996,4343.827000000001,1814.875,5811.438000000001,23.797541485643197,LEVE,2
6,1,7,0,4,0,-12.6453608,-72.3582205,0,4,0,1,2,2,2,2,2022,9,4,0,11,1,2,6543.555,2.0,4,4,1.0,14,33,1198.0,0.3458285951625388,71.92356146222339,58.36138650150466,5.536599799186402,367.66184108199946,11927.233404710922,17779.13499998999,2097.3709999899997,2863.123,12818.640999999989,2878.713,14900.421999989989,16.19152450331032,GRAVE_MORTALIDAD,1
5,2,12,0,4,0,-8.052723,-79.13698,0,4,7,1,2,2,2,2,2022,9,4,0,13,3,0,6543.555,2.0,4,4,1.0,14,33,1198.0,0.583006771156836,78.2441938961209,62.24037484511178,8.807312392374042,1028.2282118265089,76607.295503212,8931.828000000005,1335.5899999999997,1935.9830000000004,5660.255000000005,1219.309,7712.519000000005,13.651281686122925,LEVE,2
6,1,20,0,4,1,-14.6000202,-70.8358466,0,4,7,1,2,2,2,2,2022,9,4,0,18,2,2,7586.903,2.0,2,0,1.0,9,5,1198.0,0.3772293175416952,72.64758490765624,69.44892954969814,6.618738174427499,378.232437426544,6760.520342612419,13642.312999999998,2020.7790000000005,2354.117,9267.416999999998,3314.0520000000006,10328.260999999997,24.29244952817019,LEVE,2
5,1,10,0,4,1,-13.593712926364402,-76.1450036305988,5,4,7,1,2,2,2,0,2022,9,5,1,6,1,0,6639.975,2.0,2,0,1.0,9,31,1616.0,0.5723734005661165,76.14778354007997,72.53650205141851,9.107715991741182,922.4721268572972,24272.76659528908,3721.461,698.1859999999996,744.866,2278.409,1102.9029999999996,2618.558,29.636290693359403,LEVE,2
3,2,3,0,4,1,-16.0537867,-71.3401677,0,4,0,0,2,0,1,0,2022,9,5,1,11,1,0,1504.4250000000002,2.0,2,0,1.0,7,25,241.0,0.4685280505645348,81.83746865987648,70.74305753660312,6.037751599761188,617.4715908037651,1751.8736616702354,10322.272,1495.236,1749.739,7077.2970000000005,2886.595,7435.677000000001,27.964725207783708,GRAVE_MORTALIDAD,1
3,2,14,2,12,4,-12.05826931745082,-77.02332743744901,0,0,7,1,2,2,2,5,2022,9,5,1,16,3,0,6543.555,2.0,4,4,1.0,14,33,1198.0,0.7141594849782824,79.90829932185413,74.79179886803175,10.522504814235935,1482.4793645077043,156887.87152034265,7626.313,1683.4029999999998,1599.0829999999996,4343.827000000001,1814.875,5811.438000000001,23.797541485643197,LEVE,2
6,1,7,0,4,2,-13.713765,-71.668069,0,4,4,1,7,1,0,6,2022,9,5,1,19,2,2,6543.555,2.0,4,4,1.0,14,33,1198.0,0.4283714433870919,66.43187764474756,58.40915961759468,7.113360857534741,635.2250698338239,4265.441113490365,17779.13499998999,2097.3709999899997,2863.123,12818.640999999989,2878.713,14900.421999989989,16.19152450331032,GRAVE_MORTALIDAD,1
3,2,9,0,4,1,-9.892991,-76.449561,0,4,7,1,2,2,2,2,2022,9,5,1,19,2,2,9936.932,2.0,2,0,1.0,9,32,3830.0,0.5563774842369664,77.00938809632027,69.10246351364754,8.476961866273152,914.8835608305218,27932.19700214133,8209.057,1333.4779999999996,791.9770000000001,6083.602,1059.8589999999997,7149.198,12.910849565303296,GRAVE_LESIONADOS,0
6,1,7,0,4,1,-15.245361,-71.151901,0,4,0,0,2,1,1,2,2022,9,6,1,1,0,2,568.5409999999999,1.0,2,3,0.0,9,3,93.0,0.4222081089999886,68.53644198939976,64.0389062540908,6.228410225649751,607.1280595160617,1204.2119914346897,17779.13499998999,2097.3709999899997,2863.123,12818.640999999989,2878.713,14900.421999989989,16.19152450331032,GRAVE_LESIONADOS,0
3,1,14,2,2,4,-12.05921,-77.029814,0,0,1,1,2,2,2,0,2022,9,6,1,2,0,0,6543.555,2.0,4,4,1.0,14,33,1198.0,0.7141594849782824,79.90829932185413,74.79179886803175,10.522504814235935,1482.4793645077043,156887.87152034265,7626.313,1683.4029999999998,1599.0829999999996,4343.827000000001,1814.875,5811.438000000001,23.797541485643197,LEVE,2
1,1,14,0,4,2,-12.29404855540356,-76.77507500176101,0,4,7,1,7,2,2,0,2022,9,6,1,2,0,0,6543.555,2.0,4,4,1.0,14,33,1198.0,0.6959889140821508,77.1307027422061,67.89627023388005,10.144340935046175,1549.2819792545554,12550.856531049252,7626.313,1683.4029999999998,1599.0829999999996,4343.827000000001,1814.875,5811.438000000001,23.797541485643197,LEVE,2
3,1,15,2,2,4,-3.7865519,-73.291107,6,5,6,2,6,2,2,0,2022,9,6,1,5,0,1,6543.555,2.0,4,4,1.0,14,33,1198.0,0.578134350962316,72.90307998335238,55.49705098903474,10.509480811415798,1057.596132242517,149460.57173447538,1095.5949999999998,128.87099999999998,320.74700000000007,645.9769999999999,274.214,821.381,25.02877431897737,LEVE,2
6,1,7,0,4,2,-14.216644,-71.438229,0,4,0,0,2,2,2,2,2022,9,6,1,5,0,2,6543.555,2.0,4,4,1.0,14,33,1198.0,0.2882750993706783,61.105307438693615,62.64723700455549,5.709419886190102,271.2955650853845,8821.728051391863,17779.13499998999,2097.3709999899997,2863.123,12818.640999999989,2878.713,14900.421999989989,16.19152450331032,GRAVE_MORTALIDAD,1
3,2,3,2,4,2,-17.175206,-71.791538,0,3,7,1,2,2,2,0,2022,9,6,1,5,0,0,6543.555,2.0,4,4,1.0,14,33,1198.0,0.6064020802559494,77.82737834960788,75.48658600973863,8.303531284530445,1096.758694527593,6370.241970021414,10322.272,1495.236,1749.739,7077.2970000000005,2886.595,7435.677000000001,27.964725207783708,LEVE,2
1,1,11,2,4,1,-11.881666616868475,-75.39622566016249,0,4,7,1,2,0,1,2,2022,9,6,1,6,1,2,196.88,2.0,2,0,1.0,3,32,35.0,0.3829418427301908,69.53519019140302,61.90302484972667,7.605764991096732,405.6993645641632,4767.728051391863,12264.545,1826.4639999999995,1105.5389999999998,9332.542,1588.5359999999996,10676.009,12.952261987705208,LEVE,2
3,2,20,0,4,1,-15.6534716,-70.6776218,0,4,7,1,2,2,2,2,2022,9,6,1,10,1,2,1504.4250000000002,2.0,2,0,1.0,7,25,241.0,0.4698599762559323,78.4228993312338,68.12786536644234,6.991927650318564,610.3916333612686,6938.8501070663815,13642.312999999998,2020.7790000000005,2354.117,9267.416999999998,3314.0520000000006,10328.260999999997,24.29244952817019,LEVE,2
3,2,9,0,4,1,-9.079752,-76.063805,7,4,7,1,2,1,0,2,2022,9,6,1,11,1,2,7758.33400008,2.0,2,0,1.0,9,20,2133.0,0.4184171487202614,72.18805630075194,51.97959729207806,5.109504197253802,694.6457382215672,4014.4925778067222,8209.057,1333.4779999999996,791.9770000000001,6083.602,1059.8589999999997,7149.198,12.910849565303296,LEVE,2
6,1,7,0,4,1,-13.21818,-70.727843,0,4,0,1,2,2,2,2,2022,9,6,1,14,3,2,3263.58,2.0,2,0,1.0,5,18,566.0,0.456269323491559,57.22814439496783,65.7020880165366,7.857170607722528,858.4104388154956,2071.82869379015,17779.13499998999,2097.3709999899997,2863.123,12818.640999999989,2878.713,14900.421999989989,16.19152450331032,LEVE,2
1,1,22,0,4,1,-18.160299,-70.466707,0,4,7,1,2,2,2,4,2022,9,6,1,18,2,0,1926.94,2.0,2,0,1.0,9,32,393.0,0.5551799999072031,75.37994385062687,62.699954828476905,7.065143842078104,1076.8792057258834,6114.0,2650.572,630.6729999999998,487.3610000000001,1532.5379999999998,1068.7019999999998,1581.87,40.31967439480987,LEVE,2
3,2,0,0,4,1,-5.819257,-78.2851812,0,4,7,1,2,2,2,0,2022,9,6,1,18,2,1,7758.33400008,2.0,2,0,1.0,9,20,2133.0,0.4075997077501307,70.99108840660561,53.37495146767511,4.844033710793106,678.7937779833102,6951.764453961456,3903.732,1155.121,585.018,2163.5930000000003,943.591,2960.1410000000005,24.17151074920102,GRAVE_MORTALIDAD,1
6,1,10,0,4,1,-13.516056,-76.183805,0,4,7,1,2,2,2,2,2022,9,6,1,19,2,0,205.54999999999995,-1.0,2,0,1.0,13,31,15.0,0.575108675542622,80.48751485041296,69.97733945104977,8.91411717811534,891.3032819289404,12460.550321199144,3721.461,698.1859999999996,744.866,2278.409,1102.9029999999996,2618.558,29.636290693359403,LEVE,2
3,2,12,0,4,1,-7.418508,-79.503362,0,4,1,1,2,2,2,0,2022,9,6,1,20,2,0,6543.555,3.0,2,0,1.0,0,30,1475.0,0.6138517538553948,80.84826225715301,64.49339622566798,9.143362084626023,1095.689060330069,16852.97430406852,8931.828000000005,1335.5899999999997,1935.9830000000004,5660.255000000005,1219.309,7712.519000000005,13.651281686122925,LEVE,2
0,1,1,2,4,1,-9.362727629586129,-77.5948208322117,0,4,7,1,2,2,2,4,2022,9,6,1,20,2,2,9936.932,2.0,2,0,1.0,9,32,3830.0,0.3790378748513949,76.49423901708208,62.74220126454971,5.261195206480723,434.95267369706266,2388.5117773019274,10767.648,1885.0630000000003,1222.721,7659.864000000001,2100.343,8667.305000000002,19.506051832303577,LEVE,2
6,1,12,2,3,4,-8.061977475218953,-78.97489307159272,0,1,1,1,2,2,2,0,2022,9,6,1,23,2,0,6543.555,2.0,4,4,1.0,14,33,1198.0,0.5929579484728337,80.24150924632623,64.75837382721711,8.51830466766158,1043.4182142665843,34739.39614561028,8931.828000000005,1335.5899999999997,1935.9830000000004,5660.255000000005,1219.309,7712.519000000005,13.651281686122925,LEVE,2
3,2,7,0,4,2,-14.419722,-72.013707,0,4,0,0,1,1,0,6,2022,9,0,0,6,1,2,6543.555,2.0,4,4,1.0,14,33,1198.0,0.2889521169082136,68.43497660341365,60.62718744786712,5.042567223569555,255.78633529092875,8001.259100642398,17779.13499998999,2097.3709999899997,2863.123,12818.640999999989,2878.713,14900.421999989989,16.19152450331032,LEVE,2
6,1,14,2,2,4,-11.926374,-77.04708,0,3,7,1,2,2,2,0,2022,9,0,0,11,1,0,6543.555,2.0,4,4,1.0,14,33,1198.0,0.7218926988400113,80.0902077245261,77.9581888264889,10.971588327733102,1458.3206086290393,530000.3426124197,7626.313,1683.4029999999998,1599.0829999999996,4343.827000000001,1814.875,5811.438000000001,23.797541485643197,LEVE,2
6,1,22,0,4,1,-17.720346,-69.85268,0,4,0,0,2,2,2,2,2022,9,0,0,11,1,0,800.5849999999999,2.0,2,0,0.0,9,32,395.0,0.5200597875929114,75.48128825556356,60.59943781195683,8.893120032761013,784.012020373485,1891.687366167024,2650.572,630.6729999999998,487.3610000000001,1532.5379999999998,1068.7019999999998,1581.87,40.31967439480987,LEVE,2
6,1,12,0,4,0,-7.739665,-79.11756,0,4,7,1,2,2,2,0,2022,9,0,0,12,3,0,6543.555,2.0,4,4,1.0,14,33,1198.0,0.5499918090709401,76.83811555718916,70.61514106392214,8.841346655676153,837.1489647260519,6120.267665952892,8931.828000000005,1335.5899999999997,1935.9830000000004,5660.255000000005,1219.309,7712.519000000005,13.651281686122925,LEVE,2
3,1,19,0,4,1,-5.291043,-80.694731,0,4,7,1,2,2,2,0,2022,9,0,0,15,3,0,453.9549999999999,2.0,2,3,0.0,9,32,133.0,0.5034350778485951,78.14388603810477,62.51585839041032,7.698619805954479,731.8176685454189,76220.84796573877,8965.846000060003,1782.4120000599992,636.9959999999999,6546.438000000004,2214.505000059999,6751.341000000004,24.699342371541725,LEVE,2
3,2,19,0,4,1,-4.635888944321333,-80.21608463004686,0,4,7,1,2,2,2,2,2022,9,0,0,22,2,0,640.6200000000001,2.0,2,3,0.0,9,32,72.0,0.4460358515525411,78.78138598624281,47.04925171219679,5.992153605249824,689.7789450041487,25138.147751606,8965.846000060003,1782.4120000599992,636.9959999999999,6546.438000000004,2214.505000059999,6751.341000000004,24.699342371541725,LEVE,2
1,0,10,2,4,1,-13.712419582998914,-76.16259411098763,0,0,7,1,2,2,2,0,2022,9,0,0,22,2,0,7.73,2.0,2,3,0.0,9,32,5.0,0.5257121437129864,76.7626302266846,64.42031918719958,9.628927869030145,731.590352640588,12641.751605995718,3721.461,698.1859999999996,744.866,2278.409,1102.9029999999996,2618.558,29.636290693359403,LEVE,2
1,1,7,0,4,1,-13.461588,-72.289324,0,4,7,1,2,0,1,0,2022,9,1,0,4,0,2,7586.903,2.0,2,0,1.0,9,5,1198.0,0.2811173960891883,77.11100763906057,59.78223574586323,5.012239116376277,206.45731953948768,6402.226980728051,17779.13499998999,2097.3709999899997,2863.123,12818.640999999989,2878.713,14900.421999989989,16.19152450331032,LEVE,2
3,2,12,0,4,1,-7.797149,-77.979515,0,4,7,1,2,2,2,2,2022,9,1,0,5,0,0,9936.932,2.0,2,0,1.0,9,32,3830.0,0.3986882084754764,72.97869269132666,58.65435142755623,5.605762371496486,527.7120199980477,69564.29978586723,8931.828000000005,1335.5899999999997,1935.9830000000004,5660.255000000005,1219.309,7712.519000000005,13.651281686122925,GRAVE_LESIONADOS,0
3,2,19,0,4,0,-4.8803047272721045,-81.02488877386406,0,4,0,1,2,2,2,0,2022,9,1,0,7,1,0,6543.555,2.0,4,4,1.0,14,33,1198.0,0.4665610762412708,82.14467689738757,54.0378846271984,6.549252922664564,653.3014398056696,13498.633832976446,8965.846000060003,1782.4120000599992,636.9959999999999,6546.438000000004,2214.505000059999,6751.341000000004,24.699342371541725,LEVE,2
3,2,3,0,4,1,-16.4480264906928,-71.6963396678696,0,4,7,1,2,0,1,0,2022,9,1,0,11,1,0,1504.4250000000002,2.0,2,0,1.0,7,25,241.0,0.6689013265491138,80.68275010974979,77.5560025217936,10.466309714908672,1190.454984819332,14385.036402569593,10322.272,1495.236,1749.739,7077.2970000000005,2886.595,7435.677000000001,27.964725207783708,LEVE,2
3,2,10,2,4,1,-13.932476501803674,-75.90137908551644,0,4,7,1,2,1,0,0,2022,9,1,0,17,3,0,6639.975,2.0,2,0,1.0,9,31,1616.0,0.6053164595604621,78.88848309050202,67.63954639531094,9.133324993872453,1064.9426147896202,27932.19700214133,3721.461,698.1859999999996,744.866,2278.409,1102.9029999999996,2618.558,29.636290693359403,LEVE,2
0,1,20,0,4,1,-16.420344386832223,-69.17697611976979,0,4,7,1,2,2,2,4,2022,9,1,0,18,2,2,7586.903,2.0,2,0,1.0,9,5,1198.0,0.2394362064959017,73.4288503002124,62.51290199484375,6.018616845068367,132.27646614855612,17422.250535331903,13642.312999999998,2020.7790000000005,2354.117,9267.416999999998,3314.0520000000006,10328.260999999997,24.29244952817019,LEVE,2
0,1,13,2,4,2,-6.774435,-79.827557,0,4,7,1,2,2,2,0,2022,9,1,0,19,2,0,6543.555,2.0,4,4,1.0,14,33,1198.0,0.6336758582443321,79.57413791335281,79.43179781120509,10.959065315580176,998.3945232858084,284974.83725910063,3459.691,515.0619999999999,689.7280000000001,2254.901,703.3549999999999,2756.336,20.329994788551925,LEVE,2
6,1,5,2,4,1,-6.81184833,-78.52093,0,3,7,1,1,2,2,0,2022,9,2,0,12,3,2,280.57,1.0,0,2,0.0,9,32,50.0,0.3484871558022944,76.33677469666252,53.28672218475212,4.131981838863427,447.1658531581213,76209.5845824411,15935.565011852366,1733.9250000199986,935.692,13265.948011832368,2000.1670000199988,13935.398011832369,12.551591352627522,GRAVE_MORTALIDAD,1
0,1,10,2,4,1,-13.52451224,-76.18294515,0,3,7,1,2,2,2,2,2022,9,2,0,12,3,0,205.54999999999995,-1.0,2,0,1.0,13,31,15.0,0.575108675542622,80.48751485041296,69.97733945104977,8.91411717811534,891.3032819289404,12460.550321199144,3721.461,698.1859999999996,744.866,2278.409,1102.9029999999996,2618.558,29.636290693359403,LEVE,2
6,2,10,0,4,1,-13.37090848,-76.21061733,0,4,7,1,2,2,2,2,2022,9,2,0,15,3,0,6639.975,2.0,2,0,1.0,9,31,1616.0,0.5736744275518083,81.67473861808857,68.1608574885675,9.138785887908334,865.1176766860625,26660.92933618844,3721.461,698.1859999999996,744.866,2278.409,1102.9029999999996,2618.558,29.636290693359403,GRAVE_LESIONADOS,0
0,1,19,0,4,1,-4.937904985516145,-80.34658990521181,0,4,7,1,2,2,2,0,2022,9,2,0,18,2,0,145.125,-1.0,2,3,0.0,9,32,35.0,0.459857589992435,80.72202071327797,50.86886521100652,5.65389066385764,729.6720832259953,125429.93361884369,8965.846000060003,1782.4120000599992,636.9959999999999,6546.438000000004,2214.505000059999,6751.341000000004,24.699342371541725,LEVE,2
0,1,13,0,4,1,-6.1622747,-79.6995453,0,4,7,1,2,2,2,0,2022,9,2,0,19,2,0,1305.18,2.0,2,0,1.0,1,20,163.0,0.4974674218418852,75.93907983080418,58.3357972839862,7.69595447676265,761.2908213145297,28734.96573875803,3459.691,515.0619999999999,689.7280000000001,2254.901,703.3549999999999,2756.336,20.329994788551925,LEVE,2
1,0,13,2,4,1,-6.8525446,-79.826536,0,3,7,1,2,1,0,0,2022,9,3,0,4,0,0,6543.555,3.0,2,0,1.0,0,30,1475.0,0.4741120956135246,82.20413595948395,63.9148290245543,7.357156496189524,585.9356712133833,32071.66595289079,3459.691,515.0619999999999,689.7280000000001,2254.901,703.3549999999999,2756.336,20.329994788551925,LEVE,2
4,1,14,2,4,1,-12.14513265714188,-76.98188781738283,0,0,7,1,2,2,2,0,2022,9,3,0,5,0,0,6639.975,2.0,2,0,1.0,9,31,1616.0,0.8017574897902351,80.48487267736287,78.74302427848284,13.156716040468266,1766.1488062170545,359776.608137045,7626.313,1683.4029999999998,1599.0829999999996,4343.827000000001,1814.875,5811.438000000001,23.797541485643197,LEVE,2
3,1,15,0,4,0,-4.24693489640324,-73.4936109331865,0,4,7,1,2,2,2,0,2022,9,3,0,6,1,1,6543.555,2.0,4,4,1.0,14,33,1198.0,0.578134350962316,72.90307998335238,55.49705098903474,10.509480811415798,1057.596132242517,149460.57173447538,1095.5949999999998,128.87099999999998,320.74700000000007,645.9769999999999,274.214,821.381,25.02877431897737,LEVE,2
2,1,14,2,2,4,-12.220176056972232,-76.93040657050007,0,0,7,1,2,2,2,0,2022,9,3,0,8,1,0,6543.555,2.0,4,4,1.0,14,33,1198.0,0.6990481232857558,80.14597904142546,74.3851677794309,10.004397644056358,1432.5044292531525,459161.0728051392,7626.313,1683.4029999999998,1599.0829999999996,4343.827000000001,1814.875,5811.438000000001,23.797541485643197,LEVE,2
3,2,12,2,4,2,-7.23794,-79.468746,0,0,7,1,2,2,2,0,2022,9,3,0,11,1,0,6543.555,2.0,4,4,1.0,14,33,1198.0,0.5650979329787121,81.32490571897102,68.6769211482833,7.868096912305706,909.6843705053026,43897.946466809415,8931.828000000005,1335.5899999999997,1935.9830000000004,5660.255000000005,1219.309,7712.519000000005,13.651281686122925,LEVE,2
1,1,20,2,2,4,-15.852219,-70.015328,0,4,7,1,2,2,2,2,2022,9,3,0,19,2,2,6543.555,2.0,4,4,1.0,14,33,1198.0,0.6488901960567479,69.67312345830231,82.12448375199249,11.701623814093702,1230.336353415943,144745.3597430407,13642.312999999998,2020.7790000000005,2354.117,9267.416999999998,3314.0520000000006,10328.260999999997,24.29244952817019,LEVE,2
0,1,12,0,4,1,-8.361588718090237,-78.87269059512508,0,4,7,1,2,2,2,0,2022,9,3,0,20,2,0,6543.555,3.0,2,0,1.0,0,30,1475.0,0.5051395598219868,77.13285387085847,51.52067479184955,6.715328807318118,900.900383457586,67612.41755888652,8931.828000000005,1335.5899999999997,1935.9830000000004,5660.255000000005,1219.309,7712.519000000005,13.651281686122925,LEVE,2