CLASE SINIESTRO,CANTIDAD DE VEHICULOS DAÑADOS,DEPARTAMENTO,ZONA,TIPO DE VÍA,RED VIAL,COORDENADAS LATITUD,COORDENADAS  LONGITUD,CONDICIÓN CLIMÁTICA,ZONIFICACIÓN,CARACTERÍSTICAS DE VÍA,PERFIL LONGITUDINAL VÍA,SUPERFICIE DE CALZADA,¿EXISTE SEÑAL VERTICAL?,¿EXISTE SEÑAL HORIZONTAL?,CAUSA FACTOR PRINCIPAL,AÑO,MES,DIA_SEMANA,ES_FIN_SEMANA,HORA_NUM,FRANJA_HORARIA,REGION_NATURAL,MTC_RVN_LONGITUD_KM,MTC_RVN_N_CARRILES_MEDIANA,MTC_RVN_SUPERFICIE_DOMINANTE,MTC_RVN_ESTADO_DOMINANTE,MTC_RVN_ES_CONCESIONADA,MTC_RVN_CONCESION_PRINCIPAL,MTC_RVN_CORREDOR_LOGISTICO,MTC_RVN_N_TRAMOS,IDH_2019,IDH_ESP_VIDA_2019,IDH_EDUC_SECUND_PCT_2019,IDH_ANIOS_EDUC_2019,IDH_INGRESO_PERCAP_2019,IDH_POBLACION_2019,MTC_DEP_RED_TOTAL_KM,MTC_DEP_NACIONAL_TOTAL_KM,MTC_DEP_DEPARTAMENTAL_TOTAL_KM,MTC_DEP_VECINAL_TOTAL_KM,MTC_DEP_PAV_TOTAL_KM,MTC_DEP_NO_PAV_TOTAL_KM,MTC_DEP_PCT_PAVIMENTADA,CATEGORIA_SEVERIDAD,CATEGORIA_SEVERIDAD_ENC
3,2,12,2,6,4,-8.112046,-79.031226,0,0,1,1,2,2,2,0,2022,9,3,0,22,2,0,6543.555,2.0,4,4,1.0,14,33,1198.0,0.7151155191839451,79.57652607829836,77.25576500264712,11.809756866444314,1377.9438475528384,331253.00214132766,8931.828000000005,1335.5899999999997,1935.9830000000004,5660.255000000005,1219.309,7712.519000000005,13.651281686122925,LEVE,2
3,1,23,0,4,1,-3.546450350732249,-80.39683026628057,0,4,7,1,2,1,0,2,2022,9,4,0,1,0,0,6543.555,3.0,2,0,1.0,0,30,1475.0,0.6025111043634478,77.63758231637303,72.22144062196868,9.79150322507506,998.9716590818762,109744.95931477516,1009.101,138.47399999999996,287.471,583.156,276.972,732.129,27.447401201663663,LEVE,2
0,1,14,2,2,4,-12.233369129098184,-76.94168413314078,0,0,1,1,2,2,2,0,2022,9,4,0,4,0,0,6543.555,2.0,4,4,1.0,14,33,1198.0,0.6990481232857558,80.14597904142546,74.3851677794309,10.004397644056358,1432.5044292531525,459161.0728051392,7626.313,1683.4029999999998,1599.0829999999996,4343.827000000001,1814.875,5811.438000000001,23.797541485643197,LEVE,2
6,1,3,0,4,1,-16.4473730886001,-71.6987912068164,0,4,0,0,2,0,1,0,2022,9,4,0,6,1,0,1504.4250000000002,2.0,2,0,1.0,7,25,241.0,0.6689013265491138,80.68275010974979,77.5560025217936,10.466309714908672,1190.454984819332,14385.036402569593,10322.272,1495.236,1749.739,7077.2970000000005,2886.595,7435.677000000001,27.964725207783708,LEVE,2
6,1,7,0,4,2,-14.19716441,-72.0473002,0,4,7,1,7,2,2,2,2022,9,4,0,6,1,2,6543.555,2.0,4,4,1.0,14,33,1198.0,0.3582063239468129,73.72125513625039,50.68912238545782,4.370934077592676,495.5648271945098,7210.27408993576,17779.13499998999,2097.3709999899997,2863.123,12818.640999999989,2878.713,14900.421999989989,16.19152450331032,GRAVE_LESIONADOS,0
6,1,14,0,4,1,-10.463511,-77.098645,0,4,5,0,7,2,2,0,2022,9,4,0,8,1,0,1031.172,-1.0,1,0,0.0,9,32,405.0,0.3918198258882275,72.14938420932536,61.943081698715744,6.404714111919068,456.0152268032583,812.7023554603854,7626.313,1683.4029999999998,1599.0829999999996,4343.827000000001,1814.875,5811.438000000001,23.797541485643197,GRAVE_MORTALIDAD,1
0,1,5,0,4,1,-7.1889496,-78.472057,6,5,6,2,6,2,2,0,2022,9,4,0,8,1,2,9936.932,2.0,2,0,1.0,9,32,3830.0,0.6070175276741574,73.19224654097276,74.29530430690215,9.490386956642766,1117.141592366869,257380.9443254818,15935.565011852366,1733.9250000199986,935.692,13265.948011832368,2000.1670000199988,13935.398011832369,12.551591352627522,LEVE,2
0,1,3,0,4,1,-16.643654,-71.8715585,0,4,2,1,7,2,2,0,2022,9,4,0,8,1,0,6639.975,2.0,2,0,1.0,9,31,1616.0,0.6105481451420971,78.10653088113892,68.35418098658066,8.411557426919764,1158.5430895193692,35025.678800856535,10322.272,1495.236,1749.739,7077.2970000000005,2886.595,7435.677000000001,27.964725207783708,LEVE,2
0,1,13,2,4,1,-6.767848,-79.872157,0,3,7,1,2,2,2,0,2022,9,4,0,18,2,0,6543.555,3.0,2,0,1.0,0,30,1475.0,0.6336758582443321,79.57413791335281,79.43179781120509,10.959065315580176,998.3945232858084,284974.83725910063,3459.691,515.0619999999999,689.7280000000001,2254.901,703.3549999999999,2756.336,20.329994788551925,LEVE,2
3,1,0,0,4,1,-5.9214044,-78.1221324,7,4,7,1,2,2,2,0,2022,9,4,0,22,2,1,7758.33400008,2.0,2,0,1.0,9,20,2133.0,0.2557347851083483,72.20127203901001,29.27432054362014,3.980879431997674,282.1546682808729,610.3854389721627,3903.732,1155.121,585.018,2163.5930000000003,943.591,2960.1410000000005,24.17151074920102,GRAVE_MORTALIDAD,1
3,2,23,0,4,0,-3.533107725106181,-80.3779871480488,0,4,7,1,2,2,2,2,2022,9,4,0,22,2,0,6543.555,2.0,4,4,1.0,14,33,1198.0,0.6025111043634478,77.63758231637303,72.22144062196868,9.79150322507506,998.9716590818762,109744.95931477516,1009.101,138.47399999999996,287.471,583.156,276.972,732.129,27.447401201663663,LEVE,2
3,1,14,2,2,4,-11.88510591,-77.02328814,0,0,5,0,2,2,2,0,2022,9,5,1,1,0,0,6543.555,2.0,4,4,1.0,14,33,1198.0,0.6498693508177541,78.84967382596041,74.11456675539837,9.21786785255454,1246.479589064551,356854.23554603854,7626.313,1683.4029999999998,1599.0829999999996,4343.827000000001,1814.875,5811.438000000001,23.797541485643197,LEVE,2
3,1,5,2,4,1,-7.18324759955135,-78.480325900348,0,3,7,1,2,2,2,0,2022,9,5,1,5,0,2,9936.932,2.0,2,0,1.0,9,32,3830.0,0.6070175276741574,73.19224654097276,74.29530430690215,9.490386956642766,1117.141592366869,257380.9443254818,15935.565011852366,1733.9250000199986,935.692,13265.948011832368,2000.1670000199988,13935.398011832369,12.551591352627522,LEVE,2
6,1,5,0,4,1,-6.941962,-78.190139,0,4,0,1,2,2,2,0,2022,9,5,1,6,1,2,2760.8550000000005,1.0,1,3,0.0,9,32,1208.0,0.4099225962391719,71.62922719902532,57.483630572514166,6.113560291787416,557.8410440592945,1881.1006423982867,15935.565011852366,1733.9250000199986,935.692,13265.948011832368,2000.1670000199988,13935.398011832369,12.551591352627522,GRAVE_LESIONADOS,0
3,1,11,0,4,1,-11.37485093259026,-75.88154385098277,0,4,7,1,2,0,1,2,2022,9,5,1,7,1,2,9936.932,2.0,2,0,1.0,9,32,3830.0,0.5135657756164363,76.03626889762099,77.61185812001104,7.8010832458615695,720.3979262158439,2743.6252676659524,12264.545,1826.4639999999995,1105.5389999999998,9332.542,1588.5359999999996,10676.009,12.952261987705208,LEVE,2
0,1,9,0,4,1,-9.8394522753849,-76.1236411880271,0,4,3,0,2,2,2,4,2022,9,5,1,16,3,2,693.175,2.0,2,3,0.0,9,10,249.0,0.1985758242270937,77.55714392657784,34.95706096213289,2.03851168355126,322.5659269507394,24762.20985010707,8209.057,1333.4779999999996,791.9770000000001,6083.602,1059.8589999999997,7149.198,12.910849565303296,LEVE,2
3,2,13,0,4,1,-6.3143388,-80.2453331,0,4,7,1,2,2,2,0,2022,9,5,1,17,3,0,6543.555,3.0,2,0,1.0,0,30,1475.0,0.4703091457296942,74.91176543888524,59.04522375211969,6.365443427676777,742.49897987499,44335.321199143465,3459.691,515.0619999999999,689.7280000000001,2254.901,703.3549999999999,2756.336,20.329994788551925,LEVE,2
3,2,7,0,4,0,-13.4165393,-71.6327733,0,4,7,1,2,2,2,2,2022,9,5,1,17,3,2,6543.555,2.0,4,4,1.0,14,33,1198.0,0.1747449791455621,66.07525625481001,55.64270134274993,2.969749914946193,124.74196388442545,9397.970021413275,17779.13499998999,2097.3709999899997,2863.123,12818.640999999989,2878.713,14900.421999989989,16.19152450331032,GRAVE_MORTALIDAD,1
0,1,19,0,4,1,-5.435089,-79.767511,0,4,7,1,2,2,2,0,2022,9,5,1,18,2,0,722.9000000000002,2.0,1,0,1.0,2,32,123.0,0.4017190204617711,74.32150428280667,56.50344996535445,5.400874795029631,548.5724567678874,7812.374732334047,8965.846000060003,1782.4120000599992,636.9959999999999,6546.438000000004,2214.505000059999,6751.341000000004,24.699342371541725,LEVE,2
5,2,24,0,6,4,-8.353281,-74.583656,0,4,0,0,4,1,0,0,2022,9,5,1,18,2,1,6543.555,2.0,4,4,1.0,14,33,1198.0,0.5478371208327225,74.17370407104559,60.31222796205821,9.40140543765922,905.3304073844272,113671.11777301929,2689.139,392.697,1311.5319999999997,984.91,261.598,2427.541,9.727946379863592,LEVE,2
0,1,10,0,4,1,-13.57847387,-76.17195543,0,4,7,1,2,2,2,0,2022,9,5,1,20,2,0,205.54999999999995,-1.0,2,0,1.0,13,31,15.0,0.533712318797331,79.3365989923595,61.56804543976482,8.261681946790427,816.7917863887187,13863.817987152031,3721.461,698.1859999999996,744.866,2278.409,1102.9029999999996,2618.558,29.636290693359403,GRAVE_MORTALIDAD,1
4,1,5,2,4,1,-7.61436643,-78.05144613,0,3,7,1,2,2,2,0,2022,9,6,1,0,0,2,9936.932,2.0,2,0,1.0,9,32,3830.0,0.4384361875352846,76.70622362399591,49.95411505521511,6.195115114275008,648.0811197287633,31678.2869379015,15935.565011852366,1733.9250000199986,935.692,13265.948011832368,2000.1670000199988,13935.398011832369,12.551591352627522,LEVE,2
2,1,19,0,4,2,-5.05968220593445,-80.6306377877767,0,4,7,1,2,2,2,0,2022,9,6,1,1,0,0,6543.555,2.0,4,4,1.0,14,33,1198.0,0.6582040223794163,78.74105515718446,77.3206684883171,11.334167841567446,1124.177237253568,178905.3426124197,8965.846000060003,1782.4120000599992,636.9959999999999,6546.438000000004,2214.505000059999,6751.341000000004,24.699342371541725,LEVE,2
3,2,10,0,4,1,-13.59524097,-76.1658727273,0,4,7,1,2,2,2,2,2022,9,6,1,5,0,0,205.54999999999995,-1.0,2,0,1.0,13,31,15.0,0.533712318797331,79.3365989923595,61.56804543976482,8.261681946790427,816.7917863887187,13863.817987152031,3721.461,698.1859999999996,744.866,2278.409,1102.9029999999996,2618.558,29.636290693359403,LEVE,2
3,2,3,0,4,1,-15.7111933,-71.0532133,0,4,0,1,2,2,2,0,2022,9,6,1,6,1,0,568.5409999999999,1.0,2,3,0.0,9,3,93.0,0.4498224071382834,81.63336343193146,58.84842497065013,5.774685730039019,620.6584683449911,1358.612419700214,10322.272,1495.236,1749.739,7077.2970000000005,2886.595,7435.677000000001,27.964725207783708,GRAVE_MORTALIDAD,1
6,1,8,0,4,2,-12.615141,-74.706235,7,4,7,1,7,2,2,2,2022,9,6,1,9,1,2,6543.555,2.0,4,4,1.0,14,33,1198.0,0.2663454843382838,65.45457395221479,57.3335802782264,4.413119915061238,247.66524826450583,29100.053533190578,8511.426,1445.3929999999996,2008.516,5057.516999999999,1879.579,6631.846999999998,22.08300935706896,LEVE,2
6,1,8,0,4,1,-13.239866,-75.6172,0,4,7,1,7,2,2,2,2022,9,6,1,15,3,2,1482.81,1.0,1,3,0.0,9,16,270.0,0.3749772481461449,57.34580043437487,44.668435231382894,7.326685804841746,613.1978054415578,427.5289079229122,8511.426,1445.3929999999996,2008.516,5057.516999999999,1879.579,6631.846999999998,22.08300935706896,GRAVE_MORTALIDAD,1
1,1,22,2,2,4,-18.029989,-70.270627,0,1,7,1,2,2,2,0,2022,9,6,1,19,2,0,6543.555,2.0,4,4,1.0,14,33,1198.0,0.6966125262955101,76.67066141771582,75.49195828278967,11.654573086271489,1371.819928142763,74177.24411134903,2650.572,630.6729999999998,487.3610000000001,1532.5379999999998,1068.7019999999998,1581.87,40.31967439480987,GRAVE_MORTALIDAD,1
3,1,7,0,4,1,-14.547866,-71.297084,6,5,6,2,6,2,2,0,2022,9,6,1,23,2,2,566.7160000000001,2.0,5,2,0.0,9,3,137.0,0.2860092739262279,59.94781725321823,66.333630235029,5.464450966964557,274.3102477158444,5060.0256959314775,17779.13499998999,2097.3709999899997,2863.123,12818.640999999989,2878.713,14900.421999989989,16.19152450331032,LEVE,2
6,1,14,2,4,2,-11.955,-76.936241,0,4,0,0,7,2,2,0,2022,9,0,0,3,0,0,6543.555,2.0,4,4,1.0,14,33,1198.0,0.6831952456039544,78.60873873772867,74.49000793376607,10.00420210847705,1376.0472418044385,255143.7301927195,7626.313,1683.4029999999998,1599.0829999999996,4343.827000000001,1814.875,5811.438000000001,23.797541485643197,LEVE,2
0,0,13,2,4,1,-6.770169,-79.875999,0,3,7,1,2,2,2,0,2022,9,0,0,8,1,0,6543.555,3.0,2,0,1.0,0,30,1475.0,0.582874900209372,79.91553229957624,74.28629633563499,9.98490789682274,850.0456977651463,50544.90364025696,3459.691,515.0619999999999,689.7280000000001,2254.901,703.3549999999999,2756.336,20.329994788551925,LEVE,2
1,1,3,2,3,4,-16.406090488618368,-71.52999839264429,0,3,7,1,2,0,1,0,2022,9,0,0,11,1,0,6543.555,2.0,4,4,1.0,14,33,1198.0,0.7621671359922388,78.82549845032362,81.65077117756084,13.192212326676357,1538.109987002949,42333.23340471092,10322.272,1495.236,1749.739,7077.2970000000005,2886.595,7435.677000000001,27.964725207783708,LEVE,2
7,0,13,0,4,2,-6.95035,-79.577458,0,4,7,1,7,2,2,0,2022,9,0,0,12,3,0,6543.555,2.0,4,4,1.0,14,33,1198.0,0.5269774463263404,80.68574196150158,64.40465614050751,7.841572542584764,777.5245054244522,9737.584582441114,3459.691,515.0619999999999,689.7280000000001,2254.901,703.3549999999999,2756.336,20.329994788551925,LEVE,2
3,1,4,2,4,1,-12.51206576,-73.85891497,0,4,7,1,2,2,2,2,2022,9,0,0,17,3,2,1193.808,-1.0,6,3,0.0,9,32,147.0,0.3866581259783184,77.00938809632027,52.55594610950206,5.26395044770203,494.1084249177928,12290.808931369287,12678.733000000004,1805.074000000001,1774.0339999999994,9099.625000000004,2485.375000000001,10193.358000000002,19.602707936195205,LEVE,2
0,1,12,0,4,1,-7.987828,-79.076388,0,2,7,1,2,2,2,0,2022,9,0,0,20,2,0,6543.555,3.0,2,0,1.0,0,30,1475.0,0.583006771156836,78.2441938961209,62.24037484511178,8.807312392374042,1028.2282118265089,76607.295503212,8931.828000000005,1335.5899999999997,1935.9830000000004,5660.255000000005,1219.309,7712.519000000005,13.651281686122925,LEVE,2
3,2,7,0,4,1,-14.880277,-71.216049,7,4,0,1,2,2,2,2,2022,9,1,0,13,3,2,1780.161,1.0,1,3,0.0,9,32,490.0,0.3947357298822749,66.64682076332791,61.05871728905667,5.999409696750664,549.0221656567701,5092.139186295502,17779.13499998999,2097.3709999899997,2863.123,12818.640999999989,2878.713,14900.421999989989,16.19152450331032,LEVE,2
0,1,14,2,2,4,-12.0354463,-77.0640444,0,0,7,1,2,2,2,2,2022,9,1,0,15,3,0,6543.555,2.0,4,4,1.0,14,33,1198.0,0.7646845961658533,80.23682119426338,77.96082737891015,12.014176158371615,1633.787715186093,250806.0877944326,7626.313,1683.4029999999998,1599.0829999999996,4343.827000000001,1814.875,5811.438000000001,23.797541485643197,LEVE,2
3,2,1,0,4,1,-9.272423427454903,-77.65352364408837,0,4,0,0,2,2,2,2,2022,9,1,0,18,2,2,9936.932,2.0,2,0,1.0,9,32,3830.0,0.4587978361428124,78.55357819250929,75.00490137952089,6.798229716455806,554.0808499913494,3284.7344753747325,10767.648,1885.0630000000003,1222.721,7659.864000000001,2100.343,8667.305000000002,19.506051832303577,LEVE,2
6,1,14,2,2,4,-12.210523826851905,-76.9609990769496,0,0,7,1,2,2,2,0,2022,9,1,0,21,2,0,6543.555,2.0,4,4,1.0,14,33,1198.0,0.6990481232857558,80.14597904142546,74.3851677794309,10.004397644056358,1432.5044292531525,459161.0728051392,7626.313,1683.4029999999998,1599.0829999999996,4343.827000000001,1814.875,5811.438000000001,23.797541485643197,LEVE,2
6,1,1,0,4,0,-9.10332433757847,-78.06845025203265,0,4,5,0,7,2,2,0,2022,9,2,0,1,0,2,6543.555,2.0,4,4,1.0,14,33,1198.0,0.4259847482247994,77.27744591244635,47.43669884026326,6.0317780347679,616.6496429548615,7238.019271948608,10767.648,1885.0630000000003,1222.721,7659.864000000001,2100.343,8667.305000000002,19.506051832303577,GRAVE_MORTALIDAD,1
0,1,21,0,4,1,-6.166125,-76.835254,0,4,7,1,4,2,2,4,2022,9,2,0,5,0,1,7758.33400008,2.0,2,0,1.0,9,20,2133.0,0.3492524985551798,73.87945975179423,47.35782955662357,4.584830643679292,457.969668231556,16120.93790149893,5645.136,815.0759999999999,965.298,3864.762,1013.406,4631.73,17.95184385283189,LEVE,2
4,1,3,2,7,4,-16.430721,-71.831583,0,4,2,0,4,2,2,0,2022,9,2,0,8,1,0,6543.555,2.0,4,4,1.0,14,33,1198.0,0.6105481451420971,78.10653088113892,68.35418098658066,8.411557426919764,1158.5430895193692,35025.678800856535,10322.272,1495.236,1749.739,7077.2970000000005,2886.595,7435.677000000001,27.964725207783708,LEVE,2
6,1,14,0,4,1,-10.688409322162904,-76.73704985468738,0,4,0,0,4,2,2,1,2022,9,2,0,12,3,0,1422.177,2.0,2,0,0.0,9,19,698.0,0.6329626849738527,79.69467338238256,55.60978991784313,10.43485646497054,1214.2298061072966,14347.565310492504,7626.313,1683.4029999999998,1599.0829999999996,4343.827000000001,1814.875,5811.438000000001,23.797541485643197,GRAVE_MORTALIDAD,1
0,1,7,0,4,1,-13.4853890121181,-72.1671185752288,0,4,7,1,2,0,0,2,2022,9,2,0,17,3,2,7586.903,2.0,2,0,1.0,9,5,1198.0,0.4461630003962475,73.21502670801013,72.39928330950325,7.637017072327872,534.399353077353,18328.770877944324,17779.13499998999,2097.3709999899997,2863.123,12818.640999999989,2878.713,14900.421999989989,16.19152450331032,LEVE,2
6,1,15,2,2,4,-3.75501297744197,-73.2501939514765,0,0,1,1,2,2,2,2,2022,9,2,0,18,2,1,6543.555,2.0,4,4,1.0,14,33,1198.0,0.6598204400488458,74.39325093062702,69.69813044898703,12.74033149882924,1208.8057293272177,145540.50535331905,1095.5949999999998,128.87099999999998,320.74700000000007,645.9769999999999,274.214,821.381,25.02877431897737,LEVE,2
6,1,12,2,4,1,-8.081512,-79.094993,0,0,7,1,2,2,2,2,2022,9,3,0,0,0,0,6543.555,3.0,2,0,1.0,0,30,1475.0,0.583006771156836,78.2441938961209,62.24037484511178,8.807312392374042,1028.2282118265089,76607.295503212,8931.828000000005,1335.5899999999997,1935.9830000000004,5660.255000000005,1219.309,7712.519000000005,13.651281686122925,LEVE,2
3,2,13,0,4,1,-6.092057,-79.702956,0,4,7,1,2,2,2,0,2022,9,3,0,19,2,0,1305.18,2.0,2,0,1.0,1,20,163.0,0.4974674218418852,75.93907983080418,58.3357972839862,7.69595447676265,761.2908213145297,28734.96573875803,3459.691,515.0619999999999,689.7280000000001,2254.901,703.3549999999999,2756.336,20.329994788551925,LEVE,2
0,0,5,2,4,1,-5.69136,-78.796985,0,3,7,1,2,2,2,0,2022,9,4,0,3,0,2,7758.33400008,2.0,2,0,1.0,9,20,2133.0,0.5803239946829384,74.49544278598792,68.33065356443184,8.733179344969395,1046.078117086984,102362.46895074946,15935.565011852366,1733.9250000199986,935.692,13265.948011832368,2000.1670000199988,13935.398011832369,12.551591352627522,LEVE,2
6,1,12,0,4,3,-7.741712,-77.61664,0,4,7,1,7,2,2,5,2022,9,4,0,10,1,0,6543.555,2.0,4,4,1.0,14,33,1198.0,0.4686292122960986,72.39347765706144,42.14285241633188,6.687776775372348,878.2652317159998,9440.374732334049,8931.828000000005,1335.5899999999997,1935.9830000000004,5660.255000000005,1219.309,7712.519000000005,13.651281686122925,GRAVE_MORTALIDAD,1
3,2,12,0,4,1,-7.28922,-79.318503,0,4,7,1,2,2,2,2,2022,9,4,0,12,3,0,887.28,2.0,2,0,1.0,8,17,155.0,0.5885704819472196,78.81449187577415,72.29060549742594,8.763210867480462,976.1586325354776,48424.389721627405,8931.828000000005,1335.5899999999997,1935.9830000000004,5660.255000000005,1219.309,7712.519000000005,13.651281686122925,LEVE,2
0,1,7,2,4,1,-13.31146,-72.10569,0,3,7,1,2,2,2,2,2022,9,4,0,19,2,2,3447.8009999999995,1.0,2,3,0.0,9,12,1109.0,0.5961225511084856,78.53035911580116,68.81531875437855,9.019506278168732,1024.5153398091154,21509.777301927195,17779.13499998999,2097.3709999899997,2863.123,12818.640999999989,2878.713,14900.421999989989,16.19152450331032,LEVE,2
3,1,22,0,4,1,-18.093488,-70.308857,0,4,7,1,2,2,2,2,2022,9,4,0,23,2,0,6639.975,2.0,2,0,1.0,9,31,1616.0,0.6966125262955101,76.67066141771582,75.49195828278967,11.654573086271489,1371.819928142763,74177.24411134903,2650.572,630.6729999999998,487.3610000000001,1532.5379999999998,1068.7019999999998,1581.87,40.31967439480987,LEVE,2
6,1,7,0,4,1,-14.647346650448808,-71.74718137447346,0,4,0,0,2,1,0,1,2022,9,5,1,1,0,2,363.645,-1.0,0,0,0.0,9,32,37.0,0.4670263153502933,65.5237709552973,70.61273193256336,7.074467358088314,760.9316629253258,9065.880085653103,17779.13499998999,2097.3709999899997,2863.123,12818.640999999989,2878.713,14900.421999989989,16.19152450331032,LEVE,2
3,1,6,2,4,1,-11.959308,-77.128291,0,2,7,1,2,1,1,2,2022,9,5,1,3,0,0,139.23,-1.0,2,0,0.0,9,32,69.0,0.5563774842369664,77.00938809632027,69.10246351364754,8.476961866273152,914.8835608305218,27932.19700214133,51.58600000000001,44.68700000000001,6.899000000000001,0.0,49.838000000000015,1.748,96.61148373589734,LEVE,2
1,0,20,2,4,1,-15.4741577,-70.1138208,0,0,7,1,2,2,2,2,2022,9,5,1,3,0,2,1762.84,2.0,1,0,0.0,9,32,485.0,0.5225679967471315,73.87568641139362,79.22999870887685,8.745562804731529,728.6643223924281,65445.28409703769,13642.312999999998,2020.7790000000005,2354.117,9267.416999999998,3314.0520000000006,10328.260999999997,24.29244952817019,LEVE,2
3,2,5,0,4,1,-5.256299,-78.823819,0,4,0,0,2,0,1,0,2022,9,5,1,4,0,2,7758.33400008,2.0,2,0,1.0,9,20,2133.0,0.3892940905457197,75.5719627800036,47.67488871800354,5.313057380273734,537.3986971669038,13817.460385438972,15935.565011852366,1733.9250000199986,935.692,13265.948011832368,2000.1670000199988,13935.398011832369,12.551591352627522,LEVE,2
1,1,1,2,4,1,-9.141556235369022,-77.74627407668684,0,4,7,1,2,2,2,0,2022,9,5,1,7,1,2,9936.932,2.0,2,0,1.0,9,32,3830.0,0.4225175571417921,72.0073136099048,61.38289654748469,6.311615395277217,572.3923378688387,21231.406852248398,10767.648,1885.0630000000003,1222.721,7659.864000000001,2100.343,8667.305000000002,19.506051832303577,LEVE,2
6,1,8,0,4,1,-13.324067,-75.007877,0,4,7,1,7,2,2,2,2022,9,5,1,11,1,2,151.11500000000004,1.0,1,3,0.0,9,32,37.0,0.2997946406100768,72.83003345209801,46.42647217987546,4.997510303405721,292.6881439974165,3327.8779443254816,8511.426,1445.3929999999996,2008.516,5057.516999999999,1879.579,6631.846999999998,22.08300935706896,GRAVE_MORTALIDAD,1
3,2,5,2,4,1,-6.65279051917876,-78.5430953793554,0,3,7,1,2,2,2,0,2022,9,5,1,18,2,2,9936.932,2.0,2,0,1.0,9,32,3830.0,0.3484871558022944,76.33677469666252,53.28672218475212,4.131981838863427,447.1658531581213,76209.5845824411,15935.565011852366,1733.9250000199986,935.692,13265.948011832368,2000.1670000199988,13935.398011832369,12.551591352627522,LEVE,2
0,1,11,2,4,1,-11.2436331,-74.6357376,0,0,1,1,2,2,2,4,2022,9,5,1,18,2,2,1040.6349999999998,1.0,1,2,0.0,9,32,141.0,0.5055535147670205,71.64834806655777,59.71661057761873,8.330220329942271,816.7465751821994,42934.03211991434,12264.545,1826.4639999999995,1105.5389999999998,9332.542,1588.5359999999996,10676.009,12.952261987705208,LEVE,2
1,1,22,2,2,4,-18.047503,-70.256461,0,0,1,1,2,2,2,0,2022,9,5,1,21,2,0,6543.555,2.0,4,4,1.0,14,33,1198.0,0.5563774842369664,77.00938809632027,69.10246351364754,8.476961866273152,914.8835608305218,27932.19700214133,2650.572,630.6729999999998,487.3610000000001,1532.5379999999998,1068.7019999999998,1581.87,40.31967439480987,LEVE,2
6,1,12,0,4,0,-7.897976195900697,-78.55427114356121,0,4,7,1,2,2,2,0,2022,9,5,1,22,2,0,6543.555,2.0,4,4,1.0,14,33,1198.0,0.3809823047796905,74.4473973089921,51.51705644975158,5.622573590650768,479.1502137748447,26695.141327623125,8931.828000000005,1335.5899999999997,1935.9830000000004,5660.255000000005,1219.309,7712.519000000005,13.651281686122925,GRAVE_LESIONADOS,0
3,2,21,2,4,1,-6.053877,-77.163105,0,0,7,1,2,2,2,2,2022,9,5,1,23,2,1,7758.33400008,2.0,2,0,1.0,9,20,2133.0,0.5963332411867256,73.80959983510441,63.34953560123128,8.251886446437874,1232.7304200473363,24031.167023554604,5645.136,815.0759999999999,965.298,3864.762,1013.406,4631.73,17.95184385283189,LEVE,2
2,1,5,0,4,1,-7.29905,-78.198676,0,4,7,1,2,2,2,0,2022,9,6,1,5,0,2,9936.932,2.0,2,0,1.0,9,32,3830.0,0.4160404978708171,68.76371319246165,57.446543719682,6.107473048719884,617.9908903297805,21466.32119914347,15935.565011852366,1733.9250000199986,935.692,13265.948011832368,2000.1670000199988,13935.398011832369,12.551591352627522,LEVE,2
3,1,19,0,4,1,-5.469913,-80.82344,0,4,7,1,2,2,2,2,2022,9,6,1,5,0,0,453.9549999999999,2.0,2,3,0.0,9,32,133.0,0.4078315256639867,72.18782112824292,57.15393862397758,6.1289994455100185,544.340202434044,15803.916488222698,8965.846000060003,1782.4120000599992,636.9959999999999,6546.438000000004,2214.505000059999,6751.341000000004,24.699342371541725,LEVE,2
6,1,9,2,4,2,-9.297458,-76.007617,0,3,0,1,4,2,2,0,2022,9,6,1,6,1,2,6543.555,2.0,4,4,1.0,14,33,1198.0,0.5694431606317135,72.41168816179938,63.20442727209492,8.663916362353174,1077.1214349169788,13147.148273155108,8209.057,1333.4779999999996,791.9770000000001,6083.602,1059.8589999999997,7149.198,12.910849565303296,LEVE,2
3,2,20,0,4,1,-16.160358801219843,-69.54606419761319,0,4,7,1,2,2,2,2,2022,9,6,1,6,1,2,7586.903,2.0,2,0,1.0,9,5,1198.0,0.2613641192883233,79.6090612964439,69.87345878214366,5.552108294960823,147.53606639786318,10083.702355460387,13642.312999999998,2020.7790000000005,2354.117,9267.416999999998,3314.0520000000006,10328.260999999997,24.29244952817019,GRAVE_MORTALIDAD,1
0,0,22,0,4,2,-17.284072339226906,-69.71149416272321,0,4,7,1,1,2,2,4,2022,9,6,1,8,1,0,6543.555,2.0,4,4,1.0,14,33,1198.0,0.479144354938278,77.10269572406608,76.83021049540254,8.144639641847931,567.9442590994697,3239.852248394004,2650.572,630.6729999999998,487.3610000000001,1532.5379999999998,1068.7019999999998,1581.87,40.31967439480987,LEVE,2
6,1,7,0,4,1,-14.349923,-71.177755,0,4,0,1,2,0,0,2,2022,9,6,1,9,1,2,7586.903,2.0,2,0,1.0,9,5,1198.0,0.3688068892893833,76.47283450634272,62.25751908213611,5.9696521090432615,372.1207781777657,9957.021413276232,17779.13499998999,2097.3709999899997,2863.123,12818.640999999989,2878.713,14900.421999989989,16.19152450331032,LEVE,2