CLASE SINIESTRO,CANTIDAD DE VEHICULOS DAÑADOS,DEPARTAMENTO,ZONA,TIPO DE VÍA,RED VIAL,COORDENADAS LATITUD,COORDENADAS  LONGITUD,CONDICIÓN CLIMÁTICA,ZONIFICACIÓN,CARACTERÍSTICAS DE VÍA,PERFIL LONGITUDINAL VÍA,SUPERFICIE DE CALZADA,¿EXISTE SEÑAL VERTICAL?,¿EXISTE SEÑAL HORIZONTAL?,CAUSA FACTOR PRINCIPAL,AÑO,MES,DIA_SEMANA,ES_FIN_SEMANA,HORA_NUM,FRANJA_HORARIA,REGION_NATURAL,MTC_RVN_LONGITUD_KM,MTC_RVN_N_CARRILES_MEDIANA,MTC_RVN_SUPERFICIE_DOMINANTE,MTC_RVN_ESTADO_DOMINANTE,MTC_RVN_ES_CONCESIONADA,MTC_RVN_CONCESION_PRINCIPAL,MTC_RVN_CORREDOR_LOGISTICO,MTC_RVN_N_TRAMOS,IDH_2019,IDH_ESP_VIDA_2019,IDH_EDUC_SECUND_PCT_2019,IDH_ANIOS_EDUC_2019,IDH_INGRESO_PERCAP_2019,IDH_POBLACION_2019,MTC_DEP_RED_TOTAL_KM,MTC_DEP_NACIONAL_TOTAL_KM,MTC_DEP_DEPARTAMENTAL_TOTAL_KM,MTC_DEP_VECINAL_TOTAL_KM,MTC_DEP_PAV_TOTAL_KM,MTC_DEP_NO_PAV_TOTAL_KM,MTC_DEP_PCT_PAVIMENTADA,CATEGORIA_SEVERIDAD,CATEGORIA_SEVERIDAD_ENC
6,1,7,0,4,3,-12.648293445410893,-72.56421178579332,0,4,2,1,7,2,2,2,2022,10,6,1,17,3,2,6543.555,2.0,4,4,1.0,14,33,1198.0,0.4297325556987851,76.15904795703717,58.63823936731875,6.097264629229048,579.625724446144,29458.58458244112,17779.13499998999,2097.3709999899997,2863.123,12818.640999999989,2878.713,14900.421999989989,16.19152450331032,LEVE,2
5,1,20,2,4,0,-16.2489088,-69.1005303,0,4,7,1,2,2,2,0,2022,10,6,1,18,2,2,6543.555,2.0,4,4,1.0,14,33,1198.0,0.4165447461855686,74.77127585660097,73.32833413464006,6.399479128468322,475.6850527085419,23516.528907922908,13642.312999999998,2020.7790000000005,2354.117,9267.416999999998,3314.0520000000006,10328.260999999997,24.29244952817019,LEVE,2
0,1,14,2,4,1,-10.94224418532031,-77.64774076130703,0,0,7,1,2,1,0,0,2022,10,6,1,19,2,0,6543.555,3.0,2,0,1.0,0,30,1475.0,0.6058977644686256,75.86009868534626,65.24867654925505,8.328201694517173,1216.0018080234922,26242.524625267662,7626.313,1683.4029999999998,1599.0829999999996,4343.827000000001,1814.875,5811.438000000001,23.797541485643197,LEVE,2
1,1,14,2,4,1,-12.022451784997166,-76.95885835454386,0,3,7,1,2,2,2,0,2022,10,6,1,20,2,0,875.67,2.0,2,0,1.0,3,14,156.0,0.701053025277506,79.62867561460851,73.1469484600971,10.064317505194426,1464.6926161541437,1150285.0494171206,7626.313,1683.4029999999998,1599.0829999999996,4343.827000000001,1814.875,5811.438000000001,23.797541485643197,LEVE,2
3,2,13,0,4,1,-6.6899555,-79.4646875,0,4,7,1,2,2,2,0,2022,10,0,0,0,0,0,919.085,2.0,2,3,0.0,9,7,218.0,0.5503029539517347,79.99127591066559,68.1090917289538,7.641427786921865,881.7633092588721,18003.3426124197,3459.691,515.0619999999999,689.7280000000001,2254.901,703.3549999999999,2756.336,20.329994788551925,GRAVE_LESIONADOS,0
3,1,5,2,4,1,-5.7047076,-78.8041574,0,3,7,1,2,2,2,0,2022,10,0,0,2,0,2,7758.33400008,2.0,2,0,1.0,9,20,2133.0,0.5803239946829384,74.49544278598792,68.33065356443184,8.733179344969395,1046.078117086984,102362.46895074946,15935.565011852366,1733.9250000199986,935.692,13265.948011832368,2000.1670000199988,13935.398011832369,12.551591352627522,LEVE,2
0,1,14,0,2,4,-11.996909369233885,-76.91709093354606,7,4,1,1,7,2,2,0,2022,10,0,0,8,1,0,6543.555,2.0,4,4,1.0,14,33,1198.0,0.6831952456039544,78.60873873772867,74.49000793376607,10.00420210847705,1376.0472418044385,255143.7301927195,7626.313,1683.4029999999998,1599.0829999999996,4343.827000000001,1814.875,5811.438000000001,23.797541485643197,LEVE,2
0,1,14,2,2,4,-12.130523658979168,-77.01954063132389,0,3,7,1,2,2,2,0,2022,10,0,0,10,1,0,6543.555,2.0,4,4,1.0,14,33,1198.0,0.8326399351216524,80.31446032722859,77.78409882620639,13.96507415980228,1925.7868972542449,87898.66595289079,7626.313,1683.4029999999998,1599.0829999999996,4343.827000000001,1814.875,5811.438000000001,23.797541485643197,LEVE,2
0,1,14,2,2,4,-11.94860933473234,-77.08060378550886,0,0,1,1,2,2,2,0,2022,10,0,0,13,3,0,6543.555,2.0,4,4,1.0,14,33,1198.0,0.758462599563312,80.5192231989937,79.20045639149897,11.33839041452458,1628.5661148492152,363987.54389721627,7626.313,1683.4029999999998,1599.0829999999996,4343.827000000001,1814.875,5811.438000000001,23.797541485643197,LEVE,2
0,1,11,2,4,1,-12.056469,-75.223212,0,0,7,1,2,2,2,4,2022,10,0,0,14,3,2,7586.903,2.0,2,0,1.0,9,5,1198.0,0.6349620447591086,73.34739425042062,78.85040671556425,11.216598893401857,1118.0127433957432,167365.50535331905,12264.545,1826.4639999999995,1105.5389999999998,9332.542,1588.5359999999996,10676.009,12.952261987705208,LEVE,2
0,1,4,2,2,4,-13.15671563,-74.23178522,0,3,7,1,2,2,2,2,2022,10,0,0,14,3,2,6543.555,2.0,4,4,1.0,14,33,1198.0,0.5506252633070053,69.90928763641818,75.08622643893038,10.15415260514822,862.2051674470921,104520.79871520343,12678.733000000004,1805.074000000001,1774.0339999999994,9099.625000000004,2485.375000000001,10193.358000000002,19.602707936195205,LEVE,2
6,1,13,0,4,2,-6.5340993,-79.8511198,0,4,7,1,7,2,2,0,2022,10,0,0,17,3,0,6543.555,2.0,4,4,1.0,14,33,1198.0,0.4530607633213016,76.60203660440479,57.768100495203775,6.835929280138066,623.8856963091697,18730.47537473233,3459.691,515.0619999999999,689.7280000000001,2254.901,703.3549999999999,2756.336,20.329994788551925,LEVE,2
0,1,22,2,4,1,-17.988221,-70.249818,0,0,7,1,2,2,2,2,2022,10,0,0,18,2,0,1139.285,1.0,1,3,0.0,9,32,176.0,0.6032564872134053,77.72075801274941,75.5365068569389,10.04753185941615,964.8143690551144,34456.60813704497,2650.572,630.6729999999998,487.3610000000001,1532.5379999999998,1068.7019999999998,1581.87,40.31967439480987,LEVE,2
1,1,1,0,4,1,-9.42186241971136,-78.36607663519267,0,4,7,1,2,2,2,0,2022,10,1,0,1,0,2,6543.555,3.0,2,0,1.0,0,30,1475.0,0.5251751210310205,77.14627034141115,56.67845536974452,7.010859306686808,935.819648213232,1908.370449678801,10767.648,1885.0630000000003,1222.721,7659.864000000001,2100.343,8667.305000000002,19.506051832303577,LEVE,2
6,1,12,0,4,1,-8.92813500059261,-78.63566665364824,0,4,7,1,2,2,2,2,2022,10,1,0,6,1,0,6543.555,3.0,2,0,1.0,0,30,1475.0,0.4867987483268106,77.5825534369154,52.95148122709723,6.150547060309878,840.5788229266196,9838.736616702356,8931.828000000005,1335.5899999999997,1935.9830000000004,5660.255000000005,1219.309,7712.519000000005,13.651281686122925,LEVE,2
3,1,22,0,4,2,-17.7910127,-70.517441,0,4,7,1,2,2,2,2,2022,10,1,0,7,1,0,6543.555,2.0,4,4,1.0,14,33,1198.0,0.5351038051162289,74.47872539152038,73.79553770891575,8.396237512668874,817.2485508728926,6518.295503211992,2650.572,630.6729999999998,487.3610000000001,1532.5379999999998,1068.7019999999998,1581.87,40.31967439480987,LEVE,2
3,2,11,0,4,1,-11.764219,-75.711394,0,4,0,0,2,1,1,2,2022,10,1,0,11,1,2,7586.903,2.0,2,0,1.0,9,5,1198.0,0.4545643050211295,68.73444804749025,55.05670880126828,7.076811092931955,737.237129067086,1424.8051391862955,12264.545,1826.4639999999995,1105.5389999999998,9332.542,1588.5359999999996,10676.009,12.952261987705208,GRAVE_MORTALIDAD,1
3,2,20,0,4,1,-15.545403800470606,-70.11054538351236,0,4,7,1,2,2,2,2,2022,10,1,0,14,3,2,7586.903,2.0,2,0,1.0,9,5,1198.0,0.3646929504779869,74.39003066237748,63.71456574957328,5.594162012040831,387.0285253251433,5552.2119914346895,13642.312999999998,2020.7790000000005,2354.117,9267.416999999998,3314.0520000000006,10328.260999999997,24.29244952817019,GRAVE_MORTALIDAD,1
3,2,19,0,4,1,-4.836175209450524,-80.29283881953421,0,4,7,1,2,2,2,2,2022,10,1,0,22,2,0,640.6200000000001,2.0,2,3,0.0,9,32,72.0,0.459857589992435,80.72202071327797,50.86886521100652,5.65389066385764,729.6720832259953,125429.93361884369,8965.846000060003,1782.4120000599992,636.9959999999999,6546.438000000004,2214.505000059999,6751.341000000004,24.699342371541725,LEVE,2
3,2,16,2,4,2,-12.567469,-69.199298,0,3,7,1,7,2,2,0,2022,10,2,0,4,0,1,6543.555,2.0,4,4,1.0,14,33,1198.0,0.6331639735785386,72.20641129524063,67.6175404202189,10.029362591344883,1305.419538589062,88506.68094218415,2090.391,399.431,340.021,1350.9389999999996,493.824,1596.5669999999996,23.62352306338862,LEVE,2
0,0,6,2,4,1,-12.0564581,-77.144569917,0,3,7,1,4,0,1,4,2022,10,2,0,14,3,0,139.23,-1.0,2,0,0.0,9,32,69.0,0.5563774842369664,77.00938809632027,69.10246351364754,8.476961866273152,914.8835608305218,27932.19700214133,51.58600000000001,44.68700000000001,6.899000000000001,0.0,49.838000000000015,1.748,96.61148373589734,LEVE,2
3,1,14,2,2,4,-12.1451181041005,-76.95310168313546,0,0,1,1,2,2,2,0,2022,10,2,0,15,3,0,6543.555,2.0,4,4,1.0,14,33,1198.0,0.689811994580126,79.88015655965044,73.89553442371854,9.755251380104111,1409.8432274455126,452660.364025696,7626.313,1683.4029999999998,1599.0829999999996,4343.827000000001,1814.875,5811.438000000001,23.797541485643197,LEVE,2
0,1,19,2,2,4,-5.191115,-80.618108,0,4,7,1,1,2,2,0,2022,10,2,0,18,2,0,6543.555,2.0,4,4,1.0,14,33,1198.0,0.6220812987247925,80.20155828147696,72.71675503872983,10.02377668600292,1028.915688621886,159840.92719486082,8965.846000060003,1782.4120000599992,636.9959999999999,6546.438000000004,2214.505000059999,6751.341000000004,24.699342371541725,LEVE,2
3,3,13,2,4,1,-6.702838872057488,-79.9027044106271,0,3,1,1,2,2,2,0,2022,10,3,0,19,2,0,6543.555,3.0,2,0,1.0,0,30,1475.0,0.5539280527450423,74.69452916859504,66.89728158703436,9.542777400516576,872.5509264417765,79617.09421841543,3459.691,515.0619999999999,689.7280000000001,2254.901,703.3549999999999,2756.336,20.329994788551925,LEVE,2
3,2,19,2,2,4,-5.2005395,-80.6319879,0,4,7,1,2,2,2,0,2022,10,3,0,20,2,0,6543.555,2.0,4,4,1.0,14,33,1198.0,0.6582040223794163,78.74105515718446,77.3206684883171,11.334167841567446,1124.177237253568,178905.3426124197,8965.846000060003,1782.4120000599992,636.9959999999999,6546.438000000004,2214.505000059999,6751.341000000004,24.699342371541725,LEVE,2
10,1,11,0,4,1,-11.334264671255134,-74.5111546913697,0,4,0,0,7,2,2,2,2022,10,3,0,21,2,2,5768.608,2.0,3,1,0.0,9,32,365.0,0.4285012061956566,75.41084938147766,60.01133023046341,7.293281496635318,514.084282951313,59216.39149500083,12264.545,1826.4639999999995,1105.5389999999998,9332.542,1588.5359999999996,10676.009,12.952261987705208,LEVE,2
6,1,19,2,2,4,-5.180545,-80.631048,0,4,7,1,1,2,2,0,2022,10,3,0,23,2,0,6543.555,2.0,4,4,1.0,14,33,1198.0,0.6582040223794163,78.74105515718446,77.3206684883171,11.334167841567446,1124.177237253568,178905.3426124197,8965.846000060003,1782.4120000599992,636.9959999999999,6546.438000000004,2214.505000059999,6751.341000000004,24.699342371541725,LEVE,2
6,1,11,0,4,2,-11.755389,-75.605817,0,4,0,0,7,2,2,2,2022,10,4,0,4,0,2,6543.555,2.0,4,4,1.0,14,33,1198.0,0.2473720078845581,70.38327850437982,54.15413980452618,5.096173029467903,174.13849799855612,458.31263383297664,12264.545,1826.4639999999995,1105.5389999999998,9332.542,1588.5359999999996,10676.009,12.952261987705208,GRAVE_MORTALIDAD,1
3,2,11,2,4,1,-12.016419,-75.243433,0,2,7,0,2,2,2,2,2022,10,4,0,4,0,2,7586.903,2.0,2,0,1.0,9,5,1198.0,0.5488941163958694,71.8562826306529,78.17729670805694,9.458372361545935,838.8993520480587,14173.7408993576,12264.545,1826.4639999999995,1105.5389999999998,9332.542,1588.5359999999996,10676.009,12.952261987705208,GRAVE_MORTALIDAD,1
6,1,12,0,4,2,-7.585258,-77.778588,0,4,7,1,7,2,2,0,2022,10,4,0,5,0,0,6543.555,2.0,4,4,1.0,14,33,1198.0,0.1577696273838295,73.34939757302345,20.34278702044506,2.804184440523219,135.15658506181953,13367.980728051392,8931.828000000005,1335.5899999999997,1935.9830000000004,5660.255000000005,1219.309,7712.519000000005,13.651281686122925,GRAVE_MORTALIDAD,1
6,1,2,2,4,1,-13.489784,-73.813201,0,3,0,1,2,1,1,2,2022,10,4,0,10,1,2,7586.903,2.0,2,0,1.0,9,5,1198.0,0.3687692793347881,69.59860754967796,73.14728972174629,6.12358991329654,387.3983639098725,8149.610278372591,8358.971,1282.451,1298.0969999999998,5778.423,1432.683,6926.288,17.139466089785454,LEVE,2
6,1,19,0,4,1,-4.796714912300754,-80.9405978393252,7,4,7,1,2,2,2,5,2022,10,4,0,18,2,0,6543.555,3.0,2,0,1.0,0,30,1475.0,0.5025299574090488,79.01836286278046,64.36359193150619,6.446953315269822,792.0987111400227,21809.66595289079,8965.846000060003,1782.4120000599992,636.9959999999999,6546.438000000004,2214.505000059999,6751.341000000004,24.699342371541725,LEVE,2
3,2,13,0,4,1,-6.4314563,-80.1601104,0,4,7,1,2,2,2,0,2022,10,4,0,19,2,0,6543.555,3.0,2,0,1.0,0,30,1475.0,0.3879800350664534,75.68222437543551,50.64551119758177,4.891651630735472,548.2382997194167,48902.40256959316,3459.691,515.0619999999999,689.7280000000001,2254.901,703.3549999999999,2756.336,20.329994788551925,GRAVE_LESIONADOS,0
3,3,22,2,4,1,-17.995516,-70.221094,7,3,1,0,2,0,1,2,2022,10,5,1,7,1,0,800.5849999999999,2.0,2,0,0.0,9,32,395.0,0.6459537660139725,77.26780813336003,75.82574306842042,10.521084343378767,1152.6061447613129,17645.51391862955,2650.572,630.6729999999998,487.3610000000001,1532.5379999999998,1068.7019999999998,1581.87,40.31967439480987,GRAVE_MORTALIDAD,1
3,2,24,0,4,0,-8.606224,-74.99472,0,4,7,0,2,2,2,2,2022,10,5,1,7,1,1,6543.555,2.0,4,4,1.0,14,33,1198.0,0.455819151912579,82.51053870089717,45.8834274326626,5.977568197376851,697.9074759093293,7288.490006576486,2689.139,392.697,1311.5319999999997,984.91,261.598,2427.541,9.727946379863592,LEVE,2
3,1,19,0,4,1,-5.129888,-80.120564,0,4,7,1,2,2,2,2,2022,10,5,1,18,2,0,892.7650002999999,-1.0,1,0,0.0,9,32,790.0,0.4653748048968089,74.19666709322776,61.11371397478021,6.596218102126203,701.9088264424688,75914.02997858672,8965.846000060003,1782.4120000599992,636.9959999999999,6546.438000000004,2214.505000059999,6751.341000000004,24.699342371541725,LEVE,2
1,1,20,2,2,4,-15.8470735,-70.0177107,0,1,7,1,2,0,1,2,2022,10,5,1,19,2,2,6543.555,2.0,4,4,1.0,14,33,1198.0,0.6488901960567479,69.67312345830231,82.12448375199249,11.701623814093702,1230.336353415943,144745.3597430407,13642.312999999998,2020.7790000000005,2354.117,9267.416999999998,3314.0520000000006,10328.260999999997,24.29244952817019,LEVE,2
0,1,14,2,2,4,-12.33011711643208,-76.82310101724002,0,2,7,1,2,2,2,0,2022,10,5,1,22,2,0,6543.555,2.0,4,4,1.0,14,33,1198.0,0.6959889140821508,77.1307027422061,67.89627023388005,10.144340935046175,1549.2819792545554,12550.856531049252,7626.313,1683.4029999999998,1599.0829999999996,4343.827000000001,1814.875,5811.438000000001,23.797541485643197,LEVE,2
3,1,11,2,4,1,-11.067801149852883,-75.33676024143207,0,0,7,1,2,2,2,2,2022,10,6,1,1,0,2,600.0300000000001,2.0,2,0,0.0,9,8,178.0,0.587430624814192,75.05837214886559,65.27778442559935,9.160286843623986,1064.616047731197,24595.453961456104,12264.545,1826.4639999999995,1105.5389999999998,9332.542,1588.5359999999996,10676.009,12.952261987705208,LEVE,2
6,1,12,0,4,2,-7.96199573041572,-79.21728982673376,0,4,7,1,2,2,2,0,2022,10,6,1,4,0,0,6543.555,2.0,4,4,1.0,14,33,1198.0,0.6175807721294785,78.68058667122713,72.13823415758,9.27691307330927,1088.0099421422665,19535.08137044968,8931.828000000005,1335.5899999999997,1935.9830000000004,5660.255000000005,1219.309,7712.519000000005,13.651281686122925,LEVE,2
3,2,7,0,4,1,-13.731879285753203,-71.60063693181013,0,4,0,1,2,1,1,2,2022,10,6,1,4,0,2,7586.903,2.0,2,0,1.0,9,5,1198.0,0.4629184740681672,65.5665792285447,72.8013940331536,7.251714555673934,719.1023705109678,7985.920770877943,17779.13499998999,2097.3709999899997,2863.123,12818.640999999989,2878.713,14900.421999989989,16.19152450331032,LEVE,2
3,2,21,0,4,1,-6.040358,-77.190356,0,4,7,1,2,2,2,2,2022,10,6,1,6,1,1,7758.33400008,2.0,2,0,1.0,9,20,2133.0,0.5963332411867256,73.80959983510441,63.34953560123128,8.251886446437874,1232.7304200473363,24031.167023554604,5645.136,815.0759999999999,965.298,3864.762,1013.406,4631.73,17.95184385283189,LEVE,2
6,1,1,0,4,1,-9.770923,-78.234891,0,4,7,1,2,1,0,0,2022,10,6,1,7,1,2,6543.555,3.0,2,0,1.0,0,30,1475.0,0.5873460606982213,78.04758132038613,65.8701248560095,8.596987164492063,1041.0659985770535,35482.29764453961,10767.648,1885.0630000000003,1222.721,7659.864000000001,2100.343,8667.305000000002,19.506051832303577,GRAVE_MORTALIDAD,1
6,1,11,0,4,1,-11.599837,-76.173188,0,4,7,1,2,0,1,2,2022,10,6,1,9,1,2,875.67,2.0,2,0,1.0,3,14,156.0,0.727764014102057,80.04798576459473,69.54405534495044,10.377666215391256,1632.8207901729563,4146.224839400427,12264.545,1826.4639999999995,1105.5389999999998,9332.542,1588.5359999999996,10676.009,12.952261987705208,LEVE,2
3,2,7,0,4,0,-14.284698,-72.038057,0,4,7,1,2,2,2,2,2022,10,6,1,11,1,2,6543.555,2.0,4,4,1.0,14,33,1198.0,0.3582063239468129,73.72125513625039,50.68912238545782,4.370934077592676,495.5648271945098,7210.27408993576,17779.13499998999,2097.3709999899997,2863.123,12818.640999999989,2878.713,14900.421999989989,16.19152450331032,LEVE,2
6,1,2,0,4,1,-14.5016661956099,-73.2561679933871,6,5,6,2,6,2,2,0,2022,10,6,1,15,3,2,2238.6850000000004,2.0,2,0,1.0,4,27,115.0,0.3664074671664916,64.98461839600242,49.21626723104894,6.514538355458617,485.1304734113088,4508.062098501071,8358.971,1282.451,1298.0969999999998,5778.423,1432.683,6926.288,17.139466089785454,LEVE,2
10,1,12,0,4,0,-8.48203893350164,-78.41339012786472,0,4,7,1,1,2,2,0,2022,10,6,1,16,3,0,6543.555,2.0,4,4,1.0,14,33,1198.0,0.4971504606547645,77.79759708660042,46.44666297237219,6.322206801902116,929.9716106661404,44368.59100642397,8931.828000000005,1335.5899999999997,1935.9830000000004,5660.255000000005,1219.309,7712.519000000005,13.651281686122925,GRAVE_LESIONADOS,0
3,2,3,0,4,1,-16.426715,-72.260806,0,4,7,1,2,0,1,0,2022,10,6,1,16,3,0,6639.975,2.0,2,0,1.0,9,31,1616.0,0.6077843615696785,76.53072135400231,69.81276959706165,8.77367759087771,1135.5159013374655,74658.55888650964,10322.272,1495.236,1749.739,7077.2970000000005,2886.595,7435.677000000001,27.964725207783708,LEVE,2
0,1,12,0,4,1,-8.508694,-78.687557,0,4,7,1,2,2,2,4,2022,10,6,1,19,2,0,6543.555,3.0,2,0,1.0,0,30,1475.0,0.4971504606547645,77.79759708660042,46.44666297237219,6.322206801902116,929.9716106661404,44368.59100642397,8931.828000000005,1335.5899999999997,1935.9830000000004,5660.255000000005,1219.309,7712.519000000005,13.651281686122925,LEVE,2
6,1,12,0,4,1,-8.105556921897492,-78.99334986361261,0,4,7,1,2,2,2,2,2022,10,6,1,22,2,0,610.6099999999999,2.0,2,0,1.0,8,29,100.0,0.5929579484728337,80.24150924632623,64.75837382721711,8.51830466766158,1043.4182142665843,34739.39614561028,8931.828000000005,1335.5899999999997,1935.9830000000004,5660.255000000005,1219.309,7712.519000000005,13.651281686122925,LEVE,2
3,1,7,0,4,2,-13.38813221163884,-71.61808936915784,0,4,7,0,1,2,2,6,2022,10,6,1,22,2,2,6543.555,2.0,4,4,1.0,14,33,1198.0,0.1747449791455621,66.07525625481001,55.64270134274993,2.969749914946193,124.74196388442545,9397.970021413275,17779.13499998999,2097.3709999899997,2863.123,12818.640999999989,2878.713,14900.421999989989,16.19152450331032,LEVE,2
6,1,12,2,4,0,-8.033388,-78.535377,0,0,7,1,2,2,2,0,2022,10,6,1,23,2,0,6543.555,2.0,4,4,1.0,14,33,1198.0,0.3207636111801678,78.46606461412092,53.09073443513023,4.688609411772043,312.80216892871186,2776.0064239828694,8931.828000000005,1335.5899999999997,1935.9830000000004,5660.255000000005,1219.309,7712.519000000005,13.651281686122925,LEVE,2
5,1,13,0,4,1,-6.5785914,-79.8746824,0,4,7,1,2,2,2,0,2022,10,0,0,3,0,0,1305.18,2.0,2,0,1.0,1,20,163.0,0.4530607633213016,76.60203660440479,57.768100495203775,6.835929280138066,623.8856963091697,18730.47537473233,3459.691,515.0619999999999,689.7280000000001,2254.901,703.3549999999999,2756.336,20.329994788551925,GRAVE_LESIONADOS,0
0,1,7,0,4,1,-13.489434883491962,-72.24052265359757,0,4,7,1,2,1,1,2,2022,10,0,0,6,1,2,7586.903,2.0,2,0,1.0,9,5,1198.0,0.429914756045985,74.25916870636927,79.51566557864805,7.366336486335375,462.32789717794617,3225.312633832976,17779.13499998999,2097.3709999899997,2863.123,12818.640999999989,2878.713,14900.421999989989,16.19152450331032,LEVE,2
6,1,1,0,4,0,-9.473790857008252,-77.14136172349451,0,4,0,0,2,2,2,1,2022,10,0,0,11,1,2,6543.555,2.0,4,4,1.0,14,33,1198.0,0.3794874893089032,76.648045412086,70.83872031210734,5.505732984554212,398.98076151385374,2725.843683083512,10767.648,1885.0630000000003,1222.721,7659.864000000001,2100.343,8667.305000000002,19.506051832303577,LEVE,2
2,1,6,2,2,4,-11.9182403,-77.13930413,2,0,7,1,2,2,2,2,2022,10,1,0,2,0,0,6543.555,2.0,4,4,1.0,14,33,1198.0,0.5563774842369664,77.00938809632027,69.10246351364754,8.476961866273152,914.8835608305218,27932.19700214133,51.58600000000001,44.68700000000001,6.899000000000001,0.0,49.838000000000015,1.748,96.61148373589734,LEVE,2
6,1,12,0,4,1,-7.778838,-77.76138,0,4,7,1,7,2,2,2,2022,10,1,0,5,0,0,1688.589,1.0,1,3,0.0,9,32,287.0,0.207075822859255,73.60541053493367,29.73929277754871,3.1136136928384035,197.8983803570278,9081.543897216274,8931.828000000005,1335.5899999999997,1935.9830000000004,5660.255000000005,1219.309,7712.519000000005,13.651281686122925,GRAVE_MORTALIDAD,1
0,1,24,2,4,1,-8.384031,-74.54604,0,0,7,1,5,2,2,4,2022,10,1,0,11,1,1,1169.3919999999998,2.0,3,1,0.0,9,32,75.0,0.5634769861561197,73.0016356967691,60.42057392437736,9.668331643433834,987.6889044977592,126065.34475374733,2689.139,392.697,1311.5319999999997,984.91,261.598,2427.541,9.727946379863592,LEVE,2
0,1,20,0,4,1,-15.96115275585092,-69.81569065508157,0,4,7,1,2,2,2,4,2022,10,1,0,15,3,2,7586.903,2.0,2,0,1.0,9,5,1198.0,0.3247057995130503,73.24682709519536,76.81044161661171,6.507336567861034,242.9773157546694,24872.03426124197,13642.312999999998,2020.7790000000005,2354.117,9267.416999999998,3314.0520000000006,10328.260999999997,24.29244952817019,LEVE,2
6,1,14,2,2,4,-12.00789,-77.082345,6,5,6,2,6,2,2,0,2022,10,1,0,19,2,0,6543.555,2.0,4,4,1.0,14,33,1198.0,0.7419979630670723,80.31822295927182,79.00446395716813,11.084203715652809,1554.6868971011318,739416.2413542903,7626.313,1683.4029999999998,1599.0829999999996,4343.827000000001,1814.875,5811.438000000001,23.797541485643197,LEVE,2
6,1,10,0,4,1,-14.00055522161072,-75.76813952987881,0,4,7,1,2,2,2,0,2022,10,2,0,19,2,0,6639.975,2.0,2,0,1.0,9,31,1616.0,0.6053164595604621,78.88848309050202,67.63954639531094,9.133324993872453,1064.9426147896202,27932.19700214133,3721.461,698.1859999999996,744.866,2278.409,1102.9029999999996,2618.558,29.636290693359403,GRAVE_LESIONADOS,0
4,1,17,0,4,2,-17.079439816526428,-70.84838394365939,0,4,7,0,2,1,0,2,2022,10,2,0,22,2,0,6543.555,2.0,4,4,1.0,14,33,1198.0,0.7437783195988382,76.5026824093639,70.73844073684616,10.36528940158256,1843.898839438545,5470.319057815847,2949.174,470.28500000000025,903.055,1575.834,866.4460000000004,2082.728,29.37927704503025,LEVE,2
6,1,12,2,2,4,-8.084082903826076,-79.04408476444254,0,0,7,1,2,2,2,2,2022,10,3,0,3,0,0,6543.555,2.0,4,4,1.0,14,33,1198.0,0.5961574154611067,78.8610661942771,67.40352037574897,9.291971962737568,1010.620438228636,197397.5888650964,8931.828000000005,1335.5899999999997,1935.9830000000004,5660.255000000005,1219.309,7712.519000000005,13.651281686122925,LEVE,2
3,1,15,2,4,1,-3.7437743,-73.2424293,0,0,7,1,2,2,2,2,2022,10,3,0,14,3,1,940.74300002,-1.0,3,1,0.0,9,32,41.0,0.6598204400488458,74.39325093062702,69.69813044898703,12.74033149882924,1208.8057293272177,145540.50535331905,1095.5949999999998,128.87099999999998,320.74700000000007,645.9769999999999,274.214,821.381,25.02877431897737,LEVE,2
3,1,11,0,4,1,-11.19766679326466,-74.66462006310384,0,4,7,1,2,2,2,2,2022,10,3,0,16,3,2,5768.608,2.0,3,1,0.0,9,32,365.0,0.3896449199426799,73.52944498752588,58.12847486528723,6.818497881997056,432.7706547473175,27485.456102783723,12264.545,1826.4639999999995,1105.5389999999998,9332.542,1588.5359999999996,10676.009,12.952261987705208,LEVE,2
3,1,11,2,4,2,-12.05742,-75.272283,0,4,7,1,2,0,1,2,2022,10,3,0,18,2,2,6543.555,2.0,4,4,1.0,14,33,1198.0,0.5484926229087004,71.68710358104774,72.11550957589158,9.507801722229406,870.5033230695167,21173.26124197002,12264.545,1826.4639999999995,1105.5389999999998,9332.542,1588.5359999999996,10676.009,12.952261987705208,LEVE,2
0,1,15,2,3,4,-3.7403536,-73.2517471,0,4,7,1,2,2,2,2,2022,10,3,0,20,2,1,6543.555,2.0,4,4,1.0,14,33,1198.0,0.6598204400488458,74.39325093062702,69.69813044898703,12.74033149882924,1208.8057293272177,145540.50535331905,1095.5949999999998,128.87099999999998,320.74700000000007,645.9769999999999,274.214,821.381,25.02877431897737,LEVE,2
3,2,18,2,4,1,-10.7163567172497,-76.24258502249458,0,0,7,0,2,2,2,0,2022,10,4,0,3,0,2,9936.932,2.0,2,0,1.0,9,32,3830.0,0.5805253598893406,74.66498669929555,82.07781502412205,10.686501342577069,847.9190726497948,24464.70877944325,3677.119863,564.5869999999999,910.845,2201.687863000001,590.8779999999998,3086.2418630000006,16.06904376290656,LEVE,2