CLASE SINIESTRO,CANTIDAD DE VEHICULOS DAÑADOS,DEPARTAMENTO,ZONA,TIPO DE VÍA,RED VIAL,COORDENADAS LATITUD,COORDENADAS  LONGITUD,CONDICIÓN CLIMÁTICA,ZONIFICACIÓN,CARACTERÍSTICAS DE VÍA,PERFIL LONGITUDINAL VÍA,SUPERFICIE DE CALZADA,¿EXISTE SEÑAL VERTICAL?,¿EXISTE SEÑAL HORIZONTAL?,CAUSA FACTOR PRINCIPAL,AÑO,MES,DIA_SEMANA,ES_FIN_SEMANA,HORA_NUM,FRANJA_HORARIA,REGION_NATURAL,MTC_RVN_LONGITUD_KM,MTC_RVN_N_CARRILES_MEDIANA,MTC_RVN_SUPERFICIE_DOMINANTE,MTC_RVN_ESTADO_DOMINANTE,MTC_RVN_ES_CONCESIONADA,MTC_RVN_CONCESION_PRINCIPAL,MTC_RVN_CORREDOR_LOGISTICO,MTC_RVN_N_TRAMOS,IDH_2019,IDH_ESP_VIDA_2019,IDH_EDUC_SECUND_PCT_2019,IDH_ANIOS_EDUC_2019,IDH_INGRESO_PERCAP_2019,IDH_POBLACION_2019,MTC_DEP_RED_TOTAL_KM,MTC_DEP_NACIONAL_TOTAL_KM,MTC_DEP_DEPARTAMENTAL_TOTAL_KM,MTC_DEP_VECINAL_TOTAL_KM,MTC_DEP_PAV_TOTAL_KM,MTC_DEP_NO_PAV_TOTAL_KM,MTC_DEP_PCT_PAVIMENTADA,CATEGORIA_SEVERIDAD,CATEGORIA_SEVERIDAD_ENC
1,1,14,2,6,4,-12.061313795338776,-77.01557143153546,0,0,1,1,2,2,2,0,2022,11,3,0,19,2,0,6543.555,2.0,4,4,1.0,14,33,1198.0,0.7646845961658533,80.23682119426338,77.96082737891015,12.014176158371615,1633.787715186093,250806.0877944326,7626.313,1683.4029999999998,1599.0829999999996,4343.827000000001,1814.875,5811.438000000001,23.797541485643197,LEVE,2
0,1,1,0,4,1,-9.270052555325533,-77.67497629401554,0,4,0,0,2,1,0,0,2022,11,4,0,1,0,2,9936.932,2.0,2,0,1.0,9,32,3830.0,0.4587978361428124,78.55357819250929,75.00490137952089,6.798229716455806,554.0808499913494,3284.7344753747325,10767.648,1885.0630000000003,1222.721,7659.864000000001,2100.343,8667.305000000002,19.506051832303577,LEVE,2
3,2,12,2,2,4,-8.074238,-79.047902,0,0,1,1,2,2,2,2,2022,11,4,0,7,1,0,6543.555,2.0,4,4,1.0,14,33,1198.0,0.5961574154611067,78.8610661942771,67.40352037574897,9.291971962737568,1010.620438228636,197397.5888650964,8931.828000000005,1335.5899999999997,1935.9830000000004,5660.255000000005,1219.309,7712.519000000005,13.651281686122925,LEVE,2
0,1,20,0,4,0,-16.937467874493013,-69.38600035749663,0,4,0,1,2,2,2,2,2022,11,4,0,8,1,2,6543.555,2.0,4,4,1.0,14,33,1198.0,0.2696974815108578,74.9186375943287,70.46996830894382,7.028380784760885,149.10236657806718,10986.09421841542,13642.312999999998,2020.7790000000005,2354.117,9267.416999999998,3314.0520000000006,10328.260999999997,24.29244952817019,LEVE,2
3,2,5,0,4,1,-7.20511167,-78.93261833,0,3,0,0,2,0,1,2,2022,11,4,0,12,3,2,887.28,2.0,2,0,1.0,8,17,155.0,0.4095613714220312,69.95619674953491,51.15883533026865,6.044934648261815,612.9415521199578,3213.601713062099,15935.565011852366,1733.9250000199986,935.692,13265.948011832368,2000.1670000199988,13935.398011832369,12.551591352627522,LEVE,2
3,2,5,0,4,1,-5.7514041,-78.790566,0,4,7,1,2,2,2,0,2022,11,4,0,14,3,2,7758.33400008,2.0,2,0,1.0,9,20,2133.0,0.5803239946829384,74.49544278598792,68.33065356443184,8.733179344969395,1046.078117086984,102362.46895074946,15935.565011852366,1733.9250000199986,935.692,13265.948011832368,2000.1670000199988,13935.398011832369,12.551591352627522,LEVE,2
0,1,14,2,2,4,-12.21868577027267,-76.94013918025463,0,3,1,0,2,2,2,0,2022,11,4,0,14,3,0,6543.555,2.0,4,4,1.0,14,33,1198.0,0.6990481232857558,80.14597904142546,74.3851677794309,10.004397644056358,1432.5044292531525,459161.0728051392,7626.313,1683.4029999999998,1599.0829999999996,4343.827000000001,1814.875,5811.438000000001,23.797541485643197,LEVE,2
6,1,19,0,4,1,-5.840359,-80.850268,0,4,7,1,2,2,2,2,2022,11,4,0,14,3,0,453.9549999999999,2.0,2,3,0.0,9,32,133.0,0.4860724693701166,72.15814961491549,57.86687952143938,7.507596134322599,781.8218439197168,48691.10064239828,8965.846000060003,1782.4120000599992,636.9959999999999,6546.438000000004,2214.505000059999,6751.341000000004,24.699342371541725,LEVE,2
0,1,22,2,2,4,-18.003813,-70.258094,0,0,7,0,2,1,0,2,2022,11,4,0,15,3,0,6543.555,2.0,4,4,1.0,14,33,1198.0,0.6966125262955101,76.67066141771582,75.49195828278967,11.654573086271489,1371.819928142763,74177.24411134903,2650.572,630.6729999999998,487.3610000000001,1532.5379999999998,1068.7019999999998,1581.87,40.31967439480987,LEVE,2
6,1,14,2,4,1,-12.275870433639133,-76.89007762093257,0,2,7,1,2,2,2,0,2022,11,4,0,17,3,0,6639.975,2.0,2,0,1.0,9,31,1616.0,0.6909236767275176,78.41626133969348,70.97436336767564,9.826485374940413,1476.8351947609171,95908.53319057816,7626.313,1683.4029999999998,1599.0829999999996,4343.827000000001,1814.875,5811.438000000001,23.797541485643197,GRAVE_LESIONADOS,0
3,2,22,0,4,2,-17.858745,-70.555653,0,4,7,1,2,2,2,2,2022,11,4,0,18,2,0,6543.555,2.0,4,4,1.0,14,33,1198.0,0.5526222945995614,74.2498786138685,70.50025041365525,8.75355945120394,897.5682559826355,2956.51391862955,2650.572,630.6729999999998,487.3610000000001,1532.5379999999998,1068.7019999999998,1581.87,40.31967439480987,LEVE,2
1,1,11,0,4,1,-12.032325,-75.264093,0,4,7,1,2,0,1,2,2022,11,4,0,23,2,2,196.88,2.0,2,0,1.0,3,32,35.0,0.5285636336071157,73.42501182291251,72.99402084998901,8.480900339546155,804.6146188752779,13113.002141327624,12264.545,1826.4639999999995,1105.5389999999998,9332.542,1588.5359999999996,10676.009,12.952261987705208,LEVE,2
3,1,14,2,2,4,-12.0770287,-77.0938125,0,0,7,1,2,1,0,0,2022,11,5,1,5,0,0,6543.555,2.0,4,4,1.0,14,33,1198.0,0.8224006497057281,80.32617651391924,76.66408959706945,12.77635923087604,1966.554093175902,146885.81156316918,7626.313,1683.4029999999998,1599.0829999999996,4343.827000000001,1814.875,5811.438000000001,23.797541485643197,LEVE,2
0,1,10,2,4,1,-14.20654449242348,-75.71407415451067,7,0,7,1,2,2,2,0,2022,11,5,1,17,3,0,6639.975,2.0,2,0,1.0,9,31,1616.0,0.6261042306271147,80.48505954362174,76.55712631348362,9.341715591523595,1061.002261282891,31419.372591006424,3721.461,698.1859999999996,744.866,2278.409,1102.9029999999996,2618.558,29.636290693359403,LEVE,2
0,1,3,0,4,1,-17.221262,-71.649945,0,4,7,1,2,0,1,0,2022,11,5,1,19,2,0,1926.94,2.0,2,0,1.0,9,32,393.0,0.6064020802559494,77.82737834960788,75.48658600973863,8.303531284530445,1096.758694527593,6370.241970021414,10322.272,1495.236,1749.739,7077.2970000000005,2886.595,7435.677000000001,27.964725207783708,LEVE,2
3,1,19,0,4,1,-4.6199069751643655,-80.53929613734319,0,4,7,1,2,2,2,0,2022,11,5,1,20,2,0,410.779,2.0,2,3,0.0,9,32,103.0,0.3726695067482696,77.5283182409139,41.67016302837659,4.468926143170908,555.7263417005713,12823.41113490364,8965.846000060003,1782.4120000599992,636.9959999999999,6546.438000000004,2214.505000059999,6751.341000000004,24.699342371541725,LEVE,2
3,1,14,2,4,1,-12.020841026337164,-76.92263775270905,0,2,7,1,2,2,2,0,2022,11,5,1,20,2,0,875.67,2.0,2,0,1.0,3,14,156.0,0.6831952456039544,78.60873873772867,74.49000793376607,10.00420210847705,1376.0472418044385,255143.7301927195,7626.313,1683.4029999999998,1599.0829999999996,4343.827000000001,1814.875,5811.438000000001,23.797541485643197,LEVE,2
1,1,9,0,4,1,-9.212693095456332,-75.98727095164786,0,3,7,1,2,2,2,0,2022,11,5,1,20,2,2,693.175,2.0,2,3,0.0,9,10,249.0,0.4269770991859911,73.17900460022256,55.27872546999557,6.353018592032589,602.5962895990077,10103.443254817988,8209.057,1333.4779999999996,791.9770000000001,6083.602,1059.8589999999997,7149.198,12.910849565303296,LEVE,2
0,1,10,0,4,1,-13.874253,-76.125205,0,4,0,1,2,2,2,0,2022,11,6,1,3,0,0,6639.975,2.0,2,0,1.0,9,31,1616.0,0.6292184793170688,75.99906028374495,67.79982853272203,9.796858559039824,1204.177835421263,8492.554603854389,3721.461,698.1859999999996,744.866,2278.409,1102.9029999999996,2618.558,29.636290693359403,LEVE,2
6,1,12,0,4,0,-7.778377,-77.592619,0,4,7,1,1,2,2,2,2022,11,6,1,3,0,0,6543.555,2.0,4,4,1.0,14,33,1198.0,0.4686292122960986,72.39347765706144,42.14285241633188,6.687776775372348,878.2652317159998,9440.374732334049,8931.828000000005,1335.5899999999997,1935.9830000000004,5660.255000000005,1219.309,7712.519000000005,13.651281686122925,LEVE,2
3,2,12,2,4,1,-8.088236,-79.096604,0,0,7,1,2,2,2,2,2022,11,6,1,4,0,0,6543.555,3.0,2,0,1.0,0,30,1475.0,0.583006771156836,78.2441938961209,62.24037484511178,8.807312392374042,1028.2282118265089,76607.295503212,8931.828000000005,1335.5899999999997,1935.9830000000004,5660.255000000005,1219.309,7712.519000000005,13.651281686122925,GRAVE_MORTALIDAD,1
1,1,3,2,4,0,-16.3472,-72.188856,0,0,7,1,2,2,2,0,2022,11,6,1,4,0,0,6543.555,2.0,4,4,1.0,14,33,1198.0,0.6077843615696785,76.53072135400231,69.81276959706165,8.77367759087771,1135.5159013374655,74658.55888650964,10322.272,1495.236,1749.739,7077.2970000000005,2886.595,7435.677000000001,27.964725207783708,LEVE,2
3,1,16,2,2,4,-12.596005,-69.180265,6,5,6,2,6,2,2,0,2022,11,6,1,7,1,1,6543.555,2.0,4,4,1.0,14,33,1198.0,0.6331639735785386,72.20641129524063,67.6175404202189,10.029362591344883,1305.419538589062,88506.68094218415,2090.391,399.431,340.021,1350.9389999999996,493.824,1596.5669999999996,23.62352306338862,LEVE,2
10,1,3,2,3,4,-16.498478,-71.846176,0,3,1,1,2,2,2,0,2022,11,6,1,17,3,0,6543.555,2.0,4,4,1.0,14,33,1198.0,0.6105481451420971,78.10653088113892,68.35418098658066,8.411557426919764,1158.5430895193692,35025.678800856535,10322.272,1495.236,1749.739,7077.2970000000005,2886.595,7435.677000000001,27.964725207783708,LEVE,2
3,1,14,2,2,4,-11.990969413669056,-77.08949531896536,0,3,7,1,2,2,2,2,2022,11,6,1,18,2,0,6543.555,2.0,4,4,1.0,14,33,1198.0,0.7419979630670723,80.31822295927182,79.00446395716813,11.084203715652809,1554.6868971011318,739416.2413542903,7626.313,1683.4029999999998,1599.0829999999996,4343.827000000001,1814.875,5811.438000000001,23.797541485643197,LEVE,2
6,1,20,0,4,2,-15.653018444546808,-69.84491587173731,0,4,0,1,2,2,2,2,2022,11,6,1,20,2,2,6543.555,2.0,4,4,1.0,14,33,1198.0,0.2340843824111472,70.52898898013444,62.87432375980422,4.224552350027807,162.17132958234427,9524.6573875803,13642.312999999998,2020.7790000000005,2354.117,9267.416999999998,3314.0520000000006,10328.260999999997,24.29244952817019,GRAVE_MORTALIDAD,1
3,1,1,0,4,2,-9.322360093966331,-77.60572180915618,0,4,7,0,2,0,1,2,2022,11,6,1,22,2,2,6543.555,2.0,4,4,1.0,14,33,1198.0,0.4161630303068592,82.13569226632181,67.78172699051456,4.832829576615593,525.3599879627773,9466.338329764452,10767.648,1885.0630000000003,1222.721,7659.864000000001,2100.343,8667.305000000002,19.506051832303577,LEVE,2
6,1,14,2,2,4,-11.9632331,-77.07862223,0,3,7,1,2,2,2,0,2022,11,6,1,23,2,0,6543.555,2.0,4,4,1.0,14,33,1198.0,0.758462599563312,80.5192231989937,79.20045639149897,11.33839041452458,1628.5661148492152,363987.54389721627,7626.313,1683.4029999999998,1599.0829999999996,4343.827000000001,1814.875,5811.438000000001,23.797541485643197,LEVE,2
1,1,14,2,3,4,-11.938774046417786,-76.71391904540896,0,3,1,0,2,2,2,0,2022,11,0,0,0,0,0,6543.555,2.0,4,4,1.0,14,33,1198.0,0.6831952456039544,78.60873873772867,74.49000793376607,10.00420210847705,1376.0472418044385,255143.7301927195,7626.313,1683.4029999999998,1599.0829999999996,4343.827000000001,1814.875,5811.438000000001,23.797541485643197,LEVE,2
3,1,1,2,4,1,-9.154906856773838,-78.50250768004118,0,2,7,1,2,2,2,0,2022,11,0,0,15,3,2,6543.555,3.0,2,0,1.0,0,30,1475.0,0.6459598096056908,78.63908715089502,73.94922643905556,10.615650526897664,1131.8657131941532,175440.59743040687,10767.648,1885.0630000000003,1222.721,7659.864000000001,2100.343,8667.305000000002,19.506051832303577,LEVE,2
6,1,11,2,4,1,-11.763505,-75.713138,0,4,0,1,2,2,2,2,2022,11,0,0,16,3,2,7586.903,2.0,2,0,1.0,9,5,1198.0,0.4545643050211295,68.73444804749025,55.05670880126828,7.076811092931955,737.237129067086,1424.8051391862955,12264.545,1826.4639999999995,1105.5389999999998,9332.542,1588.5359999999996,10676.009,12.952261987705208,GRAVE_MORTALIDAD,1
3,1,16,0,4,1,-12.753833,-69.554536,6,5,6,2,6,2,2,0,2022,11,0,0,16,3,1,3263.58,2.0,2,0,1.0,5,18,566.0,0.5306879228968285,75.21455641083696,61.3535047815888,7.418086077409707,928.48331283152,4575.10920770878,2090.391,399.431,340.021,1350.9389999999996,493.824,1596.5669999999996,23.62352306338862,LEVE,2
6,1,2,0,4,3,-13.593276620363026,-72.85784924896922,6,5,6,2,6,2,2,0,2022,11,0,0,19,2,2,6543.555,2.0,4,4,1.0,14,33,1198.0,0.5637193509688488,73.71577199413628,76.58224159394013,9.999560380704398,852.8473776428195,11337.522483940043,8358.971,1282.451,1298.0969999999998,5778.423,1432.683,6926.288,17.139466089785454,LEVE,2
10,1,3,2,4,0,-16.309005,-72.173148,0,0,7,1,7,2,2,0,2022,11,1,0,6,1,0,6543.555,2.0,4,4,1.0,14,33,1198.0,0.6077843615696785,76.53072135400231,69.81276959706165,8.77367759087771,1135.5159013374655,74658.55888650964,10322.272,1495.236,1749.739,7077.2970000000005,2886.595,7435.677000000001,27.964725207783708,LEVE,2
0,1,14,2,4,1,-11.813834,-77.128701,0,0,7,1,2,2,2,0,2022,11,1,0,12,3,0,6543.555,3.0,2,0,1.0,0,30,1475.0,0.6688889885290078,77.65971620762488,72.11797581870952,9.343568875150348,1392.9562465448405,54956.252676659526,7626.313,1683.4029999999998,1599.0829999999996,4343.827000000001,1814.875,5811.438000000001,23.797541485643197,LEVE,2
3,1,20,2,2,4,-16.2195585,-69.4758524,0,0,7,1,2,2,2,2,2022,11,1,0,21,2,2,6543.555,2.0,4,4,1.0,14,33,1198.0,0.4138545322335047,72.42365757071663,75.18782800461412,7.422478928805024,440.156451811849,19964.802997858675,13642.312999999998,2020.7790000000005,2354.117,9267.416999999998,3314.0520000000006,10328.260999999997,24.29244952817019,LEVE,2
0,1,14,2,4,1,-12.00976,-77.060729,0,0,7,1,2,2,2,0,2022,11,1,0,23,2,0,6543.555,3.0,2,0,1.0,0,30,1475.0,0.7419979630670723,80.31822295927182,79.00446395716813,11.084203715652809,1554.6868971011318,739416.2413542903,7626.313,1683.4029999999998,1599.0829999999996,4343.827000000001,1814.875,5811.438000000001,23.797541485643197,LEVE,2
3,1,14,2,4,1,-11.974377,-77.066469,0,0,7,1,2,2,2,0,2022,11,2,0,5,0,0,6543.555,3.0,2,0,1.0,0,30,1475.0,0.758462599563312,80.5192231989937,79.20045639149897,11.33839041452458,1628.5661148492152,363987.54389721627,7626.313,1683.4029999999998,1599.0829999999996,4343.827000000001,1814.875,5811.438000000001,23.797541485643197,LEVE,2
1,1,12,0,4,1,-7.15281476530781,-79.44806478639671,0,4,7,1,2,2,2,4,2022,11,2,0,5,0,0,6543.555,3.0,2,0,1.0,0,30,1475.0,0.5114727232493018,78.60606800160349,61.153108160372966,6.422343227671115,862.4189512831092,24701.19700214133,8931.828000000005,1335.5899999999997,1935.9830000000004,5660.255000000005,1219.309,7712.519000000005,13.651281686122925,LEVE,2
6,1,14,2,6,4,-10.74845161,-77.75889143,0,3,7,1,2,2,2,0,2022,11,2,0,5,0,0,6543.555,2.0,4,4,1.0,14,33,1198.0,0.6351794046894105,80.8024412070713,71.35332766738335,9.404359888374977,1133.7779214188106,74926.62740899358,7626.313,1683.4029999999998,1599.0829999999996,4343.827000000001,1814.875,5811.438000000001,23.797541485643197,LEVE,2
10,1,5,0,4,0,-7.666417,-78.189319,7,4,0,0,2,0,1,2,2022,11,2,0,7,1,2,6543.555,2.0,4,4,1.0,14,33,1198.0,0.2948350537014906,77.15212155268404,35.50451291723821,3.7775920646885006,361.8643687343071,26075.62526766595,15935.565011852366,1733.9250000199986,935.692,13265.948011832368,2000.1670000199988,13935.398011832369,12.551591352627522,GRAVE_LESIONADOS,0
6,1,1,0,4,1,-9.89893811844632,-76.94136645151447,0,4,0,0,2,2,2,0,2022,11,2,0,13,3,2,9936.932,2.0,2,0,1.0,9,32,3830.0,0.4528764910178437,69.40385538780896,42.88781939545183,7.286327588134491,795.0167200790081,7349.483940042827,10767.648,1885.0630000000003,1222.721,7659.864000000001,2100.343,8667.305000000002,19.506051832303577,GRAVE_MORTALIDAD,1
6,1,20,0,4,1,-15.6931733,-70.8136945,0,4,7,1,2,2,2,2,2022,11,2,0,18,2,2,1504.4250000000002,2.0,2,0,1.0,7,25,241.0,0.4698599762559323,78.4228993312338,68.12786536644234,6.991927650318564,610.3916333612686,6938.8501070663815,13642.312999999998,2020.7790000000005,2354.117,9267.416999999998,3314.0520000000006,10328.260999999997,24.29244952817019,LEVE,2
0,1,14,2,2,4,-12.06794779380365,-77.04804799852288,0,0,7,1,2,2,2,0,2022,11,2,0,20,2,0,6543.555,2.0,4,4,1.0,14,33,1198.0,0.8121144527422384,79.97904399655734,78.94895329190118,12.90572492982067,1868.6660163168403,75598.19486081369,7626.313,1683.4029999999998,1599.0829999999996,4343.827000000001,1814.875,5811.438000000001,23.797541485643197,LEVE,2
6,1,0,0,4,3,-5.76693263012645,-78.1896960691936,0,4,0,0,7,2,2,0,2022,11,2,0,20,2,1,6543.555,2.0,4,4,1.0,14,33,1198.0,0.451709642936526,71.53289088984752,56.20344511610869,4.9091327649756495,870.0823312758678,24816.633832976444,3903.732,1155.121,585.018,2163.5930000000003,943.591,2960.1410000000005,24.17151074920102,LEVE,2
1,0,10,0,4,1,-13.692376,-76.15555,0,4,7,1,2,2,2,0,2022,11,3,0,5,0,0,6639.975,2.0,2,0,1.0,9,31,1616.0,0.5696694820585885,76.2909275323045,69.48567446797,9.676838165172294,893.651744105921,19052.702355460384,3721.461,698.1859999999996,744.866,2278.409,1102.9029999999996,2618.558,29.636290693359403,LEVE,2
0,1,7,2,4,1,-13.323544391560455,-72.08126416001991,0,3,1,1,2,0,1,2,2022,11,3,0,5,0,2,3447.8009999999995,1.0,2,3,0.0,9,12,1109.0,0.6467436323237573,79.23148267907465,67.52594538772321,10.132837841128774,1206.994437940653,3183.13704496788,17779.13499998999,2097.3709999899997,2863.123,12818.640999999989,2878.713,14900.421999989989,16.19152450331032,LEVE,2
3,2,20,0,4,2,-16.060408,-69.481173,0,4,7,1,2,2,2,2,2022,11,3,0,18,2,2,6543.555,2.0,4,4,1.0,14,33,1198.0,0.2613641192883233,79.6090612964439,69.87345878214366,5.552108294960823,147.53606639786318,10083.702355460387,13642.312999999998,2020.7790000000005,2354.117,9267.416999999998,3314.0520000000006,10328.260999999997,24.29244952817019,GRAVE_MORTALIDAD,1
6,1,15,2,4,0,-3.78496327320028,-73.2997994964073,0,4,7,1,2,2,2,2,2022,11,4,0,1,0,1,6543.555,2.0,4,4,1.0,14,33,1198.0,0.578134350962316,72.90307998335238,55.49705098903474,10.509480811415798,1057.596132242517,149460.57173447538,1095.5949999999998,128.87099999999998,320.74700000000007,645.9769999999999,274.214,821.381,25.02877431897737,LEVE,2
3,2,4,0,4,1,-13.30830702,-74.22658492,0,4,7,0,2,1,0,2,2022,11,4,0,6,1,2,7586.903,2.0,2,0,1.0,9,5,1198.0,0.3247312330485405,68.57537050324747,46.66146619568446,5.125443322268163,386.5923984732166,6998.3704496788005,12678.733000000004,1805.074000000001,1774.0339999999994,9099.625000000004,2485.375000000001,10193.358000000002,19.602707936195205,LEVE,2
3,2,12,2,2,4,-8.091836,-79.034714,0,3,0,0,2,2,2,2,2022,11,4,0,6,1,0,6543.555,2.0,4,4,1.0,14,33,1198.0,0.7151155191839451,79.57652607829836,77.25576500264712,11.809756866444314,1377.9438475528384,331253.00214132766,8931.828000000005,1335.5899999999997,1935.9830000000004,5660.255000000005,1219.309,7712.519000000005,13.651281686122925,LEVE,2
6,1,1,0,4,1,-9.634016830211207,-78.25794921682309,0,4,7,1,2,2,2,0,2022,11,4,0,6,1,2,6543.555,3.0,2,0,1.0,0,30,1475.0,0.5873460606982213,78.04758132038613,65.8701248560095,8.596987164492063,1041.0659985770535,35482.29764453961,10767.648,1885.0630000000003,1222.721,7659.864000000001,2100.343,8667.305000000002,19.506051832303577,LEVE,2
6,1,12,0,4,1,-7.453194,-79.490454,0,4,9,0,2,2,2,2,2022,11,4,0,9,1,0,6543.555,3.0,2,0,1.0,0,30,1475.0,0.6138517538553948,80.84826225715301,64.49339622566798,9.143362084626023,1095.689060330069,16852.97430406852,8931.828000000005,1335.5899999999997,1935.9830000000004,5660.255000000005,1219.309,7712.519000000005,13.651281686122925,GRAVE_MORTALIDAD,1
0,1,14,2,2,4,-11.989731500526345,-77.06459178954998,0,0,9,1,2,1,0,0,2022,11,4,0,18,2,0,6543.555,2.0,4,4,1.0,14,33,1198.0,0.758462599563312,80.5192231989937,79.20045639149897,11.33839041452458,1628.5661148492152,363987.54389721627,7626.313,1683.4029999999998,1599.0829999999996,4343.827000000001,1814.875,5811.438000000001,23.797541485643197,LEVE,2
1,1,7,0,4,1,-13.4744457142765,-72.15729923800652,0,4,7,1,2,2,2,0,2022,11,5,1,2,0,2,7586.903,2.0,2,0,1.0,9,5,1198.0,0.4461630003962475,73.21502670801013,72.39928330950325,7.637017072327872,534.399353077353,18328.770877944324,17779.13499998999,2097.3709999899997,2863.123,12818.640999999989,2878.713,14900.421999989989,16.19152450331032,LEVE,2
6,1,1,0,4,3,-9.327396358110548,-77.00286239987815,0,4,7,1,7,2,2,0,2022,11,5,1,4,0,2,6543.555,2.0,4,4,1.0,14,33,1198.0,0.2878727346040939,74.02385113200486,48.30446647049269,5.311571180830728,243.23903305112947,2816.952890792292,10767.648,1885.0630000000003,1222.721,7659.864000000001,2100.343,8667.305000000002,19.506051832303577,LEVE,2
3,1,14,2,4,1,-12.006904216614387,-76.85291753105753,0,2,7,1,2,2,2,0,2022,11,5,1,5,0,0,875.67,2.0,2,0,1.0,3,14,156.0,0.6868549636939637,79.62363164345142,76.30894566128948,9.209137883551294,1425.4498631666322,684921.8484148846,7626.313,1683.4029999999998,1599.0829999999996,4343.827000000001,1814.875,5811.438000000001,23.797541485643197,LEVE,2
3,2,10,0,4,1,-13.9049924,-76.0526704,0,4,7,1,2,2,2,0,2022,11,5,1,7,1,0,6639.975,2.0,2,0,1.0,9,31,1616.0,0.6053164595604621,78.88848309050202,67.63954639531094,9.133324993872453,1064.9426147896202,27932.19700214133,3721.461,698.1859999999996,744.866,2278.409,1102.9029999999996,2618.558,29.636290693359403,LEVE,2
3,1,14,2,2,4,-12.08011166,-77.05790207,0,3,7,1,2,2,2,0,2022,11,5,1,17,3,0,6543.555,2.0,4,4,1.0,14,33,1198.0,0.5563774842369664,77.00938809632027,69.10246351364754,8.476961866273152,914.8835608305218,27932.19700214133,7626.313,1683.4029999999998,1599.0829999999996,4343.827000000001,1814.875,5811.438000000001,23.797541485643197,LEVE,2
6,1,18,0,4,1,-10.693849303700125,-76.23033818124274,0,4,7,1,2,2,2,2,2022,11,5,1,18,2,2,1504.4250000000002,2.0,2,0,1.0,7,25,241.0,0.6193421604458235,76.39017950195935,80.49432651192377,11.494439166895754,957.3168975257496,31875.248394004284,3677.119863,564.5869999999999,910.845,2201.687863000001,590.8779999999998,3086.2418630000006,16.06904376290656,LEVE,2
3,2,12,2,4,1,-8.187631489027199,-78.99450323406467,0,4,7,1,2,2,2,2,2022,11,5,1,19,2,0,29.81,3.0,2,0,1.0,11,32,10.0,0.5704872313485707,78.73040511828864,66.00991236238886,8.931371175352043,922.6441961800402,20630.58672376873,8931.828000000005,1335.5899999999997,1935.9830000000004,5660.255000000005,1219.309,7712.519000000005,13.651281686122925,GRAVE_MORTALIDAD,1
0,1,10,2,4,1,-13.715865607530723,-76.15407544571597,0,0,7,1,2,2,2,0,2022,11,5,1,20,2,0,6639.975,2.0,2,0,1.0,9,31,1616.0,0.5696694820585885,76.2909275323045,69.48567446797,9.676838165172294,893.651744105921,19052.702355460384,3721.461,698.1859999999996,744.866,2278.409,1102.9029999999996,2618.558,29.636290693359403,LEVE,2
6,1,2,0,4,0,-13.64173297587941,-72.59979738921055,6,5,6,2,6,2,2,0,2022,11,5,1,21,2,2,6543.555,2.0,4,4,1.0,14,33,1198.0,0.377913005157653,70.27445875446921,58.80536162354749,5.787058770254275,468.91015143438335,16627.231263383295,8358.971,1282.451,1298.0969999999998,5778.423,1432.683,6926.288,17.139466089785454,GRAVE_MORTALIDAD,1
3,2,10,0,4,1,-13.788802275390925,-76.16369918469702,0,2,7,1,2,2,2,0,2022,11,5,1,21,2,0,6639.975,2.0,2,0,1.0,9,31,1616.0,0.6292184793170688,75.99906028374495,67.79982853272203,9.796858559039824,1204.177835421263,8492.554603854389,3721.461,698.1859999999996,744.866,2278.409,1102.9029999999996,2618.558,29.636290693359403,GRAVE_LESIONADOS,0
3,2,12,2,4,1,-8.152316034586216,-79.0352888893091,0,4,7,1,2,2,2,2,2022,11,5,1,21,2,0,6543.555,3.0,2,0,1.0,0,30,1475.0,0.7531641124604342,80.00312647864715,76.99495003849329,11.742569192588208,1599.6362666139996,66889.78372591006,8931.828000000005,1335.5899999999997,1935.9830000000004,5660.255000000005,1219.309,7712.519000000005,13.651281686122925,LEVE,2
6,1,20,2,4,1,-16.210565,-69.443086,0,4,1,1,2,2,2,2,2022,11,6,1,2,0,2,7586.903,2.0,2,0,1.0,9,5,1198.0,0.4138545322335047,72.42365757071663,75.18782800461412,7.422478928805024,440.156451811849,19964.802997858675,13642.312999999998,2020.7790000000005,2354.117,9267.416999999998,3314.0520000000006,10328.260999999997,24.29244952817019,LEVE,2
1,1,10,0,4,1,-13.930394538485976,-75.94484165252497,0,4,7,1,2,2,2,0,2022,11,6,1,4,0,0,6639.975,2.0,2,0,1.0,9,31,1616.0,0.6053164595604621,78.88848309050202,67.63954639531094,9.133324993872453,1064.9426147896202,27932.19700214133,3721.461,698.1859999999996,744.866,2278.409,1102.9029999999996,2618.558,29.636290693359403,LEVE,2
3,3,3,0,4,1,-16.853712,-72.019081,0,4,7,0,2,0,1,0,2022,11,6,1,6,1,0,289.55,2.0,2,0,1.0,7,25,10.0,0.6456305778571253,75.67334095395331,77.09261911098552,10.479683603540597,1179.2653123056473,21630.747323340474,10322.272,1495.236,1749.739,7077.2970000000005,2886.595,7435.677000000001,27.964725207783708,LEVE,2