CLASE SINIESTRO,CANTIDAD DE VEHICULOS DAÑADOS,DEPARTAMENTO,ZONA,TIPO DE VÍA,RED VIAL,COORDENADAS LATITUD,COORDENADAS  LONGITUD,CONDICIÓN CLIMÁTICA,ZONIFICACIÓN,CARACTERÍSTICAS DE VÍA,PERFIL LONGITUDINAL VÍA,SUPERFICIE DE CALZADA,¿EXISTE SEÑAL VERTICAL?,¿EXISTE SEÑAL HORIZONTAL?,CAUSA FACTOR PRINCIPAL,AÑO,MES,DIA_SEMANA,ES_FIN_SEMANA,HORA_NUM,FRANJA_HORARIA,REGION_NATURAL,MTC_RVN_LONGITUD_KM,MTC_RVN_N_CARRILES_MEDIANA,MTC_RVN_SUPERFICIE_DOMINANTE,MTC_RVN_ESTADO_DOMINANTE,MTC_RVN_ES_CONCESIONADA,MTC_RVN_CONCESION_PRINCIPAL,MTC_RVN_CORREDOR_LOGISTICO,MTC_RVN_N_TRAMOS,IDH_2019,IDH_ESP_VIDA_2019,IDH_EDUC_SECUND_PCT_2019,IDH_ANIOS_EDUC_2019,IDH_INGRESO_PERCAP_2019,IDH_POBLACION_2019,MTC_DEP_RED_TOTAL_KM,MTC_DEP_NACIONAL_TOTAL_KM,MTC_DEP_DEPARTAMENTAL_TOTAL_KM,MTC_DEP_VECINAL_TOTAL_KM,MTC_DEP_PAV_TOTAL_KM,MTC_DEP_NO_PAV_TOTAL_KM,MTC_DEP_PCT_PAVIMENTADA,CATEGORIA_SEVERIDAD,CATEGORIA_SEVERIDAD_ENC
6,1,7,0,4,2,-14.346908513778695,-72.16547963483764,0,4,7,0,1,2,2,2,2022,12,4,0,16,3,2,6543.555,2.0,4,4,1.0,14,33,1198.0,0.2411536248675914,71.16845637511706,43.01729543604399,3.905041875737651,212.9084000245184,4403.670235546038,17779.13499998999,2097.3709999899997,2863.123,12818.640999999989,2878.713,14900.421999989989,16.19152450331032,LEVE,2
0,1,20,0,4,1,-16.5830728,-69.2295886,0,4,7,1,2,2,2,4,2022,12,4,0,20,2,2,1529.105,2.0,2,0,1.0,9,21,200.0,0.2394362064959017,73.4288503002124,62.51290199484375,6.018616845068367,132.27646614855612,17422.250535331903,13642.312999999998,2020.7790000000005,2354.117,9267.416999999998,3314.0520000000006,10328.260999999997,24.29244952817019,LEVE,2
1,1,21,2,4,1,-5.80581,-77.39851,0,4,7,1,2,2,2,0,2022,12,4,0,20,2,1,7758.33400008,2.0,2,0,1.0,9,20,2133.0,0.4789759027469384,73.43778249935497,54.01635312204597,6.285279694551369,847.2910954428505,47552.6295503212,5645.136,815.0759999999999,965.298,3864.762,1013.406,4631.73,17.95184385283189,LEVE,2
4,1,21,0,4,1,-6.115332,-77.094342,0,4,7,1,2,2,2,0,2022,12,5,1,1,0,1,2760.8550000000005,1.0,1,3,0.0,9,32,1208.0,0.4911852204744946,74.58350394796228,48.89321494219574,5.776343166785534,990.3109979496146,1878.9700214132763,5645.136,815.0759999999999,965.298,3864.762,1013.406,4631.73,17.95184385283189,LEVE,2
3,2,11,0,4,1,-11.788858,-75.668149,0,4,0,0,2,2,2,2,2022,12,5,1,3,0,2,7586.903,2.0,2,0,1.0,9,5,1198.0,0.4545643050211295,68.73444804749025,55.05670880126828,7.076811092931955,737.237129067086,1424.8051391862955,12264.545,1826.4639999999995,1105.5389999999998,9332.542,1588.5359999999996,10676.009,12.952261987705208,GRAVE_MORTALIDAD,1
6,1,14,2,6,4,-12.044576173781527,-77.0457080251964,0,0,7,1,2,2,2,0,2022,12,5,1,10,1,0,6543.555,2.0,4,4,1.0,14,33,1198.0,0.7646845961658533,80.23682119426338,77.96082737891015,12.014176158371615,1633.787715186093,250806.0877944326,7626.313,1683.4029999999998,1599.0829999999996,4343.827000000001,1814.875,5811.438000000001,23.797541485643197,LEVE,2
6,1,0,2,4,0,-5.76165,-78.4021,7,4,7,1,2,2,2,0,2022,12,5,1,11,1,1,6543.555,2.0,4,4,1.0,14,33,1198.0,0.451709642936526,71.53289088984752,56.20344511610869,4.9091327649756495,870.0823312758678,24816.633832976444,3903.732,1155.121,585.018,2163.5930000000003,943.591,2960.1410000000005,24.17151074920102,LEVE,2
4,1,6,2,4,1,-12.0386153180246,-77.099686344007,0,0,7,1,4,0,1,2,2022,12,5,1,14,3,0,50.53,2.0,2,3,1.0,9,32,128.0,0.5563774842369664,77.00938809632027,69.10246351364754,8.476961866273152,914.8835608305218,27932.19700214133,51.58600000000001,44.68700000000001,6.899000000000001,0.0,49.838000000000015,1.748,96.61148373589734,LEVE,2
6,1,1,0,4,0,-10.01960875114767,-78.06741046248136,0,4,0,0,2,2,2,0,2022,12,5,1,22,2,2,6543.555,2.0,4,4,1.0,14,33,1198.0,0.594329796273136,79.51274210494626,67.23963656911357,9.093808711905876,1004.1856289962402,25729.80728051392,10767.648,1885.0630000000003,1222.721,7659.864000000001,2100.343,8667.305000000002,19.506051832303577,LEVE,2
1,1,14,2,4,1,-12.183602550323704,-76.97522781345661,0,0,7,1,2,2,2,0,2022,12,5,1,23,2,0,6639.975,2.0,2,0,1.0,9,31,1616.0,0.7289998534947872,80.50926319493618,76.9124822838204,10.358587270463827,1551.106643515347,384728.5117773019,7626.313,1683.4029999999998,1599.0829999999996,4343.827000000001,1814.875,5811.438000000001,23.797541485643197,LEVE,2
0,1,14,2,4,1,-11.951577,-76.726837,0,4,7,1,2,2,2,0,2022,12,6,1,0,0,0,875.67,2.0,2,0,1.0,3,14,156.0,0.6831952456039544,78.60873873772867,74.49000793376607,10.00420210847705,1376.0472418044385,255143.7301927195,7626.313,1683.4029999999998,1599.0829999999996,4343.827000000001,1814.875,5811.438000000001,23.797541485643197,LEVE,2
0,1,11,2,4,1,-12.054954,-75.283905,0,4,7,1,2,2,2,2,2022,12,6,1,5,0,2,1452.982,1.0,1,3,1.0,9,13,441.0,0.5285636336071157,73.42501182291251,72.99402084998901,8.480900339546155,804.6146188752779,13113.002141327624,12264.545,1826.4639999999995,1105.5389999999998,9332.542,1588.5359999999996,10676.009,12.952261987705208,LEVE,2
6,1,22,0,4,1,-17.7816758,-69.960725,0,4,0,0,2,2,2,2,2022,12,6,1,7,1,0,800.5849999999999,2.0,2,0,0.0,9,32,395.0,0.5200597875929114,75.48128825556356,60.59943781195683,8.893120032761013,784.012020373485,1891.687366167024,2650.572,630.6729999999998,487.3610000000001,1532.5379999999998,1068.7019999999998,1581.87,40.31967439480987,GRAVE_MORTALIDAD,1
1,1,19,2,6,4,-5.183082788205004,-79.97179906624112,0,4,7,1,0,2,2,0,2022,12,6,1,9,1,0,6543.555,2.0,4,4,1.0,14,33,1198.0,0.4969002366620188,75.54645400071168,70.47588104937333,7.004965995332454,741.3176484677177,13757.368308351177,8965.846000060003,1782.4120000599992,636.9959999999999,6546.438000000004,2214.505000059999,6751.341000000004,24.699342371541725,LEVE,2
0,1,14,2,4,1,-11.924983900113457,-77.07292633774752,0,2,7,1,2,2,2,0,2022,12,6,1,12,3,0,6543.555,3.0,2,0,1.0,0,30,1475.0,0.7218926988400113,80.0902077245261,77.9581888264889,10.971588327733102,1458.3206086290393,530000.3426124197,7626.313,1683.4029999999998,1599.0829999999996,4343.827000000001,1814.875,5811.438000000001,23.797541485643197,LEVE,2
6,1,1,0,4,1,-8.424965607503932,-78.01537559310515,0,4,0,0,2,2,2,0,2022,12,6,1,15,3,2,9936.932,2.0,2,0,1.0,9,32,3830.0,0.3037800567900134,68.33773772958087,32.806797267599826,5.606946026413372,357.5920117234093,2817.6531049250534,10767.648,1885.0630000000003,1222.721,7659.864000000001,2100.343,8667.305000000002,19.506051832303577,LEVE,2
3,1,11,2,4,1,-12.083191,-75.203209,0,0,7,1,2,0,1,2,2022,12,6,1,16,3,2,200.335,2.0,1,3,0.0,9,32,113.0,0.5505646674026337,73.4133487878793,75.3445074155263,9.620272300569804,826.4718925707687,91775.8886509636,12264.545,1826.4639999999995,1105.5389999999998,9332.542,1588.5359999999996,10676.009,12.952261987705208,LEVE,2
0,1,19,0,4,2,-5.1641789925816814,-80.14089228164413,0,4,7,1,2,2,2,4,2022,12,6,1,21,2,0,6543.555,2.0,4,4,1.0,14,33,1198.0,0.4653748048968089,74.19666709322776,61.11371397478021,6.596218102126203,701.9088264424688,75914.02997858672,8965.846000060003,1782.4120000599992,636.9959999999999,6546.438000000004,2214.505000059999,6751.341000000004,24.699342371541725,LEVE,2
6,1,12,0,4,2,-7.134118338608683,-79.57560070186892,0,4,7,1,1,2,2,2,2022,12,6,1,22,2,0,6543.555,2.0,4,4,1.0,14,33,1198.0,0.5269858676904433,78.6949982483802,63.75709755051333,7.105658039723436,860.9267328590474,14505.91006423983,8931.828000000005,1335.5899999999997,1935.9830000000004,5660.255000000005,1219.309,7712.519000000005,13.651281686122925,LEVE,2
6,1,19,0,4,1,-5.1307716,-80.8296016,0,4,7,1,2,2,2,0,2022,12,6,1,23,2,0,245.29,2.0,2,0,1.0,1,20,18.0,0.5214892169331304,81.30000138777692,64.69217807020043,6.638648670954715,828.5092750539112,9423.963597430407,8965.846000060003,1782.4120000599992,636.9959999999999,6546.438000000004,2214.505000059999,6751.341000000004,24.699342371541725,GRAVE_MORTALIDAD,1
6,1,14,2,4,0,-11.075882266303871,-77.59806092770323,0,0,7,1,2,2,2,2,2022,12,0,0,0,0,0,6543.555,2.0,4,4,1.0,14,33,1198.0,0.6256541286888256,76.866876725279,74.48686395070398,9.794027812898843,1113.4562244631716,37972.95074946467,7626.313,1683.4029999999998,1599.0829999999996,4343.827000000001,1814.875,5811.438000000001,23.797541485643197,LEVE,2
6,1,11,0,4,1,-10.955558578167285,-75.22837130424345,0,4,7,1,2,2,2,2,2022,12,0,0,2,0,2,5768.608,2.0,3,1,0.0,9,32,365.0,0.4295860411633357,74.52920034355449,56.24873272101314,6.697659727647938,572.4658040665552,73767.52890792291,12264.545,1826.4639999999995,1105.5389999999998,9332.542,1588.5359999999996,10676.009,12.952261987705208,LEVE,2
6,1,18,0,4,2,-10.477271666840013,-76.35200326989789,2,4,3,1,7,2,2,6,2022,12,0,0,10,1,2,6543.555,2.0,4,4,1.0,14,33,1198.0,0.5563774842369664,77.00938809632027,69.10246351364754,8.476961866273152,914.8835608305218,27932.19700214133,3677.119863,564.5869999999999,910.845,2201.687863000001,590.8779999999998,3086.2418630000006,16.06904376290656,LEVE,2
0,1,11,2,4,1,-12.116658,-75.180572,2,0,7,1,2,0,1,2,2022,12,0,0,17,3,2,200.335,2.0,1,3,0.0,9,32,113.0,0.4928687519261139,71.44878444957367,71.38203536953866,8.536671990950516,690.1106839322879,26022.21199143469,12264.545,1826.4639999999995,1105.5389999999998,9332.542,1588.5359999999996,10676.009,12.952261987705208,LEVE,2
0,1,14,2,2,4,-12.029883924894245,-77.06106400049627,0,0,7,1,2,2,2,0,2022,12,0,0,18,2,0,6543.555,2.0,4,4,1.0,14,33,1198.0,0.7419979630670723,80.31822295927182,79.00446395716813,11.084203715652809,1554.6868971011318,739416.2413542903,7626.313,1683.4029999999998,1599.0829999999996,4343.827000000001,1814.875,5811.438000000001,23.797541485643197,LEVE,2
1,1,19,2,4,1,-5.182648240572088,-80.57897714696101,0,4,7,1,1,2,2,0,2022,12,1,0,5,0,0,1305.18,2.0,2,0,1.0,1,20,163.0,0.6220812987247925,80.20155828147696,72.71675503872983,10.02377668600292,1028.915688621886,159840.92719486082,8965.846000060003,1782.4120000599992,636.9959999999999,6546.438000000004,2214.505000059999,6751.341000000004,24.699342371541725,LEVE,2
0,1,14,2,2,4,-11.9879312,-77.1144248,0,0,1,1,2,2,2,0,2022,12,1,0,13,3,0,6543.555,2.0,4,4,1.0,14,33,1198.0,0.7419979630670723,80.31822295927182,79.00446395716813,11.084203715652809,1554.6868971011318,739416.2413542903,7626.313,1683.4029999999998,1599.0829999999996,4343.827000000001,1814.875,5811.438000000001,23.797541485643197,LEVE,2
10,1,3,2,2,4,-16.4217923,-71.4842916,2,3,0,0,2,0,1,0,2022,12,1,0,14,3,0,6543.555,2.0,4,4,1.0,14,33,1198.0,0.6497628344872909,78.50677470622946,79.58517547019379,10.832141867699551,1100.753355561081,126056.75374732334,10322.272,1495.236,1749.739,7077.2970000000005,2886.595,7435.677000000001,27.964725207783708,LEVE,2
0,0,11,2,2,4,-12.07296804078324,-75.19755815694708,2,0,1,1,2,1,1,2,2022,12,1,0,17,3,2,6543.555,2.0,4,4,1.0,14,33,1198.0,0.6083413875375813,71.66982597817598,76.35118091119013,11.05243180238688,1046.538532645036,119236.36616702356,12264.545,1826.4639999999995,1105.5389999999998,9332.542,1588.5359999999996,10676.009,12.952261987705208,LEVE,2
1,1,14,2,2,4,-11.975885,-77.083015,0,0,7,1,2,2,2,0,2022,12,1,0,21,2,0,6543.555,2.0,4,4,1.0,14,33,1198.0,0.758462599563312,80.5192231989937,79.20045639149897,11.33839041452458,1628.5661148492152,363987.54389721627,7626.313,1683.4029999999998,1599.0829999999996,4343.827000000001,1814.875,5811.438000000001,23.797541485643197,LEVE,2
6,1,5,0,4,0,-7.053935,-79.093381,5,4,0,1,1,2,2,0,2022,12,1,0,22,2,2,6543.555,2.0,4,4,1.0,14,33,1198.0,0.4356792111399616,74.61655904744578,57.42074985470182,5.379433835034331,682.95465990575,1965.072805139186,15935.565011852366,1733.9250000199986,935.692,13265.948011832368,2000.1670000199988,13935.398011832369,12.551591352627522,LEVE,2
3,1,12,0,4,1,-8.013975,-78.832225,0,4,7,1,2,2,2,2,2022,12,2,0,16,3,0,610.6099999999999,2.0,2,0,1.0,8,29,100.0,0.4511366358384425,77.59010744042445,54.722554597765935,5.940436701537406,681.4371719975779,4289.124197002141,8931.828000000005,1335.5899999999997,1935.9830000000004,5660.255000000005,1219.309,7712.519000000005,13.651281686122925,LEVE,2
10,1,7,0,4,1,-14.012664,-71.457956,0,4,7,0,2,1,1,2,2022,12,2,0,22,2,2,7586.903,2.0,2,0,1.0,9,5,1198.0,0.3409107564841972,74.2782790389362,69.85088681249269,5.816184127144114,302.53841952167744,4833.456102783726,17779.13499998999,2097.3709999899997,2863.123,12818.640999999989,2878.713,14900.421999989989,16.19152450331032,LEVE,2
1,0,12,0,4,1,-8.412123662190222,-78.8008278148734,0,4,7,1,2,2,2,0,2022,12,2,0,23,2,0,6543.555,3.0,2,0,1.0,0,30,1475.0,0.5051395598219868,77.13285387085847,51.52067479184955,6.715328807318118,900.900383457586,67612.41755888652,8931.828000000005,1335.5899999999997,1935.9830000000004,5660.255000000005,1219.309,7712.519000000005,13.651281686122925,LEVE,2
1,1,13,0,4,1,-6.673127,-79.90011,0,4,7,1,2,2,2,0,2022,12,3,0,1,0,0,1305.18,2.0,2,0,1.0,1,20,163.0,0.5539280527450423,74.69452916859504,66.89728158703436,9.542777400516576,872.5509264417765,79617.09421841543,3459.691,515.0619999999999,689.7280000000001,2254.901,703.3549999999999,2756.336,20.329994788551925,LEVE,2
6,1,12,2,4,1,-8.178108,-78.992894,0,0,7,1,2,2,2,2,2022,12,3,0,15,3,0,6543.555,3.0,2,0,1.0,0,30,1475.0,0.5704872313485707,78.73040511828864,66.00991236238886,8.931371175352043,922.6441961800402,20630.58672376873,8931.828000000005,1335.5899999999997,1935.9830000000004,5660.255000000005,1219.309,7712.519000000005,13.651281686122925,LEVE,2
10,1,11,0,4,1,-11.6706701,-75.57409,2,4,7,1,2,0,1,2,2022,12,3,0,19,2,2,311.82,2.0,2,0,0.0,9,32,74.0,0.4846609581848212,71.70970037684953,62.978404663645314,7.681608625268467,740.7899756467436,5696.379014989293,12264.545,1826.4639999999995,1105.5389999999998,9332.542,1588.5359999999996,10676.009,12.952261987705208,LEVE,2
10,1,7,0,4,1,-15.0379146,-71.1376333,2,4,7,1,2,2,2,0,2022,12,3,0,19,2,2,568.5409999999999,1.0,2,3,0.0,9,3,93.0,0.3491291336434085,68.34579473193322,63.63866309000273,4.984551874124405,419.36068685534286,1114.627408993576,17779.13499998999,2097.3709999899997,2863.123,12818.640999999989,2878.713,14900.421999989989,16.19152450331032,LEVE,2
3,2,18,0,4,1,-10.842177547433543,-76.26215447471071,0,4,7,1,2,2,2,2,2022,12,3,0,20,2,2,1084.715,2.0,2,3,0.0,9,23,1025.0,0.5504119035884192,75.43230905365627,74.36517816070992,8.725728339328322,846.9876218279496,2500.653104925054,3677.119863,564.5869999999999,910.845,2201.687863000001,590.8779999999998,3086.2418630000006,16.06904376290656,GRAVE_MORTALIDAD,1
0,1,14,2,2,4,-11.92179259,-77.03542497,0,3,7,1,2,2,2,0,2022,12,3,0,21,2,0,6543.555,2.0,4,4,1.0,14,33,1198.0,0.7218926988400113,80.0902077245261,77.9581888264889,10.971588327733102,1458.3206086290393,530000.3426124197,7626.313,1683.4029999999998,1599.0829999999996,4343.827000000001,1814.875,5811.438000000001,23.797541485643197,LEVE,2
3,2,12,0,4,1,-7.1187,-79.48835,0,4,7,1,2,2,2,2,2022,12,4,0,0,0,0,6543.555,3.0,2,0,1.0,0,30,1475.0,0.5114727232493018,78.60606800160349,61.153108160372966,6.422343227671115,862.4189512831092,24701.19700214133,8931.828000000005,1335.5899999999997,1935.9830000000004,5660.255000000005,1219.309,7712.519000000005,13.651281686122925,LEVE,2
6,1,7,0,4,2,-14.478974619273773,-71.53463365004313,0,4,0,1,7,2,2,2,2022,12,4,0,3,0,2,6543.555,2.0,4,4,1.0,14,33,1198.0,0.1548867386502985,64.5917716662409,49.236568431257616,4.545810476428086,79.98533389978881,5532.92505353319,17779.13499998999,2097.3709999899997,2863.123,12818.640999999989,2878.713,14900.421999989989,16.19152450331032,LEVE,2
7,1,7,0,4,0,-13.038977224331129,-72.81404612229271,5,4,0,0,7,2,2,2,2022,12,4,0,7,1,2,6543.555,2.0,4,4,1.0,14,33,1198.0,0.3248653336818013,75.79998450453292,52.19788001773824,5.638593201930974,300.73355652354127,14163.826552462526,17779.13499998999,2097.3709999899997,2863.123,12818.640999999989,2878.713,14900.421999989989,16.19152450331032,LEVE,2
3,3,13,0,4,1,-6.6365542,-79.8906636,0,4,7,1,2,2,2,0,2022,12,4,0,10,1,0,1305.18,2.0,2,0,1.0,1,20,163.0,0.5539280527450423,74.69452916859504,66.89728158703436,9.542777400516576,872.5509264417765,79617.09421841543,3459.691,515.0619999999999,689.7280000000001,2254.901,703.3549999999999,2756.336,20.329994788551925,GRAVE_MORTALIDAD,1
0,1,19,2,4,1,-4.915,-80.691,0,4,1,1,1,2,2,4,2022,12,4,0,11,1,0,640.6200000000001,2.0,2,3,0.0,9,32,72.0,0.5657000696312142,79.93504063107561,71.14438533384025,9.31841991972829,829.1233898514824,181599.8115631692,8965.846000060003,1782.4120000599992,636.9959999999999,6546.438000000004,2214.505000059999,6751.341000000004,24.699342371541725,LEVE,2
6,1,12,0,4,1,-7.594535020727171,-78.88960892189267,0,4,7,1,2,2,2,2,2022,12,4,0,19,2,0,748.6850000000001,2.0,2,0,0.0,9,32,215.0,0.4144948105238412,73.49794254671177,44.13055421963416,5.896171723235377,643.6779310318752,13394.107066381155,8931.828000000005,1335.5899999999997,1935.9830000000004,5660.255000000005,1219.309,7712.519000000005,13.651281686122925,LEVE,2
3,2,13,0,4,1,-6.6572423,-79.4276372,0,4,7,1,2,2,2,0,2022,12,4,0,20,2,0,919.085,2.0,2,3,0.0,9,7,218.0,0.5503029539517347,79.99127591066559,68.1090917289538,7.641427786921865,881.7633092588721,18003.3426124197,3459.691,515.0619999999999,689.7280000000001,2254.901,703.3549999999999,2756.336,20.329994788551925,LEVE,2
6,1,15,2,2,4,-3.7791599,-73.279583,0,4,0,0,2,2,2,2,2022,12,5,1,2,0,1,6543.555,2.0,4,4,1.0,14,33,1198.0,0.578134350962316,72.90307998335238,55.49705098903474,10.509480811415798,1057.596132242517,149460.57173447538,1095.5949999999998,128.87099999999998,320.74700000000007,645.9769999999999,274.214,821.381,25.02877431897737,LEVE,2
6,1,19,2,2,4,-5.16419502051092,-80.64683133915902,0,2,7,1,2,0,1,2,2022,12,5,1,4,0,0,6543.555,2.0,4,4,1.0,14,33,1198.0,0.6582040223794163,78.74105515718446,77.3206684883171,11.334167841567446,1124.177237253568,178905.3426124197,8965.846000060003,1782.4120000599992,636.9959999999999,6546.438000000004,2214.505000059999,6751.341000000004,24.699342371541725,LEVE,2
6,1,1,0,4,1,-9.946212455525938,-77.3817788327808,2,4,7,1,2,1,1,0,2022,12,5,1,8,1,2,9936.932,2.0,2,0,1.0,9,32,3830.0,0.4654799331603382,71.10800342011737,71.6956954286478,8.000201643545543,613.215156662713,3873.366167023554,10767.648,1885.0630000000003,1222.721,7659.864000000001,2100.343,8667.305000000002,19.506051832303577,LEVE,2
6,1,4,0,4,1,-13.986602,-73.850651,0,4,0,0,2,1,0,2,2022,12,5,1,10,1,2,1682.702,1.0,1,0,0.0,9,32,305.0,0.4666425080552502,72.78790794555484,54.53479226078301,7.654943385761483,698.2069047145085,2556.291220556745,12678.733000000004,1805.074000000001,1774.0339999999994,9099.625000000004,2485.375000000001,10193.358000000002,19.602707936195205,LEVE,2
6,1,13,0,4,2,-6.7710257,-79.7874357,0,4,7,1,2,2,2,0,2022,12,5,1,20,2,0,6543.555,2.0,4,4,1.0,14,33,1198.0,0.5620975674023033,82.12463805178847,66.61876166359768,8.699915557104742,843.1720684546592,25484.141327623125,3459.691,515.0619999999999,689.7280000000001,2254.901,703.3549999999999,2756.336,20.329994788551925,LEVE,2
1,1,14,2,4,1,-12.250006357950348,-76.93125838153544,0,0,7,1,2,2,2,0,2022,12,6,1,3,0,0,6639.975,2.0,2,0,1.0,9,31,1616.0,0.6909236767275176,78.41626133969348,70.97436336767564,9.826485374940413,1476.8351947609171,95908.53319057816,7626.313,1683.4029999999998,1599.0829999999996,4343.827000000001,1814.875,5811.438000000001,23.797541485643197,LEVE,2
7,1,14,2,1,4,-12.007382682308082,-76.87868439810828,0,0,2,0,7,2,2,0,2022,12,6,1,7,1,0,6543.555,2.0,4,4,1.0,14,33,1198.0,0.6831952456039544,78.60873873772867,74.49000793376607,10.00420210847705,1376.0472418044385,255143.7301927195,7626.313,1683.4029999999998,1599.0829999999996,4343.827000000001,1814.875,5811.438000000001,23.797541485643197,LEVE,2
3,2,3,0,4,1,-16.29621,-71.642363,0,4,0,0,2,0,1,0,2022,12,6,1,14,3,0,1504.4250000000002,2.0,2,0,1.0,7,25,241.0,0.6005060748875158,78.21704200773246,77.40211893847457,8.994742794352394,996.014120858737,33335.45824411135,10322.272,1495.236,1749.739,7077.2970000000005,2886.595,7435.677000000001,27.964725207783708,LEVE,2
6,1,14,2,4,1,-11.8627248,-77.0772256,0,0,7,1,2,2,2,0,2022,12,0,0,2,0,0,6543.555,3.0,2,0,1.0,0,30,1475.0,0.6632628912836565,79.15155564666024,73.19223743118206,9.629669813837666,1289.452647666346,383699.2119914347,7626.313,1683.4029999999998,1599.0829999999996,4343.827000000001,1814.875,5811.438000000001,23.797541485643197,LEVE,2
3,2,23,0,4,0,-3.627679843371056,-80.1971590481813,0,4,7,1,2,1,0,2,2022,12,0,0,2,0,0,6543.555,2.0,4,4,1.0,14,33,1198.0,0.3739065183088536,68.4141813909333,44.19525597561862,6.685920095420442,491.6766763134211,3282.683083511777,1009.101,138.47399999999996,287.471,583.156,276.972,732.129,27.447401201663663,LEVE,2
10,1,7,0,4,2,-14.179242,-71.595118,0,4,7,0,7,2,2,2,2022,12,0,0,5,0,2,6543.555,2.0,4,4,1.0,14,33,1198.0,0.3019380525213365,67.820248318162,51.97930810478111,4.325305912165344,347.7119433349018,12588.336188436831,17779.13499998999,2097.3709999899997,2863.123,12818.640999999989,2878.713,14900.421999989989,16.19152450331032,GRAVE_MORTALIDAD,1
10,1,14,2,4,1,-11.900399,-77.067679,0,0,7,1,2,2,2,0,2022,12,0,0,9,1,0,6543.555,3.0,2,0,1.0,0,30,1475.0,0.6632628912836565,79.15155564666024,73.19223743118206,9.629669813837666,1289.452647666346,383699.2119914347,7626.313,1683.4029999999998,1599.0829999999996,4343.827000000001,1814.875,5811.438000000001,23.797541485643197,LEVE,2
0,1,11,2,4,1,-12.053305,-75.233278,7,0,1,1,2,0,1,4,2022,12,0,0,11,1,2,1452.982,1.0,1,3,1.0,9,13,441.0,0.6349620447591086,73.34739425042062,78.85040671556425,11.216598893401857,1118.0127433957432,167365.50535331905,12264.545,1826.4639999999995,1105.5389999999998,9332.542,1588.5359999999996,10676.009,12.952261987705208,LEVE,2
1,1,19,2,4,1,-4.903164773382002,-80.34626822118075,0,4,7,1,2,2,2,0,2022,12,0,0,15,3,0,640.6200000000001,2.0,2,3,0.0,9,32,72.0,0.459857589992435,80.72202071327797,50.86886521100652,5.65389066385764,729.6720832259953,125429.93361884369,8965.846000060003,1782.4120000599992,636.9959999999999,6546.438000000004,2214.505000059999,6751.341000000004,24.699342371541725,LEVE,2
6,1,13,0,4,0,-6.835819,-79.927081,0,4,0,1,2,2,2,0,2022,12,0,0,15,3,0,6543.555,2.0,4,4,1.0,14,33,1198.0,0.582874900209372,79.91553229957624,74.28629633563499,9.98490789682274,850.0456977651463,50544.90364025696,3459.691,515.0619999999999,689.7280000000001,2254.901,703.3549999999999,2756.336,20.329994788551925,LEVE,2
0,2,19,0,4,1,-5.127405,-80.834232,0,4,7,1,2,2,2,0,2022,12,0,0,20,2,0,245.29,2.0,2,0,1.0,1,20,18.0,0.5214892169331304,81.30000138777692,64.69217807020043,6.638648670954715,828.5092750539112,9423.963597430407,8965.846000060003,1782.4120000599992,636.9959999999999,6546.438000000004,2214.505000059999,6751.341000000004,24.699342371541725,LEVE,2
0,1,14,2,2,4,-11.9886123,-77.08101323,0,0,1,1,2,2,2,0,2022,12,0,0,22,2,0,6543.555,2.0,4,4,1.0,14,33,1198.0,0.7419979630670723,80.31822295927182,79.00446395716813,11.084203715652809,1554.6868971011318,739416.2413542903,7626.313,1683.4029999999998,1599.0829999999996,4343.827000000001,1814.875,5811.438000000001,23.797541485643197,LEVE,2
1,1,14,2,2,4,-12.005509,-76.864542,0,3,7,1,1,2,2,0,2022,12,0,0,23,2,0,6543.555,2.0,4,4,1.0,14,33,1198.0,0.6831952456039544,78.60873873772867,74.49000793376607,10.00420210847705,1376.0472418044385,255143.7301927195,7626.313,1683.4029999999998,1599.0829999999996,4343.827000000001,1814.875,5811.438000000001,23.797541485643197,LEVE,2
3,1,4,0,4,1,-13.262814,-74.313207,0,4,0,1,7,2,2,2,2022,12,1,0,3,0,2,1679.5849999999998,2.0,2,3,1.0,9,24,315.0,0.1859776092837948,69.85250115366037,39.77024304701982,3.1640035399309645,143.5227500887571,15617.884368308352,12678.733000000004,1805.074000000001,1774.0339999999994,9099.625000000004,2485.375000000001,10193.358000000002,19.602707936195205,LEVE,2
10,1,14,2,4,1,-12.04102990326416,-77.03330573589118,0,3,7,1,2,2,2,0,2022,12,1,0,6,1,0,6543.555,3.0,2,0,1.0,0,30,1475.0,0.7300036506368504,80.21724456394445,75.11639588359114,10.636845733066124,1559.041185521695,156759.78800856532,7626.313,1683.4029999999998,1599.0829999999996,4343.827000000001,1814.875,5811.438000000001,23.797541485643197,LEVE,2
6,1,11,0,4,1,-11.522878,-75.896354,0,4,0,0,2,2,2,2,2022,12,1,0,7,1,2,7586.903,2.0,2,0,1.0,9,5,1198.0,0.6211711217784234,75.51508523355102,70.90101252241288,10.049671623026311,1128.403546167389,8996.89721627409,12264.545,1826.4639999999995,1105.5389999999998,9332.542,1588.5359999999996,10676.009,12.952261987705208,GRAVE_MORTALIDAD,1