CLASE SINIESTRO,CANTIDAD DE VEHICULOS DAÑADOS,DEPARTAMENTO,ZONA,TIPO DE VÍA,RED VIAL,COORDENADAS LATITUD,COORDENADAS  LONGITUD,CONDICIÓN CLIMÁTICA,ZONIFICACIÓN,CARACTERÍSTICAS DE VÍA,PERFIL LONGITUDINAL VÍA,SUPERFICIE DE CALZADA,¿EXISTE SEÑAL VERTICAL?,¿EXISTE SEÑAL HORIZONTAL?,CAUSA FACTOR PRINCIPAL,AÑO,MES,DIA_SEMANA,ES_FIN_SEMANA,HORA_NUM,FRANJA_HORARIA,REGION_NATURAL,MTC_RVN_LONGITUD_KM,MTC_RVN_N_CARRILES_MEDIANA,MTC_RVN_SUPERFICIE_DOMINANTE,MTC_RVN_ESTADO_DOMINANTE,MTC_RVN_ES_CONCESIONADA,MTC_RVN_CONCESION_PRINCIPAL,MTC_RVN_CORREDOR_LOGISTICO,MTC_RVN_N_TRAMOS,IDH_2019,IDH_ESP_VIDA_2019,IDH_EDUC_SECUND_PCT_2019,IDH_ANIOS_EDUC_2019,IDH_INGRESO_PERCAP_2019,IDH_POBLACION_2019,MTC_DEP_RED_TOTAL_KM,MTC_DEP_NACIONAL_TOTAL_KM,MTC_DEP_DEPARTAMENTAL_TOTAL_KM,MTC_DEP_VECINAL_TOTAL_KM,MTC_DEP_PAV_TOTAL_KM,MTC_DEP_NO_PAV_TOTAL_KM,MTC_DEP_PCT_PAVIMENTADA,CATEGORIA_SEVERIDAD,CATEGORIA_SEVERIDAD_ENC
1,1,14,2,2,4,-11.853195628398918,-77.00321274235941,0,0,7,0,2,2,2,0,2022,12,1,0,11,1,0,6543.555,2.0,4,4,1.0,14,33,1198.0,0.6498693508177541,78.84967382596041,74.11456675539837,9.21786785255454,1246.479589064551,356854.23554603854,7626.313,1683.4029999999998,1599.0829999999996,4343.827000000001,1814.875,5811.438000000001,23.797541485643197,LEVE,2
0,1,14,2,4,1,-12.450924,-76.75534,0,4,7,1,2,2,2,0,2022,12,1,0,14,3,0,6639.975,2.0,2,0,1.0,9,31,1616.0,0.5989399421098186,77.00744531585744,66.79191860624414,9.3203078668399,1062.3463551563473,19083.880085653105,7626.313,1683.4029999999998,1599.0829999999996,4343.827000000001,1814.875,5811.438000000001,23.797541485643197,LEVE,2
3,2,12,0,4,1,-7.311197,-79.480883,0,4,7,1,2,2,2,0,2022,12,1,0,15,3,0,6543.555,3.0,2,0,1.0,0,30,1475.0,0.5650979329787121,81.32490571897102,68.6769211482833,7.868096912305706,909.6843705053026,43897.946466809415,8931.828000000005,1335.5899999999997,1935.9830000000004,5660.255000000005,1219.309,7712.519000000005,13.651281686122925,LEVE,2
3,2,20,0,4,1,-15.90013409668344,-69.88882902488676,0,4,7,1,2,2,2,5,2022,12,2,0,5,0,2,7586.903,2.0,2,0,1.0,9,5,1198.0,0.3492776286092784,69.0024577433395,71.96566663107897,6.507478728969356,328.2181581851397,6084.453961456104,13642.312999999998,2020.7790000000005,2354.117,9267.416999999998,3314.0520000000006,10328.260999999997,24.29244952817019,LEVE,2
0,1,14,2,2,4,-12.0894287546733,-77.05854595639885,0,0,7,1,2,1,0,0,2022,12,2,0,7,1,0,6543.555,2.0,4,4,1.0,14,33,1198.0,0.8371895927825478,80.41920952305908,81.09222271899455,13.037629206696334,1989.7738956294795,74873.16916488222,7626.313,1683.4029999999998,1599.0829999999996,4343.827000000001,1814.875,5811.438000000001,23.797541485643197,LEVE,2
0,1,11,2,4,1,-12.044905,-75.252199,0,4,7,1,2,0,1,4,2022,12,2,0,8,1,2,196.88,2.0,2,0,1.0,3,32,35.0,0.570857606214118,71.93419820356702,79.22395362517479,9.891853727583106,907.4771296679614,20078.124197002144,12264.545,1826.4639999999995,1105.5389999999998,9332.542,1588.5359999999996,10676.009,12.952261987705208,LEVE,2
2,0,3,2,2,4,-16.405651,-71.540207,7,1,7,0,2,0,1,0,2022,12,2,0,11,1,0,6543.555,2.0,4,4,1.0,14,33,1198.0,0.7621671359922388,78.82549845032362,81.65077117756084,13.192212326676357,1538.109987002949,42333.23340471092,10322.272,1495.236,1749.739,7077.2970000000005,2886.595,7435.677000000001,27.964725207783708,LEVE,2
6,1,5,0,4,2,-6.29315262885474,-78.983828722132,0,4,0,0,1,2,2,2,2022,12,2,0,16,3,2,6543.555,2.0,4,4,1.0,14,33,1198.0,0.3988811935496497,76.27795285736048,52.72074369701245,5.402568072747514,535.5131446860119,52449.71734475375,15935.565011852366,1733.9250000199986,935.692,13265.948011832368,2000.1670000199988,13935.398011832369,12.551591352627522,LEVE,2
3,2,11,0,4,1,-11.322435142214069,-74.53659806109265,0,4,7,1,2,2,2,2,2022,12,2,0,17,3,2,5768.608,2.0,3,1,0.0,9,32,365.0,0.4285012061956566,75.41084938147766,60.01133023046341,7.293281496635318,514.084282951313,59216.39149500083,12264.545,1826.4639999999995,1105.5389999999998,9332.542,1588.5359999999996,10676.009,12.952261987705208,LEVE,2
6,1,16,0,4,1,-12.359385,-69.153991,0,4,7,1,2,2,2,0,2022,12,2,0,18,2,1,3263.58,2.0,2,0,1.0,5,18,566.0,0.525748215792057,74.03823732580896,58.20048721039922,8.141897025119901,894.6823580853445,9162.706638115633,2090.391,399.431,340.021,1350.9389999999996,493.824,1596.5669999999996,23.62352306338862,LEVE,2
1,1,14,2,4,1,-11.835598,-77.111331,0,1,0,1,2,2,2,0,2022,12,2,0,19,2,0,139.23,-1.0,2,0,0.0,9,32,69.0,0.6632628912836565,79.15155564666024,73.19223743118206,9.629669813837666,1289.452647666346,383699.2119914347,7626.313,1683.4029999999998,1599.0829999999996,4343.827000000001,1814.875,5811.438000000001,23.797541485643197,LEVE,2
3,2,14,0,4,1,-11.06219,-77.55213,0,4,7,1,2,1,0,2,2022,12,2,0,21,2,0,198.315,2.0,2,0,0.0,9,1,55.0,0.644332113046051,78.61218205687396,70.04798203155518,8.919818005352203,1280.219555520582,36044.03426124197,7626.313,1683.4029999999998,1599.0829999999996,4343.827000000001,1814.875,5811.438000000001,23.797541485643197,LEVE,2
3,1,14,2,4,1,-12.249877,-76.931362,0,0,7,1,2,2,2,0,2022,12,2,0,22,2,0,6639.975,2.0,2,0,1.0,9,31,1616.0,0.6909236767275176,78.41626133969348,70.97436336767564,9.826485374940413,1476.8351947609171,95908.53319057816,7626.313,1683.4029999999998,1599.0829999999996,4343.827000000001,1814.875,5811.438000000001,23.797541485643197,LEVE,2
0,1,12,2,2,4,-8.0735967,-79.0487591,0,0,7,1,2,2,2,4,2022,12,2,0,23,2,0,6543.555,2.0,4,4,1.0,14,33,1198.0,0.5961574154611067,78.8610661942771,67.40352037574897,9.291971962737568,1010.620438228636,197397.5888650964,8931.828000000005,1335.5899999999997,1935.9830000000004,5660.255000000005,1219.309,7712.519000000005,13.651281686122925,LEVE,2
3,1,1,0,4,1,-9.445646,-78.350371,0,4,7,1,2,2,2,0,2022,12,3,0,5,0,2,6543.555,3.0,2,0,1.0,0,30,1475.0,0.5873460606982213,78.04758132038613,65.8701248560095,8.596987164492063,1041.0659985770535,35482.29764453961,10767.648,1885.0630000000003,1222.721,7659.864000000001,2100.343,8667.305000000002,19.506051832303577,GRAVE_MORTALIDAD,1
0,1,10,0,4,1,-14.1853908,-75.7144103,0,4,7,1,2,2,2,0,2022,12,3,0,10,1,0,6639.975,2.0,2,0,1.0,9,31,1616.0,0.6261042306271147,80.48505954362174,76.55712631348362,9.341715591523595,1061.002261282891,31419.372591006424,3721.461,698.1859999999996,744.866,2278.409,1102.9029999999996,2618.558,29.636290693359403,LEVE,2
6,1,14,2,2,4,-12.042236570848894,-76.91083070181811,0,3,7,1,2,2,2,0,2022,12,3,0,13,3,0,6543.555,2.0,4,4,1.0,14,33,1198.0,0.6868549636939637,79.62363164345142,76.30894566128948,9.209137883551294,1425.4498631666322,684921.8484148846,7626.313,1683.4029999999998,1599.0829999999996,4343.827000000001,1814.875,5811.438000000001,23.797541485643197,GRAVE_MORTALIDAD,1
1,1,3,2,4,0,-16.346203,-71.606285,0,0,7,1,2,0,1,0,2022,12,3,0,20,2,0,6543.555,2.0,4,4,1.0,14,33,1198.0,0.6411767862503931,77.2408324916572,78.204125011303,10.595705083047717,1107.223861768016,193412.3169164882,10322.272,1495.236,1749.739,7077.2970000000005,2886.595,7435.677000000001,27.964725207783708,LEVE,2
5,2,13,0,4,0,-6.7378566,-79.7915933,0,4,7,1,2,2,2,0,2022,12,4,0,0,0,0,6543.555,2.0,4,4,1.0,14,33,1198.0,0.5415697888341857,80.94178299597955,72.69485501755445,9.042819482789628,724.6578159158644,183060.58029978588,3459.691,515.0619999999999,689.7280000000001,2254.901,703.3549999999999,2756.336,20.329994788551925,LEVE,2
3,2,1,2,4,1,-9.131875997,-78.52748606,0,3,1,1,2,2,2,2,2022,12,4,0,4,0,2,6543.555,3.0,2,0,1.0,0,30,1475.0,0.6459598096056908,78.63908715089502,73.94922643905556,10.615650526897664,1131.8657131941532,175440.59743040687,10767.648,1885.0630000000003,1222.721,7659.864000000001,2100.343,8667.305000000002,19.506051832303577,GRAVE_MORTALIDAD,1
3,2,12,0,4,1,-7.178833728458344,-79.4373320667413,0,4,7,1,2,2,2,2,2022,12,4,0,5,0,0,6543.555,3.0,2,0,1.0,0,30,1475.0,0.5114727232493018,78.60606800160349,61.153108160372966,6.422343227671115,862.4189512831092,24701.19700214133,8931.828000000005,1335.5899999999997,1935.9830000000004,5660.255000000005,1219.309,7712.519000000005,13.651281686122925,GRAVE_MORTALIDAD,1
0,1,16,2,3,4,-12.833549284035202,-71.37055755146186,0,3,7,0,3,2,2,2,2022,12,4,0,12,3,1,6543.555,2.0,4,4,1.0,14,33,1198.0,0.5463073647192098,74.79448830372067,57.21338118948044,8.137461854839495,993.3756077789104,1430.343505006335,2090.391,399.431,340.021,1350.9389999999996,493.824,1596.5669999999996,23.62352306338862,LEVE,2
1,1,6,2,2,4,-12.0425695,-77.118363617,0,0,7,1,2,1,1,0,2022,12,4,0,16,3,0,6543.555,2.0,4,4,1.0,14,33,1198.0,0.5563774842369664,77.00938809632027,69.10246351364754,8.476961866273152,914.8835608305218,27932.19700214133,51.58600000000001,44.68700000000001,6.899000000000001,0.0,49.838000000000015,1.748,96.61148373589734,LEVE,2
3,1,16,0,4,1,-11.7926840460836,-69.1849551896851,6,5,6,2,6,2,2,0,2022,12,4,0,20,2,1,3263.58,2.0,2,0,1.0,5,18,566.0,0.597617604972796,82.26721782405238,48.48097664391574,7.80953834738407,1251.9428244578776,3379.3597430406853,2090.391,399.431,340.021,1350.9389999999996,493.824,1596.5669999999996,23.62352306338862,LEVE,2
3,2,19,0,4,1,-5.528242,-80.589899,7,4,7,1,2,2,2,2,2022,12,4,0,21,2,0,6543.555,3.0,2,0,1.0,0,30,1475.0,0.418056282317269,71.12284878359286,55.374588951304105,6.512474484123322,581.5384507227678,4274.164882226981,8965.846000060003,1782.4120000599992,636.9959999999999,6546.438000000004,2214.505000059999,6751.341000000004,24.699342371541725,LEVE,2
6,1,7,0,4,1,-14.7367389,-71.3256878,0,4,5,0,2,1,1,2,2022,12,4,0,22,2,2,566.7160000000001,2.0,5,2,0.0,9,3,137.0,0.3365713390351058,64.75107972549431,51.55910204051147,4.90404313194694,457.550151920456,2850.758029978587,17779.13499998999,2097.3709999899997,2863.123,12818.640999999989,2878.713,14900.421999989989,16.19152450331032,LEVE,2
0,1,14,2,2,4,-11.912144054579986,-77.04594553809683,0,3,7,1,2,2,2,0,2022,12,4,0,23,2,0,6543.555,2.0,4,4,1.0,14,33,1198.0,0.7218926988400113,80.0902077245261,77.9581888264889,10.971588327733102,1458.3206086290393,530000.3426124197,7626.313,1683.4029999999998,1599.0829999999996,4343.827000000001,1814.875,5811.438000000001,23.797541485643197,LEVE,2
0,1,19,2,4,1,-5.190967273943175,-80.6055176561906,0,0,7,1,2,2,2,2,2022,12,5,1,4,0,0,1305.18,2.0,2,0,1.0,1,20,163.0,0.6220812987247925,80.20155828147696,72.71675503872983,10.02377668600292,1028.915688621886,159840.92719486082,8965.846000060003,1782.4120000599992,636.9959999999999,6546.438000000004,2214.505000059999,6751.341000000004,24.699342371541725,LEVE,2
10,1,7,0,4,1,-15.3191984,-71.1253199,0,4,0,0,2,1,1,2,2022,12,5,1,7,1,2,568.5409999999999,1.0,2,3,0.0,9,3,93.0,0.4222081089999886,68.53644198939976,64.0389062540908,6.228410225649751,607.1280595160617,1204.2119914346897,17779.13499998999,2097.3709999899997,2863.123,12818.640999999989,2878.713,14900.421999989989,16.19152450331032,LEVE,2
0,1,10,0,4,1,-13.709045,-75.9864218,0,4,7,1,2,2,2,0,2022,12,5,1,8,1,0,1679.5849999999998,2.0,2,3,1.0,9,24,315.0,0.5368583996363854,74.61272186125923,72.26825466878516,8.4069286474868,830.4721109449902,14789.134903640255,3721.461,698.1859999999996,744.866,2278.409,1102.9029999999996,2618.558,29.636290693359403,LEVE,2
0,1,13,0,4,1,-6.2305182,-79.7133815,0,4,7,1,2,2,2,0,2022,12,5,1,8,1,0,1305.18,2.0,2,0,1.0,1,20,163.0,0.4974674218418852,75.93907983080418,58.3357972839862,7.69595447676265,761.2908213145297,28734.96573875803,3459.691,515.0619999999999,689.7280000000001,2254.901,703.3549999999999,2756.336,20.329994788551925,LEVE,2
3,3,14,0,4,1,-11.18402,-77.57669,0,4,7,1,2,2,2,2,2022,12,5,1,17,3,0,6543.555,3.0,2,0,1.0,0,30,1475.0,0.7327345537337897,78.20903814342847,76.31492653513806,13.642917835589472,1405.6698219039215,62016.21841541756,7626.313,1683.4029999999998,1599.0829999999996,4343.827000000001,1814.875,5811.438000000001,23.797541485643197,LEVE,2
5,1,20,0,4,1,-16.618889,-69.149559,0,4,7,1,2,2,2,0,2022,12,5,1,20,2,2,1529.105,2.0,2,0,1.0,9,21,200.0,0.4241160460464029,74.28732425011668,75.63340579586843,8.070404038634907,431.1198673050291,28095.749464668093,13642.312999999998,2020.7790000000005,2354.117,9267.416999999998,3314.0520000000006,10328.260999999997,24.29244952817019,LEVE,2
1,1,14,2,4,1,-12.144819356636646,-76.98190654884502,0,0,7,1,2,2,2,0,2022,12,6,1,2,0,0,6639.975,2.0,2,0,1.0,9,31,1616.0,0.8017574897902351,80.48487267736287,78.74302427848284,13.156716040468266,1766.1488062170545,359776.608137045,7626.313,1683.4029999999998,1599.0829999999996,4343.827000000001,1814.875,5811.438000000001,23.797541485643197,LEVE,2
6,1,11,0,4,1,-11.81465824504324,-75.62874008771473,0,4,7,1,2,0,1,2,2022,12,6,1,6,1,2,7586.903,2.0,2,0,1.0,9,5,1198.0,0.4545643050211295,68.73444804749025,55.05670880126828,7.076811092931955,737.237129067086,1424.8051391862955,12264.545,1826.4639999999995,1105.5389999999998,9332.542,1588.5359999999996,10676.009,12.952261987705208,GRAVE_MORTALIDAD,1
6,1,14,2,1,4,-12.139128988004243,-77.02745275937706,0,0,0,0,2,2,2,0,2022,12,6,1,7,1,0,6543.555,2.0,4,4,1.0,14,33,1198.0,0.8207642838213052,80.14976904502905,78.34721798827678,12.592455139231284,1956.55173075211,27481.5653104925,7626.313,1683.4029999999998,1599.0829999999996,4343.827000000001,1814.875,5811.438000000001,23.797541485643197,LEVE,2
3,2,19,0,4,1,-5.233518,-80.645968,0,4,7,1,2,2,2,2,2022,12,6,1,8,1,0,6543.555,3.0,2,0,1.0,0,30,1475.0,0.5034350778485951,78.14388603810477,62.51585839041032,7.698619805954479,731.8176685454189,76220.84796573877,8965.846000060003,1782.4120000599992,636.9959999999999,6546.438000000004,2214.505000059999,6751.341000000004,24.699342371541725,LEVE,2
0,1,10,2,2,4,-13.71781184364795,-76.1953913975266,0,3,1,1,2,2,2,0,2022,12,6,1,8,1,0,6543.555,2.0,4,4,1.0,14,33,1198.0,0.5876128251369682,76.40783657687089,72.44948426378424,10.42636694091524,914.8835608305218,58924.95503211991,3721.461,698.1859999999996,744.866,2278.409,1102.9029999999996,2618.558,29.636290693359403,LEVE,2
3,1,14,2,2,4,-12.044994952836248,-77.04283697391459,0,0,1,1,2,2,2,0,2022,12,6,1,16,3,0,6543.555,2.0,4,4,1.0,14,33,1198.0,0.7646845961658533,80.23682119426338,77.96082737891015,12.014176158371615,1633.787715186093,250806.0877944326,7626.313,1683.4029999999998,1599.0829999999996,4343.827000000001,1814.875,5811.438000000001,23.797541485643197,LEVE,2
3,1,11,0,4,0,-11.255772483987002,-75.82256735949572,0,4,0,1,7,2,2,2,2022,12,6,1,21,2,2,6543.555,2.0,4,4,1.0,14,33,1198.0,0.3806721892335712,78.77245225217325,56.81421208719683,5.920101618692288,408.70034160859785,4341.336188436831,12264.545,1826.4639999999995,1105.5389999999998,9332.542,1588.5359999999996,10676.009,12.952261987705208,GRAVE_MORTALIDAD,1
0,1,19,2,7,4,-5.182306321297527,-80.65152538203908,0,0,2,1,2,2,2,4,2022,12,6,1,22,2,0,6543.555,2.0,4,4,1.0,14,33,1198.0,0.5997462042553465,78.40793944726823,72.26811532412637,9.714064362322326,976.3169831713308,183875.0,8965.846000060003,1782.4120000599992,636.9959999999999,6546.438000000004,2214.505000059999,6751.341000000004,24.699342371541725,LEVE,2
6,1,3,0,4,2,-16.353223,-72.149276,0,4,7,1,7,2,2,0,2022,12,6,1,23,2,0,6543.555,2.0,4,4,1.0,14,33,1198.0,0.6077843615696785,76.53072135400231,69.81276959706165,8.77367759087771,1135.5159013374655,74658.55888650964,10322.272,1495.236,1749.739,7077.2970000000005,2886.595,7435.677000000001,27.964725207783708,LEVE,2
0,1,14,2,2,4,-12.029394015701405,-77.01166679892997,0,0,7,1,2,2,2,0,2022,12,0,0,14,3,0,6543.555,2.0,4,4,1.0,14,33,1198.0,0.701053025277506,79.62867561460851,73.1469484600971,10.064317505194426,1464.6926161541437,1150285.0494171206,7626.313,1683.4029999999998,1599.0829999999996,4343.827000000001,1814.875,5811.438000000001,23.797541485643197,LEVE,2
3,1,6,2,4,1,-11.9439428,-77.1315501,0,0,7,1,2,0,1,0,2022,12,0,0,15,3,0,139.23,-1.0,2,0,0.0,9,32,69.0,0.5563774842369664,77.00938809632027,69.10246351364754,8.476961866273152,914.8835608305218,27932.19700214133,51.58600000000001,44.68700000000001,6.899000000000001,0.0,49.838000000000015,1.748,96.61148373589734,LEVE,2
3,3,3,0,4,1,-16.5619253,-71.8240875,0,4,7,1,2,2,2,0,2022,12,0,0,22,2,0,6639.975,2.0,2,0,1.0,9,31,1616.0,0.6105481451420971,78.10653088113892,68.35418098658066,8.411557426919764,1158.5430895193692,35025.678800856535,10322.272,1495.236,1749.739,7077.2970000000005,2886.595,7435.677000000001,27.964725207783708,LEVE,2
3,1,11,2,4,1,-11.825113,-75.499218,0,4,0,1,2,0,1,2,2022,12,1,0,4,0,2,7586.903,2.0,2,0,1.0,9,5,1198.0,0.4537761960868171,70.05121833794033,65.44353104603425,6.899166529295571,667.7730538806488,1267.952890792291,12264.545,1826.4639999999995,1105.5389999999998,9332.542,1588.5359999999996,10676.009,12.952261987705208,GRAVE_MORTALIDAD,1
6,1,16,0,4,1,-12.175021,-69.114092,6,5,6,2,6,2,2,0,2022,12,1,0,4,0,1,3263.58,2.0,2,0,1.0,5,18,566.0,0.525748215792057,74.03823732580896,58.20048721039922,8.141897025119901,894.6823580853445,9162.706638115633,2090.391,399.431,340.021,1350.9389999999996,493.824,1596.5669999999996,23.62352306338862,LEVE,2
3,2,5,0,4,1,-7.27770333,-78.59512833,7,4,0,1,2,0,1,0,2022,12,1,0,5,0,2,887.28,2.0,2,0,1.0,8,17,155.0,0.3499131122933449,74.39401817945264,56.6280544824882,4.625294965690104,417.1826098657696,8462.284796573875,15935.565011852366,1733.9250000199986,935.692,13265.948011832368,2000.1670000199988,13935.398011832369,12.551591352627522,GRAVE_MORTALIDAD,1
3,3,7,0,4,1,-14.046643,-71.447767,2,4,0,1,2,1,1,2,2022,12,1,0,18,2,2,7586.903,2.0,2,0,1.0,9,5,1198.0,0.3409107564841972,74.2782790389362,69.85088681249269,5.816184127144114,302.53841952167744,4833.456102783726,17779.13499998999,2097.3709999899997,2863.123,12818.640999999989,2878.713,14900.421999989989,16.19152450331032,LEVE,2
3,3,22,0,4,1,-18.127199,-70.708028,0,4,7,1,2,2,2,2,2022,12,1,0,23,2,0,1926.94,2.0,2,0,1.0,9,32,393.0,0.5526222945995614,74.2498786138685,70.50025041365525,8.75355945120394,897.5682559826355,2956.51391862955,2650.572,630.6729999999998,487.3610000000001,1532.5379999999998,1068.7019999999998,1581.87,40.31967439480987,GRAVE_MORTALIDAD,1
3,2,12,0,4,1,-8.133712,-79.064233,0,4,7,1,2,2,2,2,2022,12,2,0,6,1,0,6543.555,3.0,2,0,1.0,0,30,1475.0,0.7531641124604342,80.00312647864715,76.99495003849329,11.742569192588208,1599.6362666139996,66889.78372591006,8931.828000000005,1335.5899999999997,1935.9830000000004,5660.255000000005,1219.309,7712.519000000005,13.651281686122925,LEVE,2
3,1,11,0,4,1,-11.11006265592424,-75.3426289488776,0,4,0,1,2,2,2,2,2022,12,2,0,8,1,2,600.0300000000001,2.0,2,0,0.0,9,8,178.0,0.5524312122883903,74.69278428872114,62.924176307590606,8.661674602491013,944.9757327320935,25835.76017130621,12264.545,1826.4639999999995,1105.5389999999998,9332.542,1588.5359999999996,10676.009,12.952261987705208,LEVE,2
5,2,7,0,4,1,-13.5020023542712,-72.4952346239632,2,4,7,0,2,1,1,2,2022,12,2,0,19,2,2,7586.903,2.0,2,0,1.0,9,5,1198.0,0.3401816617977222,71.10991456121904,48.96986934460488,5.376243173322119,394.5611246991025,8685.158458244112,17779.13499998999,2097.3709999899997,2863.123,12818.640999999989,2878.713,14900.421999989989,16.19152450331032,LEVE,2
1,1,11,0,4,1,-12.2696677,-75.1242455,2,4,7,1,2,0,1,0,2022,12,2,0,21,2,2,7586.903,2.0,2,0,1.0,9,5,1198.0,0.1854661422104703,75.42543174369051,49.2342895519335,4.358203261955064,97.8282950369456,1421.4218415417567,12264.545,1826.4639999999995,1105.5389999999998,9332.542,1588.5359999999996,10676.009,12.952261987705208,LEVE,2
3,2,10,0,4,1,-13.805843718923224,-76.1534953254719,0,4,1,1,2,2,2,0,2022,12,2,0,21,2,0,6639.975,2.0,2,0,1.0,9,31,1616.0,0.6292184793170688,75.99906028374495,67.79982853272203,9.796858559039824,1204.177835421263,8492.554603854389,3721.461,698.1859999999996,744.866,2278.409,1102.9029999999996,2618.558,29.636290693359403,GRAVE_MORTALIDAD,1
1,1,7,0,4,1,-13.47583905853345,-72.12783103066586,0,4,7,1,2,0,1,0,2022,12,3,0,1,0,2,7586.903,2.0,2,0,1.0,9,5,1198.0,0.4461630003962475,73.21502670801013,72.39928330950325,7.637017072327872,534.399353077353,18328.770877944324,17779.13499998999,2097.3709999899997,2863.123,12818.640999999989,2878.713,14900.421999989989,16.19152450331032,LEVE,2
10,1,2,0,4,3,-13.6393287540196,-72.60660738232684,6,5,6,2,6,2,2,0,2022,12,3,0,4,0,2,6543.555,2.0,4,4,1.0,14,33,1198.0,0.377913005157653,70.27445875446921,58.80536162354749,5.787058770254275,468.91015143438335,16627.231263383295,8358.971,1282.451,1298.0969999999998,5778.423,1432.683,6926.288,17.139466089785454,LEVE,2
3,2,10,0,4,1,-13.72278527950069,-75.88518324361718,0,4,7,1,2,2,2,0,2022,12,3,0,6,1,0,1679.5849999999998,2.0,2,3,1.0,9,24,315.0,0.5476064687943295,72.89816640240538,72.53137929650067,8.073066505789269,930.7694624870004,5923.768736616702,3721.461,698.1859999999996,744.866,2278.409,1102.9029999999996,2618.558,29.636290693359403,GRAVE_MORTALIDAD,1
1,1,14,2,4,1,-12.03542145104657,-77.04759117506946,0,0,7,1,2,1,0,0,2022,12,3,0,9,1,0,6543.555,3.0,2,0,1.0,0,30,1475.0,0.7419979630670723,80.31822295927182,79.00446395716813,11.084203715652809,1554.6868971011318,739416.2413542903,7626.313,1683.4029999999998,1599.0829999999996,4343.827000000001,1814.875,5811.438000000001,23.797541485643197,LEVE,2
6,1,12,0,4,2,-7.203805583509783,-79.6643699865567,0,4,7,1,2,2,2,0,2022,12,3,0,16,3,0,6543.555,2.0,4,4,1.0,14,33,1198.0,0.5269858676904433,78.6949982483802,63.75709755051333,7.105658039723436,860.9267328590474,14505.91006423983,8931.828000000005,1335.5899999999997,1935.9830000000004,5660.255000000005,1219.309,7712.519000000005,13.651281686122925,LEVE,2
3,2,20,0,4,1,-15.2934527,-69.9602214,0,4,7,1,2,2,2,2,2022,12,4,0,0,0,2,1762.84,2.0,1,0,0.0,9,32,485.0,0.3120136684565522,74.56643070176949,67.13828218150482,6.277409990126978,231.9912855577296,12390.518201284798,13642.312999999998,2020.7790000000005,2354.117,9267.416999999998,3314.0520000000006,10328.260999999997,24.29244952817019,LEVE,2
3,1,14,2,4,1,-12.067143,-76.971589,0,0,7,0,2,2,2,0,2022,12,4,0,2,0,0,6639.975,2.0,2,0,1.0,9,31,1616.0,0.6868549636939637,79.62363164345142,76.30894566128948,9.209137883551294,1425.4498631666322,684921.8484148846,7626.313,1683.4029999999998,1599.0829999999996,4343.827000000001,1814.875,5811.438000000001,23.797541485643197,LEVE,2
0,1,20,0,4,1,-14.674068728944974,-70.3663212984862,0,4,7,1,2,2,2,4,2022,12,4,0,4,0,2,1761.8050000000003,2.0,2,0,1.0,6,22,410.0,0.2623754846886306,66.47865021821245,67.58090631586649,6.080442216669903,177.69250667428713,15453.085653104928,13642.312999999998,2020.7790000000005,2354.117,9267.416999999998,3314.0520000000006,10328.260999999997,24.29244952817019,LEVE,2
3,2,11,0,4,1,-11.82719,-75.445205,0,4,7,1,2,0,1,2,2022,12,4,0,7,1,2,196.88,2.0,2,0,1.0,3,32,35.0,0.5103724369507868,73.88155792233682,59.32015972008952,8.771792775786478,780.3419275036085,943.338329764454,12264.545,1826.4639999999995,1105.5389999999998,9332.542,1588.5359999999996,10676.009,12.952261987705208,LEVE,2
4,1,19,0,4,2,-4.907168007108716,-80.63694425970394,0,4,2,1,1,2,2,2,2022,12,4,0,11,1,0,6543.555,2.0,4,4,1.0,14,33,1198.0,0.5657000696312142,79.93504063107561,71.14438533384025,9.31841991972829,829.1233898514824,181599.8115631692,8965.846000060003,1782.4120000599992,636.9959999999999,6546.438000000004,2214.505000059999,6751.341000000004,24.699342371541725,LEVE,2
0,1,13,2,2,4,-6.7644239,-79.8592299,0,3,1,1,2,2,2,0,2022,12,4,0,20,2,0,6543.555,2.0,4,4,1.0,14,33,1198.0,0.6336758582443321,79.57413791335281,79.43179781120509,10.959065315580176,998.3945232858084,284974.83725910063,3459.691,515.0619999999999,689.7280000000001,2254.901,703.3549999999999,2756.336,20.329994788551925,LEVE,2
1,1,20,0,4,1,-16.546402039438025,-69.05188392863842,0,4,7,1,2,2,2,2,2022,12,5,1,1,0,2,7586.903,2.0,2,0,1.0,9,5,1198.0,0.4241160460464029,74.28732425011668,75.63340579586843,8.070404038634907,431.1198673050291,28095.749464668093,13642.312999999998,2020.7790000000005,2354.117,9267.416999999998,3314.0520000000006,10328.260999999997,24.29244952817019,LEVE,2
3,2,13,0,4,1,-5.8471795,-79.8080689,0,4,7,1,2,2,2,0,2022,12,5,1,3,0,0,1305.18,2.0,2,0,1.0,1,20,163.0,0.4703091457296942,74.91176543888524,59.04522375211969,6.365443427676777,742.49897987499,44335.321199143465,3459.691,515.0619999999999,689.7280000000001,2254.901,703.3549999999999,2756.336,20.329994788551925,LEVE,2