CLASE SINIESTRO,CANTIDAD DE VEHICULOS DAÑADOS,DEPARTAMENTO,ZONA,TIPO DE VÍA,RED VIAL,COORDENADAS LATITUD,COORDENADAS  LONGITUD,CONDICIÓN CLIMÁTICA,ZONIFICACIÓN,CARACTERÍSTICAS DE VÍA,PERFIL LONGITUDINAL VÍA,SUPERFICIE DE CALZADA,¿EXISTE SEÑAL VERTICAL?,¿EXISTE SEÑAL HORIZONTAL?,CAUSA FACTOR PRINCIPAL,AÑO,MES,DIA_SEMANA,ES_FIN_SEMANA,HORA_NUM,FRANJA_HORARIA,REGION_NATURAL,MTC_RVN_LONGITUD_KM,MTC_RVN_N_CARRILES_MEDIANA,MTC_RVN_SUPERFICIE_DOMINANTE,MTC_RVN_ESTADO_DOMINANTE,MTC_RVN_ES_CONCESIONADA,MTC_RVN_CONCESION_PRINCIPAL,MTC_RVN_CORREDOR_LOGISTICO,MTC_RVN_N_TRAMOS,IDH_2019,IDH_ESP_VIDA_2019,IDH_EDUC_SECUND_PCT_2019,IDH_ANIOS_EDUC_2019,IDH_INGRESO_PERCAP_2019,IDH_POBLACION_2019,MTC_DEP_RED_TOTAL_KM,MTC_DEP_NACIONAL_TOTAL_KM,MTC_DEP_DEPARTAMENTAL_TOTAL_KM,MTC_DEP_VECINAL_TOTAL_KM,MTC_DEP_PAV_TOTAL_KM,MTC_DEP_NO_PAV_TOTAL_KM,MTC_DEP_PCT_PAVIMENTADA,CATEGORIA_SEVERIDAD,CATEGORIA_SEVERIDAD_ENC
0,1,20,0,4,1,-15.519566454491216,-70.17767871292796,0,4,7,1,2,2,2,4,2022,12,5,1,4,0,2,1504.4250000000002,2.0,2,0,1.0,7,25,241.0,0.5759734352119,73.55929462493827,78.89306383943827,10.174966342239475,888.1716010638444,232834.39603082248,13642.312999999998,2020.7790000000005,2354.117,9267.416999999998,3314.0520000000006,10328.260999999997,24.29244952817019,LEVE,2
0,2,15,2,4,1,-3.7229428,-73.2412068,0,0,7,1,2,2,2,4,2022,12,5,1,16,3,1,940.74300002,-1.0,3,1,0.0,9,32,41.0,0.5706668125918415,75.09964516635742,53.96567614691405,10.363459721608116,996.7055119355156,86909.8886509636,1095.5949999999998,128.87099999999998,320.74700000000007,645.9769999999999,274.214,821.381,25.02877431897737,LEVE,2
6,1,12,0,4,1,-8.179401,-78.991284,0,4,7,1,2,2,2,0,2022,12,5,1,17,3,0,6543.555,3.0,2,0,1.0,0,30,1475.0,0.5704872313485707,78.73040511828864,66.00991236238886,8.931371175352043,922.6441961800402,20630.58672376873,8931.828000000005,1335.5899999999997,1935.9830000000004,5660.255000000005,1219.309,7712.519000000005,13.651281686122925,LEVE,2
0,1,12,0,4,1,-7.868086,-79.135907,0,4,7,1,2,2,2,2,2022,12,5,1,21,2,0,6543.555,3.0,2,0,1.0,0,30,1475.0,0.5721567587688113,77.67102283812494,66.21373667954742,8.464777379360486,978.4498488219192,15563.077087794432,8931.828000000005,1335.5899999999997,1935.9830000000004,5660.255000000005,1219.309,7712.519000000005,13.651281686122925,LEVE,2
1,1,19,2,2,4,-4.904666656939374,-80.70136042978902,0,4,1,1,2,1,0,0,2022,12,5,1,23,2,0,6543.555,2.0,4,4,1.0,14,33,1198.0,0.5657000696312142,79.93504063107561,71.14438533384025,9.31841991972829,829.1233898514824,181599.8115631692,8965.846000060003,1782.4120000599992,636.9959999999999,6546.438000000004,2214.505000059999,6751.341000000004,24.699342371541725,LEVE,2
1,1,14,2,4,1,-11.7849027,-77.1545913,6,5,6,2,6,2,2,0,2022,12,5,1,23,2,0,6543.555,3.0,2,0,1.0,0,30,1475.0,0.6688889885290078,77.65971620762488,72.11797581870952,9.343568875150348,1392.9562465448405,54956.252676659526,7626.313,1683.4029999999998,1599.0829999999996,4343.827000000001,1814.875,5811.438000000001,23.797541485643197,LEVE,2
1,1,14,2,4,1,-11.783896,-77.155454,0,4,7,1,2,2,2,0,2022,12,5,1,23,2,0,6543.555,3.0,2,0,1.0,0,30,1475.0,0.6688889885290078,77.65971620762488,72.11797581870952,9.343568875150348,1392.9562465448405,54956.252676659526,7626.313,1683.4029999999998,1599.0829999999996,4343.827000000001,1814.875,5811.438000000001,23.797541485643197,LEVE,2
6,1,1,0,4,2,-9.34163050225724,-77.0352685109,0,4,0,0,7,2,2,0,2023,1,6,1,4,0,2,6543.555,2.0,4,4,1.0,14,33,1198.0,0.2878727346040939,74.02385113200486,48.30446647049269,5.311571180830728,243.23903305112947,2816.952890792292,10767.648,1885.0630000000003,1222.721,7659.864000000001,2100.343,8667.305000000002,19.506051832303577,GRAVE_LESIONADOS,0
3,1,14,2,4,1,-12.02115428,-76.92843602,0,2,7,1,2,2,2,2,2023,1,6,1,4,0,0,875.67,2.0,2,0,1.0,3,14,156.0,0.6831952456039544,78.60873873772867,74.49000793376607,10.00420210847705,1376.0472418044385,255143.7301927195,7626.313,1683.4029999999998,1599.0829999999996,4343.827000000001,1814.875,5811.438000000001,23.797541485643197,LEVE,2
6,1,12,0,4,3,-7.6954995974872,-78.6316271126678,0,4,7,1,1,2,2,2,2023,1,6,1,5,0,0,6543.555,2.0,4,4,1.0,14,33,1198.0,0.5563774842369664,77.00938809632027,69.10246351364754,8.476961866273152,914.8835608305218,27932.19700214133,8931.828000000005,1335.5899999999997,1935.9830000000004,5660.255000000005,1219.309,7712.519000000005,13.651281686122925,GRAVE_MORTALIDAD,1
6,1,10,2,4,1,-13.945351,-75.680238,0,3,7,1,2,2,2,0,2023,1,6,1,6,1,0,583.2950000000001,1.0,1,3,0.0,9,32,248.0,0.6267320904570742,78.75055145863993,77.68950629139908,9.132898531488795,1104.4394499003888,6644.670235546039,3721.461,698.1859999999996,744.866,2278.409,1102.9029999999996,2618.558,29.636290693359403,LEVE,2
6,1,17,0,4,1,-17.54765,-71.361506,0,4,7,1,2,1,1,2,2023,1,6,1,7,1,0,1926.94,2.0,2,0,1.0,9,32,393.0,0.7679607503195659,78.54282659820022,70.56951363392463,12.908522413383151,1718.8035257172005,3079.066381156317,2949.174,470.28500000000025,903.055,1575.834,866.4460000000004,2082.728,29.37927704503025,LEVE,2
3,2,12,0,4,1,-7.392707921590365,-79.55616788912027,0,4,7,1,2,2,2,0,2023,1,6,1,10,1,0,6543.555,3.0,2,0,1.0,0,30,1475.0,0.5968586479601472,81.56479096531379,74.23398565025978,9.72444636404026,898.7633596995952,27553.955032119917,8931.828000000005,1335.5899999999997,1935.9830000000004,5660.255000000005,1219.309,7712.519000000005,13.651281686122925,LEVE,2
3,1,14,2,2,4,-12.18744311,-76.995348,0,3,1,1,2,2,2,2,2023,1,6,1,10,1,0,6543.555,2.0,4,4,1.0,14,33,1198.0,0.7583553928164398,79.82595632107274,76.7651270103073,11.46351379457763,1662.7771470294065,333655.3618843683,7626.313,1683.4029999999998,1599.0829999999996,4343.827000000001,1814.875,5811.438000000001,23.797541485643197,LEVE,2
5,1,12,2,4,1,-8.086548612579318,-79.09628712208378,0,2,9,0,2,2,2,0,2023,1,6,1,13,3,0,6543.555,3.0,2,0,1.0,0,30,1475.0,0.583006771156836,78.2441938961209,62.24037484511178,8.807312392374042,1028.2282118265089,76607.295503212,8931.828000000005,1335.5899999999997,1935.9830000000004,5660.255000000005,1219.309,7712.519000000005,13.651281686122925,LEVE,2
0,1,7,0,4,1,-13.485952609764276,-72.16745477434834,0,4,7,1,2,2,2,2,2023,1,6,1,14,3,2,7586.903,2.0,2,0,1.0,9,5,1198.0,0.4461630003962475,73.21502670801013,72.39928330950325,7.637017072327872,534.399353077353,18328.770877944324,17779.13499998999,2097.3709999899997,2863.123,12818.640999999989,2878.713,14900.421999989989,16.19152450331032,LEVE,2
6,1,20,0,4,3,-16.640263,-69.105227,0,4,7,1,7,2,2,2,2023,1,6,1,18,2,2,6543.555,2.0,4,4,1.0,14,33,1198.0,0.4241160460464029,74.28732425011668,75.63340579586843,8.070404038634907,431.1198673050291,28095.749464668093,13642.312999999998,2020.7790000000005,2354.117,9267.416999999998,3314.0520000000006,10328.260999999997,24.29244952817019,LEVE,2
1,1,20,2,3,4,-16.30571841773991,-69.07482239581564,0,4,7,1,7,2,2,2,2023,1,6,1,19,2,2,6543.555,2.0,4,4,1.0,14,33,1198.0,0.4165447461855686,74.77127585660097,73.32833413464006,6.399479128468322,475.6850527085419,23516.528907922908,13642.312999999998,2020.7790000000005,2354.117,9267.416999999998,3314.0520000000006,10328.260999999997,24.29244952817019,LEVE,2
6,1,20,0,4,0,-16.28830931265595,-69.0744135791099,0,4,7,1,2,2,2,2,2023,1,6,1,19,2,2,6543.555,2.0,4,4,1.0,14,33,1198.0,0.4165447461855686,74.77127585660097,73.32833413464006,6.399479128468322,475.6850527085419,23516.528907922908,13642.312999999998,2020.7790000000005,2354.117,9267.416999999998,3314.0520000000006,10328.260999999997,24.29244952817019,LEVE,2
3,2,20,0,4,1,-15.755179,-70.051617,0,4,0,1,2,2,2,2,2023,1,6,1,22,2,2,7586.903,2.0,2,0,1.0,9,5,1198.0,0.3204026151964153,69.29426309416309,70.2364823564305,6.371809812333516,265.9551058733816,4850.546038543897,13642.312999999998,2020.7790000000005,2354.117,9267.416999999998,3314.0520000000006,10328.260999999997,24.29244952817019,GRAVE_LESIONADOS,0
3,2,1,2,4,1,-9.019175,-78.616854,0,4,7,1,4,2,2,2,2023,1,6,1,22,2,2,6543.555,3.0,2,0,1.0,0,30,1475.0,0.5767176315100667,78.75852681233434,67.73838141742253,8.602424454954967,961.4146257668338,15940.278372591009,10767.648,1885.0630000000003,1222.721,7659.864000000001,2100.343,8667.305000000002,19.506051832303577,LEVE,2
1,1,14,2,4,1,-12.040883004231532,-77.03392535182245,0,0,7,1,2,2,2,2,2023,1,0,0,0,0,0,6543.555,3.0,2,0,1.0,0,30,1475.0,0.7300036506368504,80.21724456394445,75.11639588359114,10.636845733066124,1559.041185521695,156759.78800856532,7626.313,1683.4029999999998,1599.0829999999996,4343.827000000001,1814.875,5811.438000000001,23.797541485643197,LEVE,2
0,1,14,2,4,1,-12.162271,-76.981829,0,0,7,1,2,2,2,4,2023,1,0,0,3,0,0,6639.975,2.0,2,0,1.0,9,31,1616.0,0.7289998534947872,80.50926319493618,76.9124822838204,10.358587270463827,1551.106643515347,384728.5117773019,7626.313,1683.4029999999998,1599.0829999999996,4343.827000000001,1814.875,5811.438000000001,23.797541485643197,LEVE,2
3,1,14,2,4,1,-11.856181,-77.085165,0,0,7,1,2,2,2,2,2023,1,0,0,4,0,0,6543.555,3.0,2,0,1.0,0,30,1475.0,0.6632628912836565,79.15155564666024,73.19223743118206,9.629669813837666,1289.452647666346,383699.2119914347,7626.313,1683.4029999999998,1599.0829999999996,4343.827000000001,1814.875,5811.438000000001,23.797541485643197,LEVE,2
5,1,9,0,4,1,-8.908303,-76.093992,0,4,7,1,2,1,1,0,2023,1,0,0,5,0,2,7758.33400008,2.0,2,0,1.0,9,20,2133.0,0.4488980782274319,72.32233236849576,48.83099256769076,6.808038769056246,716.252056011431,32955.28479657388,8209.057,1333.4779999999996,791.9770000000001,6083.602,1059.8589999999997,7149.198,12.910849565303296,LEVE,2
3,2,22,0,4,1,-18.118923,-70.375177,0,4,7,1,2,2,2,2,2023,1,0,0,12,3,0,1926.94,2.0,2,0,1.0,9,32,393.0,0.5551799999072031,75.37994385062687,62.699954828476905,7.065143842078104,1076.8792057258834,6114.0,2650.572,630.6729999999998,487.3610000000001,1532.5379999999998,1068.7019999999998,1581.87,40.31967439480987,LEVE,2
3,2,9,2,6,4,-9.303110794197345,-76.00091655326621,0,0,1,1,4,0,1,2,2023,1,0,0,14,3,2,6543.555,2.0,4,4,1.0,14,33,1198.0,0.5818337288935853,73.84436545241161,70.00654188026523,9.541274475508528,1000.4260420093171,59227.28479657388,8209.057,1333.4779999999996,791.9770000000001,6083.602,1059.8589999999997,7149.198,12.910849565303296,LEVE,2
3,2,9,0,4,1,-8.611078754179244,-76.62656868189325,0,4,0,0,1,2,2,0,2023,1,0,0,14,3,2,1703.219,1.0,0,3,0.0,9,28,247.0,0.3278202150778517,66.53640691874807,40.68123807789863,5.354469202711941,428.1028158623839,11708.025695931476,8209.057,1333.4779999999996,791.9770000000001,6083.602,1059.8589999999997,7149.198,12.910849565303296,LEVE,2
3,2,7,0,4,1,-14.45243,-71.07294,0,4,7,1,2,1,1,2,2023,1,0,0,19,2,2,7586.903,2.0,2,0,1.0,9,5,1198.0,0.2203506125864708,63.2185051736148,53.31195554262463,5.074877589504474,153.07870837763025,5406.680942184154,17779.13499998999,2097.3709999899997,2863.123,12818.640999999989,2878.713,14900.421999989989,16.19152450331032,GRAVE_LESIONADOS,0
3,2,7,0,4,1,-13.329805040296536,-72.07244714749359,0,4,7,1,2,2,2,2,2023,1,0,0,19,2,2,3447.8009999999995,1.0,2,3,0.0,9,12,1109.0,0.6467436323237573,79.23148267907465,67.52594538772321,10.132837841128774,1206.994437940653,3183.13704496788,17779.13499998999,2097.3709999899997,2863.123,12818.640999999989,2878.713,14900.421999989989,16.19152450331032,LEVE,2
0,2,12,0,4,3,-8.009822,-79.048239,0,0,7,1,4,2,2,2,2023,1,1,0,5,0,0,6543.555,2.0,4,4,1.0,14,33,1198.0,0.583006771156836,78.2441938961209,62.24037484511178,8.807312392374042,1028.2282118265089,76607.295503212,8931.828000000005,1335.5899999999997,1935.9830000000004,5660.255000000005,1219.309,7712.519000000005,13.651281686122925,LEVE,2
0,1,14,2,6,4,-11.93560076,-77.05045653,0,3,7,1,2,0,1,4,2023,1,1,0,11,1,0,6543.555,2.0,4,4,1.0,14,33,1198.0,0.7218926988400113,80.0902077245261,77.9581888264889,10.971588327733102,1458.3206086290393,530000.3426124197,7626.313,1683.4029999999998,1599.0829999999996,4343.827000000001,1814.875,5811.438000000001,23.797541485643197,LEVE,2
3,1,14,2,4,1,-12.131482,-76.978481,0,0,7,1,2,2,2,2,2023,1,2,0,4,0,0,6639.975,2.0,2,0,1.0,9,31,1616.0,0.8017574897902351,80.48487267736287,78.74302427848284,13.156716040468266,1766.1488062170545,359776.608137045,7626.313,1683.4029999999998,1599.0829999999996,4343.827000000001,1814.875,5811.438000000001,23.797541485643197,LEVE,2
2,0,19,2,4,2,-5.3148116,-80.713105,0,4,7,1,2,2,2,2,2023,1,2,0,11,1,0,6543.555,2.0,4,4,1.0,14,33,1198.0,0.4148191461350484,77.82903686752694,50.46633746500447,5.286735901838059,602.6826383081411,38807.252676659526,8965.846000060003,1782.4120000599992,636.9959999999999,6546.438000000004,2214.505000059999,6751.341000000004,24.699342371541725,LEVE,2
0,1,9,0,4,1,-9.089441171810178,-76.0609985078864,0,4,7,1,2,2,2,0,2023,1,2,0,17,3,2,7758.33400008,2.0,2,0,1.0,9,20,2133.0,0.4184171487202614,72.18805630075194,51.97959729207806,5.109504197253802,694.6457382215672,4014.4925778067222,8209.057,1333.4779999999996,791.9770000000001,6083.602,1059.8589999999997,7149.198,12.910849565303296,LEVE,2
6,1,8,0,4,0,-13.0339453612334,-74.7998877037061,0,4,7,0,1,2,2,0,2023,1,2,0,19,2,2,6543.555,2.0,4,4,1.0,14,33,1198.0,0.3648777342527826,72.61386206398959,50.19709555656983,5.638488277525374,444.6393044914551,24733.083511777302,8511.426,1445.3929999999996,2008.516,5057.516999999999,1879.579,6631.846999999998,22.08300935706896,LEVE,2
6,1,19,2,2,4,-5.181645,-80.640006,0,0,1,1,2,2,2,2,2023,1,2,0,21,2,0,6543.555,2.0,4,4,1.0,14,33,1198.0,0.6582040223794163,78.74105515718446,77.3206684883171,11.334167841567446,1124.177237253568,178905.3426124197,8965.846000060003,1782.4120000599992,636.9959999999999,6546.438000000004,2214.505000059999,6751.341000000004,24.699342371541725,LEVE,2
1,0,11,2,4,1,-11.96927,-75.269729,0,0,7,0,2,2,2,4,2023,1,3,0,20,2,2,7586.903,2.0,2,0,1.0,9,5,1198.0,0.47595756288216,71.1742025802852,75.53597944149534,6.902457936682782,697.9045339235204,4751.066381156317,12264.545,1826.4639999999995,1105.5389999999998,9332.542,1588.5359999999996,10676.009,12.952261987705208,LEVE,2
0,1,14,2,4,1,-10.7795219583702,-77.7184361835695,0,2,7,1,2,2,2,2,2023,1,4,0,7,1,0,6543.555,3.0,2,0,1.0,0,30,1475.0,0.632911211240674,81.58376681315518,69.32394689793804,8.941945753132826,1157.2741069943163,12371.334047109209,7626.313,1683.4029999999998,1599.0829999999996,4343.827000000001,1814.875,5811.438000000001,23.797541485643197,LEVE,2
4,5,5,2,2,4,-5.14076333,-78.999626167,7,3,7,0,2,2,2,6,2023,1,4,0,20,2,2,6543.555,2.0,4,4,1.0,14,33,1198.0,0.4391812721167056,75.54174317098156,56.236342149889175,6.489422517034793,610.2085755707644,37111.99571734476,15935.565011852366,1733.9250000199986,935.692,13265.948011832368,2000.1670000199988,13935.398011832369,12.551591352627522,LEVE,2
0,1,14,2,2,4,-11.89564768,-77.02957181,0,0,1,0,2,2,2,2,2023,1,5,1,4,0,0,6543.555,2.0,4,4,1.0,14,33,1198.0,0.6498693508177541,78.84967382596041,74.11456675539837,9.21786785255454,1246.479589064551,356854.23554603854,7626.313,1683.4029999999998,1599.0829999999996,4343.827000000001,1814.875,5811.438000000001,23.797541485643197,LEVE,2
0,1,19,2,4,1,-5.243447,-80.649673,0,0,7,1,2,2,2,2,2023,1,5,1,6,1,0,453.9549999999999,2.0,2,3,0.0,9,32,133.0,0.5034350778485951,78.14388603810477,62.51585839041032,7.698619805954479,731.8176685454189,76220.84796573877,8965.846000060003,1782.4120000599992,636.9959999999999,6546.438000000004,2214.505000059999,6751.341000000004,24.699342371541725,LEVE,2
6,1,1,0,4,1,-8.555527568174606,-77.63024466024649,0,4,0,1,2,2,2,0,2023,1,5,1,14,3,2,1703.219,1.0,0,3,0.0,9,28,247.0,0.5285143944018423,75.33997185658131,53.7355901181876,9.078155204471177,861.4720488926681,5381.074946466809,10767.648,1885.0630000000003,1222.721,7659.864000000001,2100.343,8667.305000000002,19.506051832303577,GRAVE_MORTALIDAD,1
3,2,5,0,4,1,-7.207936,-78.393538,0,4,0,0,2,1,1,0,2023,1,5,1,20,2,2,9936.932,2.0,2,0,1.0,9,32,3830.0,0.3658867820676106,77.61736312988027,56.72232982291409,4.846126768330761,429.7048027279435,5469.092077087795,15935.565011852366,1733.9250000199986,935.692,13265.948011832368,2000.1670000199988,13935.398011832369,12.551591352627522,LEVE,2
3,2,20,2,6,4,-15.8463798,-70.0233266,0,0,2,1,2,2,2,2,2023,1,6,1,7,1,2,6543.555,2.0,4,4,1.0,14,33,1198.0,0.6488901960567479,69.67312345830231,82.12448375199249,11.701623814093702,1230.336353415943,144745.3597430407,13642.312999999998,2020.7790000000005,2354.117,9267.416999999998,3314.0520000000006,10328.260999999997,24.29244952817019,LEVE,2
0,1,14,2,2,4,-12.08735903,-76.86337844,0,0,7,1,2,2,2,0,2023,1,6,1,10,1,0,6543.555,2.0,4,4,1.0,14,33,1198.0,0.6371716495641229,77.28809635528053,69.64326619808601,9.01503899605881,1265.0419992552625,48261.34689507495,7626.313,1683.4029999999998,1599.0829999999996,4343.827000000001,1814.875,5811.438000000001,23.797541485643197,LEVE,2
3,2,12,2,2,4,-7.412962230806217,-79.56325653905785,0,0,1,1,2,2,2,2,2023,1,6,1,10,1,0,6543.555,2.0,4,4,1.0,14,33,1198.0,0.5968586479601472,81.56479096531379,74.23398565025978,9.72444636404026,898.7633596995952,27553.955032119917,8931.828000000005,1335.5899999999997,1935.9830000000004,5660.255000000005,1219.309,7712.519000000005,13.651281686122925,LEVE,2
10,1,3,0,4,1,-16.963416,-72.056223,0,4,0,1,2,0,1,0,2023,1,6,1,15,3,0,289.55,2.0,2,0,1.0,7,25,10.0,0.5784035125051519,74.737535639558,71.5667957422958,10.005034846291316,929.7976738409852,7264.014989293362,10322.272,1495.236,1749.739,7077.2970000000005,2886.595,7435.677000000001,27.964725207783708,LEVE,2
6,1,12,0,4,1,-7.7883674,-79.2343937,0,4,7,1,2,2,2,0,2023,1,6,1,18,2,0,6543.555,3.0,2,0,1.0,0,30,1475.0,0.6137552402736777,77.488039372676,77.55476206305543,9.288784127631692,1053.6564617230836,8413.593147751606,8931.828000000005,1335.5899999999997,1935.9830000000004,5660.255000000005,1219.309,7712.519000000005,13.651281686122925,GRAVE_LESIONADOS,0
6,1,11,0,4,1,-10.9322421968806,-75.1413398635242,6,5,6,2,6,2,2,0,2023,1,1,0,6,1,2,5768.608,2.0,3,1,0.0,9,32,365.0,0.4295860411633357,74.52920034355449,56.24873272101314,6.697659727647938,572.4658040665552,73767.52890792291,12264.545,1826.4639999999995,1105.5389999999998,9332.542,1588.5359999999996,10676.009,12.952261987705208,LEVE,2
3,2,13,0,4,2,-6.7847904,-79.6857552,0,4,7,1,2,2,2,0,2023,1,1,0,7,1,0,6543.555,2.0,4,4,1.0,14,33,1198.0,0.6225425995267787,81.2291645554815,74.48443506763874,8.985275296431396,1068.7213105287574,28888.895074946468,3459.691,515.0619999999999,689.7280000000001,2254.901,703.3549999999999,2756.336,20.329994788551925,LEVE,2
6,1,11,0,4,1,-11.5905703206316,-76.0732114912677,0,4,7,0,2,1,1,0,2023,1,1,0,8,1,2,875.67,2.0,2,0,1.0,3,14,156.0,0.727764014102057,80.04798576459473,69.54405534495044,10.377666215391256,1632.8207901729563,4146.224839400427,12264.545,1826.4639999999995,1105.5389999999998,9332.542,1588.5359999999996,10676.009,12.952261987705208,GRAVE_LESIONADOS,0
1,1,3,2,4,1,-16.34020780458742,-71.58874609128446,0,0,4,1,2,0,1,0,2023,1,2,0,1,0,0,1504.4250000000002,2.0,2,0,1.0,7,25,241.0,0.6411767862503931,77.2408324916572,78.204125011303,10.595705083047717,1107.223861768016,193412.3169164882,10322.272,1495.236,1749.739,7077.2970000000005,2886.595,7435.677000000001,27.964725207783708,LEVE,2
6,1,12,2,4,2,-8.421435,-78.77558,0,0,7,1,2,2,2,2,2023,1,2,0,2,0,0,6543.555,2.0,4,4,1.0,14,33,1198.0,0.5051395598219868,77.13285387085847,51.52067479184955,6.715328807318118,900.900383457586,67612.41755888652,8931.828000000005,1335.5899999999997,1935.9830000000004,5660.255000000005,1219.309,7712.519000000005,13.651281686122925,LEVE,2
3,2,7,0,4,0,-12.97808,-71.46652,0,4,7,1,1,2,2,2,2023,1,2,0,19,2,2,6543.555,2.0,4,4,1.0,14,33,1198.0,0.3612121566150602,62.7406214315804,65.88597983983321,5.981484630062685,454.3036246295292,5308.728051391863,17779.13499998999,2097.3709999899997,2863.123,12818.640999999989,2878.713,14900.421999989989,16.19152450331032,LEVE,2
3,2,5,0,4,1,-5.54959636459341,-78.810569156061,0,4,7,1,2,2,2,0,2023,1,2,0,20,2,2,7758.33400008,2.0,2,0,1.0,9,20,2133.0,0.4823525101155781,74.68609013731242,51.19107770858362,5.880567124588062,905.9911705096852,13071.734475374731,15935.565011852366,1733.9250000199986,935.692,13265.948011832368,2000.1670000199988,13935.398011832369,12.551591352627522,LEVE,2
3,1,14,2,2,4,-12.07950923,-77.03402284,0,0,1,1,2,1,1,6,2023,1,3,0,4,0,0,6543.555,2.0,4,4,1.0,14,33,1198.0,0.7646845961658533,80.23682119426338,77.96082737891015,12.014176158371615,1633.787715186093,250806.0877944326,7626.313,1683.4029999999998,1599.0829999999996,4343.827000000001,1814.875,5811.438000000001,23.797541485643197,LEVE,2
6,1,9,0,4,1,-8.861548183357028,-76.1040314029657,0,4,0,1,2,1,1,0,2023,1,3,0,4,0,2,7758.33400008,2.0,2,0,1.0,9,20,2133.0,0.4488980782274319,72.32233236849576,48.83099256769076,6.808038769056246,716.252056011431,32955.28479657388,8209.057,1333.4779999999996,791.9770000000001,6083.602,1059.8589999999997,7149.198,12.910849565303296,GRAVE_MORTALIDAD,1
0,1,10,2,2,4,-13.407661,-76.131825,0,3,1,1,2,1,0,2,2023,1,3,0,15,3,0,6543.555,2.0,4,4,1.0,14,33,1198.0,0.5924704634222312,81.16031533779282,67.0278509844689,10.029023344925331,913.7819464834638,65356.935760171305,3721.461,698.1859999999996,744.866,2278.409,1102.9029999999996,2618.558,29.636290693359403,LEVE,2
0,1,9,2,4,1,-9.944877832863565,-76.24018227990604,0,0,7,1,2,2,2,2,2023,1,3,0,17,3,2,693.175,2.0,2,3,0.0,9,10,249.0,0.6180444460983137,74.03039022888252,77.03642562714263,10.109576076622472,1095.6415212894094,74635.5374732334,8209.057,1333.4779999999996,791.9770000000001,6083.602,1059.8589999999997,7149.198,12.910849565303296,LEVE,2
6,1,11,0,4,2,-12.108402,-75.630951,5,4,0,1,1,2,2,6,2023,1,3,0,17,3,2,6543.555,2.0,4,4,1.0,14,33,1198.0,0.2415150891896071,73.44316242086173,58.73635606517988,6.114834811393397,136.8068689530312,5512.501070663811,12264.545,1826.4639999999995,1105.5389999999998,9332.542,1588.5359999999996,10676.009,12.952261987705208,LEVE,2
3,3,19,2,4,1,-5.45404133454041,-80.6067177147605,0,4,7,1,2,1,0,2,2023,1,3,0,22,2,0,6543.555,3.0,2,0,1.0,0,30,1475.0,0.3712661887971417,74.2499540116052,43.02992058288998,5.22916054433666,511.742132828135,5400.353319057816,8965.846000060003,1782.4120000599992,636.9959999999999,6546.438000000004,2214.505000059999,6751.341000000004,24.699342371541725,GRAVE_MORTALIDAD,1
0,0,13,0,7,4,-5.9871619,-79.7457048,0,0,7,1,2,2,2,0,2023,1,4,0,5,0,0,6543.555,2.0,4,4,1.0,14,33,1198.0,0.4703091457296942,74.91176543888524,59.04522375211969,6.365443427676777,742.49897987499,44335.321199143465,3459.691,515.0619999999999,689.7280000000001,2254.901,703.3549999999999,2756.336,20.329994788551925,LEVE,2
3,1,14,2,2,4,-11.98325181,-77.07839425,0,0,1,1,2,1,1,2,2023,1,4,0,6,1,0,6543.555,2.0,4,4,1.0,14,33,1198.0,0.758462599563312,80.5192231989937,79.20045639149897,11.33839041452458,1628.5661148492152,363987.54389721627,7626.313,1683.4029999999998,1599.0829999999996,4343.827000000001,1814.875,5811.438000000001,23.797541485643197,LEVE,2
3,2,5,0,4,2,-7.211734,-78.440499,0,4,7,1,2,0,1,0,2023,1,4,0,19,2,2,6543.555,2.0,4,4,1.0,14,33,1198.0,0.3658867820676106,77.61736312988027,56.72232982291409,4.846126768330761,429.7048027279435,5469.092077087795,15935.565011852366,1733.9250000199986,935.692,13265.948011832368,2000.1670000199988,13935.398011832369,12.551591352627522,LEVE,2
0,1,9,0,4,1,-9.630918,-76.06591,0,4,0,0,2,2,2,2,2023,1,4,0,19,2,2,693.175,2.0,2,3,0.0,9,10,249.0,0.3096549989431256,76.17431233061522,44.8813332706993,3.774794268602337,378.47949303176176,19256.764453961456,8209.057,1333.4779999999996,791.9770000000001,6083.602,1059.8589999999997,7149.198,12.910849565303296,LEVE,2
6,1,14,2,2,4,-11.91191856,-77.03862173,0,0,7,1,2,2,2,2,2023,1,5,1,1,0,0,6543.555,2.0,4,4,1.0,14,33,1198.0,0.7218926988400113,80.0902077245261,77.9581888264889,10.971588327733102,1458.3206086290393,530000.3426124197,7626.313,1683.4029999999998,1599.0829999999996,4343.827000000001,1814.875,5811.438000000001,23.797541485643197,LEVE,2
0,1,14,0,4,1,-11.00132,-77.61942,0,4,7,1,2,1,0,4,2023,1,5,1,1,0,0,6543.555,3.0,2,0,1.0,0,30,1475.0,0.6058977644686256,75.86009868534626,65.24867654925505,8.328201694517173,1216.0018080234922,26242.524625267662,7626.313,1683.4029999999998,1599.0829999999996,4343.827000000001,1814.875,5811.438000000001,23.797541485643197,LEVE,2