CLASE SINIESTRO,CANTIDAD DE VEHICULOS DAÑADOS,DEPARTAMENTO,ZONA,TIPO DE VÍA,RED VIAL,COORDENADAS LATITUD,COORDENADAS  LONGITUD,CONDICIÓN CLIMÁTICA,ZONIFICACIÓN,CARACTERÍSTICAS DE VÍA,PERFIL LONGITUDINAL VÍA,SUPERFICIE DE CALZADA,¿EXISTE SEÑAL VERTICAL?,¿EXISTE SEÑAL HORIZONTAL?,CAUSA FACTOR PRINCIPAL,AÑO,MES,DIA_SEMANA,ES_FIN_SEMANA,HORA_NUM,FRANJA_HORARIA,REGION_NATURAL,MTC_RVN_LONGITUD_KM,MTC_RVN_N_CARRILES_MEDIANA,MTC_RVN_SUPERFICIE_DOMINANTE,MTC_RVN_ESTADO_DOMINANTE,MTC_RVN_ES_CONCESIONADA,MTC_RVN_CONCESION_PRINCIPAL,MTC_RVN_CORREDOR_LOGISTICO,MTC_RVN_N_TRAMOS,IDH_2019,IDH_ESP_VIDA_2019,IDH_EDUC_SECUND_PCT_2019,IDH_ANIOS_EDUC_2019,IDH_INGRESO_PERCAP_2019,IDH_POBLACION_2019,MTC_DEP_RED_TOTAL_KM,MTC_DEP_NACIONAL_TOTAL_KM,MTC_DEP_DEPARTAMENTAL_TOTAL_KM,MTC_DEP_VECINAL_TOTAL_KM,MTC_DEP_PAV_TOTAL_KM,MTC_DEP_NO_PAV_TOTAL_KM,MTC_DEP_PCT_PAVIMENTADA,CATEGORIA_SEVERIDAD,CATEGORIA_SEVERIDAD_ENC
0,1,14,0,4,1,-11.755908,-76.974774,0,4,0,0,2,0,1,4,2023,1,5,1,0,0,0,1084.715,2.0,2,3,0.0,9,23,1025.0,0.6498693508177541,78.84967382596041,74.11456675539837,9.21786785255454,1246.479589064551,356854.23554603854,7626.313,1683.4029999999998,1599.0829999999996,4343.827000000001,1814.875,5811.438000000001,23.797541485643197,LEVE,2
3,2,14,0,4,2,-10.738853,-77.60962,0,4,2,1,2,2,2,2,2023,1,5,1,1,0,0,6543.555,2.0,4,4,1.0,14,33,1198.0,0.6308271130775358,79.95164649343668,65.83291929627318,8.147513189673957,1280.4873677124128,24646.92291220557,7626.313,1683.4029999999998,1599.0829999999996,4343.827000000001,1814.875,5811.438000000001,23.797541485643197,GRAVE_MORTALIDAD,1
3,2,10,0,4,1,-14.987353,-74.995931,0,4,0,0,2,1,0,0,2023,1,5,1,4,0,0,6639.975,2.0,2,0,1.0,9,31,1616.0,0.5563774842369664,77.00938809632027,69.10246351364754,8.476961866273152,914.8835608305218,27932.19700214133,3721.461,698.1859999999996,744.866,2278.409,1102.9029999999996,2618.558,29.636290693359403,GRAVE_LESIONADOS,0
0,1,14,2,4,1,-12.01389364,-76.88334248,0,0,7,1,2,2,2,4,2023,1,5,1,6,1,0,875.67,2.0,2,0,1.0,3,14,156.0,0.6868549636939637,79.62363164345142,76.30894566128948,9.209137883551294,1425.4498631666322,684921.8484148846,7626.313,1683.4029999999998,1599.0829999999996,4343.827000000001,1814.875,5811.438000000001,23.797541485643197,LEVE,2
6,1,11,0,4,0,-11.373768276490434,-75.56094453457678,0,4,0,1,2,2,2,0,2023,1,5,1,9,1,2,6543.555,2.0,4,4,1.0,14,33,1198.0,0.2783009324476304,76.27831804549716,46.01078693421135,4.74478481165958,236.26392874087455,5155.263383297644,12264.545,1826.4639999999995,1105.5389999999998,9332.542,1588.5359999999996,10676.009,12.952261987705208,GRAVE_LESIONADOS,0
6,1,7,0,4,1,-13.075151,-72.398731,2,4,0,0,2,1,1,2,2023,1,5,1,16,3,2,3447.8009999999995,1.0,2,3,0.0,9,12,1109.0,0.4706944943299555,76.79406176595778,61.64424635983724,7.141255198110581,653.4175319142125,3282.6252676659524,17779.13499998999,2097.3709999899997,2863.123,12818.640999999989,2878.713,14900.421999989989,16.19152450331032,GRAVE_LESIONADOS,0
0,1,11,2,4,1,-12.0463081,-75.2508535,0,3,1,1,2,1,1,0,2023,1,5,1,23,2,2,196.88,2.0,2,0,1.0,3,32,35.0,0.570857606214118,71.93419820356702,79.22395362517479,9.891853727583106,907.4771296679614,20078.124197002144,12264.545,1826.4639999999995,1105.5389999999998,9332.542,1588.5359999999996,10676.009,12.952261987705208,LEVE,2
6,1,11,0,4,0,-11.39241632526416,-75.56244605493632,0,4,0,1,7,2,2,0,2023,1,6,1,7,1,2,6543.555,2.0,4,4,1.0,14,33,1198.0,0.2783009324476304,76.27831804549716,46.01078693421135,4.74478481165958,236.26392874087455,5155.263383297644,12264.545,1826.4639999999995,1105.5389999999998,9332.542,1588.5359999999996,10676.009,12.952261987705208,LEVE,2
1,1,14,2,2,4,-12.24223259,-76.86837913,0,3,0,1,2,2,2,2,2023,1,6,1,8,1,0,6543.555,2.0,4,4,1.0,14,33,1198.0,0.6909236767275176,78.41626133969348,70.97436336767564,9.826485374940413,1476.8351947609171,95908.53319057816,7626.313,1683.4029999999998,1599.0829999999996,4343.827000000001,1814.875,5811.438000000001,23.797541485643197,LEVE,2
6,1,3,0,4,1,-16.104889,-71.618319,0,4,0,0,2,0,1,0,2023,1,6,1,11,1,0,1504.4250000000002,2.0,2,0,1.0,7,25,241.0,0.6005060748875158,78.21704200773246,77.40211893847457,8.994742794352394,996.014120858737,33335.45824411135,10322.272,1495.236,1749.739,7077.2970000000005,2886.595,7435.677000000001,27.964725207783708,GRAVE_MORTALIDAD,1
0,1,14,2,2,4,-11.95293236,-77.05133771,0,1,1,0,2,0,1,0,2023,1,6,1,15,3,0,6543.555,2.0,4,4,1.0,14,33,1198.0,0.7218926988400113,80.0902077245261,77.9581888264889,10.971588327733102,1458.3206086290393,530000.3426124197,7626.313,1683.4029999999998,1599.0829999999996,4343.827000000001,1814.875,5811.438000000001,23.797541485643197,LEVE,2
6,1,13,0,4,0,-6.5958054,-79.7866521,0,4,7,1,2,2,2,0,2023,1,6,1,16,3,0,6543.555,2.0,4,4,1.0,14,33,1198.0,0.5110846256157147,68.87191436583258,65.67157893754222,9.535932277812948,787.4179581342529,35704.93147751606,3459.691,515.0619999999999,689.7280000000001,2254.901,703.3549999999999,2756.336,20.329994788551925,LEVE,2
3,2,13,0,4,0,-6.7743365,-79.6101911,0,4,7,1,2,2,2,0,2023,1,6,1,19,2,0,6543.555,2.0,4,4,1.0,14,33,1198.0,0.5099824343854071,80.92772497096554,70.10038844774819,8.59971886482074,640.4038173076317,9540.398286937902,3459.691,515.0619999999999,689.7280000000001,2254.901,703.3549999999999,2756.336,20.329994788551925,LEVE,2
5,2,5,0,4,2,-5.66332,-78.65324833,0,4,7,1,2,0,1,0,2023,1,6,1,21,2,2,6543.555,2.0,4,4,1.0,14,33,1198.0,0.4823525101155781,74.68609013731242,51.19107770858362,5.880567124588062,905.9911705096852,13071.734475374731,15935.565011852366,1733.9250000199986,935.692,13265.948011832368,2000.1670000199988,13935.398011832369,12.551591352627522,LEVE,2
6,1,12,2,4,1,-8.45586055986174,-78.728059441547,0,4,7,1,2,2,2,2,2023,1,6,1,23,2,0,6543.555,3.0,2,0,1.0,0,30,1475.0,0.5051395598219868,77.13285387085847,51.52067479184955,6.715328807318118,900.900383457586,67612.41755888652,8931.828000000005,1335.5899999999997,1935.9830000000004,5660.255000000005,1219.309,7712.519000000005,13.651281686122925,LEVE,2
1,1,14,0,4,1,-12.231327467703029,-76.96538686033865,0,2,0,1,2,2,2,2,2023,1,0,0,1,0,0,6639.975,2.0,2,0,1.0,9,31,1616.0,0.6990481232857558,80.14597904142546,74.3851677794309,10.004397644056358,1432.5044292531525,459161.0728051392,7626.313,1683.4029999999998,1599.0829999999996,4343.827000000001,1814.875,5811.438000000001,23.797541485643197,LEVE,2
5,1,12,0,4,2,-7.729282309935309,-79.16461584631057,0,4,7,1,4,2,2,0,2023,1,0,0,5,0,0,6543.555,2.0,4,4,1.0,14,33,1198.0,0.6188510848290703,78.5193798976671,75.14047544273532,9.327574039874916,1072.756006736552,30558.111349036404,8931.828000000005,1335.5899999999997,1935.9830000000004,5660.255000000005,1219.309,7712.519000000005,13.651281686122925,LEVE,2
6,1,2,0,4,1,-13.872184,-73.398548,0,4,0,1,7,2,2,2,2023,1,0,0,9,1,2,890.338,1.0,1,0,0.0,9,32,295.0,0.5127888132519094,75.56818459680073,75.23806976002929,8.476961866273152,698.0439852679892,48362.40899357601,8358.971,1282.451,1298.0969999999998,5778.423,1432.683,6926.288,17.139466089785454,LEVE,2
2,1,5,2,6,4,-7.15731667,-78.52361,0,3,1,0,2,2,2,0,2023,1,0,0,9,1,2,6543.555,2.0,4,4,1.0,14,33,1198.0,0.6070175276741574,73.19224654097276,74.29530430690215,9.490386956642766,1117.141592366869,257380.9443254818,15935.565011852366,1733.9250000199986,935.692,13265.948011832368,2000.1670000199988,13935.398011832369,12.551591352627522,LEVE,2
3,2,1,0,4,1,-9.62729801785534,-77.4987975439949,0,4,0,1,2,1,1,2,2023,1,0,0,9,1,2,9936.932,2.0,2,0,1.0,9,32,3830.0,0.3221880038524312,74.4958654901739,52.39022079051925,5.660975440982674,299.7877491538902,1871.4304068522488,10767.648,1885.0630000000003,1222.721,7659.864000000001,2100.343,8667.305000000002,19.506051832303577,GRAVE_LESIONADOS,0
6,1,5,0,4,2,-6.1451333,-79.01643833,0,4,5,0,1,2,2,2,2023,1,0,0,10,1,2,6543.555,2.0,4,4,1.0,14,33,1198.0,0.2742253135147108,74.59588535012482,53.76867024071715,4.3437245050742455,233.14797525309496,14725.552462526768,15935.565011852366,1733.9250000199986,935.692,13265.948011832368,2000.1670000199988,13935.398011832369,12.551591352627522,GRAVE_MORTALIDAD,1
3,1,16,0,4,1,-11.95189,-69.130112,6,5,6,2,6,2,2,0,2023,1,0,0,19,2,1,3263.58,2.0,2,0,1.0,5,18,566.0,0.525748215792057,74.03823732580896,58.20048721039922,8.141897025119901,894.6823580853445,9162.706638115633,2090.391,399.431,340.021,1350.9389999999996,493.824,1596.5669999999996,23.62352306338862,LEVE,2
4,1,7,2,4,1,-13.278097,-72.187868,0,3,7,1,2,1,0,6,2023,1,0,0,19,2,2,3447.8009999999995,1.0,2,3,0.0,9,12,1109.0,0.5961225511084856,78.53035911580116,68.81531875437855,9.019506278168732,1024.5153398091154,21509.777301927195,17779.13499998999,2097.3709999899997,2863.123,12818.640999999989,2878.713,14900.421999989989,16.19152450331032,LEVE,2
3,1,6,2,2,4,-12.0447968,-77.138117617,0,3,7,1,2,2,2,2,2023,1,0,0,20,2,0,6543.555,2.0,4,4,1.0,14,33,1198.0,0.5563774842369664,77.00938809632027,69.10246351364754,8.476961866273152,914.8835608305218,27932.19700214133,51.58600000000001,44.68700000000001,6.899000000000001,0.0,49.838000000000015,1.748,96.61148373589734,LEVE,2
3,0,14,2,2,4,-12.006141198990106,-76.82987693056809,0,3,7,1,2,2,2,2,2023,1,1,0,2,0,0,6543.555,2.0,4,4,1.0,14,33,1198.0,0.6868549636939637,79.62363164345142,76.30894566128948,9.209137883551294,1425.4498631666322,684921.8484148846,7626.313,1683.4029999999998,1599.0829999999996,4343.827000000001,1814.875,5811.438000000001,23.797541485643197,LEVE,2
6,1,11,0,4,1,-12.211415,-75.174176,0,4,7,1,2,2,2,2,2023,1,1,0,9,1,2,145.125,-1.0,2,3,0.0,9,32,35.0,0.1854661422104703,75.42543174369051,49.2342895519335,4.358203261955064,97.8282950369456,1421.4218415417567,12264.545,1826.4639999999995,1105.5389999999998,9332.542,1588.5359999999996,10676.009,12.952261987705208,LEVE,2
6,1,5,2,4,1,-7.19434,-78.346385,0,4,7,0,2,0,1,2,2023,1,1,0,17,3,2,9936.932,2.0,2,0,1.0,9,32,3830.0,0.2723221878437338,73.9254469105048,35.794306883925714,3.6855018180311454,315.0310385486801,10335.051391862957,15935.565011852366,1733.9250000199986,935.692,13265.948011832368,2000.1670000199988,13935.398011832369,12.551591352627522,LEVE,2
0,1,5,2,4,1,-6.606444,-78.623498,0,3,7,1,2,1,1,0,2023,1,1,0,23,2,2,9936.932,2.0,2,0,1.0,9,32,3830.0,0.4700875779194959,72.66081436888122,64.8808353209258,6.163018167008406,756.997154110016,46090.54817987152,15935.565011852366,1733.9250000199986,935.692,13265.948011832368,2000.1670000199988,13935.398011832369,12.551591352627522,LEVE,2
0,1,10,0,4,1,-13.555881,-76.133432,0,4,7,1,2,2,2,0,2023,2,2,0,5,0,0,6639.975,2.0,2,0,1.0,9,31,1616.0,0.533712318797331,79.3365989923595,61.56804543976482,8.261681946790427,816.7917863887187,13863.817987152031,3721.461,698.1859999999996,744.866,2278.409,1102.9029999999996,2618.558,29.636290693359403,LEVE,2
1,1,23,0,4,1,-3.608802608870834,-80.50536626830808,0,4,7,1,2,2,2,2,2023,2,2,0,6,1,0,6543.555,3.0,2,0,1.0,0,30,1475.0,0.5691277377037675,76.83860361118322,66.3560753457607,8.686409348773196,962.153294603348,23971.755888650965,1009.101,138.47399999999996,287.471,583.156,276.972,732.129,27.447401201663663,LEVE,2
1,0,12,0,4,1,-8.020921,-78.838109,0,4,7,1,2,2,2,0,2023,2,3,0,5,0,0,610.6099999999999,2.0,2,0,1.0,8,29,100.0,0.5929579484728337,80.24150924632623,64.75837382721711,8.51830466766158,1043.4182142665843,34739.39614561028,8931.828000000005,1335.5899999999997,1935.9830000000004,5660.255000000005,1219.309,7712.519000000005,13.651281686122925,LEVE,2
3,1,14,2,2,4,-12.22761005,-76.91558296,0,0,1,1,2,2,2,2,2023,2,3,0,17,3,0,6543.555,2.0,4,4,1.0,14,33,1198.0,0.6990481232857558,80.14597904142546,74.3851677794309,10.004397644056358,1432.5044292531525,459161.0728051392,7626.313,1683.4029999999998,1599.0829999999996,4343.827000000001,1814.875,5811.438000000001,23.797541485643197,LEVE,2
3,2,11,0,4,2,-11.2757786,-76.4418053,3,4,0,0,2,1,0,2,2023,2,3,0,17,3,2,6543.555,2.0,4,4,1.0,14,33,1198.0,0.5563774842369664,77.00938809632027,69.10246351364754,8.476961866273152,914.8835608305218,27932.19700214133,12264.545,1826.4639999999995,1105.5389999999998,9332.542,1588.5359999999996,10676.009,12.952261987705208,LEVE,2
4,1,14,0,4,2,-11.23685,-77.39496,0,4,0,1,2,2,2,2,2023,2,4,0,4,0,0,6543.555,2.0,4,4,1.0,14,33,1198.0,0.625259356790912,76.00710856837651,64.39893010534446,7.928807895834627,1379.4198272918734,24684.304068522484,7626.313,1683.4029999999998,1599.0829999999996,4343.827000000001,1814.875,5811.438000000001,23.797541485643197,LEVE,2
10,1,2,0,4,3,-14.219099232586109,-73.08585079290788,6,5,6,2,6,2,2,0,2023,2,4,0,22,2,2,6543.555,2.0,4,4,1.0,14,33,1198.0,0.3105589412953486,63.41798673505576,61.45296483279555,6.336861925002392,295.2319734542035,1016.4903640256958,8358.971,1282.451,1298.0969999999998,5778.423,1432.683,6926.288,17.139466089785454,GRAVE_MORTALIDAD,1
6,1,5,0,4,1,-6.48030333,-78.87960333,0,4,5,1,2,0,1,0,2023,2,5,1,5,0,2,9936.932,2.0,2,0,1.0,9,32,3830.0,0.3011301347839704,71.97114344661169,54.49911076138603,4.057283312480806,327.1165249840737,5264.304068522484,15935.565011852366,1733.9250000199986,935.692,13265.948011832368,2000.1670000199988,13935.398011832369,12.551591352627522,GRAVE_LESIONADOS,0
6,1,3,0,4,1,-16.9204153,-72.0492302,0,4,2,1,2,1,1,0,2023,2,5,1,11,1,0,289.55,2.0,2,0,1.0,7,25,10.0,0.5784035125051519,74.737535639558,71.5667957422958,10.005034846291316,929.7976738409852,7264.014989293362,10322.272,1495.236,1749.739,7077.2970000000005,2886.595,7435.677000000001,27.964725207783708,GRAVE_MORTALIDAD,1
3,2,21,2,4,1,-6.041167,-77.134194,0,3,7,1,2,1,0,2,2023,2,5,1,17,3,1,74.14,-1.0,1,3,0.0,9,32,30.0,0.5147882301210585,74.70882653725891,51.74890369370718,6.543161279603341,1011.2929178100565,4267.862955032119,5645.136,815.0759999999999,965.298,3864.762,1013.406,4631.73,17.95184385283189,LEVE,2
1,1,11,2,4,1,-11.792625,-75.462974,2,4,7,1,2,2,2,0,2023,2,5,1,19,2,2,7586.903,2.0,2,0,1.0,9,5,1198.0,0.5558701089933298,70.76932224691235,68.54774012099234,9.405195375352374,951.0223493552132,1096.0877944325482,12264.545,1826.4639999999995,1105.5389999999998,9332.542,1588.5359999999996,10676.009,12.952261987705208,LEVE,2
1,1,5,0,4,1,-7.20721063347287,-78.3870052610324,0,4,7,0,2,1,1,0,2023,2,5,1,20,2,2,9936.932,2.0,2,0,1.0,9,32,3830.0,0.3658867820676106,77.61736312988027,56.72232982291409,4.846126768330761,429.7048027279435,5469.092077087795,15935.565011852366,1733.9250000199986,935.692,13265.948011832368,2000.1670000199988,13935.398011832369,12.551591352627522,LEVE,2
1,1,5,0,4,1,-5.01839740966754,-79.0873508050405,0,4,5,0,2,2,2,0,2023,2,6,1,2,0,2,9936.932,2.0,2,0,1.0,9,32,3830.0,0.3151477911505985,73.36449184704787,52.88964951702089,5.406399838135312,296.1597460834138,9812.95289079229,15935.565011852366,1733.9250000199986,935.692,13265.948011832368,2000.1670000199988,13935.398011832369,12.551591352627522,LEVE,2
3,1,14,2,2,4,-10.769341,-77.76097,6,5,6,2,6,2,2,0,2023,2,6,1,7,1,0,6543.555,2.0,4,4,1.0,14,33,1198.0,0.6351794046894105,80.8024412070713,71.35332766738335,9.404359888374977,1133.7779214188106,74926.62740899358,7626.313,1683.4029999999998,1599.0829999999996,4343.827000000001,1814.875,5811.438000000001,23.797541485643197,LEVE,2
6,1,13,0,4,0,-6.7396095,-79.6405712,0,4,7,1,2,2,2,0,2023,2,6,1,10,1,0,6543.555,2.0,4,4,1.0,14,33,1198.0,0.5368990377599975,81.14791216819076,67.58350560537582,7.829746599316162,796.0036204699745,23182.03854389721,3459.691,515.0619999999999,689.7280000000001,2254.901,703.3549999999999,2756.336,20.329994788551925,LEVE,2
3,3,3,0,4,1,-16.62429,-71.87165,0,4,7,1,2,0,1,0,2023,2,6,1,16,3,0,289.55,2.0,2,0,1.0,7,25,10.0,0.6105481451420971,78.10653088113892,68.35418098658066,8.411557426919764,1158.5430895193692,35025.678800856535,10322.272,1495.236,1749.739,7077.2970000000005,2886.595,7435.677000000001,27.964725207783708,LEVE,2
6,1,19,2,4,2,-5.1876936,-80.626569,0,4,7,1,2,2,2,2,2023,2,6,1,17,3,0,6543.555,2.0,4,4,1.0,14,33,1198.0,0.6582040223794163,78.74105515718446,77.3206684883171,11.334167841567446,1124.177237253568,178905.3426124197,8965.846000060003,1782.4120000599992,636.9959999999999,6546.438000000004,2214.505000059999,6751.341000000004,24.699342371541725,LEVE,2
0,1,7,0,4,1,-13.605801870107378,-71.72711387009552,0,4,7,1,2,0,0,2,2023,2,6,1,19,2,2,3447.8009999999995,1.0,2,3,0.0,9,12,1109.0,0.4479676236050441,63.30882145145972,67.24479045772004,7.580797561744292,698.3309065509212,5653.304068522484,17779.13499998999,2097.3709999899997,2863.123,12818.640999999989,2878.713,14900.421999989989,16.19152450331032,LEVE,2
0,1,12,0,4,1,-8.003237,-79.071385,0,0,7,1,2,2,2,4,2023,2,6,1,19,2,0,6543.555,3.0,2,0,1.0,0,30,1475.0,0.583006771156836,78.2441938961209,62.24037484511178,8.807312392374042,1028.2282118265089,76607.295503212,8931.828000000005,1335.5899999999997,1935.9830000000004,5660.255000000005,1219.309,7712.519000000005,13.651281686122925,LEVE,2
6,1,7,0,4,1,-13.425327,-71.861593,0,4,0,1,2,1,1,2,2023,2,6,1,22,2,2,168.34499999999997,2.0,2,3,0.0,9,32,55.0,0.3854606520670675,78.88797910851082,75.26298601433699,5.942700379355102,370.4502500235893,4673.113490364026,17779.13499998999,2097.3709999899997,2863.123,12818.640999999989,2878.713,14900.421999989989,16.19152450331032,LEVE,2
3,2,21,2,4,1,-5.970251,-77.292919,0,0,7,1,2,2,2,2,2023,2,0,0,1,0,1,7758.33400008,2.0,2,0,1.0,9,20,2133.0,0.3873075948511574,72.98119449957349,44.39725753934513,5.037096642387525,597.9287450392992,17629.94004282655,5645.136,815.0759999999999,965.298,3864.762,1013.406,4631.73,17.95184385283189,LEVE,2
3,2,1,2,4,1,-9.234863491354368,-78.4485196935065,0,4,7,1,2,1,1,2,2023,2,0,0,3,0,2,6543.555,3.0,2,0,1.0,0,30,1475.0,0.568820669072786,79.34476661557915,55.60978448774673,7.574555719773437,1088.2848331088856,15652.0278372591,10767.648,1885.0630000000003,1222.721,7659.864000000001,2100.343,8667.305000000002,19.506051832303577,LEVE,2
6,1,3,0,4,1,-17.1690929,-71.7867987,0,4,7,1,2,0,1,0,2023,2,0,0,12,3,0,1926.94,2.0,2,0,1.0,9,32,393.0,0.6064020802559494,77.82737834960788,75.48658600973863,8.303531284530445,1096.758694527593,6370.241970021414,10322.272,1495.236,1749.739,7077.2970000000005,2886.595,7435.677000000001,27.964725207783708,LEVE,2
3,2,12,2,4,1,-7.237837,-79.458427,0,2,7,1,2,2,2,2,2023,2,0,0,19,2,0,6543.555,3.0,2,0,1.0,0,30,1475.0,0.5650979329787121,81.32490571897102,68.6769211482833,7.868096912305706,909.6843705053026,43897.946466809415,8931.828000000005,1335.5899999999997,1935.9830000000004,5660.255000000005,1219.309,7712.519000000005,13.651281686122925,LEVE,2
6,1,1,0,4,0,-9.66429274469711,-77.1989777849882,0,4,0,0,4,1,0,2,2023,2,1,0,4,0,2,6543.555,2.0,4,4,1.0,14,33,1198.0,0.333316881053218,75.71786922929233,46.34855313297047,4.848323687373464,377.3533986443482,8332.717344753746,10767.648,1885.0630000000003,1222.721,7659.864000000001,2100.343,8667.305000000002,19.506051832303577,GRAVE_LESIONADOS,0
6,1,19,0,4,1,-5.336733,-80.073728,0,4,7,1,2,2,2,2,2023,2,1,0,8,1,0,1305.18,2.0,2,0,1.0,1,20,163.0,0.3893523155396837,73.6911779276771,49.78375684989758,4.513910151215105,616.2310203311459,12720.513918629553,8965.846000060003,1782.4120000599992,636.9959999999999,6546.438000000004,2214.505000059999,6751.341000000004,24.699342371541725,LEVE,2
3,1,14,2,4,1,-11.850768,-77.091932,0,0,7,1,2,2,2,0,2023,2,1,0,9,1,0,6543.555,3.0,2,0,1.0,0,30,1475.0,0.6632628912836565,79.15155564666024,73.19223743118206,9.629669813837666,1289.452647666346,383699.2119914347,7626.313,1683.4029999999998,1599.0829999999996,4343.827000000001,1814.875,5811.438000000001,23.797541485643197,LEVE,2
3,2,5,2,2,4,-7.14775811053,-78.5183507407451,7,3,1,1,2,2,2,0,2023,2,1,0,14,3,2,6543.555,2.0,4,4,1.0,14,33,1198.0,0.6070175276741574,73.19224654097276,74.29530430690215,9.490386956642766,1117.141592366869,257380.9443254818,15935.565011852366,1733.9250000199986,935.692,13265.948011832368,2000.1670000199988,13935.398011832369,12.551591352627522,LEVE,2
0,1,14,2,4,1,-11.835905,-77.110451,0,3,4,1,2,2,2,4,2023,2,1,0,20,2,0,6543.555,3.0,2,0,1.0,0,30,1475.0,0.6632628912836565,79.15155564666024,73.19223743118206,9.629669813837666,1289.452647666346,383699.2119914347,7626.313,1683.4029999999998,1599.0829999999996,4343.827000000001,1814.875,5811.438000000001,23.797541485643197,LEVE,2
0,1,14,2,4,1,-12.458473,-76.753223,0,4,7,1,2,2,2,4,2023,2,1,0,20,2,0,6639.975,2.0,2,0,1.0,9,31,1616.0,0.5989399421098186,77.00744531585744,66.79191860624414,9.3203078668399,1062.3463551563473,19083.880085653105,7626.313,1683.4029999999998,1599.0829999999996,4343.827000000001,1814.875,5811.438000000001,23.797541485643197,LEVE,2
0,1,14,2,4,1,-12.053680727636,-76.97535993996986,0,0,7,1,2,2,2,4,2023,2,1,0,21,2,0,6543.555,3.0,2,0,1.0,0,30,1475.0,0.7347309224519117,80.70014842215761,76.47981423089655,10.519505095866096,1571.8150981252256,229834.5310492505,7626.313,1683.4029999999998,1599.0829999999996,4343.827000000001,1814.875,5811.438000000001,23.797541485643197,LEVE,2
3,1,11,0,4,3,-10.8723366271618,-74.9187544055246,6,5,6,2,6,2,2,0,2023,2,2,0,14,3,2,6543.555,2.0,4,4,1.0,14,33,1198.0,0.4295860411633357,74.52920034355449,56.24873272101314,6.697659727647938,572.4658040665552,73767.52890792291,12264.545,1826.4639999999995,1105.5389999999998,9332.542,1588.5359999999996,10676.009,12.952261987705208,LEVE,2
3,1,14,2,2,4,-12.19332227,-76.96688369,0,0,7,1,2,2,2,0,2023,2,2,0,15,3,0,6543.555,2.0,4,4,1.0,14,33,1198.0,0.6990481232857558,80.14597904142546,74.3851677794309,10.004397644056358,1432.5044292531525,459161.0728051392,7626.313,1683.4029999999998,1599.0829999999996,4343.827000000001,1814.875,5811.438000000001,23.797541485643197,LEVE,2
6,1,19,2,4,2,-5.576148,-80.821413,0,0,7,1,2,2,2,2,2023,2,2,0,18,2,0,6543.555,2.0,4,4,1.0,14,33,1198.0,0.4860724693701166,72.15814961491549,57.86687952143938,7.507596134322599,781.8218439197168,48691.10064239828,8965.846000060003,1782.4120000599992,636.9959999999999,6546.438000000004,2214.505000059999,6751.341000000004,24.699342371541725,LEVE,2
6,1,11,0,4,1,-11.2325400467819,-75.9393639449429,0,4,7,1,2,1,0,2,2023,2,3,0,4,0,2,9936.932,2.0,2,0,1.0,9,32,3830.0,0.3806721892335712,78.77245225217325,56.81421208719683,5.920101618692288,408.70034160859785,4341.336188436831,12264.545,1826.4639999999995,1105.5389999999998,9332.542,1588.5359999999996,10676.009,12.952261987705208,GRAVE_LESIONADOS,0
1,1,11,2,4,1,-11.817768,-75.456077,0,4,7,1,2,1,0,0,2023,2,3,0,9,1,2,196.88,2.0,2,0,1.0,3,32,35.0,0.5422965434809673,74.9653227922473,69.85884034783876,8.483949157690057,858.2408317750096,2198.1498929336194,12264.545,1826.4639999999995,1105.5389999999998,9332.542,1588.5359999999996,10676.009,12.952261987705208,LEVE,2
2,1,7,2,4,2,-13.549953,-71.891092,0,0,7,1,2,0,1,3,2023,2,4,0,10,1,2,6543.555,2.0,4,4,1.0,14,33,1198.0,0.6549025615332805,78.59637500870319,78.62696287300767,10.432612491698492,1156.1148957567648,59698.74304068524,17779.13499998999,2097.3709999899997,2863.123,12818.640999999989,2878.713,14900.421999989989,16.19152450331032,LEVE,2
3,2,12,0,4,1,-7.704554,-78.020546,0,4,0,0,7,2,2,2,2023,2,4,0,11,1,0,9936.932,2.0,2,0,1.0,9,32,3830.0,0.1405167107902591,78.51359748127314,37.10104254570508,2.208230316135842,109.24828744554304,13896.82226980728,8931.828000000005,1335.5899999999997,1935.9830000000004,5660.255000000005,1219.309,7712.519000000005,13.651281686122925,LEVE,2
3,2,13,0,4,1,-5.7528335,-79.8637888,0,4,1,1,2,2,2,0,2023,2,4,0,11,1,0,1305.18,2.0,2,0,1.0,1,20,163.0,0.4703091457296942,74.91176543888524,59.04522375211969,6.365443427676777,742.49897987499,44335.321199143465,3459.691,515.0619999999999,689.7280000000001,2254.901,703.3549999999999,2756.336,20.329994788551925,LEVE,2
3,2,10,0,4,1,-13.5531479,-76.1808916,0,4,7,1,2,2,2,6,2023,2,4,0,15,3,0,205.54999999999995,-1.0,2,0,1.0,13,31,15.0,0.533712318797331,79.3365989923595,61.56804543976482,8.261681946790427,816.7917863887187,13863.817987152031,3721.461,698.1859999999996,744.866,2278.409,1102.9029999999996,2618.558,29.636290693359403,GRAVE_MORTALIDAD,1
4,1,2,0,4,1,-13.546849,-73.652318,5,4,0,1,2,1,1,5,2023,2,5,1,5,0,2,7586.903,2.0,2,0,1.0,9,5,1198.0,0.5563774842369664,77.00938809632027,69.10246351364754,8.476961866273152,914.8835608305218,27932.19700214133,8358.971,1282.451,1298.0969999999998,5778.423,1432.683,6926.288,17.139466089785454,LEVE,2