CLASE SINIESTRO,CANTIDAD DE VEHICULOS DAÑADOS,DEPARTAMENTO,ZONA,TIPO DE VÍA,RED VIAL,COORDENADAS LATITUD,COORDENADAS  LONGITUD,CONDICIÓN CLIMÁTICA,ZONIFICACIÓN,CARACTERÍSTICAS DE VÍA,PERFIL LONGITUDINAL VÍA,SUPERFICIE DE CALZADA,¿EXISTE SEÑAL VERTICAL?,¿EXISTE SEÑAL HORIZONTAL?,CAUSA FACTOR PRINCIPAL,AÑO,MES,DIA_SEMANA,ES_FIN_SEMANA,HORA_NUM,FRANJA_HORARIA,REGION_NATURAL,MTC_RVN_LONGITUD_KM,MTC_RVN_N_CARRILES_MEDIANA,MTC_RVN_SUPERFICIE_DOMINANTE,MTC_RVN_ESTADO_DOMINANTE,MTC_RVN_ES_CONCESIONADA,MTC_RVN_CONCESION_PRINCIPAL,MTC_RVN_CORREDOR_LOGISTICO,MTC_RVN_N_TRAMOS,IDH_2019,IDH_ESP_VIDA_2019,IDH_EDUC_SECUND_PCT_2019,IDH_ANIOS_EDUC_2019,IDH_INGRESO_PERCAP_2019,IDH_POBLACION_2019,MTC_DEP_RED_TOTAL_KM,MTC_DEP_NACIONAL_TOTAL_KM,MTC_DEP_DEPARTAMENTAL_TOTAL_KM,MTC_DEP_VECINAL_TOTAL_KM,MTC_DEP_PAV_TOTAL_KM,MTC_DEP_NO_PAV_TOTAL_KM,MTC_DEP_PCT_PAVIMENTADA,CATEGORIA_SEVERIDAD,CATEGORIA_SEVERIDAD_ENC
3,3,20,0,4,1,-15.6716812,-70.3756205,0,4,0,1,2,2,2,2,2023,2,5,1,5,0,2,1504.4250000000002,2.0,2,0,1.0,7,25,241.0,0.4387767884413746,74.08026937973001,72.73571788884047,7.487249530915593,506.6407671536068,4885.396145610278,13642.312999999998,2020.7790000000005,2354.117,9267.416999999998,3314.0520000000006,10328.260999999997,24.29244952817019,LEVE,2
2,1,5,2,4,1,-7.16844810049675,-78.5000551295241,0,4,7,1,2,0,1,0,2023,2,5,1,5,0,2,9936.932,2.0,2,0,1.0,9,32,3830.0,0.6070175276741574,73.19224654097276,74.29530430690215,9.490386956642766,1117.141592366869,257380.9443254818,15935.565011852366,1733.9250000199986,935.692,13265.948011832368,2000.1670000199988,13935.398011832369,12.551591352627522,LEVE,2
2,1,12,0,4,1,-7.107442,-79.502711,0,4,7,1,2,2,2,4,2023,2,5,1,11,1,0,6543.555,3.0,2,0,1.0,0,30,1475.0,0.5114727232493018,78.60606800160349,61.153108160372966,6.422343227671115,862.4189512831092,24701.19700214133,8931.828000000005,1335.5899999999997,1935.9830000000004,5660.255000000005,1219.309,7712.519000000005,13.651281686122925,LEVE,2
0,1,7,2,4,1,-14.5104862527707,-71.8846521955976,6,5,6,2,6,2,2,0,2023,2,5,1,11,1,2,1780.161,1.0,1,3,0.0,9,32,490.0,0.4670263153502933,65.5237709552973,70.61273193256336,7.074467358088314,760.9316629253258,9065.880085653103,17779.13499998999,2097.3709999899997,2863.123,12818.640999999989,2878.713,14900.421999989989,16.19152450331032,LEVE,2
0,1,14,2,2,4,-11.97889144,-77.07699822,0,0,7,1,2,1,1,0,2023,2,5,1,11,1,0,6543.555,2.0,4,4,1.0,14,33,1198.0,0.758462599563312,80.5192231989937,79.20045639149897,11.33839041452458,1628.5661148492152,363987.54389721627,7626.313,1683.4029999999998,1599.0829999999996,4343.827000000001,1814.875,5811.438000000001,23.797541485643197,LEVE,2
0,1,20,2,6,4,-15.469164245400664,-70.14080638570546,0,3,2,1,2,2,2,6,2023,2,5,1,18,2,2,6543.555,2.0,4,4,1.0,14,33,1198.0,0.5759734352119,73.55929462493827,78.89306383943827,10.174966342239475,888.1716010638444,232834.39603082248,13642.312999999998,2020.7790000000005,2354.117,9267.416999999998,3314.0520000000006,10328.260999999997,24.29244952817019,LEVE,2
3,2,3,0,4,1,-17.17519227,-71.7683892,0,4,7,1,2,0,1,0,2023,2,5,1,19,2,0,1926.94,2.0,2,0,1.0,9,32,393.0,0.6064020802559494,77.82737834960788,75.48658600973863,8.303531284530445,1096.758694527593,6370.241970021414,10322.272,1495.236,1749.739,7077.2970000000005,2886.595,7435.677000000001,27.964725207783708,LEVE,2
0,1,1,0,4,1,-9.559331324511644,-77.5391381909354,5,4,7,1,2,1,0,0,2023,2,5,1,20,2,2,9936.932,2.0,2,0,1.0,9,32,3830.0,0.6030793015789164,74.32152956359432,74.04555490947676,10.264927494866978,1025.0063083434895,64284.002141327626,10767.648,1885.0630000000003,1222.721,7659.864000000001,2100.343,8667.305000000002,19.506051832303577,LEVE,2
3,1,18,2,6,4,-10.583475625844148,-75.40106932509597,6,5,6,2,6,2,2,0,2023,2,5,1,23,2,2,6543.555,2.0,4,4,1.0,14,33,1198.0,0.5341944882701687,69.42667706266779,61.26537181312355,9.054664491279595,942.0902951310848,15116.044967880083,3677.119863,564.5869999999999,910.845,2201.687863000001,590.8779999999998,3086.2418630000006,16.06904376290656,LEVE,2
6,1,19,0,4,1,-5.00297,-80.22238,0,4,0,1,2,1,0,0,2023,2,6,1,1,0,0,892.7650002999999,-1.0,1,0,0.0,9,32,790.0,0.4653748048968089,74.19666709322776,61.11371397478021,6.596218102126203,701.9088264424688,75914.02997858672,8965.846000060003,1782.4120000599992,636.9959999999999,6546.438000000004,2214.505000059999,6751.341000000004,24.699342371541725,LEVE,2
5,1,19,2,4,1,-5.215316,-80.653421,0,4,7,1,2,2,2,0,2023,2,6,1,4,0,0,6543.555,3.0,2,0,1.0,0,30,1475.0,0.5997462042553465,78.40793944726823,72.26811532412637,9.714064362322326,976.3169831713308,183875.0,8965.846000060003,1782.4120000599992,636.9959999999999,6546.438000000004,2214.505000059999,6751.341000000004,24.699342371541725,LEVE,2
1,1,13,0,4,1,-6.6232301,-79.9594697,0,4,7,1,2,2,2,0,2023,2,6,1,4,0,0,6543.555,3.0,2,0,1.0,0,30,1475.0,0.3879800350664534,75.68222437543551,50.64551119758177,4.891651630735472,548.2382997194167,48902.40256959316,3459.691,515.0619999999999,689.7280000000001,2254.901,703.3549999999999,2756.336,20.329994788551925,LEVE,2
0,1,12,0,4,1,-7.418904,-79.508174,0,4,0,1,2,2,2,2,2023,2,6,1,6,1,0,6543.555,3.0,2,0,1.0,0,30,1475.0,0.6138517538553948,80.84826225715301,64.49339622566798,9.143362084626023,1095.689060330069,16852.97430406852,8931.828000000005,1335.5899999999997,1935.9830000000004,5660.255000000005,1219.309,7712.519000000005,13.651281686122925,LEVE,2
1,1,12,2,2,4,-8.071887,-79.021005,0,0,1,1,2,2,2,0,2023,2,6,1,6,1,0,6543.555,2.0,4,4,1.0,14,33,1198.0,0.5628682280502054,79.35078533424159,59.07369130997599,7.880201475313533,999.8741857239928,209189.32119914345,8931.828000000005,1335.5899999999997,1935.9830000000004,5660.255000000005,1219.309,7712.519000000005,13.651281686122925,LEVE,2
0,1,2,2,3,4,-14.365396353275935,-72.87687602872857,6,5,6,2,6,2,2,0,2023,2,6,1,20,2,2,6543.555,2.0,4,4,1.0,14,33,1198.0,0.3187913318835241,54.2987924038521,38.12162709530855,6.754383854706028,483.4371645310488,2702.629550321199,8358.971,1282.451,1298.0969999999998,5778.423,1432.683,6926.288,17.139466089785454,LEVE,2
0,1,10,2,4,1,-13.413549,-76.119516,0,3,7,1,2,2,2,4,2023,2,6,1,22,2,0,1482.81,1.0,1,3,0.0,9,16,270.0,0.6055729655078196,80.58213764502653,70.63839631717828,10.391391352220332,938.9082921830436,66625.16488222699,3721.461,698.1859999999996,744.866,2278.409,1102.9029999999996,2618.558,29.636290693359403,LEVE,2
7,1,3,2,2,4,-16.4435945,-71.5556462,0,0,7,0,4,2,2,0,2023,2,0,0,13,3,0,6543.555,2.0,4,4,1.0,14,33,1198.0,0.6631745849019589,78.63253022415783,79.29781888439902,10.779495299397515,1170.8241486483955,46994.9721627409,10322.272,1495.236,1749.739,7077.2970000000005,2886.595,7435.677000000001,27.964725207783708,LEVE,2
10,1,2,0,4,2,-13.84172503427599,-72.57831755202824,6,5,6,2,6,2,2,0,2023,2,0,0,15,3,2,6543.555,2.0,4,4,1.0,14,33,1198.0,0.1824877464520417,67.10059231589754,49.82687063330833,4.014733483999636,111.58306127272184,3073.7130620985013,8358.971,1282.451,1298.0969999999998,5778.423,1432.683,6926.288,17.139466089785454,LEVE,2
0,1,9,0,4,1,-8.799882,-76.124235,0,4,7,1,2,1,1,0,2023,2,0,0,19,2,2,7758.33400008,2.0,2,0,1.0,9,20,2133.0,0.3327512625619986,70.03323242660845,28.716001301217947,4.496116329911438,553.2115225688121,3608.4891044538335,8209.057,1333.4779999999996,791.9770000000001,6083.602,1059.8589999999997,7149.198,12.910849565303296,GRAVE_LESIONADOS,0
1,1,12,2,3,4,-7.231204,-79.422057,0,0,7,1,2,2,2,0,2023,2,0,0,23,2,0,6543.555,2.0,4,4,1.0,14,33,1198.0,0.5885704819472196,78.81449187577415,72.29060549742594,8.763210867480462,976.1586325354776,48424.389721627405,8931.828000000005,1335.5899999999997,1935.9830000000004,5660.255000000005,1219.309,7712.519000000005,13.651281686122925,LEVE,2
6,1,3,2,2,4,-16.3431233,-72.175876,0,3,1,1,2,2,2,0,2023,2,1,0,0,0,0,6543.555,2.0,4,4,1.0,14,33,1198.0,0.6077843615696785,76.53072135400231,69.81276959706165,8.77367759087771,1135.5159013374655,74658.55888650964,10322.272,1495.236,1749.739,7077.2970000000005,2886.595,7435.677000000001,27.964725207783708,LEVE,2
6,1,23,0,4,1,-3.6859205240924737,-80.69030458774681,7,4,7,1,2,2,2,2,2023,2,1,0,9,1,0,6543.555,3.0,2,0,1.0,0,30,1475.0,0.568342833663152,74.37886913017682,68.79116494388956,9.025058202905662,964.4271707185276,11360.244111349037,1009.101,138.47399999999996,287.471,583.156,276.972,732.129,27.447401201663663,LEVE,2
6,1,14,2,3,4,-12.19771641,-77.02461312,0,3,1,1,2,2,2,2,2023,2,1,0,13,3,0,6543.555,2.0,4,4,1.0,14,33,1198.0,0.7583553928164398,79.82595632107274,76.7651270103073,11.46351379457763,1662.7771470294065,333655.3618843683,7626.313,1683.4029999999998,1599.0829999999996,4343.827000000001,1814.875,5811.438000000001,23.797541485643197,LEVE,2
3,2,12,2,4,1,-8.180820935495795,-78.98939246653913,0,0,7,1,2,2,2,2,2023,2,1,0,18,2,0,6543.555,3.0,2,0,1.0,0,30,1475.0,0.5704872313485707,78.73040511828864,66.00991236238886,8.931371175352043,922.6441961800402,20630.58672376873,8931.828000000005,1335.5899999999997,1935.9830000000004,5660.255000000005,1219.309,7712.519000000005,13.651281686122925,LEVE,2
3,2,3,0,4,1,-16.710369,-71.93324,0,4,7,1,2,1,1,0,2023,2,1,0,19,2,0,289.55,2.0,2,0,1.0,7,25,10.0,0.6456305778571253,75.67334095395331,77.09261911098552,10.479683603540597,1179.2653123056473,21630.747323340474,10322.272,1495.236,1749.739,7077.2970000000005,2886.595,7435.677000000001,27.964725207783708,LEVE,2
3,1,14,2,4,1,-12.259001,-76.917202,0,2,7,1,2,2,2,2,2023,2,1,0,23,2,0,6639.975,2.0,2,0,1.0,9,31,1616.0,0.6909236767275176,78.41626133969348,70.97436336767564,9.826485374940413,1476.8351947609171,95908.53319057816,7626.313,1683.4029999999998,1599.0829999999996,4343.827000000001,1814.875,5811.438000000001,23.797541485643197,LEVE,2
1,1,11,0,4,1,-11.933564,-75.314174,2,4,0,1,2,1,0,0,2023,2,2,0,1,0,2,7586.903,2.0,2,0,1.0,9,5,1198.0,0.5590037134540016,69.16521918655411,70.40542075696402,9.967120332016616,954.2603079564228,14877.426124197002,12264.545,1826.4639999999995,1105.5389999999998,9332.542,1588.5359999999996,10676.009,12.952261987705208,LEVE,2
6,1,12,2,3,4,-7.8202042,-78.0389994,0,0,1,1,2,2,2,0,2023,2,2,0,11,1,0,6543.555,2.0,4,4,1.0,14,33,1198.0,0.3986882084754764,72.97869269132666,58.65435142755623,5.605762371496486,527.7120199980477,69564.29978586723,8931.828000000005,1335.5899999999997,1935.9830000000004,5660.255000000005,1219.309,7712.519000000005,13.651281686122925,LEVE,2
0,1,14,2,2,4,-11.981531303201123,-77.0722466886651,0,3,7,1,2,2,2,2,2023,2,2,0,19,2,0,6543.555,2.0,4,4,1.0,14,33,1198.0,0.758462599563312,80.5192231989937,79.20045639149897,11.33839041452458,1628.5661148492152,363987.54389721627,7626.313,1683.4029999999998,1599.0829999999996,4343.827000000001,1814.875,5811.438000000001,23.797541485643197,LEVE,2
3,2,24,2,2,4,-8.3805422,-74.569043,0,3,1,1,4,2,2,2,2023,2,3,0,4,0,1,6543.555,2.0,4,4,1.0,14,33,1198.0,0.5478371208327225,74.17370407104559,60.31222796205821,9.40140543765922,905.3304073844272,113671.11777301929,2689.139,392.697,1311.5319999999997,984.91,261.598,2427.541,9.727946379863592,LEVE,2
6,1,1,0,4,1,-9.803765383656309,-77.43352384188863,5,4,7,1,2,2,2,0,2023,2,3,0,7,1,2,114.25,2.0,2,0,1.0,12,32,15.0,0.4654799331603382,71.10800342011737,71.6956954286478,8.000201643545543,613.215156662713,3873.366167023554,10767.648,1885.0630000000003,1222.721,7659.864000000001,2100.343,8667.305000000002,19.506051832303577,LEVE,2
0,1,20,0,4,1,-15.537445,-70.113837,0,4,7,1,2,2,2,2,2023,2,3,0,8,1,2,7586.903,2.0,2,0,1.0,9,5,1198.0,0.5759734352119,73.55929462493827,78.89306383943827,10.174966342239475,888.1716010638444,232834.39603082248,13642.312999999998,2020.7790000000005,2354.117,9267.416999999998,3314.0520000000006,10328.260999999997,24.29244952817019,LEVE,2
0,1,14,2,6,4,-12.0484562,-77.01967504,0,0,7,1,2,2,2,2,2023,2,3,0,11,1,0,6543.555,2.0,4,4,1.0,14,33,1198.0,0.7646845961658533,80.23682119426338,77.96082737891015,12.014176158371615,1633.787715186093,250806.0877944326,7626.313,1683.4029999999998,1599.0829999999996,4343.827000000001,1814.875,5811.438000000001,23.797541485643197,LEVE,2
0,0,22,2,2,4,-18.046956,-70.256301,0,0,7,1,2,0,1,2,2023,2,3,0,12,3,0,6543.555,2.0,4,4,1.0,14,33,1198.0,0.5563774842369664,77.00938809632027,69.10246351364754,8.476961866273152,914.8835608305218,27932.19700214133,2650.572,630.6729999999998,487.3610000000001,1532.5379999999998,1068.7019999999998,1581.87,40.31967439480987,LEVE,2
10,1,20,0,4,1,-15.907341340571223,-70.0292319138402,0,4,7,1,2,2,2,5,2023,2,3,0,21,2,2,779.525,2.0,2,0,1.0,7,26,163.0,0.6488901960567479,69.67312345830231,82.12448375199249,11.701623814093702,1230.336353415943,144745.3597430407,13642.312999999998,2020.7790000000005,2354.117,9267.416999999998,3314.0520000000006,10328.260999999997,24.29244952817019,LEVE,2
6,0,2,0,4,1,-13.65197,-73.525866,0,4,7,0,2,1,1,2,2023,2,4,0,1,0,2,7586.903,2.0,2,0,1.0,9,5,1198.0,0.3610279270511565,75.90553564458692,72.505773677672,4.428630850462488,408.1802333795878,8562.334047109209,8358.971,1282.451,1298.0969999999998,5778.423,1432.683,6926.288,17.139466089785454,LEVE,2
3,1,14,2,2,4,-12.02551833,-76.98389413,0,3,7,1,2,2,2,2,2023,2,4,0,6,1,0,6543.555,2.0,4,4,1.0,14,33,1198.0,0.701053025277506,79.62867561460851,73.1469484600971,10.064317505194426,1464.6926161541437,1150285.0494171206,7626.313,1683.4029999999998,1599.0829999999996,4343.827000000001,1814.875,5811.438000000001,23.797541485643197,LEVE,2
3,2,13,0,4,1,-6.9501631,-79.7050193,0,4,7,1,2,2,2,0,2023,2,4,0,7,1,0,6543.555,3.0,2,0,1.0,0,30,1475.0,0.5328313946151968,80.14557682903842,69.10246351364754,7.779461377421685,787.1306410578989,10221.605995717344,3459.691,515.0619999999999,689.7280000000001,2254.901,703.3549999999999,2756.336,20.329994788551925,GRAVE_LESIONADOS,0
6,1,12,2,4,1,-8.197440354374862,-78.98890430124881,0,0,7,1,2,2,2,6,2023,2,4,0,11,1,0,29.81,3.0,2,0,1.0,11,32,10.0,0.5704872313485707,78.73040511828864,66.00991236238886,8.931371175352043,922.6441961800402,20630.58672376873,8931.828000000005,1335.5899999999997,1935.9830000000004,5660.255000000005,1219.309,7712.519000000005,13.651281686122925,LEVE,2
5,1,7,2,4,1,-14.28866,-71.22268,0,3,7,1,2,2,2,2,2023,2,4,0,17,3,2,7586.903,2.0,2,0,1.0,9,5,1198.0,0.5265643824923771,76.3202150422939,72.59240802938885,8.636399400985075,746.7361126929013,59032.11777301927,17779.13499998999,2097.3709999899997,2863.123,12818.640999999989,2878.713,14900.421999989989,16.19152450331032,LEVE,2
5,1,7,2,4,0,-14.307131,-72.035791,0,3,7,1,2,2,2,2,2023,2,4,0,19,2,2,6543.555,2.0,4,4,1.0,14,33,1198.0,0.3582063239468129,73.72125513625039,50.68912238545782,4.370934077592676,495.5648271945098,7210.27408993576,17779.13499998999,2097.3709999899997,2863.123,12818.640999999989,2878.713,14900.421999989989,16.19152450331032,LEVE,2
0,1,10,0,4,0,-14.071841292909255,-75.79445475939943,0,4,7,1,2,2,2,0,2023,2,4,0,20,2,0,6543.555,2.0,4,4,1.0,14,33,1198.0,0.6637216310803388,79.6446050662278,81.37671161983333,11.724811319582514,1084.329233867723,142450.24411134905,3721.461,698.1859999999996,744.866,2278.409,1102.9029999999996,2618.558,29.636290693359403,LEVE,2
3,1,14,2,2,4,-11.92580306,-77.0520857,0,3,1,1,2,2,2,0,2023,2,5,1,6,1,0,6543.555,2.0,4,4,1.0,14,33,1198.0,0.7218926988400113,80.0902077245261,77.9581888264889,10.971588327733102,1458.3206086290393,530000.3426124197,7626.313,1683.4029999999998,1599.0829999999996,4343.827000000001,1814.875,5811.438000000001,23.797541485643197,LEVE,2
0,1,12,0,4,1,-7.320516,-79.368589,0,4,7,1,2,2,2,0,2023,2,5,1,9,1,0,887.28,2.0,2,0,1.0,8,17,155.0,0.5885704819472196,78.81449187577415,72.29060549742594,8.763210867480462,976.1586325354776,48424.389721627405,8931.828000000005,1335.5899999999997,1935.9830000000004,5660.255000000005,1219.309,7712.519000000005,13.651281686122925,LEVE,2
3,2,12,0,4,1,-8.916976,-78.638052,0,4,7,1,2,2,2,2,2023,2,5,1,16,3,0,6543.555,3.0,2,0,1.0,0,30,1475.0,0.4867987483268106,77.5825534369154,52.95148122709723,6.150547060309878,840.5788229266196,9838.736616702356,8931.828000000005,1335.5899999999997,1935.9830000000004,5660.255000000005,1219.309,7712.519000000005,13.651281686122925,LEVE,2
6,1,11,0,4,1,-11.589779,-76.069946,2,4,7,0,2,1,0,2,2023,2,5,1,19,2,2,875.67,2.0,2,0,1.0,3,14,156.0,0.4881320822942266,69.77252062725891,66.90155244891845,8.731602231618444,707.3229618967232,6833.000000000002,12264.545,1826.4639999999995,1105.5389999999998,9332.542,1588.5359999999996,10676.009,12.952261987705208,LEVE,2
3,1,11,0,4,1,-11.264311344610896,-74.6507902733359,6,5,6,2,6,2,2,0,2023,2,5,1,21,2,2,50.0,1.0,0,0,0.0,9,32,20.0,0.5055535147670205,71.64834806655777,59.71661057761873,8.330220329942271,816.7465751821994,42934.03211991434,12264.545,1826.4639999999995,1105.5389999999998,9332.542,1588.5359999999996,10676.009,12.952261987705208,LEVE,2
3,2,3,0,4,1,-16.603001210382747,-71.856422323722,0,4,7,0,2,0,1,0,2023,2,6,1,5,0,0,6639.975,2.0,2,0,1.0,9,31,1616.0,0.6105481451420971,78.10653088113892,68.35418098658066,8.411557426919764,1158.5430895193692,35025.678800856535,10322.272,1495.236,1749.739,7077.2970000000005,2886.595,7435.677000000001,27.964725207783708,GRAVE_MORTALIDAD,1
3,1,11,0,4,1,-11.814635,-75.492336,0,4,0,1,2,2,2,2,2023,2,6,1,13,3,2,7586.903,2.0,2,0,1.0,9,5,1198.0,0.5440372489854538,73.04439912570733,66.79010575891562,9.046955663104994,884.0272313859393,734.5653104925052,12264.545,1826.4639999999995,1105.5389999999998,9332.542,1588.5359999999996,10676.009,12.952261987705208,GRAVE_LESIONADOS,0
6,1,8,0,4,1,-12.721039002976054,-74.65324223969996,0,4,5,0,2,1,0,2,2023,2,6,1,16,3,2,778.685,-1.0,1,0,0.0,9,32,160.0,0.2215265046905056,74.81473766188749,56.52031666434728,3.7714587632736456,150.22200869400956,6747.850107066381,8511.426,1445.3929999999996,2008.516,5057.516999999999,1879.579,6631.846999999998,22.08300935706896,LEVE,2
3,1,19,2,2,4,-5.190447,-80.627932,0,4,7,1,2,2,2,0,2023,2,6,1,16,3,0,6543.555,2.0,4,4,1.0,14,33,1198.0,0.6582040223794163,78.74105515718446,77.3206684883171,11.334167841567446,1124.177237253568,178905.3426124197,8965.846000060003,1782.4120000599992,636.9959999999999,6546.438000000004,2214.505000059999,6751.341000000004,24.699342371541725,LEVE,2
6,1,11,0,4,1,-11.763482,-75.713338,0,4,0,1,2,2,2,2,2023,2,6,1,22,2,2,7586.903,2.0,2,0,1.0,9,5,1198.0,0.4545643050211295,68.73444804749025,55.05670880126828,7.076811092931955,737.237129067086,1424.8051391862955,12264.545,1826.4639999999995,1105.5389999999998,9332.542,1588.5359999999996,10676.009,12.952261987705208,LEVE,2
1,1,11,2,4,1,-12.04074,-75.256145,0,4,7,1,2,0,1,0,2023,2,0,0,1,0,2,196.88,2.0,2,0,1.0,3,32,35.0,0.570857606214118,71.93419820356702,79.22395362517479,9.891853727583106,907.4771296679614,20078.124197002144,12264.545,1826.4639999999995,1105.5389999999998,9332.542,1588.5359999999996,10676.009,12.952261987705208,LEVE,2
4,1,7,0,4,1,-15.061951155471377,-71.12463943903795,0,4,0,1,2,2,2,2,2023,2,0,0,4,0,2,568.5409999999999,1.0,2,3,0.0,9,3,93.0,0.3491291336434085,68.34579473193322,63.63866309000273,4.984551874124405,419.36068685534286,1114.627408993576,17779.13499998999,2097.3709999899997,2863.123,12818.640999999989,2878.713,14900.421999989989,16.19152450331032,LEVE,2
0,1,14,2,2,4,-11.87538044,-77.01680986,0,0,7,1,2,2,2,0,2023,2,0,0,5,0,0,6543.555,2.0,4,4,1.0,14,33,1198.0,0.6498693508177541,78.84967382596041,74.11456675539837,9.21786785255454,1246.479589064551,356854.23554603854,7626.313,1683.4029999999998,1599.0829999999996,4343.827000000001,1814.875,5811.438000000001,23.797541485643197,LEVE,2
0,1,14,2,4,1,-12.148067,-76.982726,0,3,7,1,2,2,2,4,2023,2,0,0,7,1,0,6639.975,2.0,2,0,1.0,9,31,1616.0,0.8017574897902351,80.48487267736287,78.74302427848284,13.156716040468266,1766.1488062170545,359776.608137045,7626.313,1683.4029999999998,1599.0829999999996,4343.827000000001,1814.875,5811.438000000001,23.797541485643197,LEVE,2
6,1,1,0,4,2,-10.387838364417323,-77.21910708346016,2,4,5,0,7,2,2,1,2023,2,0,0,8,1,2,6543.555,2.0,4,4,1.0,14,33,1198.0,0.4746105443639641,80.48520987963572,57.5215373820426,6.441984451542248,692.1737047027779,566.8929336188437,10767.648,1885.0630000000003,1222.721,7659.864000000001,2100.343,8667.305000000002,19.506051832303577,LEVE,2
6,1,12,0,4,3,-7.73945639901126,-78.0679460241053,0,4,0,0,7,2,2,0,2023,2,0,0,11,1,0,6543.555,2.0,4,4,1.0,14,33,1198.0,0.3986882084754764,72.97869269132666,58.65435142755623,5.605762371496486,527.7120199980477,69564.29978586723,8931.828000000005,1335.5899999999997,1935.9830000000004,5660.255000000005,1219.309,7712.519000000005,13.651281686122925,LEVE,2
0,1,6,2,4,1,-12.0381007227926,-77.1270561033516,0,2,7,1,2,0,1,2,2023,2,0,0,16,3,0,50.53,2.0,2,3,1.0,9,32,128.0,0.5563774842369664,77.00938809632027,69.10246351364754,8.476961866273152,914.8835608305218,27932.19700214133,51.58600000000001,44.68700000000001,6.899000000000001,0.0,49.838000000000015,1.748,96.61148373589734,LEVE,2
6,1,5,2,4,1,-7.277752,-78.595073,0,3,0,0,2,1,1,0,2023,2,0,0,19,2,2,887.28,2.0,2,0,1.0,8,17,155.0,0.3499131122933449,74.39401817945264,56.6280544824882,4.625294965690104,417.1826098657696,8462.284796573875,15935.565011852366,1733.9250000199986,935.692,13265.948011832368,2000.1670000199988,13935.398011832369,12.551591352627522,LEVE,2
1,1,14,2,2,4,-12.08060291,-77.05837579,0,3,1,1,2,2,2,4,2023,2,0,0,19,2,0,6543.555,2.0,4,4,1.0,14,33,1198.0,0.5563774842369664,77.00938809632027,69.10246351364754,8.476961866273152,914.8835608305218,27932.19700214133,7626.313,1683.4029999999998,1599.0829999999996,4343.827000000001,1814.875,5811.438000000001,23.797541485643197,LEVE,2
10,1,7,0,4,2,-14.29041,-72.037758,0,4,0,1,1,1,0,0,2023,2,0,0,21,2,2,6543.555,2.0,4,4,1.0,14,33,1198.0,0.3582063239468129,73.72125513625039,50.68912238545782,4.370934077592676,495.5648271945098,7210.27408993576,17779.13499998999,2097.3709999899997,2863.123,12818.640999999989,2878.713,14900.421999989989,16.19152450331032,LEVE,2
0,1,11,2,4,1,-12.021569,-75.272421,2,4,7,1,2,1,0,2,2023,2,1,0,15,3,2,196.88,2.0,2,0,1.0,3,32,35.0,0.5285636336071157,73.42501182291251,72.99402084998901,8.480900339546155,804.6146188752779,13113.002141327624,12264.545,1826.4639999999995,1105.5389999999998,9332.542,1588.5359999999996,10676.009,12.952261987705208,LEVE,2
0,0,13,0,3,4,-6.7537453,-79.8420787,0,3,7,1,2,2,2,0,2023,2,1,0,16,3,0,6543.555,2.0,4,4,1.0,14,33,1198.0,0.5415697888341857,80.94178299597955,72.69485501755445,9.042819482789628,724.6578159158644,183060.58029978588,3459.691,515.0619999999999,689.7280000000001,2254.901,703.3549999999999,2756.336,20.329994788551925,LEVE,2
0,1,14,2,2,4,-12.0840789,-77.00415585,0,3,1,1,2,2,2,6,2023,2,2,0,10,1,0,6543.555,2.0,4,4,1.0,14,33,1198.0,0.8236163632543221,80.64134543571234,78.76297514209003,13.635913030045838,1867.8532062234744,106584.52890792293,7626.313,1683.4029999999998,1599.0829999999996,4343.827000000001,1814.875,5811.438000000001,23.797541485643197,LEVE,2
0,1,12,2,2,4,-8.55003084023529,-78.67263452194135,0,4,7,1,2,2,2,0,2023,2,2,0,18,2,0,6543.555,2.0,4,4,1.0,14,33,1198.0,0.4971504606547645,77.79759708660042,46.44666297237219,6.322206801902116,929.9716106661404,44368.59100642397,8931.828000000005,1335.5899999999997,1935.9830000000004,5660.255000000005,1219.309,7712.519000000005,13.651281686122925,LEVE,2
3,1,14,2,4,1,-12.04125616,-77.03300977,0,0,7,1,2,2,2,2,2023,2,2,0,21,2,0,6543.555,3.0,2,0,1.0,0,30,1475.0,0.7300036506368504,80.21724456394445,75.11639588359114,10.636845733066124,1559.041185521695,156759.78800856532,7626.313,1683.4029999999998,1599.0829999999996,4343.827000000001,1814.875,5811.438000000001,23.797541485643197,LEVE,2
3,1,6,2,4,1,-11.8493148704598,-77.1215267256503,0,0,7,1,2,1,1,0,2023,2,3,0,6,1,0,139.23,-1.0,2,0,0.0,9,32,69.0,0.5563774842369664,77.00938809632027,69.10246351364754,8.476961866273152,914.8835608305218,27932.19700214133,51.58600000000001,44.68700000000001,6.899000000000001,0.0,49.838000000000015,1.748,96.61148373589734,LEVE,2
6,1,12,0,4,0,-7.716705223538227,-78.44608420360805,0,4,0,1,7,2,2,0,2023,2,3,0,13,3,0,6543.555,2.0,4,4,1.0,14,33,1198.0,0.1883083184611077,75.93360618381381,28.79507521744373,3.260895439511201,147.65429669929867,24235.73233404711,8931.828000000005,1335.5899999999997,1935.9830000000004,5660.255000000005,1219.309,7712.519000000005,13.651281686122925,LEVE,2