CLASE SINIESTRO,CANTIDAD DE VEHICULOS DAÑADOS,DEPARTAMENTO,ZONA,TIPO DE VÍA,RED VIAL,COORDENADAS LATITUD,COORDENADAS  LONGITUD,CONDICIÓN CLIMÁTICA,ZONIFICACIÓN,CARACTERÍSTICAS DE VÍA,PERFIL LONGITUDINAL VÍA,SUPERFICIE DE CALZADA,¿EXISTE SEÑAL VERTICAL?,¿EXISTE SEÑAL HORIZONTAL?,CAUSA FACTOR PRINCIPAL,AÑO,MES,DIA_SEMANA,ES_FIN_SEMANA,HORA_NUM,FRANJA_HORARIA,REGION_NATURAL,MTC_RVN_LONGITUD_KM,MTC_RVN_N_CARRILES_MEDIANA,MTC_RVN_SUPERFICIE_DOMINANTE,MTC_RVN_ESTADO_DOMINANTE,MTC_RVN_ES_CONCESIONADA,MTC_RVN_CONCESION_PRINCIPAL,MTC_RVN_CORREDOR_LOGISTICO,MTC_RVN_N_TRAMOS,IDH_2019,IDH_ESP_VIDA_2019,IDH_EDUC_SECUND_PCT_2019,IDH_ANIOS_EDUC_2019,IDH_INGRESO_PERCAP_2019,IDH_POBLACION_2019,MTC_DEP_RED_TOTAL_KM,MTC_DEP_NACIONAL_TOTAL_KM,MTC_DEP_DEPARTAMENTAL_TOTAL_KM,MTC_DEP_VECINAL_TOTAL_KM,MTC_DEP_PAV_TOTAL_KM,MTC_DEP_NO_PAV_TOTAL_KM,MTC_DEP_PCT_PAVIMENTADA,CATEGORIA_SEVERIDAD,CATEGORIA_SEVERIDAD_ENC
1,1,14,2,2,4,-12.07501746,-77.02320907,0,3,7,1,2,2,2,4,2023,2,3,0,15,3,0,6543.555,2.0,4,4,1.0,14,33,1198.0,0.7141594849782824,79.90829932185413,74.79179886803175,10.522504814235935,1482.4793645077043,156887.87152034265,7626.313,1683.4029999999998,1599.0829999999996,4343.827000000001,1814.875,5811.438000000001,23.797541485643197,LEVE,2
3,2,3,0,4,1,-15.9852395,-71.2534252,0,4,7,0,2,0,1,0,2023,2,3,0,15,3,0,1504.4250000000002,2.0,2,0,1.0,7,25,241.0,0.4498224071382834,81.63336343193146,58.84842497065013,5.774685730039019,620.6584683449911,1358.612419700214,10322.272,1495.236,1749.739,7077.2970000000005,2886.595,7435.677000000001,27.964725207783708,GRAVE_MORTALIDAD,1
6,1,14,2,2,4,-12.13446522,-77.0203962,0,3,7,1,2,2,2,2,2023,2,3,0,19,2,0,6543.555,2.0,4,4,1.0,14,33,1198.0,0.8207642838213052,80.14976904502905,78.34721798827678,12.592455139231284,1956.55173075211,27481.5653104925,7626.313,1683.4029999999998,1599.0829999999996,4343.827000000001,1814.875,5811.438000000001,23.797541485643197,LEVE,2
1,1,10,2,4,1,-13.6721,-76.156093,0,0,7,1,2,2,2,0,2023,2,3,0,21,2,0,6639.975,2.0,2,0,1.0,9,31,1616.0,0.5723734005661165,76.14778354007997,72.53650205141851,9.107715991741182,922.4721268572972,24272.76659528908,3721.461,698.1859999999996,744.866,2278.409,1102.9029999999996,2618.558,29.636290693359403,LEVE,2
6,1,12,2,2,4,-8.104099,-79.049505,0,0,7,1,2,2,2,2,2023,2,4,0,3,0,0,6543.555,2.0,4,4,1.0,14,33,1198.0,0.7151155191839451,79.57652607829836,77.25576500264712,11.809756866444314,1377.9438475528384,331253.00214132766,8931.828000000005,1335.5899999999997,1935.9830000000004,5660.255000000005,1219.309,7712.519000000005,13.651281686122925,LEVE,2
6,1,13,0,4,1,-6.8957082,-79.7925815,0,4,7,1,2,2,2,0,2023,2,4,0,4,0,0,6543.555,3.0,2,0,1.0,0,30,1475.0,0.5641992796027862,80.882527751483,65.9094339982314,9.073972195368588,853.0395030552988,16475.406852248394,3459.691,515.0619999999999,689.7280000000001,2254.901,703.3549999999999,2756.336,20.329994788551925,GRAVE_MORTALIDAD,1
3,1,20,2,4,1,-14.5817911,-70.320926,0,0,7,1,2,2,2,2,2023,2,4,0,4,0,2,1761.8050000000003,2.0,2,0,1.0,6,22,410.0,0.3123807527193555,68.51007197218408,63.23261017822588,5.921452086144448,276.8686960718514,8566.627408993576,13642.312999999998,2020.7790000000005,2354.117,9267.416999999998,3314.0520000000006,10328.260999999997,24.29244952817019,LEVE,2
3,2,9,0,4,1,-9.39639,-75.007674,0,4,2,1,2,1,0,1,2023,2,4,0,10,1,2,50.0,-1.0,1,0,0.0,9,32,15.0,0.4142206251615568,70.46856737671284,35.51941754010392,6.414637270814438,715.4473584603038,6198.695931477517,8209.057,1333.4779999999996,791.9770000000001,6083.602,1059.8589999999997,7149.198,12.910849565303296,GRAVE_MORTALIDAD,1
0,1,11,2,4,1,-11.981565965738762,-75.26283319727084,0,4,7,1,2,0,1,4,2023,2,4,0,20,2,2,7586.903,2.0,2,0,1.0,9,5,1198.0,0.510310164202821,71.52440814978874,75.72388801715883,9.092332465948596,712.4612550145519,5266.717344753748,12264.545,1826.4639999999995,1105.5389999999998,9332.542,1588.5359999999996,10676.009,12.952261987705208,LEVE,2
3,2,1,0,4,1,-10.135261,-77.301813,7,4,0,0,2,2,2,2,2023,2,4,0,20,2,2,616.825,2.0,2,3,0.0,9,6,145.0,0.4654799331603382,71.10800342011737,71.6956954286478,8.000201643545543,613.215156662713,3873.366167023554,10767.648,1885.0630000000003,1222.721,7659.864000000001,2100.343,8667.305000000002,19.506051832303577,LEVE,2
0,1,12,0,4,0,-8.482096836246855,-78.61718267737533,0,4,7,1,4,2,2,0,2023,2,5,1,7,1,0,6543.555,2.0,4,4,1.0,14,33,1198.0,0.4971504606547645,77.79759708660042,46.44666297237219,6.322206801902116,929.9716106661404,44368.59100642397,8931.828000000005,1335.5899999999997,1935.9830000000004,5660.255000000005,1219.309,7712.519000000005,13.651281686122925,LEVE,2
1,1,14,2,4,1,-12.193135,-76.972682,0,0,7,1,2,2,2,0,2023,2,5,1,8,1,0,6639.975,2.0,2,0,1.0,9,31,1616.0,0.7289998534947872,80.50926319493618,76.9124822838204,10.358587270463827,1551.106643515347,384728.5117773019,7626.313,1683.4029999999998,1599.0829999999996,4343.827000000001,1814.875,5811.438000000001,23.797541485643197,LEVE,2
6,1,19,0,4,1,-5.144486,-80.8013583,0,4,7,1,2,2,2,2,2023,2,5,1,13,3,0,245.29,2.0,2,0,1.0,1,20,18.0,0.5214892169331304,81.30000138777692,64.69217807020043,6.638648670954715,828.5092750539112,9423.963597430407,8965.846000060003,1782.4120000599992,636.9959999999999,6546.438000000004,2214.505000059999,6751.341000000004,24.699342371541725,LEVE,2
6,1,11,2,4,1,-11.692424580201966,-75.76872460034205,0,4,0,0,2,1,1,2,2023,2,5,1,14,3,2,7586.903,2.0,2,0,1.0,9,5,1198.0,0.6211711217784234,75.51508523355102,70.90101252241288,10.049671623026311,1128.403546167389,8996.89721627409,12264.545,1826.4639999999995,1105.5389999999998,9332.542,1588.5359999999996,10676.009,12.952261987705208,GRAVE_MORTALIDAD,1
6,1,1,0,4,1,-10.468939,-77.915878,0,4,7,1,2,1,1,6,2023,2,5,1,14,3,2,6543.555,3.0,2,0,1.0,0,30,1475.0,0.594329796273136,79.51274210494626,67.23963656911357,9.093808711905876,1004.1856289962402,25729.80728051392,10767.648,1885.0630000000003,1222.721,7659.864000000001,2100.343,8667.305000000002,19.506051832303577,GRAVE_MORTALIDAD,1
0,1,3,2,2,4,-16.42119777,-71.5410749,0,0,7,1,2,0,1,0,2023,2,5,1,18,2,0,6543.555,2.0,4,4,1.0,14,33,1198.0,0.7453744058790387,79.4589730074046,82.73398367318066,12.665195784530074,1448.5317937470898,76620.6295503212,10322.272,1495.236,1749.739,7077.2970000000005,2886.595,7435.677000000001,27.964725207783708,LEVE,2
6,1,7,0,4,0,-13.535014447082368,-71.4493087886827,0,4,0,1,1,2,2,2,2023,2,5,1,19,2,2,6543.555,2.0,4,4,1.0,14,33,1198.0,0.1768462834706955,62.55595770945483,48.97896026109408,3.327040998233386,129.90545755546754,2972.049250535332,17779.13499998999,2097.3709999899997,2863.123,12818.640999999989,2878.713,14900.421999989989,16.19152450331032,LEVE,2
1,1,7,0,4,1,-13.726514,-71.601007,0,4,7,1,2,1,1,2,2023,2,5,1,22,2,2,7586.903,2.0,2,0,1.0,9,5,1198.0,0.4629184740681672,65.5665792285447,72.8013940331536,7.251714555673934,719.1023705109678,7985.920770877943,17779.13499998999,2097.3709999899997,2863.123,12818.640999999989,2878.713,14900.421999989989,16.19152450331032,LEVE,2
0,1,3,0,4,1,-16.410143,-72.055948,0,4,7,1,2,0,1,0,2023,2,5,1,23,2,0,6639.975,2.0,2,0,1.0,9,31,1616.0,0.6084493916639881,75.90495029382188,64.41217540559256,8.260115261366025,1243.986900667714,6382.811563169165,10322.272,1495.236,1749.739,7077.2970000000005,2886.595,7435.677000000001,27.964725207783708,LEVE,2
6,1,20,0,4,1,-13.857579035302946,-70.50982939376166,0,4,0,0,2,2,2,2,2023,2,5,1,23,2,2,1761.8050000000003,2.0,2,0,1.0,6,22,410.0,0.3249096507143286,68.3031236414702,47.94448468330011,5.074559513513553,387.3182851963189,6349.807280513919,13642.312999999998,2020.7790000000005,2354.117,9267.416999999998,3314.0520000000006,10328.260999999997,24.29244952817019,LEVE,2
3,1,20,0,4,1,-13.336090691646229,-70.33358221300524,0,4,7,1,2,2,2,2,2023,2,6,1,6,1,2,1761.8050000000003,2.0,2,0,1.0,6,22,410.0,0.38164453867226,66.41201008405402,69.23578094142847,5.847071191103413,481.9176140466285,12276.920770877943,13642.312999999998,2020.7790000000005,2354.117,9267.416999999998,3314.0520000000006,10328.260999999997,24.29244952817019,LEVE,2
3,1,20,0,4,1,-15.896424612792597,-70.02816973794772,0,4,7,1,2,2,2,5,2023,2,6,1,6,1,2,6543.555,3.0,2,0,1.0,0,30,1475.0,0.6488901960567479,69.67312345830231,82.12448375199249,11.701623814093702,1230.336353415943,144745.3597430407,13642.312999999998,2020.7790000000005,2354.117,9267.416999999998,3314.0520000000006,10328.260999999997,24.29244952817019,LEVE,2
3,2,10,0,4,1,-13.770627,-76.23561,0,2,7,1,2,2,2,0,2023,2,6,1,13,3,0,76.48700000000001,-1.0,2,3,0.0,9,32,15.0,0.6292184793170688,75.99906028374495,67.79982853272203,9.796858559039824,1204.177835421263,8492.554603854389,3721.461,698.1859999999996,744.866,2278.409,1102.9029999999996,2618.558,29.636290693359403,GRAVE_LESIONADOS,0
6,1,12,0,4,1,-8.01323428707867,-78.32692440865974,0,4,7,1,2,2,2,0,2023,2,6,1,14,3,0,610.6099999999999,2.0,2,0,1.0,8,29,100.0,0.4320883936567258,76.718936301794,43.003289188979466,6.269065613037991,662.0777072841523,13167.552462526766,8931.828000000005,1335.5899999999997,1935.9830000000004,5660.255000000005,1219.309,7712.519000000005,13.651281686122925,GRAVE_LESIONADOS,0
10,2,5,0,4,1,-6.466382,-78.932785,0,4,0,0,2,1,1,0,2023,2,6,1,14,3,2,919.085,2.0,2,3,0.0,9,7,218.0,0.2654992518529382,70.41180563073365,40.80906856799879,3.652062959940575,299.1966256007116,8379.012847965738,15935.565011852366,1733.9250000199986,935.692,13265.948011832368,2000.1670000199988,13935.398011832369,12.551591352627522,LEVE,2
3,1,14,2,2,4,-12.03020755,-77.02961566,0,3,1,1,2,2,2,2,2023,2,6,1,17,3,0,6543.555,2.0,4,4,1.0,14,33,1198.0,0.7300036506368504,80.21724456394445,75.11639588359114,10.636845733066124,1559.041185521695,156759.78800856532,7626.313,1683.4029999999998,1599.0829999999996,4343.827000000001,1814.875,5811.438000000001,23.797541485643197,GRAVE_MORTALIDAD,1
3,2,13,2,4,1,-6.8025881,-79.8443795,0,3,1,1,2,2,2,0,2023,2,6,1,18,2,0,6543.555,3.0,2,0,1.0,0,30,1475.0,0.5698121065713132,80.7750211042815,73.24532007426484,9.611369875155264,807.8835749369007,96903.36830835116,3459.691,515.0619999999999,689.7280000000001,2254.901,703.3549999999999,2756.336,20.329994788551925,LEVE,2
3,2,3,0,4,1,-16.402085,-72.074322,0,4,7,1,2,0,1,0,2023,2,6,1,21,2,0,6639.975,2.0,2,0,1.0,9,31,1616.0,0.6084493916639881,75.90495029382188,64.41217540559256,8.260115261366025,1243.986900667714,6382.811563169165,10322.272,1495.236,1749.739,7077.2970000000005,2886.595,7435.677000000001,27.964725207783708,GRAVE_MORTALIDAD,1
1,1,7,0,4,1,-13.234963,-70.761281,0,4,7,1,2,0,1,4,2023,2,6,1,23,2,2,3263.58,2.0,2,0,1.0,5,18,566.0,0.456269323491559,57.22814439496783,65.7020880165366,7.857170607722528,858.4104388154956,2071.82869379015,17779.13499998999,2097.3709999899997,2863.123,12818.640999999989,2878.713,14900.421999989989,16.19152450331032,LEVE,2
0,1,1,2,4,1,-9.153935,-78.503551,0,4,7,1,2,0,1,2,2023,2,0,0,6,1,2,6543.555,3.0,2,0,1.0,0,30,1475.0,0.6459598096056908,78.63908715089502,73.94922643905556,10.615650526897664,1131.8657131941532,175440.59743040687,10767.648,1885.0630000000003,1222.721,7659.864000000001,2100.343,8667.305000000002,19.506051832303577,LEVE,2
6,1,11,0,4,3,-11.083589390347573,-74.76679618043659,6,5,6,2,6,2,2,0,2023,2,0,0,9,1,2,6543.555,2.0,4,4,1.0,14,33,1198.0,0.4504704361939795,78.21109613042135,53.36127577481231,6.956854509393587,612.1696439943328,61517.46466809421,12264.545,1826.4639999999995,1105.5389999999998,9332.542,1588.5359999999996,10676.009,12.952261987705208,LEVE,2
3,3,7,2,4,1,-13.479761234037042,-72.08823867847434,0,0,7,0,2,2,2,2,2023,2,0,0,19,2,2,7586.903,2.0,2,0,1.0,9,5,1198.0,0.4281732802417234,78.29292334437999,54.99946925314229,7.011217973432596,519.9004863766037,3892.280513918629,17779.13499998999,2097.3709999899997,2863.123,12818.640999999989,2878.713,14900.421999989989,16.19152450331032,GRAVE_MORTALIDAD,1
10,1,7,0,4,1,-14.245413975381846,-71.25646413711475,0,4,7,1,2,1,1,2,2023,2,0,0,19,2,2,7586.903,2.0,2,0,1.0,9,5,1198.0,0.5265643824923771,76.3202150422939,72.59240802938885,8.636399400985075,746.7361126929013,59032.11777301927,17779.13499998999,2097.3709999899997,2863.123,12818.640999999989,2878.713,14900.421999989989,16.19152450331032,LEVE,2
6,1,7,2,2,4,-12.6144928,-73.794253,0,3,7,1,1,2,2,2,2023,2,0,0,22,2,2,6543.555,2.0,4,4,1.0,14,33,1198.0,0.4000524425036719,73.40481655087646,49.29293286065465,6.082220384138268,542.3967836867969,14951.593147751608,17779.13499998999,2097.3709999899997,2863.123,12818.640999999989,2878.713,14900.421999989989,16.19152450331032,LEVE,2
6,1,3,0,4,1,-16.208137,-71.652492,0,4,7,1,2,0,1,0,2023,2,1,0,6,1,0,1504.4250000000002,2.0,2,0,1.0,7,25,241.0,0.6005060748875158,78.21704200773246,77.40211893847457,8.994742794352394,996.014120858737,33335.45824411135,10322.272,1495.236,1749.739,7077.2970000000005,2886.595,7435.677000000001,27.964725207783708,LEVE,2
10,1,7,0,4,1,-13.912691,-71.501857,7,4,0,0,2,1,1,2,2023,2,1,0,9,1,2,7586.903,2.0,2,0,1.0,9,5,1198.0,0.2817996466757569,61.46221967841442,59.94392749373902,5.22767318167762,273.6262823371238,4178.871520342613,17779.13499998999,2097.3709999899997,2863.123,12818.640999999989,2878.713,14900.421999989989,16.19152450331032,GRAVE_LESIONADOS,0
3,2,13,0,4,2,-6.8137662,-79.8531549,0,4,7,1,2,2,2,0,2023,2,1,0,9,1,0,6543.555,2.0,4,4,1.0,14,33,1198.0,0.5698121065713132,80.7750211042815,73.24532007426484,9.611369875155264,807.8835749369007,96903.36830835116,3459.691,515.0619999999999,689.7280000000001,2254.901,703.3549999999999,2756.336,20.329994788551925,LEVE,2
6,1,4,0,4,2,-13.2641253,-74.0015747,0,4,5,0,1,2,2,5,2023,2,1,0,13,3,2,6543.555,2.0,4,4,1.0,14,33,1198.0,0.2511977866304733,68.52299906881817,41.38980764331505,5.313682333529363,203.31119593828876,9734.820128479656,12678.733000000004,1805.074000000001,1774.0339999999994,9099.625000000004,2485.375000000001,10193.358000000002,19.602707936195205,GRAVE_LESIONADOS,0
0,0,14,0,4,1,-11.02054,-77.59848,0,4,1,1,2,2,2,2,2023,2,1,0,17,3,0,6543.555,3.0,2,0,1.0,0,30,1475.0,0.6058977644686256,75.86009868534626,65.24867654925505,8.328201694517173,1216.0018080234922,26242.524625267662,7626.313,1683.4029999999998,1599.0829999999996,4343.827000000001,1814.875,5811.438000000001,23.797541485643197,LEVE,2
3,2,5,0,4,1,-5.65303167,-78.74728667,0,4,7,1,2,2,2,2,2023,2,1,0,23,2,2,7758.33400008,2.0,2,0,1.0,9,20,2133.0,0.4823525101155781,74.68609013731242,51.19107770858362,5.880567124588062,905.9911705096852,13071.734475374731,15935.565011852366,1733.9250000199986,935.692,13265.948011832368,2000.1670000199988,13935.398011832369,12.551591352627522,LEVE,2
6,1,20,0,4,3,-15.685763,-70.128152,0,4,0,0,7,2,2,2,2023,3,2,0,1,0,2,6543.555,2.0,4,4,1.0,14,33,1198.0,0.2854665786092111,68.20652818929607,60.093685673903856,6.4783911135975005,213.96417469515268,5194.406852248394,13642.312999999998,2020.7790000000005,2354.117,9267.416999999998,3314.0520000000006,10328.260999999997,24.29244952817019,LEVE,2
1,1,23,0,4,1,-3.513917994766684,-80.31783696205841,0,4,7,1,2,2,2,2,2023,3,2,0,1,0,0,6543.555,3.0,2,0,1.0,0,30,1475.0,0.506393213976091,71.09604779417722,66.88716723772843,7.8873292871222835,813.0857960318671,5253.152034261242,1009.101,138.47399999999996,287.471,583.156,276.972,732.129,27.447401201663663,LEVE,2
3,1,11,0,4,1,-11.431631,-75.931629,5,4,0,1,2,1,1,2,2023,3,2,0,5,0,2,9936.932,2.0,2,0,1.0,9,32,3830.0,0.6020098864645433,75.79573668887026,73.05899519649367,9.146056396622448,1068.3131989230606,1494.9850107066384,12264.545,1826.4639999999995,1105.5389999999998,9332.542,1588.5359999999996,10676.009,12.952261987705208,GRAVE_MORTALIDAD,1
3,1,14,0,4,2,-11.9982629,-76.92719986,0,2,7,1,2,2,2,0,2023,3,2,0,5,0,0,6543.555,2.0,4,4,1.0,14,33,1198.0,0.6831952456039544,78.60873873772867,74.49000793376607,10.00420210847705,1376.0472418044385,255143.7301927195,7626.313,1683.4029999999998,1599.0829999999996,4343.827000000001,1814.875,5811.438000000001,23.797541485643197,LEVE,2
3,1,20,0,4,1,-15.672656616209402,-70.37792971503441,0,4,7,1,2,2,2,2,2023,3,2,0,7,1,2,1504.4250000000002,2.0,2,0,1.0,7,25,241.0,0.4387767884413746,74.08026937973001,72.73571788884047,7.487249530915593,506.6407671536068,4885.396145610278,13642.312999999998,2020.7790000000005,2354.117,9267.416999999998,3314.0520000000006,10328.260999999997,24.29244952817019,LEVE,2
3,2,7,2,4,0,-14.792305,-71.411903,0,2,1,1,2,2,2,2,2023,3,2,0,9,1,2,6543.555,2.0,4,4,1.0,14,33,1198.0,0.553052655456334,69.21726434550523,74.04128761826507,8.709280027519238,977.6848841665504,33976.192719486084,17779.13499998999,2097.3709999899997,2863.123,12818.640999999989,2878.713,14900.421999989989,16.19152450331032,LEVE,2
0,1,12,2,4,1,-7.441096,-79.502069,0,4,7,1,2,2,2,2,2023,3,2,0,17,3,0,6543.555,3.0,2,0,1.0,0,30,1475.0,0.6138517538553948,80.84826225715301,64.49339622566798,9.143362084626023,1095.689060330069,16852.97430406852,8931.828000000005,1335.5899999999997,1935.9830000000004,5660.255000000005,1219.309,7712.519000000005,13.651281686122925,LEVE,2
0,1,3,2,4,1,-16.526249,-71.7853308,0,4,7,1,2,1,1,0,2023,3,2,0,19,2,0,6639.975,2.0,2,0,1.0,9,31,1616.0,0.6105481451420971,78.10653088113892,68.35418098658066,8.411557426919764,1158.5430895193692,35025.678800856535,10322.272,1495.236,1749.739,7077.2970000000005,2886.595,7435.677000000001,27.964725207783708,LEVE,2
3,2,14,0,4,1,-11.071165237804934,-77.58512732558226,0,4,7,0,2,2,2,2,2023,3,3,0,3,0,0,6543.555,3.0,2,0,1.0,0,30,1475.0,0.644332113046051,78.61218205687396,70.04798203155518,8.919818005352203,1280.219555520582,36044.03426124197,7626.313,1683.4029999999998,1599.0829999999996,4343.827000000001,1814.875,5811.438000000001,23.797541485643197,LEVE,2
0,1,17,2,2,4,-17.649765,-71.331037,6,5,6,2,6,2,2,0,2023,3,3,0,11,1,0,6543.555,2.0,4,4,1.0,14,33,1198.0,0.6831569654189188,78.20298093881752,73.06967658016572,10.671817350138191,1346.7860056613883,68663.72805139187,2949.174,470.28500000000025,903.055,1575.834,866.4460000000004,2082.728,29.37927704503025,LEVE,2
6,1,12,0,4,2,-8.284816243915852,-77.26909872736194,0,4,7,1,7,2,2,0,2023,3,3,0,12,3,0,6543.555,2.0,4,4,1.0,14,33,1198.0,0.3197513128881681,72.75839607187493,46.46893985694722,5.089349616666145,343.5767651925731,13901.271948608137,8931.828000000005,1335.5899999999997,1935.9830000000004,5660.255000000005,1219.309,7712.519000000005,13.651281686122925,LEVE,2
0,1,20,2,4,1,-15.480696,-70.132039,0,0,1,1,2,2,2,6,2023,3,3,0,17,3,2,7586.903,2.0,2,0,1.0,9,5,1198.0,0.5759734352119,73.55929462493827,78.89306383943827,10.174966342239475,888.1716010638444,232834.39603082248,13642.312999999998,2020.7790000000005,2354.117,9267.416999999998,3314.0520000000006,10328.260999999997,24.29244952817019,LEVE,2
2,1,2,0,4,2,-13.616267,-73.38756,0,4,0,1,7,2,2,2,2023,3,3,0,18,2,2,6543.555,2.0,4,4,1.0,14,33,1198.0,0.4619010623422457,78.59168291839167,71.17621940902927,6.822215000922938,577.0592072650313,27074.62526766595,8358.971,1282.451,1298.0969999999998,5778.423,1432.683,6926.288,17.139466089785454,LEVE,2
6,1,14,2,2,4,-11.87101077,-77.01986016,0,3,7,1,2,2,2,2,2023,3,4,0,3,0,0,6543.555,2.0,4,4,1.0,14,33,1198.0,0.6498693508177541,78.84967382596041,74.11456675539837,9.21786785255454,1246.479589064551,356854.23554603854,7626.313,1683.4029999999998,1599.0829999999996,4343.827000000001,1814.875,5811.438000000001,23.797541485643197,LEVE,2
6,1,13,0,4,1,-5.942054,-79.639296,0,4,7,1,2,2,2,2,2023,3,4,0,5,0,0,305.38500000000005,2.0,2,0,1.0,1,20,50.0,0.4703091457296942,74.91176543888524,59.04522375211969,6.365443427676777,742.49897987499,44335.321199143465,3459.691,515.0619999999999,689.7280000000001,2254.901,703.3549999999999,2756.336,20.329994788551925,LEVE,2
7,1,3,2,3,4,-16.383402,-71.517994,0,3,7,1,2,2,2,0,2023,3,4,0,7,1,0,6543.555,2.0,4,4,1.0,14,33,1198.0,0.6644305982399786,77.94756774830974,80.78986062622265,11.207078673345602,1154.977729265862,91855.75160599573,10322.272,1495.236,1749.739,7077.2970000000005,2886.595,7435.677000000001,27.964725207783708,LEVE,2
10,1,2,0,4,1,-13.865215776551064,-72.77140369455645,6,5,6,2,6,2,2,0,2023,3,4,0,8,1,2,2176.715,1.0,1,3,0.0,9,32,756.0,0.3370056047597859,70.05724875416726,65.1043188096213,4.455843522984004,395.04178500940327,4161.494646680942,8358.971,1282.451,1298.0969999999998,5778.423,1432.683,6926.288,17.139466089785454,GRAVE_MORTALIDAD,1
2,1,14,2,2,4,-12.045833096595024,-77.02559551938322,0,0,7,1,2,2,2,3,2023,3,4,0,11,1,0,6543.555,2.0,4,4,1.0,14,33,1198.0,0.7646845961658533,80.23682119426338,77.96082737891015,12.014176158371615,1633.787715186093,250806.0877944326,7626.313,1683.4029999999998,1599.0829999999996,4343.827000000001,1814.875,5811.438000000001,23.797541485643197,LEVE,2
3,1,14,0,4,1,-10.689576,-77.787159,0,4,7,1,2,1,0,2,2023,3,4,0,21,2,0,6543.555,3.0,2,0,1.0,0,30,1475.0,0.6089995249782627,83.27989923505345,68.21266463461673,7.753898352965485,1106.793700553604,19807.916488222698,7626.313,1683.4029999999998,1599.0829999999996,4343.827000000001,1814.875,5811.438000000001,23.797541485643197,GRAVE_MORTALIDAD,1
0,1,14,0,4,1,-12.308394055205584,-76.83660706823704,0,0,7,1,2,2,2,4,2023,3,5,1,2,0,0,6639.975,2.0,2,0,1.0,9,31,1616.0,0.6959889140821508,77.1307027422061,67.89627023388005,10.144340935046175,1549.2819792545554,12550.856531049252,7626.313,1683.4029999999998,1599.0829999999996,4343.827000000001,1814.875,5811.438000000001,23.797541485643197,LEVE,2
3,2,10,2,4,1,-13.5529807364185,-76.1807497671501,0,0,2,1,2,2,2,0,2023,3,5,1,10,1,0,205.54999999999995,-1.0,2,0,1.0,13,31,15.0,0.533712318797331,79.3365989923595,61.56804543976482,8.261681946790427,816.7917863887187,13863.817987152031,3721.461,698.1859999999996,744.866,2278.409,1102.9029999999996,2618.558,29.636290693359403,LEVE,2
3,2,12,2,2,4,-8.106627,-79.046801,0,0,1,1,2,2,2,2,2023,3,5,1,12,3,0,6543.555,2.0,4,4,1.0,14,33,1198.0,0.7151155191839451,79.57652607829836,77.25576500264712,11.809756866444314,1377.9438475528384,331253.00214132766,8931.828000000005,1335.5899999999997,1935.9830000000004,5660.255000000005,1219.309,7712.519000000005,13.651281686122925,LEVE,2
6,1,7,0,4,1,-14.117727,-71.415727,0,4,0,1,2,1,1,0,2023,3,5,1,19,2,2,7586.903,2.0,2,0,1.0,9,5,1198.0,0.4337173562104641,75.15065004139942,79.9974723492709,7.143524482711378,473.5348889931674,5193.304068522484,17779.13499998999,2097.3709999899997,2863.123,12818.640999999989,2878.713,14900.421999989989,16.19152450331032,GRAVE_MORTALIDAD,1
5,0,10,0,4,3,-14.19040788920644,-75.69521353912057,8,4,2,1,7,2,2,0,2023,3,5,1,20,2,0,6543.555,2.0,4,4,1.0,14,33,1198.0,0.6261042306271147,80.48505954362174,76.55712631348362,9.341715591523595,1061.002261282891,31419.372591006424,3721.461,698.1859999999996,744.866,2278.409,1102.9029999999996,2618.558,29.636290693359403,LEVE,2
0,1,7,0,4,1,-14.24516005,-71.25143527,0,4,7,1,2,2,2,4,2023,3,6,1,1,0,2,7586.903,2.0,2,0,1.0,9,5,1198.0,0.5265643824923771,76.3202150422939,72.59240802938885,8.636399400985075,746.7361126929013,59032.11777301927,17779.13499998999,2097.3709999899997,2863.123,12818.640999999989,2878.713,14900.421999989989,16.19152450331032,LEVE,2
3,2,12,0,4,1,-8.532783,-78.681809,0,4,7,1,2,2,2,0,2023,3,6,1,3,0,0,6543.555,3.0,2,0,1.0,0,30,1475.0,0.4971504606547645,77.79759708660042,46.44666297237219,6.322206801902116,929.9716106661404,44368.59100642397,8931.828000000005,1335.5899999999997,1935.9830000000004,5660.255000000005,1219.309,7712.519000000005,13.651281686122925,LEVE,2
6,1,5,2,4,1,-6.041541,-79.125163,7,3,7,0,2,0,1,0,2023,3,6,1,3,0,2,9936.932,2.0,2,0,1.0,9,32,3830.0,0.5089064260692896,75.49593859459377,56.74492330977312,6.743539171475742,903.5347616610204,6985.957173447538,15935.565011852366,1733.9250000199986,935.692,13265.948011832368,2000.1670000199988,13935.398011832369,12.551591352627522,LEVE,2
6,1,12,2,4,2,-8.1776853,-79.0122907,0,0,7,1,2,2,2,0,2023,3,6,1,4,0,0,6543.555,2.0,4,4,1.0,14,33,1198.0,0.618325375347301,78.45577068094175,66.18977766598024,9.47415720612109,1128.5991234425228,37258.80942184154,8931.828000000005,1335.5899999999997,1935.9830000000004,5660.255000000005,1219.309,7712.519000000005,13.651281686122925,LEVE,2
6,1,12,2,2,4,-8.1280498,-79.0407257,0,0,7,1,2,2,2,0,2023,3,6,1,4,0,0,6543.555,2.0,4,4,1.0,14,33,1198.0,0.7151155191839451,79.57652607829836,77.25576500264712,11.809756866444314,1377.9438475528384,331253.00214132766,8931.828000000005,1335.5899999999997,1935.9830000000004,5660.255000000005,1219.309,7712.519000000005,13.651281686122925,LEVE,2