CLASE SINIESTRO,CANTIDAD DE VEHICULOS DAÑADOS,DEPARTAMENTO,ZONA,TIPO DE VÍA,RED VIAL,COORDENADAS LATITUD,COORDENADAS  LONGITUD,CONDICIÓN CLIMÁTICA,ZONIFICACIÓN,CARACTERÍSTICAS DE VÍA,PERFIL LONGITUDINAL VÍA,SUPERFICIE DE CALZADA,¿EXISTE SEÑAL VERTICAL?,¿EXISTE SEÑAL HORIZONTAL?,CAUSA FACTOR PRINCIPAL,AÑO,MES,DIA_SEMANA,ES_FIN_SEMANA,HORA_NUM,FRANJA_HORARIA,REGION_NATURAL,MTC_RVN_LONGITUD_KM,MTC_RVN_N_CARRILES_MEDIANA,MTC_RVN_SUPERFICIE_DOMINANTE,MTC_RVN_ESTADO_DOMINANTE,MTC_RVN_ES_CONCESIONADA,MTC_RVN_CONCESION_PRINCIPAL,MTC_RVN_CORREDOR_LOGISTICO,MTC_RVN_N_TRAMOS,IDH_2019,IDH_ESP_VIDA_2019,IDH_EDUC_SECUND_PCT_2019,IDH_ANIOS_EDUC_2019,IDH_INGRESO_PERCAP_2019,IDH_POBLACION_2019,MTC_DEP_RED_TOTAL_KM,MTC_DEP_NACIONAL_TOTAL_KM,MTC_DEP_DEPARTAMENTAL_TOTAL_KM,MTC_DEP_VECINAL_TOTAL_KM,MTC_DEP_PAV_TOTAL_KM,MTC_DEP_NO_PAV_TOTAL_KM,MTC_DEP_PCT_PAVIMENTADA,CATEGORIA_SEVERIDAD,CATEGORIA_SEVERIDAD_ENC
0,1,6,2,2,4,-12.0165152,-77.105584617,0,0,7,1,2,0,1,0,2023,4,1,0,9,1,0,6543.555,2.0,4,4,1.0,14,33,1198.0,0.5563774842369664,77.00938809632027,69.10246351364754,8.476961866273152,914.8835608305218,27932.19700214133,51.58600000000001,44.68700000000001,6.899000000000001,0.0,49.838000000000015,1.748,96.61148373589734,LEVE,2
0,1,12,0,4,0,-7.595236911959416,-78.46746144357772,0,4,7,1,2,2,2,2,2023,4,1,0,10,1,0,6543.555,2.0,4,4,1.0,14,33,1198.0,0.3426873819779948,75.81813000053027,29.83795624511669,4.401613571184507,535.935806912797,7009.668094218416,8931.828000000005,1335.5899999999997,1935.9830000000004,5660.255000000005,1219.309,7712.519000000005,13.651281686122925,LEVE,2
3,2,12,0,4,1,-7.971877963742601,-78.20692775474994,0,4,7,1,2,2,2,2,2023,4,1,0,11,1,0,9936.932,2.0,2,0,1.0,9,32,3830.0,0.4320883936567258,76.718936301794,43.003289188979466,6.269065613037991,662.0777072841523,13167.552462526766,8931.828000000005,1335.5899999999997,1935.9830000000004,5660.255000000005,1219.309,7712.519000000005,13.651281686122925,LEVE,2
10,1,7,0,4,1,-14.465613,-71.296353,0,4,0,0,2,1,1,2,2023,4,1,0,17,3,2,203.87500000000009,1.0,2,3,0.0,9,32,71.0,0.2860092739262279,59.94781725321823,66.333630235029,5.464450966964557,274.3102477158444,5060.0256959314775,17779.13499998999,2097.3709999899997,2863.123,12818.640999999989,2878.713,14900.421999989989,16.19152450331032,LEVE,2
3,1,14,2,2,4,-12.19660856,-76.93395764,0,2,7,1,2,2,2,2,2023,4,1,0,18,2,0,6543.555,2.0,4,4,1.0,14,33,1198.0,0.6990481232857558,80.14597904142546,74.3851677794309,10.004397644056358,1432.5044292531525,459161.0728051392,7626.313,1683.4029999999998,1599.0829999999996,4343.827000000001,1814.875,5811.438000000001,23.797541485643197,LEVE,2
1,1,12,0,4,1,-8.1846915,-78.9843106,0,4,7,1,2,2,2,0,2023,4,1,0,18,2,0,6543.555,3.0,2,0,1.0,0,30,1475.0,0.5704872313485707,78.73040511828864,66.00991236238886,8.931371175352043,922.6441961800402,20630.58672376873,8931.828000000005,1335.5899999999997,1935.9830000000004,5660.255000000005,1219.309,7712.519000000005,13.651281686122925,LEVE,2
1,1,10,2,4,1,-13.6645926,-76.1721012,0,4,7,1,2,2,2,0,2023,4,1,0,19,2,0,205.54999999999995,-1.0,2,0,1.0,13,31,15.0,0.5723734005661165,76.14778354007997,72.53650205141851,9.107715991741182,922.4721268572972,24272.76659528908,3721.461,698.1859999999996,744.866,2278.409,1102.9029999999996,2618.558,29.636290693359403,LEVE,2
0,1,14,2,2,4,-12.05666629,-77.01475186,0,0,1,1,2,2,2,2,2023,4,2,0,0,0,0,6543.555,2.0,4,4,1.0,14,33,1198.0,0.7646845961658533,80.23682119426338,77.96082737891015,12.014176158371615,1633.787715186093,250806.0877944326,7626.313,1683.4029999999998,1599.0829999999996,4343.827000000001,1814.875,5811.438000000001,23.797541485643197,LEVE,2
6,1,8,0,4,3,-12.8527047,-74.5275284,0,4,5,1,2,1,0,0,2023,4,2,0,7,1,2,6543.555,2.0,4,4,1.0,14,33,1198.0,0.3795117565699695,74.45437317698715,61.75305030851912,5.730639493616658,430.3871336418616,3080.3147751606,8511.426,1445.3929999999996,2008.516,5057.516999999999,1879.579,6631.846999999998,22.08300935706896,LEVE,2
4,1,7,2,4,0,-12.91769,-71.399643,0,4,7,1,7,2,2,0,2023,4,2,0,11,1,2,6543.555,2.0,4,4,1.0,14,33,1198.0,0.3612121566150602,62.7406214315804,65.88597983983321,5.981484630062685,454.3036246295292,5308.728051391863,17779.13499998999,2097.3709999899997,2863.123,12818.640999999989,2878.713,14900.421999989989,16.19152450331032,LEVE,2
6,1,14,2,3,4,-12.10407387,-76.87515432,0,4,1,1,2,2,2,2,2023,4,2,0,13,3,0,6543.555,2.0,4,4,1.0,14,33,1198.0,0.6463106547105882,77.51872248135703,70.89234783689217,9.27899743443454,1279.2302833246192,140977.61456102785,7626.313,1683.4029999999998,1599.0829999999996,4343.827000000001,1814.875,5811.438000000001,23.797541485643197,LEVE,2
10,1,14,2,3,4,-12.10407896228532,-76.87514312224006,5,3,1,1,2,2,2,2,2023,4,2,0,13,3,0,6543.555,2.0,4,4,1.0,14,33,1198.0,0.6463106547105882,77.51872248135703,70.89234783689217,9.27899743443454,1279.2302833246192,140977.61456102785,7626.313,1683.4029999999998,1599.0829999999996,4343.827000000001,1814.875,5811.438000000001,23.797541485643197,LEVE,2
3,2,14,0,4,1,-11.0632945802522,-77.13831415892751,0,4,0,1,2,2,2,2,2023,4,2,0,16,3,0,1422.177,2.0,2,0,0.0,9,19,698.0,0.625259356790912,76.00710856837651,64.39893010534446,7.928807895834627,1379.4198272918734,24684.304068522484,7626.313,1683.4029999999998,1599.0829999999996,4343.827000000001,1814.875,5811.438000000001,23.797541485643197,GRAVE_LESIONADOS,0
6,1,7,2,3,4,-14.794914,-71.414893,0,3,7,0,4,2,2,2,2023,4,3,0,0,0,2,6543.555,2.0,4,4,1.0,14,33,1198.0,0.553052655456334,69.21726434550523,74.04128761826507,8.709280027519238,977.6848841665504,33976.192719486084,17779.13499998999,2097.3709999899997,2863.123,12818.640999999989,2878.713,14900.421999989989,16.19152450331032,LEVE,2
3,2,10,2,4,1,-14.8494452,-74.9523298,0,0,7,1,2,2,2,0,2023,4,4,0,9,1,0,6639.975,2.0,2,0,1.0,9,31,1616.0,0.5563774842369664,77.00938809632027,69.10246351364754,8.476961866273152,914.8835608305218,27932.19700214133,3721.461,698.1859999999996,744.866,2278.409,1102.9029999999996,2618.558,29.636290693359403,LEVE,2
0,1,3,2,4,1,-16.3072,-71.61498,0,3,7,1,2,0,1,0,2023,4,4,0,19,2,0,1504.4250000000002,2.0,2,0,1.0,7,25,241.0,0.6005060748875158,78.21704200773246,77.40211893847457,8.994742794352394,996.014120858737,33335.45824411135,10322.272,1495.236,1749.739,7077.2970000000005,2886.595,7435.677000000001,27.964725207783708,LEVE,2
0,1,14,2,2,4,-12.18767261,-76.95869849,0,0,1,0,2,2,2,2,2023,4,4,0,23,2,0,6543.555,2.0,4,4,1.0,14,33,1198.0,0.7289998534947872,80.50926319493618,76.9124822838204,10.358587270463827,1551.106643515347,384728.5117773019,7626.313,1683.4029999999998,1599.0829999999996,4343.827000000001,1814.875,5811.438000000001,23.797541485643197,LEVE,2
3,2,3,2,4,1,-16.3537393,-71.5802957,0,2,7,1,2,0,1,0,2023,4,5,1,2,0,0,1504.4250000000002,2.0,2,0,1.0,7,25,241.0,0.6411767862503931,77.2408324916572,78.204125011303,10.595705083047717,1107.223861768016,193412.3169164882,10322.272,1495.236,1749.739,7077.2970000000005,2886.595,7435.677000000001,27.964725207783708,LEVE,2
0,1,3,2,3,4,-16.40986,-71.4927,0,0,7,1,2,0,1,0,2023,4,5,1,18,2,0,6543.555,2.0,4,4,1.0,14,33,1198.0,0.6497628344872909,78.50677470622946,79.58517547019379,10.832141867699551,1100.753355561081,126056.75374732334,10322.272,1495.236,1749.739,7077.2970000000005,2886.595,7435.677000000001,27.964725207783708,LEVE,2
1,1,1,2,2,4,-9.050872350479109,-77.8106494327671,6,5,6,2,6,2,2,0,2023,4,5,1,21,2,2,6543.555,2.0,4,4,1.0,14,33,1198.0,0.49842722626264,79.23197418574183,52.82270457174107,7.15398279838356,791.6819971737787,25526.81584582441,10767.648,1885.0630000000003,1222.721,7659.864000000001,2100.343,8667.305000000002,19.506051832303577,LEVE,2
3,2,10,2,4,1,-14.287122,-75.680386,0,4,7,1,2,2,2,0,2023,4,6,1,2,0,0,6639.975,2.0,2,0,1.0,9,31,1616.0,0.6261042306271147,80.48505954362174,76.55712631348362,9.341715591523595,1061.002261282891,31419.372591006424,3721.461,698.1859999999996,744.866,2278.409,1102.9029999999996,2618.558,29.636290693359403,LEVE,2
0,1,14,2,2,4,-12.06694023,-76.99849473,0,2,7,1,2,2,2,0,2023,4,6,1,4,0,0,6543.555,2.0,4,4,1.0,14,33,1198.0,0.7141594849782824,79.90829932185413,74.79179886803175,10.522504814235935,1482.4793645077043,156887.87152034265,7626.313,1683.4029999999998,1599.0829999999996,4343.827000000001,1814.875,5811.438000000001,23.797541485643197,LEVE,2
6,1,7,0,4,3,-13.010741,-72.555737,0,4,0,0,1,1,0,0,2023,4,6,1,6,1,2,6543.555,2.0,4,4,1.0,14,33,1198.0,0.4706944943299555,76.79406176595778,61.64424635983724,7.141255198110581,653.4175319142125,3282.6252676659524,17779.13499998999,2097.3709999899997,2863.123,12818.640999999989,2878.713,14900.421999989989,16.19152450331032,GRAVE_LESIONADOS,0
6,1,2,0,4,2,-13.56412,-73.4526,0,4,0,0,1,2,2,1,2023,4,6,1,10,1,2,6543.555,2.0,4,4,1.0,14,33,1198.0,0.4793125427546004,75.37161635090715,71.73219271520676,7.118816891231773,658.761072373094,17232.488222698074,8358.971,1282.451,1298.0969999999998,5778.423,1432.683,6926.288,17.139466089785454,LEVE,2
3,2,10,2,4,1,-14.830576,-74.943533,0,0,1,1,2,2,2,0,2023,4,6,1,11,1,0,6639.975,2.0,2,0,1.0,9,31,1616.0,0.5563774842369664,77.00938809632027,69.10246351364754,8.476961866273152,914.8835608305218,27932.19700214133,3721.461,698.1859999999996,744.866,2278.409,1102.9029999999996,2618.558,29.636290693359403,LEVE,2
6,1,20,0,4,0,-14.861109382310522,-70.08080542274354,0,4,0,1,2,2,2,2,2023,4,6,1,14,3,2,6543.555,2.0,4,4,1.0,14,33,1198.0,0.4384088880022875,66.28408395269946,71.45267205250292,8.282733608109961,563.5418969725097,28239.627408993576,13642.312999999998,2020.7790000000005,2354.117,9267.416999999998,3314.0520000000006,10328.260999999997,24.29244952817019,LEVE,2
6,1,20,0,4,1,-16.155726693520567,-70.07052965333484,0,4,0,1,2,2,2,2,2023,4,6,1,16,3,2,779.525,2.0,2,0,1.0,7,26,163.0,0.3279226888241855,68.17036545870775,72.54908010508095,6.085205709416528,293.1898870593515,5184.3083511777295,13642.312999999998,2020.7790000000005,2354.117,9267.416999999998,3314.0520000000006,10328.260999999997,24.29244952817019,LEVE,2
0,2,19,0,4,2,-5.429324,-80.740293,0,4,7,1,2,2,2,2,2023,4,6,1,18,2,0,6543.555,2.0,4,4,1.0,14,33,1198.0,0.503932255007865,75.18088719666915,64.04962411873392,8.232306220081423,735.2430922619759,4640.3811563169165,8965.846000060003,1782.4120000599992,636.9959999999999,6546.438000000004,2214.505000059999,6751.341000000004,24.699342371541725,GRAVE_MORTALIDAD,1
3,2,20,0,4,0,-16.360859,-69.0427793,0,4,7,1,2,2,2,5,2023,4,6,1,19,2,2,6543.555,2.0,4,4,1.0,14,33,1198.0,0.2011806987824594,74.4889763180483,60.64537303940179,4.894288830644689,101.9396676572386,4207.04710920771,13642.312999999998,2020.7790000000005,2354.117,9267.416999999998,3314.0520000000006,10328.260999999997,24.29244952817019,GRAVE_MORTALIDAD,1
3,2,7,0,4,1,-13.629155,-71.161994,0,4,7,1,2,1,1,2,2023,4,0,0,6,1,2,3263.58,2.0,2,0,1.0,5,18,566.0,0.2701433460922377,67.03086854576458,59.596346222865,3.690268129191559,281.2948228692088,16118.58886509636,17779.13499998999,2097.3709999899997,2863.123,12818.640999999989,2878.713,14900.421999989989,16.19152450331032,LEVE,2
3,2,21,0,4,1,-6.039307,-77.063784,0,4,7,1,2,1,0,2,2023,4,1,0,15,3,1,7758.33400008,2.0,2,0,1.0,9,20,2133.0,0.5147882301210585,74.70882653725891,51.74890369370718,6.543161279603341,1011.2929178100565,4267.862955032119,5645.136,815.0759999999999,965.298,3864.762,1013.406,4631.73,17.95184385283189,LEVE,2
3,2,5,0,4,1,-7.204042,-78.433789,0,0,7,1,2,0,1,2,2023,4,1,0,15,3,2,9936.932,2.0,2,0,1.0,9,32,3830.0,0.3658867820676106,77.61736312988027,56.72232982291409,4.846126768330761,429.7048027279435,5469.092077087795,15935.565011852366,1733.9250000199986,935.692,13265.948011832368,2000.1670000199988,13935.398011832369,12.551591352627522,LEVE,2
0,1,3,2,3,4,-16.492913,-71.842191,0,4,7,0,2,0,1,0,2023,4,1,0,17,3,0,6543.555,2.0,4,4,1.0,14,33,1198.0,0.6105481451420971,78.10653088113892,68.35418098658066,8.411557426919764,1158.5430895193692,35025.678800856535,10322.272,1495.236,1749.739,7077.2970000000005,2886.595,7435.677000000001,27.964725207783708,LEVE,2
3,3,10,0,4,2,-13.736401,-75.970388,0,4,7,1,7,2,2,0,2023,4,1,0,19,2,0,6543.555,2.0,4,4,1.0,14,33,1198.0,0.5476064687943295,72.89816640240538,72.53137929650067,8.073066505789269,930.7694624870004,5923.768736616702,3721.461,698.1859999999996,744.866,2278.409,1102.9029999999996,2618.558,29.636290693359403,LEVE,2
7,1,2,0,4,1,-13.687394201473383,-72.91617435322118,6,5,6,2,6,2,2,0,2023,4,2,0,6,1,2,7586.903,2.0,2,0,1.0,9,5,1198.0,0.6003753883715995,73.99932572301547,78.86545032062752,10.589095367520342,969.9220485372762,57983.6573875803,8358.971,1282.451,1298.0969999999998,5778.423,1432.683,6926.288,17.139466089785454,GRAVE_MORTALIDAD,1
1,1,11,0,4,2,-12.0752316,-75.2516937,0,4,7,1,2,2,2,0,2023,4,2,0,18,2,2,6543.555,2.0,4,4,1.0,14,33,1198.0,0.5544493720842705,73.04003009851225,69.49210659265243,8.493885094403836,951.8280632100176,8103.064239828693,12264.545,1826.4639999999995,1105.5389999999998,9332.542,1588.5359999999996,10676.009,12.952261987705208,LEVE,2
6,1,20,0,4,0,-15.601981,-69.850646,0,4,7,1,2,2,2,2,2023,4,2,0,20,2,2,6543.555,2.0,4,4,1.0,14,33,1198.0,0.2340843824111472,70.52898898013444,62.87432375980422,4.224552350027807,162.17132958234427,9524.6573875803,13642.312999999998,2020.7790000000005,2354.117,9267.416999999998,3314.0520000000006,10328.260999999997,24.29244952817019,LEVE,2
1,1,14,2,4,1,-11.112826181198692,-77.59239609576456,0,3,7,0,2,2,2,4,2023,4,2,0,22,2,0,6543.555,3.0,2,0,1.0,0,30,1475.0,0.6256541286888256,76.866876725279,74.48686395070398,9.794027812898843,1113.4562244631716,37972.95074946467,7626.313,1683.4029999999998,1599.0829999999996,4343.827000000001,1814.875,5811.438000000001,23.797541485643197,LEVE,2
6,1,12,0,4,1,-7.7912379,-77.881626,0,4,7,1,7,2,2,0,2023,4,3,0,2,0,0,1688.589,1.0,1,3,0.0,9,32,287.0,0.1492206538659984,78.92776803590996,33.56043543982053,2.142334776786642,136.3088563134413,18539.64239828694,8931.828000000005,1335.5899999999997,1935.9830000000004,5660.255000000005,1219.309,7712.519000000005,13.651281686122925,GRAVE_MORTALIDAD,1
3,2,3,0,4,3,-16.400155,-72.236347,0,4,7,1,2,0,1,0,2023,4,3,0,7,1,0,6543.555,2.0,4,4,1.0,14,33,1198.0,0.6077843615696785,76.53072135400231,69.81276959706165,8.77367759087771,1135.5159013374655,74658.55888650964,10322.272,1495.236,1749.739,7077.2970000000005,2886.595,7435.677000000001,27.964725207783708,LEVE,2
0,1,12,2,2,4,-8.512744,-78.680837,0,2,7,1,2,2,2,2,2023,4,3,0,15,3,0,6543.555,2.0,4,4,1.0,14,33,1198.0,0.4971504606547645,77.79759708660042,46.44666297237219,6.322206801902116,929.9716106661404,44368.59100642397,8931.828000000005,1335.5899999999997,1935.9830000000004,5660.255000000005,1219.309,7712.519000000005,13.651281686122925,LEVE,2
6,1,1,0,3,4,-9.142681693871598,-77.81247294587186,6,5,6,2,6,2,2,0,2023,4,4,0,4,0,2,6543.555,2.0,4,4,1.0,14,33,1198.0,0.3084378187836052,82.7871555186483,35.572805380834986,3.239501972120192,430.47470250264473,6398.214132762313,10767.648,1885.0630000000003,1222.721,7659.864000000001,2100.343,8667.305000000002,19.506051832303577,GRAVE_MORTALIDAD,1
3,2,7,0,4,2,-14.47453,-71.39203,0,4,0,1,7,2,2,2,2023,4,4,0,14,3,2,6543.555,2.0,4,4,1.0,14,33,1198.0,0.1548867386502985,64.5917716662409,49.236568431257616,4.545810476428086,79.98533389978881,5532.92505353319,17779.13499998999,2097.3709999899997,2863.123,12818.640999999989,2878.713,14900.421999989989,16.19152450331032,LEVE,2
1,1,14,2,2,4,-12.05920463,-77.01355817,0,0,1,1,2,2,2,0,2023,4,5,1,3,0,0,6543.555,2.0,4,4,1.0,14,33,1198.0,0.7646845961658533,80.23682119426338,77.96082737891015,12.014176158371615,1633.787715186093,250806.0877944326,7626.313,1683.4029999999998,1599.0829999999996,4343.827000000001,1814.875,5811.438000000001,23.797541485643197,LEVE,2
1,1,10,0,4,1,-13.930998,-75.921602,0,4,7,1,2,2,2,0,2023,4,5,1,3,0,0,6639.975,2.0,2,0,1.0,9,31,1616.0,0.6053164595604621,78.88848309050202,67.63954639531094,9.133324993872453,1064.9426147896202,27932.19700214133,3721.461,698.1859999999996,744.866,2278.409,1102.9029999999996,2618.558,29.636290693359403,LEVE,2
6,1,20,0,4,1,-16.100205103325116,-69.63772587873513,0,4,7,1,2,2,2,5,2023,4,5,1,6,1,2,417.30000000000007,1.0,0,3,0.0,9,32,52.0,0.4020198374784472,77.80062735845667,75.295761294875,7.279851651626652,372.63390314535104,50686.62526766595,13642.312999999998,2020.7790000000005,2354.117,9267.416999999998,3314.0520000000006,10328.260999999997,24.29244952817019,GRAVE_MORTALIDAD,1
6,1,9,0,4,1,-9.454685794965952,-75.97475061094863,0,4,7,1,2,2,2,2,2023,4,5,1,7,1,2,693.175,2.0,2,3,0.0,9,10,249.0,0.3514165953877426,72.32913425621899,38.30075589942594,4.884885065227305,505.1402346806649,9590.61670235546,8209.057,1333.4779999999996,791.9770000000001,6083.602,1059.8589999999997,7149.198,12.910849565303296,LEVE,2
1,1,14,2,2,4,-12.01599061,-76.89060504,0,2,0,1,2,2,2,2,2023,4,5,1,9,1,0,6543.555,2.0,4,4,1.0,14,33,1198.0,0.6868549636939637,79.62363164345142,76.30894566128948,9.209137883551294,1425.4498631666322,684921.8484148846,7626.313,1683.4029999999998,1599.0829999999996,4343.827000000001,1814.875,5811.438000000001,23.797541485643197,LEVE,2
3,3,3,0,4,1,-16.4635059,-71.9539885,0,4,7,0,2,0,1,0,2023,4,5,1,15,3,0,6639.975,2.0,2,0,1.0,9,31,1616.0,0.6455852322566902,78.58826324858522,78.38415596279924,8.472481180514539,1258.6172876652156,2628.282655246253,10322.272,1495.236,1749.739,7077.2970000000005,2886.595,7435.677000000001,27.964725207783708,GRAVE_LESIONADOS,0
3,1,11,0,4,1,-11.212027242484282,-74.6576407602702,6,5,6,2,6,2,2,0,2023,4,5,1,16,3,2,5768.608,2.0,3,1,0.0,9,32,365.0,0.3896449199426799,73.52944498752588,58.12847486528723,6.818497881997056,432.7706547473175,27485.456102783723,12264.545,1826.4639999999995,1105.5389999999998,9332.542,1588.5359999999996,10676.009,12.952261987705208,LEVE,2
3,2,10,0,4,2,-13.599699284099437,-76.0286061941519,0,4,2,1,7,2,2,0,2023,4,5,1,16,3,0,6543.555,2.0,4,4,1.0,14,33,1198.0,0.5368583996363854,74.61272186125923,72.26825466878516,8.4069286474868,830.4721109449902,14789.134903640255,3721.461,698.1859999999996,744.866,2278.409,1102.9029999999996,2618.558,29.636290693359403,LEVE,2
0,1,21,2,4,1,-5.972135,-77.29197,0,0,7,1,2,0,0,0,2023,4,5,1,19,2,1,940.74300002,-1.0,3,1,0.0,9,32,41.0,0.3873075948511574,72.98119449957349,44.39725753934513,5.037096642387525,597.9287450392992,17629.94004282655,5645.136,815.0759999999999,965.298,3864.762,1013.406,4631.73,17.95184385283189,LEVE,2
6,1,5,2,4,1,-7.1852737819788,-78.4771390743091,0,0,7,1,2,0,1,2,2023,4,5,1,20,2,2,9936.932,2.0,2,0,1.0,9,32,3830.0,0.6070175276741574,73.19224654097276,74.29530430690215,9.490386956642766,1117.141592366869,257380.9443254818,15935.565011852366,1733.9250000199986,935.692,13265.948011832368,2000.1670000199988,13935.398011832369,12.551591352627522,LEVE,2
1,1,12,0,4,1,-8.819418437527293,-78.65648743844363,0,4,7,1,2,2,2,0,2023,4,5,1,21,2,0,6543.555,3.0,2,0,1.0,0,30,1475.0,0.4867987483268106,77.5825534369154,52.95148122709723,6.150547060309878,840.5788229266196,9838.736616702356,8931.828000000005,1335.5899999999997,1935.9830000000004,5660.255000000005,1219.309,7712.519000000005,13.651281686122925,LEVE,2
0,1,11,1,4,1,-11.244928870846287,-74.58249600550744,6,5,6,2,6,2,2,0,2023,4,5,1,22,2,2,5768.608,2.0,3,1,0.0,9,32,365.0,0.5055535147670205,71.64834806655777,59.71661057761873,8.330220329942271,816.7465751821994,42934.03211991434,12264.545,1826.4639999999995,1105.5389999999998,9332.542,1588.5359999999996,10676.009,12.952261987705208,LEVE,2
6,1,4,0,4,2,-12.990998,-74.211978,0,4,0,0,1,2,2,2,2023,4,6,1,1,0,2,6543.555,2.0,4,4,1.0,14,33,1198.0,0.3604957181206569,76.98716043091642,58.51571278946581,4.691213062878171,421.1359907039554,3207.8050077118414,12678.733000000004,1805.074000000001,1774.0339999999994,9099.625000000004,2485.375000000001,10193.358000000002,19.602707936195205,LEVE,2
3,2,7,0,4,0,-13.3027636,-71.9460356,0,4,0,0,2,1,1,2,2023,4,6,1,4,0,2,6543.555,2.0,4,4,1.0,14,33,1198.0,0.4562958894633943,70.99144093489087,58.8848672914879,7.768452023359112,649.1045217688833,23833.353319057816,17779.13499998999,2097.3709999899997,2863.123,12818.640999999989,2878.713,14900.421999989989,16.19152450331032,LEVE,2
0,1,8,0,4,0,-12.929605,-74.683736,6,5,6,2,6,2,2,0,2023,4,6,1,8,1,2,6543.555,2.0,4,4,1.0,14,33,1198.0,0.2364246919368987,74.71838790814827,35.48272716127862,3.7115649515367233,214.8749879007609,1858.423982869379,8511.426,1445.3929999999996,2008.516,5057.516999999999,1879.579,6631.846999999998,22.08300935706896,LEVE,2
0,1,14,2,2,4,-12.01432112,-77.00172697,0,0,7,1,2,2,2,2,2023,4,6,1,12,3,0,6543.555,2.0,4,4,1.0,14,33,1198.0,0.701053025277506,79.62867561460851,73.1469484600971,10.064317505194426,1464.6926161541437,1150285.0494171206,7626.313,1683.4029999999998,1599.0829999999996,4343.827000000001,1814.875,5811.438000000001,23.797541485643197,LEVE,2
0,1,14,2,2,4,-12.17091248,-76.946248,0,3,0,1,2,2,2,2,2023,4,6,1,14,3,0,6543.555,2.0,4,4,1.0,14,33,1198.0,0.689811994580126,79.88015655965044,73.89553442371854,9.755251380104111,1409.8432274455126,452660.364025696,7626.313,1683.4029999999998,1599.0829999999996,4343.827000000001,1814.875,5811.438000000001,23.797541485643197,LEVE,2
3,1,14,2,4,1,-12.008281,-76.860416,0,0,7,0,2,2,2,2,2023,4,0,0,4,0,0,875.67,2.0,2,0,1.0,3,14,156.0,0.6868549636939637,79.62363164345142,76.30894566128948,9.209137883551294,1425.4498631666322,684921.8484148846,7626.313,1683.4029999999998,1599.0829999999996,4343.827000000001,1814.875,5811.438000000001,23.797541485643197,LEVE,2
1,1,19,0,4,1,-5.229633662923322,-80.63342540340778,0,0,7,1,2,2,2,0,2023,4,0,0,5,0,0,1305.18,2.0,2,0,1.0,1,20,163.0,0.6220812987247925,80.20155828147696,72.71675503872983,10.02377668600292,1028.915688621886,159840.92719486082,8965.846000060003,1782.4120000599992,636.9959999999999,6546.438000000004,2214.505000059999,6751.341000000004,24.699342371541725,LEVE,2
6,1,8,0,4,1,-13.572986,-75.248862,0,4,0,0,2,2,2,0,2023,4,0,0,7,1,2,1679.5849999999998,2.0,2,3,1.0,9,24,315.0,0.5258594244692153,73.82156528983522,52.91202227434253,8.902806700766412,891.2832603689374,2062.0406852248398,8511.426,1445.3929999999996,2008.516,5057.516999999999,1879.579,6631.846999999998,22.08300935706896,LEVE,2
6,1,14,2,2,4,-12.03035888,-77.06053602,0,3,7,1,2,0,1,2,2023,4,0,0,9,1,0,6543.555,2.0,4,4,1.0,14,33,1198.0,0.7419979630670723,80.31822295927182,79.00446395716813,11.084203715652809,1554.6868971011318,739416.2413542903,7626.313,1683.4029999999998,1599.0829999999996,4343.827000000001,1814.875,5811.438000000001,23.797541485643197,LEVE,2
3,2,3,2,4,1,-16.409559,-71.5584385,0,3,7,1,2,0,1,0,2023,4,0,0,13,3,0,1101.78,1.0,5,2,0.0,9,32,202.0,0.6855214685752905,77.55287024349596,78.52978455751916,11.09515988146928,1299.5425610685809,22541.235546038544,10322.272,1495.236,1749.739,7077.2970000000005,2886.595,7435.677000000001,27.964725207783708,GRAVE_LESIONADOS,0
0,1,14,2,2,4,-12.05344617,-76.96525251,0,0,7,1,2,1,1,2,2023,4,0,0,13,3,0,6543.555,2.0,4,4,1.0,14,33,1198.0,0.7347309224519117,80.70014842215761,76.47981423089655,10.519505095866096,1571.8150981252256,229834.5310492505,7626.313,1683.4029999999998,1599.0829999999996,4343.827000000001,1814.875,5811.438000000001,23.797541485643197,LEVE,2
2,1,14,0,2,4,-12.30346628,-76.7806483,0,4,7,0,7,2,2,2,2023,4,0,0,16,3,0,6543.555,2.0,4,4,1.0,14,33,1198.0,0.6959889140821508,77.1307027422061,67.89627023388005,10.144340935046175,1549.2819792545554,12550.856531049252,7626.313,1683.4029999999998,1599.0829999999996,4343.827000000001,1814.875,5811.438000000001,23.797541485643197,LEVE,2
3,2,3,0,4,1,-16.250302,-71.67779,0,4,7,1,2,0,1,0,2023,4,0,0,17,3,0,6543.555,3.0,2,0,1.0,0,30,1475.0,0.6005060748875158,78.21704200773246,77.40211893847457,8.994742794352394,996.014120858737,33335.45824411135,10322.272,1495.236,1749.739,7077.2970000000005,2886.595,7435.677000000001,27.964725207783708,GRAVE_MORTALIDAD,1
6,1,19,0,4,2,-5.189273,-79.469869,0,4,0,0,1,2,2,2,2023,4,0,0,19,2,0,6543.555,2.0,4,4,1.0,14,33,1198.0,0.341904333393324,65.35963059310035,62.21769324538303,5.350982713855533,406.3194918886913,29126.03426124197,8965.846000060003,1782.4120000599992,636.9959999999999,6546.438000000004,2214.505000059999,6751.341000000004,24.699342371541725,LEVE,2