CLASE SINIESTRO,CANTIDAD DE VEHICULOS DAÑADOS,DEPARTAMENTO,ZONA,TIPO DE VÍA,RED VIAL,COORDENADAS LATITUD,COORDENADAS  LONGITUD,CONDICIÓN CLIMÁTICA,ZONIFICACIÓN,CARACTERÍSTICAS DE VÍA,PERFIL LONGITUDINAL VÍA,SUPERFICIE DE CALZADA,¿EXISTE SEÑAL VERTICAL?,¿EXISTE SEÑAL HORIZONTAL?,CAUSA FACTOR PRINCIPAL,AÑO,MES,DIA_SEMANA,ES_FIN_SEMANA,HORA_NUM,FRANJA_HORARIA,REGION_NATURAL,MTC_RVN_LONGITUD_KM,MTC_RVN_N_CARRILES_MEDIANA,MTC_RVN_SUPERFICIE_DOMINANTE,MTC_RVN_ESTADO_DOMINANTE,MTC_RVN_ES_CONCESIONADA,MTC_RVN_CONCESION_PRINCIPAL,MTC_RVN_CORREDOR_LOGISTICO,MTC_RVN_N_TRAMOS,IDH_2019,IDH_ESP_VIDA_2019,IDH_EDUC_SECUND_PCT_2019,IDH_ANIOS_EDUC_2019,IDH_INGRESO_PERCAP_2019,IDH_POBLACION_2019,MTC_DEP_RED_TOTAL_KM,MTC_DEP_NACIONAL_TOTAL_KM,MTC_DEP_DEPARTAMENTAL_TOTAL_KM,MTC_DEP_VECINAL_TOTAL_KM,MTC_DEP_PAV_TOTAL_KM,MTC_DEP_NO_PAV_TOTAL_KM,MTC_DEP_PCT_PAVIMENTADA,CATEGORIA_SEVERIDAD,CATEGORIA_SEVERIDAD_ENC
3,1,11,0,4,1,-11.90861516978763,-75.32981326321523,0,4,7,1,2,0,1,2,2023,4,1,0,5,0,2,7586.903,2.0,2,0,1.0,9,5,1198.0,0.5590037134540016,69.16521918655411,70.40542075696402,9.967120332016616,954.2603079564228,14877.426124197002,12264.545,1826.4639999999995,1105.5389999999998,9332.542,1588.5359999999996,10676.009,12.952261987705208,GRAVE_MORTALIDAD,1
6,1,10,0,4,1,-13.383238,-76.204166,0,4,7,1,2,2,2,0,2023,4,1,0,6,1,0,6639.975,2.0,2,0,1.0,9,31,1616.0,0.5736744275518083,81.67473861808857,68.1608574885675,9.138785887908334,865.1176766860625,26660.92933618844,3721.461,698.1859999999996,744.866,2278.409,1102.9029999999996,2618.558,29.636290693359403,GRAVE_LESIONADOS,0
3,2,7,0,4,0,-14.308751,-72.044617,0,4,0,0,2,1,1,2,2023,4,1,0,7,1,2,6543.555,2.0,4,4,1.0,14,33,1198.0,0.3582063239468129,73.72125513625039,50.68912238545782,4.370934077592676,495.5648271945098,7210.27408993576,17779.13499998999,2097.3709999899997,2863.123,12818.640999999989,2878.713,14900.421999989989,16.19152450331032,LEVE,2
6,1,10,0,4,1,-14.55633,-75.200388,0,4,7,1,2,2,2,0,2023,4,1,0,14,3,0,6639.975,2.0,2,0,1.0,9,31,1616.0,0.5979174613339426,80.76049717343994,85.82161722096541,8.785420243552947,907.5991833927088,1316.4689507494647,3721.461,698.1859999999996,744.866,2278.409,1102.9029999999996,2618.558,29.636290693359403,LEVE,2
3,1,14,0,2,4,-12.02083116,-76.81139937,0,1,0,0,2,2,2,2,2023,4,1,0,15,3,0,6543.555,2.0,4,4,1.0,14,33,1198.0,0.6868549636939637,79.62363164345142,76.30894566128948,9.209137883551294,1425.4498631666322,684921.8484148846,7626.313,1683.4029999999998,1599.0829999999996,4343.827000000001,1814.875,5811.438000000001,23.797541485643197,LEVE,2
0,1,21,2,4,1,-5.802748,-77.40234,0,0,7,1,2,2,2,4,2023,4,1,0,15,3,1,7758.33400008,2.0,2,0,1.0,9,20,2133.0,0.3490236341472501,73.80303880571165,34.287308240418106,5.251593843982846,481.3272995041394,11414.025695931476,5645.136,815.0759999999999,965.298,3864.762,1013.406,4631.73,17.95184385283189,LEVE,2
5,1,22,0,4,1,-18.088136147462045,-70.32679608840952,0,4,7,1,2,2,2,0,2023,4,1,0,18,2,0,1926.94,2.0,2,0,1.0,9,32,393.0,0.6966125262955101,76.67066141771582,75.49195828278967,11.654573086271489,1371.819928142763,74177.24411134903,2650.572,630.6729999999998,487.3610000000001,1532.5379999999998,1068.7019999999998,1581.87,40.31967439480987,LEVE,2
3,2,22,0,4,2,-18.164697,-70.437519,0,4,7,1,2,2,2,2,2023,4,2,0,16,3,0,6543.555,2.0,4,4,1.0,14,33,1198.0,0.5551799999072031,75.37994385062687,62.699954828476905,7.065143842078104,1076.8792057258834,6114.0,2650.572,630.6729999999998,487.3610000000001,1532.5379999999998,1068.7019999999998,1581.87,40.31967439480987,LEVE,2
0,1,19,2,4,1,-5.271774,-80.673656,0,0,7,1,2,2,2,2,2023,4,2,0,20,2,0,453.9549999999999,2.0,2,3,0.0,9,32,133.0,0.5034350778485951,78.14388603810477,62.51585839041032,7.698619805954479,731.8176685454189,76220.84796573877,8965.846000060003,1782.4120000599992,636.9959999999999,6546.438000000004,2214.505000059999,6751.341000000004,24.699342371541725,LEVE,2
3,2,12,0,4,2,-8.092577769753573,-78.9679405032972,0,4,7,1,2,2,2,2,2023,4,2,0,20,2,0,6543.555,2.0,4,4,1.0,14,33,1198.0,0.5929579484728337,80.24150924632623,64.75837382721711,8.51830466766158,1043.4182142665843,34739.39614561028,8931.828000000005,1335.5899999999997,1935.9830000000004,5660.255000000005,1219.309,7712.519000000005,13.651281686122925,LEVE,2
0,1,3,2,4,1,-16.2503384,-71.6777896,0,0,0,1,2,0,1,0,2023,4,3,0,2,0,0,1504.4250000000002,2.0,2,0,1.0,7,25,241.0,0.6005060748875158,78.21704200773246,77.40211893847457,8.994742794352394,996.014120858737,33335.45824411135,10322.272,1495.236,1749.739,7077.2970000000005,2886.595,7435.677000000001,27.964725207783708,LEVE,2
1,1,14,2,2,4,-12.00777096,-76.92043616,0,2,1,1,2,2,2,0,2023,4,3,0,6,1,0,6543.555,2.0,4,4,1.0,14,33,1198.0,0.6831952456039544,78.60873873772867,74.49000793376607,10.00420210847705,1376.0472418044385,255143.7301927195,7626.313,1683.4029999999998,1599.0829999999996,4343.827000000001,1814.875,5811.438000000001,23.797541485643197,LEVE,2
6,1,8,0,4,2,-12.398508,-75.099057,7,4,5,1,7,2,2,0,2023,4,3,0,7,1,2,6543.555,2.0,4,4,1.0,14,33,1198.0,0.2971614362637877,67.16169987239047,32.30634829893199,5.41403487423109,356.0195451243208,318.0877944325483,8511.426,1445.3929999999996,2008.516,5057.516999999999,1879.579,6631.846999999998,22.08300935706896,LEVE,2
1,1,14,2,4,1,-12.075539,-76.974923,0,3,7,1,2,1,1,0,2023,4,3,0,10,1,0,6639.975,2.0,2,0,1.0,9,31,1616.0,0.8452166148253858,80.64766902313956,78.16154022078278,14.700269515657656,1939.4672090018812,160839.29764453962,7626.313,1683.4029999999998,1599.0829999999996,4343.827000000001,1814.875,5811.438000000001,23.797541485643197,LEVE,2
6,1,7,0,4,0,-13.971529,-71.82597,0,4,7,1,1,2,2,2,2023,4,3,0,18,2,2,6543.555,2.0,4,4,1.0,14,33,1198.0,0.300626117372028,60.27142178626318,64.58664746889059,4.775380726914684,344.68977019730767,3015.7087794432546,17779.13499998999,2097.3709999899997,2863.123,12818.640999999989,2878.713,14900.421999989989,16.19152450331032,LEVE,2
0,1,14,2,2,4,-12.00268844,-76.99903106,0,0,1,1,2,2,2,2,2023,4,3,0,18,2,0,6543.555,2.0,4,4,1.0,14,33,1198.0,0.701053025277506,79.62867561460851,73.1469484600971,10.064317505194426,1464.6926161541437,1150285.0494171206,7626.313,1683.4029999999998,1599.0829999999996,4343.827000000001,1814.875,5811.438000000001,23.797541485643197,LEVE,2
0,1,14,2,2,4,-12.15348967,-77.01962601,0,1,1,0,2,1,1,2,2023,4,4,0,9,1,0,6543.555,2.0,4,4,1.0,14,33,1198.0,0.8207642838213052,80.14976904502905,78.34721798827678,12.592455139231284,1956.55173075211,27481.5653104925,7626.313,1683.4029999999998,1599.0829999999996,4343.827000000001,1814.875,5811.438000000001,23.797541485643197,LEVE,2
6,1,22,2,2,4,-17.986380590221206,-70.22298926342252,0,3,0,1,2,2,2,2,2023,4,4,0,15,3,0,6543.555,2.0,4,4,1.0,14,33,1198.0,0.6459537660139725,77.26780813336003,75.82574306842042,10.521084343378767,1152.6061447613129,17645.51391862955,2650.572,630.6729999999998,487.3610000000001,1532.5379999999998,1068.7019999999998,1581.87,40.31967439480987,LEVE,2
3,1,11,2,4,1,-12.116567,-75.216672,0,4,0,1,2,1,1,2,2023,4,4,0,17,3,2,7586.903,2.0,2,0,1.0,9,5,1198.0,0.4928687519261139,71.44878444957367,71.38203536953866,8.536671990950516,690.1106839322879,26022.21199143469,12264.545,1826.4639999999995,1105.5389999999998,9332.542,1588.5359999999996,10676.009,12.952261987705208,LEVE,2
3,2,18,0,4,1,-10.626955020268475,-76.17705339745523,0,4,0,0,2,2,2,2,2023,4,4,0,23,2,2,9936.932,2.0,2,0,1.0,9,32,3830.0,0.6193421604458235,76.39017950195935,80.49432651192377,11.494439166895754,957.3168975257496,31875.248394004284,3677.119863,564.5869999999999,910.845,2201.687863000001,590.8779999999998,3086.2418630000006,16.06904376290656,LEVE,2
6,1,5,0,4,1,-6.543833,-78.681006,0,2,0,1,2,0,1,2,2023,4,5,1,0,0,2,9936.932,2.0,2,0,1.0,9,32,3830.0,0.4700875779194959,72.66081436888122,64.8808353209258,6.163018167008406,756.997154110016,46090.54817987152,15935.565011852366,1733.9250000199986,935.692,13265.948011832368,2000.1670000199988,13935.398011832369,12.551591352627522,LEVE,2
3,2,7,0,4,1,-13.503908,-72.019702,0,4,7,0,2,1,1,2,2023,4,5,1,4,0,2,7586.903,2.0,2,0,1.0,9,5,1198.0,0.659083927657813,75.61465237849653,81.09709385188002,11.294406746128049,1171.1134172238742,122604.71092077089,17779.13499998999,2097.3709999899997,2863.123,12818.640999999989,2878.713,14900.421999989989,16.19152450331032,LEVE,2
3,2,21,0,4,1,-5.959961,-77.298212,0,4,7,1,2,1,0,2,2023,4,5,1,4,0,1,7758.33400008,2.0,2,0,1.0,9,20,2133.0,0.4789759027469384,73.43778249935497,54.01635312204597,6.285279694551369,847.2910954428505,47552.6295503212,5645.136,815.0759999999999,965.298,3864.762,1013.406,4631.73,17.95184385283189,LEVE,2
3,3,12,0,4,1,-8.1302045,-79.0136583,0,4,7,1,2,2,2,2,2023,4,5,1,7,1,0,610.6099999999999,2.0,2,0,1.0,8,29,100.0,0.7151155191839451,79.57652607829836,77.25576500264712,11.809756866444314,1377.9438475528384,331253.00214132766,8931.828000000005,1335.5899999999997,1935.9830000000004,5660.255000000005,1219.309,7712.519000000005,13.651281686122925,LEVE,2
6,1,8,0,4,1,-13.134932,-75.54407,0,4,0,1,2,2,2,0,2023,4,5,1,8,1,2,1482.81,1.0,1,3,0.0,9,16,270.0,0.3350977923231871,68.89558289355473,47.3438883832626,6.105182048508107,369.6405022278763,1173.4582441113491,8511.426,1445.3929999999996,2008.516,5057.516999999999,1879.579,6631.846999999998,22.08300935706896,GRAVE_MORTALIDAD,1
0,1,12,2,2,4,-8.111718077,-79.01885088,0,0,1,1,2,2,2,2,2023,4,5,1,10,1,0,6543.555,2.0,4,4,1.0,14,33,1198.0,0.7151155191839451,79.57652607829836,77.25576500264712,11.809756866444314,1377.9438475528384,331253.00214132766,8931.828000000005,1335.5899999999997,1935.9830000000004,5660.255000000005,1219.309,7712.519000000005,13.651281686122925,LEVE,2
6,1,2,0,4,3,-13.7456475526886,-72.50447043933058,6,5,6,2,6,2,2,0,2023,4,5,1,11,1,2,6543.555,2.0,4,4,1.0,14,33,1198.0,0.377913005157653,70.27445875446921,58.80536162354749,5.787058770254275,468.91015143438335,16627.231263383295,8358.971,1282.451,1298.0969999999998,5778.423,1432.683,6926.288,17.139466089785454,LEVE,2
10,1,14,0,4,1,-12.242372,-76.944312,0,4,7,1,2,2,2,0,2023,4,5,1,13,3,0,6639.975,2.0,2,0,1.0,9,31,1616.0,0.6990481232857558,80.14597904142546,74.3851677794309,10.004397644056358,1432.5044292531525,459161.0728051392,7626.313,1683.4029999999998,1599.0829999999996,4343.827000000001,1814.875,5811.438000000001,23.797541485643197,LEVE,2
3,1,14,2,2,4,-11.87353797,-77.01561197,0,0,1,0,2,1,0,0,2023,4,5,1,13,3,0,6543.555,2.0,4,4,1.0,14,33,1198.0,0.6498693508177541,78.84967382596041,74.11456675539837,9.21786785255454,1246.479589064551,356854.23554603854,7626.313,1683.4029999999998,1599.0829999999996,4343.827000000001,1814.875,5811.438000000001,23.797541485643197,GRAVE_MORTALIDAD,1
6,1,14,2,2,4,-12.10873273,-77.02668939,0,3,1,1,2,1,1,0,2023,4,5,1,16,3,0,6543.555,2.0,4,4,1.0,14,33,1198.0,0.8326399351216524,80.31446032722859,77.78409882620639,13.96507415980228,1925.7868972542449,87898.66595289079,7626.313,1683.4029999999998,1599.0829999999996,4343.827000000001,1814.875,5811.438000000001,23.797541485643197,LEVE,2
6,1,12,0,4,1,-7.478889,-79.420416,0,4,7,1,2,2,2,2,2023,4,5,1,17,3,0,6543.555,3.0,2,0,1.0,0,30,1475.0,0.6138517538553948,80.84826225715301,64.49339622566798,9.143362084626023,1095.689060330069,16852.97430406852,8931.828000000005,1335.5899999999997,1935.9830000000004,5660.255000000005,1219.309,7712.519000000005,13.651281686122925,LEVE,2
1,1,7,0,4,2,-13.473426,-72.398721,0,4,7,1,1,2,2,0,2023,4,5,1,17,3,2,6543.555,2.0,4,4,1.0,14,33,1198.0,0.3401816617977222,71.10991456121904,48.96986934460488,5.376243173322119,394.5611246991025,8685.158458244112,17779.13499998999,2097.3709999899997,2863.123,12818.640999999989,2878.713,14900.421999989989,16.19152450331032,LEVE,2
3,1,20,0,4,0,-15.5554948,-70.0197021,0,4,7,1,2,2,2,5,2023,4,5,1,21,2,2,6543.555,2.0,4,4,1.0,14,33,1198.0,0.3646929504779869,74.39003066237748,63.71456574957328,5.594162012040831,387.0285253251433,5552.2119914346895,13642.312999999998,2020.7790000000005,2354.117,9267.416999999998,3314.0520000000006,10328.260999999997,24.29244952817019,LEVE,2
0,1,14,2,2,4,-11.89864717,-77.03846028,0,0,7,1,2,2,2,0,2023,4,6,1,5,0,0,6543.555,2.0,4,4,1.0,14,33,1198.0,0.6498693508177541,78.84967382596041,74.11456675539837,9.21786785255454,1246.479589064551,356854.23554603854,7626.313,1683.4029999999998,1599.0829999999996,4343.827000000001,1814.875,5811.438000000001,23.797541485643197,LEVE,2
6,1,3,0,4,1,-16.980637,-71.774132,0,4,0,0,2,0,1,0,2023,4,6,1,9,1,0,6639.975,2.0,2,0,1.0,9,31,1616.0,0.6449493635682252,78.44719582624413,79.23084709401536,8.759364777311836,1226.330683483547,8054.678800856533,10322.272,1495.236,1749.739,7077.2970000000005,2886.595,7435.677000000001,27.964725207783708,LEVE,2
3,1,14,2,2,4,-12.22638233,-76.9354564,0,3,1,1,2,2,2,2,2023,4,6,1,11,1,0,6543.555,2.0,4,4,1.0,14,33,1198.0,0.6990481232857558,80.14597904142546,74.3851677794309,10.004397644056358,1432.5044292531525,459161.0728051392,7626.313,1683.4029999999998,1599.0829999999996,4343.827000000001,1814.875,5811.438000000001,23.797541485643197,GRAVE_LESIONADOS,0
6,1,14,2,4,1,-12.030709,-76.983637,0,2,7,1,2,2,2,6,2023,4,6,1,15,3,0,875.67,2.0,2,0,1.0,3,14,156.0,0.6970617810314195,81.40501156526744,73.5715154770137,9.635174408411393,1428.892506292977,203379.9271948608,7626.313,1683.4029999999998,1599.0829999999996,4343.827000000001,1814.875,5811.438000000001,23.797541485643197,GRAVE_MORTALIDAD,1
0,1,4,2,4,1,-13.0392014856918,-74.1338174603751,0,3,7,0,2,1,0,4,2023,4,6,1,21,2,2,3447.8009999999995,1.0,2,3,0.0,9,12,1109.0,0.3047264078916316,64.3603943646096,59.34157706697757,5.078528732132377,322.25271540749634,5716.304068522484,12678.733000000004,1805.074000000001,1774.0339999999994,9099.625000000004,2485.375000000001,10193.358000000002,19.602707936195205,LEVE,2
4,1,5,2,2,4,-5.702527,-78.80209,0,2,1,0,4,2,2,2,2023,5,0,0,1,0,2,6543.555,2.0,4,4,1.0,14,33,1198.0,0.5803239946829384,74.49544278598792,68.33065356443184,8.733179344969395,1046.078117086984,102362.46895074946,15935.565011852366,1733.9250000199986,935.692,13265.948011832368,2000.1670000199988,13935.398011832369,12.551591352627522,LEVE,2
6,1,12,0,4,1,-7.979006,-78.648122,0,4,7,1,2,2,2,2,2023,5,0,0,2,0,0,610.6099999999999,2.0,2,0,1.0,8,29,100.0,0.2791284879085741,74.57203044034796,46.6214947625042,4.873477903150793,239.2584269294917,5611.197002141327,8931.828000000005,1335.5899999999997,1935.9830000000004,5660.255000000005,1219.309,7712.519000000005,13.651281686122925,LEVE,2
0,0,10,2,4,1,-14.8354178,-74.9246159,7,0,7,1,2,1,0,4,2023,5,0,0,10,1,0,2238.6850000000004,2.0,2,0,1.0,4,27,115.0,0.5563774842369664,77.00938809632027,69.10246351364754,8.476961866273152,914.8835608305218,27932.19700214133,3721.461,698.1859999999996,744.866,2278.409,1102.9029999999996,2618.558,29.636290693359403,LEVE,2
7,1,5,2,8,4,-7.1697739,-78.4930005,0,0,7,1,1,2,2,0,2023,5,0,0,16,3,2,6543.555,2.0,4,4,1.0,14,33,1198.0,0.6070175276741574,73.19224654097276,74.29530430690215,9.490386956642766,1117.141592366869,257380.9443254818,15935.565011852366,1733.9250000199986,935.692,13265.948011832368,2000.1670000199988,13935.398011832369,12.551591352627522,LEVE,2
3,3,5,0,4,1,-5.11516,-78.970649,0,2,0,0,2,1,1,2,2023,5,0,0,17,3,2,7758.33400008,2.0,2,0,1.0,9,20,2133.0,0.4391812721167056,75.54174317098156,56.236342149889175,6.489422517034793,610.2085755707644,37111.99571734476,15935.565011852366,1733.9250000199986,935.692,13265.948011832368,2000.1670000199988,13935.398011832369,12.551591352627522,GRAVE_LESIONADOS,0
3,2,7,0,4,1,-14.221547,-71.28787,0,4,7,1,2,0,1,2,2023,5,0,0,17,3,2,7586.903,2.0,2,0,1.0,9,5,1198.0,0.5265643824923771,76.3202150422939,72.59240802938885,8.636399400985075,746.7361126929013,59032.11777301927,17779.13499998999,2097.3709999899997,2863.123,12818.640999999989,2878.713,14900.421999989989,16.19152450331032,LEVE,2
5,1,20,0,4,0,-15.61817955266702,-69.8369281869057,0,4,7,1,2,2,2,0,2023,5,0,0,18,2,2,6543.555,2.0,4,4,1.0,14,33,1198.0,0.2340843824111472,70.52898898013444,62.87432375980422,4.224552350027807,162.17132958234427,9524.6573875803,13642.312999999998,2020.7790000000005,2354.117,9267.416999999998,3314.0520000000006,10328.260999999997,24.29244952817019,LEVE,2
0,1,12,2,4,1,-7.948986,-79.09301,0,0,7,1,2,2,2,0,2023,5,0,0,19,2,0,6543.555,3.0,2,0,1.0,0,30,1475.0,0.5721567587688113,77.67102283812494,66.21373667954742,8.464777379360486,978.4498488219192,15563.077087794432,8931.828000000005,1335.5899999999997,1935.9830000000004,5660.255000000005,1219.309,7712.519000000005,13.651281686122925,LEVE,2
3,2,12,0,4,1,-8.9103176,-78.639243,0,4,7,1,2,2,2,4,2023,5,0,0,22,2,0,6543.555,3.0,2,0,1.0,0,30,1475.0,0.4867987483268106,77.5825534369154,52.95148122709723,6.150547060309878,840.5788229266196,9838.736616702356,8931.828000000005,1335.5899999999997,1935.9830000000004,5660.255000000005,1219.309,7712.519000000005,13.651281686122925,LEVE,2
3,3,10,0,4,1,-13.336721,-76.233743,0,4,7,1,2,2,2,0,2023,5,0,0,23,2,0,6639.975,2.0,2,0,1.0,9,31,1616.0,0.5736744275518083,81.67473861808857,68.1608574885675,9.138785887908334,865.1176766860625,26660.92933618844,3721.461,698.1859999999996,744.866,2278.409,1102.9029999999996,2618.558,29.636290693359403,GRAVE_LESIONADOS,0
6,1,24,2,2,4,-8.398294,-74.559825,0,0,0,1,4,1,0,2,2023,5,0,0,23,2,1,6543.555,2.0,4,4,1.0,14,33,1198.0,0.5048289012052631,74.26852852755593,51.418945258319546,8.086096929474675,844.511953711721,88653.74479166667,2689.139,392.697,1311.5319999999997,984.91,261.598,2427.541,9.727946379863592,LEVE,2
10,1,5,0,4,2,-7.158879,-78.210876,0,2,0,0,1,2,2,2,2023,5,1,0,1,0,2,6543.555,2.0,4,4,1.0,14,33,1198.0,0.2723221878437338,73.9254469105048,35.794306883925714,3.6855018180311454,315.0310385486801,10335.051391862957,15935.565011852366,1733.9250000199986,935.692,13265.948011832368,2000.1670000199988,13935.398011832369,12.551591352627522,LEVE,2
6,1,12,0,4,2,-8.491730815418856,-78.61675642497075,0,4,7,1,2,2,2,0,2023,5,1,0,4,0,0,6543.555,2.0,4,4,1.0,14,33,1198.0,0.4971504606547645,77.79759708660042,46.44666297237219,6.322206801902116,929.9716106661404,44368.59100642397,8931.828000000005,1335.5899999999997,1935.9830000000004,5660.255000000005,1219.309,7712.519000000005,13.651281686122925,LEVE,2
3,2,12,0,4,1,-8.588582,-78.668333,0,4,7,1,2,2,2,2,2023,5,1,0,12,3,0,6543.555,3.0,2,0,1.0,0,30,1475.0,0.4971504606547645,77.79759708660042,46.44666297237219,6.322206801902116,929.9716106661404,44368.59100642397,8931.828000000005,1335.5899999999997,1935.9830000000004,5660.255000000005,1219.309,7712.519000000005,13.651281686122925,LEVE,2
6,1,12,0,4,1,-7.279487574361421,-79.30900776967442,0,4,7,1,1,2,2,2,2023,5,1,0,13,3,0,887.28,2.0,2,0,1.0,8,17,155.0,0.5885704819472196,78.81449187577415,72.29060549742594,8.763210867480462,976.1586325354776,48424.389721627405,8931.828000000005,1335.5899999999997,1935.9830000000004,5660.255000000005,1219.309,7712.519000000005,13.651281686122925,GRAVE_MORTALIDAD,1
3,1,15,0,4,0,-3.90298775,-73.35507524,6,5,6,2,6,2,2,0,2023,5,1,0,18,2,1,6543.555,2.0,4,4,1.0,14,33,1198.0,0.578134350962316,72.90307998335238,55.49705098903474,10.509480811415798,1057.596132242517,149460.57173447538,1095.5949999999998,128.87099999999998,320.74700000000007,645.9769999999999,274.214,821.381,25.02877431897737,GRAVE_MORTALIDAD,1
0,1,12,0,4,0,-7.761406,-77.603918,0,4,7,1,1,2,2,0,2023,5,1,0,18,2,0,6543.555,2.0,4,4,1.0,14,33,1198.0,0.4686292122960986,72.39347765706144,42.14285241633188,6.687776775372348,878.2652317159998,9440.374732334049,8931.828000000005,1335.5899999999997,1935.9830000000004,5660.255000000005,1219.309,7712.519000000005,13.651281686122925,LEVE,2
5,1,11,2,4,1,-12.147979,-75.159387,0,4,7,1,2,0,1,2,2023,5,1,0,22,2,2,200.335,2.0,1,3,0.0,9,32,113.0,0.475997456383089,72.23525560619764,71.05848072823132,7.734349760206232,654.6770950142342,16343.67880085653,12264.545,1826.4639999999995,1105.5389999999998,9332.542,1588.5359999999996,10676.009,12.952261987705208,LEVE,2
6,1,20,0,4,0,-15.65839046227664,-70.2865683507968,0,4,0,1,2,2,2,2,2023,5,1,0,23,2,2,6543.555,2.0,4,4,1.0,14,33,1198.0,0.3295055776475686,72.2087445727939,72.62976900035994,6.627409791568738,260.5608856829442,4240.3019271948615,13642.312999999998,2020.7790000000005,2354.117,9267.416999999998,3314.0520000000006,10328.260999999997,24.29244952817019,LEVE,2
6,1,20,0,4,1,-13.8697922,-70.5121516,0,4,0,0,2,2,2,2,2023,5,2,0,3,0,2,1761.8050000000003,2.0,2,0,1.0,6,22,410.0,0.3249096507143286,68.3031236414702,47.94448468330011,5.074559513513553,387.3182851963189,6349.807280513919,13642.312999999998,2020.7790000000005,2354.117,9267.416999999998,3314.0520000000006,10328.260999999997,24.29244952817019,LEVE,2
0,1,14,2,6,4,-11.96311927,-76.98319507,0,3,1,1,2,2,2,2,2023,5,2,0,10,1,0,6543.555,2.0,4,4,1.0,14,33,1198.0,0.701053025277506,79.62867561460851,73.1469484600971,10.064317505194426,1464.6926161541437,1150285.0494171206,7626.313,1683.4029999999998,1599.0829999999996,4343.827000000001,1814.875,5811.438000000001,23.797541485643197,LEVE,2
0,1,11,2,4,0,-11.7133259935062,-75.4743156211476,0,4,7,1,4,0,1,4,2023,5,2,0,18,2,2,6543.555,2.0,4,4,1.0,14,33,1198.0,0.4677652469344682,68.5542709427832,70.02188506983089,7.474379417150594,692.0363086374093,896.7473233404714,12264.545,1826.4639999999995,1105.5389999999998,9332.542,1588.5359999999996,10676.009,12.952261987705208,LEVE,2
6,1,23,0,4,1,-3.507851516222535,-80.2973716666135,0,4,9,1,2,2,2,2,2023,5,2,0,20,2,0,34.68,2.0,2,0,0.0,9,32,10.0,0.5517527352166962,72.19810860253655,65.69527868627884,9.147232287140229,937.8014966124026,23389.404710920768,1009.101,138.47399999999996,287.471,583.156,276.972,732.129,27.447401201663663,LEVE,2
3,2,1,0,4,1,-10.197042,-77.5546551,0,4,5,0,2,1,1,0,2023,5,2,0,22,2,2,616.825,2.0,2,3,0.0,9,6,145.0,0.4282275528250956,68.749925622021,77.30910745373417,7.265242554370019,521.6747315575857,1557.4025695931475,10767.648,1885.0630000000003,1222.721,7659.864000000001,2100.343,8667.305000000002,19.506051832303577,LEVE,2
3,1,10,2,4,1,-15.100606,-75.0012526,0,4,7,1,2,2,2,0,2023,5,3,0,5,0,0,6639.975,2.0,2,0,1.0,9,31,1616.0,0.5563774842369664,77.00938809632027,69.10246351364754,8.476961866273152,914.8835608305218,27932.19700214133,3721.461,698.1859999999996,744.866,2278.409,1102.9029999999996,2618.558,29.636290693359403,LEVE,2
3,2,7,0,4,2,-14.351086,-71.184349,0,4,0,1,1,2,2,2,2023,5,3,0,12,3,2,6543.555,2.0,4,4,1.0,14,33,1198.0,0.3688068892893833,76.47283450634272,62.25751908213611,5.9696521090432615,372.1207781777657,9957.021413276232,17779.13499998999,2097.3709999899997,2863.123,12818.640999999989,2878.713,14900.421999989989,16.19152450331032,LEVE,2
3,2,10,2,4,1,-14.28342,-75.68165,0,4,7,1,2,2,2,2,2023,5,3,0,17,3,0,6639.975,2.0,2,0,1.0,9,31,1616.0,0.6261042306271147,80.48505954362174,76.55712631348362,9.341715591523595,1061.002261282891,31419.372591006424,3721.461,698.1859999999996,744.866,2278.409,1102.9029999999996,2618.558,29.636290693359403,LEVE,2
3,2,3,0,4,0,-16.521842,-71.422756,0,4,0,0,2,0,1,0,2023,5,3,0,20,2,0,6543.555,2.0,4,4,1.0,14,33,1198.0,0.442696940656237,76.59806396694026,68.32449146697566,7.25089347392194,520.5975091558108,426.710920770878,10322.272,1495.236,1749.739,7077.2970000000005,2886.595,7435.677000000001,27.964725207783708,LEVE,2
6,1,4,0,4,2,-13.2708478494833,-74.3480863985412,0,4,0,0,1,2,2,2,2023,5,4,0,5,0,2,6543.555,2.0,4,4,1.0,14,33,1198.0,0.1859776092837948,69.85250115366037,39.77024304701982,3.1640035399309645,143.5227500887571,15617.884368308352,12678.733000000004,1805.074000000001,1774.0339999999994,9099.625000000004,2485.375000000001,10193.358000000002,19.602707936195205,GRAVE_MORTALIDAD,1
0,1,7,2,2,4,-13.545461,-71.892738,0,3,7,1,2,0,1,4,2023,5,4,0,7,1,2,6543.555,2.0,4,4,1.0,14,33,1198.0,0.6549025615332805,78.59637500870319,78.62696287300767,10.432612491698492,1156.1148957567648,59698.74304068524,17779.13499998999,2097.3709999899997,2863.123,12818.640999999989,2878.713,14900.421999989989,16.19152450331032,LEVE,2
6,1,7,0,4,1,-14.460058,-71.066607,0,4,7,1,2,2,2,2,2023,5,4,0,10,1,2,7586.903,2.0,2,0,1.0,9,5,1198.0,0.2203506125864708,63.2185051736148,53.31195554262463,5.074877589504474,153.07870837763025,5406.680942184154,17779.13499998999,2097.3709999899997,2863.123,12818.640999999989,2878.713,14900.421999989989,16.19152450331032,LEVE,2