CLASE SINIESTRO,CANTIDAD DE VEHICULOS DAÑADOS,DEPARTAMENTO,ZONA,TIPO DE VÍA,RED VIAL,COORDENADAS LATITUD,COORDENADAS  LONGITUD,CONDICIÓN CLIMÁTICA,ZONIFICACIÓN,CARACTERÍSTICAS DE VÍA,PERFIL LONGITUDINAL VÍA,SUPERFICIE DE CALZADA,¿EXISTE SEÑAL VERTICAL?,¿EXISTE SEÑAL HORIZONTAL?,CAUSA FACTOR PRINCIPAL,AÑO,MES,DIA_SEMANA,ES_FIN_SEMANA,HORA_NUM,FRANJA_HORARIA,REGION_NATURAL,MTC_RVN_LONGITUD_KM,MTC_RVN_N_CARRILES_MEDIANA,MTC_RVN_SUPERFICIE_DOMINANTE,MTC_RVN_ESTADO_DOMINANTE,MTC_RVN_ES_CONCESIONADA,MTC_RVN_CONCESION_PRINCIPAL,MTC_RVN_CORREDOR_LOGISTICO,MTC_RVN_N_TRAMOS,IDH_2019,IDH_ESP_VIDA_2019,IDH_EDUC_SECUND_PCT_2019,IDH_ANIOS_EDUC_2019,IDH_INGRESO_PERCAP_2019,IDH_POBLACION_2019,MTC_DEP_RED_TOTAL_KM,MTC_DEP_NACIONAL_TOTAL_KM,MTC_DEP_DEPARTAMENTAL_TOTAL_KM,MTC_DEP_VECINAL_TOTAL_KM,MTC_DEP_PAV_TOTAL_KM,MTC_DEP_NO_PAV_TOTAL_KM,MTC_DEP_PCT_PAVIMENTADA,CATEGORIA_SEVERIDAD,CATEGORIA_SEVERIDAD_ENC
6,1,20,0,4,1,-16.276122,-70.194402,0,4,7,1,2,2,2,2,2023,5,4,0,16,3,2,779.525,2.0,2,0,1.0,7,26,163.0,0.3279226888241855,68.17036545870775,72.54908010508095,6.085205709416528,293.1898870593515,5184.3083511777295,13642.312999999998,2020.7790000000005,2354.117,9267.416999999998,3314.0520000000006,10328.260999999997,24.29244952817019,LEVE,2
3,1,20,0,4,1,-14.2357036,-70.2449078,0,4,7,1,2,2,2,2,2023,5,4,0,16,3,2,1761.8050000000003,2.0,2,0,1.0,6,22,410.0,0.3994115028164486,70.17553371856287,66.02983897758989,6.170514906320186,497.737116991228,2240.325481798715,13642.312999999998,2020.7790000000005,2354.117,9267.416999999998,3314.0520000000006,10328.260999999997,24.29244952817019,LEVE,2
0,1,11,2,4,1,-12.100522,-75.216756,0,4,0,0,2,0,1,4,2023,5,4,0,18,2,2,7586.903,2.0,2,0,1.0,9,5,1198.0,0.5505646674026337,73.4133487878793,75.3445074155263,9.620272300569804,826.4718925707687,91775.8886509636,12264.545,1826.4639999999995,1105.5389999999998,9332.542,1588.5359999999996,10676.009,12.952261987705208,LEVE,2
1,1,24,0,4,1,-8.409032,-74.647506,0,4,7,1,2,1,0,0,2023,5,5,1,6,1,1,1169.3919999999998,2.0,3,1,0.0,9,32,75.0,0.5478371208327225,74.17370407104559,60.31222796205821,9.40140543765922,905.3304073844272,113671.11777301929,2689.139,392.697,1311.5319999999997,984.91,261.598,2427.541,9.727946379863592,LEVE,2
3,2,7,0,4,0,-13.326244,-71.584321,0,4,0,0,1,2,2,2,2023,5,5,1,8,1,2,6543.555,2.0,4,4,1.0,14,33,1198.0,0.2466226927938573,59.50771953912937,42.678907967899015,3.991373779253808,285.51302601039464,12676.173447537472,17779.13499998999,2097.3709999899997,2863.123,12818.640999999989,2878.713,14900.421999989989,16.19152450331032,GRAVE_LESIONADOS,0
6,1,8,0,4,0,-13.047236,-74.487901,7,4,0,0,7,2,2,0,2023,5,5,1,8,1,2,6543.555,2.0,4,4,1.0,14,33,1198.0,0.2922647045334091,72.81327396061133,63.043589090455136,5.592227854112719,223.2024614738898,3862.5032119914345,8511.426,1445.3929999999996,2008.516,5057.516999999999,1879.579,6631.846999999998,22.08300935706896,LEVE,2
0,1,14,2,2,4,-11.96782396,-77.00390032,0,0,7,1,2,2,2,0,2023,5,5,1,9,1,0,6543.555,2.0,4,4,1.0,14,33,1198.0,0.701053025277506,79.62867561460851,73.1469484600971,10.064317505194426,1464.6926161541437,1150285.0494171206,7626.313,1683.4029999999998,1599.0829999999996,4343.827000000001,1814.875,5811.438000000001,23.797541485643197,LEVE,2
6,1,12,0,4,1,-7.441539095635639,-77.69836557860195,0,4,7,1,7,2,2,0,2023,5,5,1,14,3,0,1483.374,1.0,3,1,0.0,9,32,253.0,0.214536657372195,82.41615841065922,20.89404464378667,3.7704870423377095,184.3773302103564,3492.2569593147746,8931.828000000005,1335.5899999999997,1935.9830000000004,5660.255000000005,1219.309,7712.519000000005,13.651281686122925,GRAVE_LESIONADOS,0
3,1,14,0,4,1,-12.143686,-76.981723,0,2,7,1,2,2,2,2,2023,5,5,1,15,3,0,6639.975,2.0,2,0,1.0,9,31,1616.0,0.8017574897902351,80.48487267736287,78.74302427848284,13.156716040468266,1766.1488062170545,359776.608137045,7626.313,1683.4029999999998,1599.0829999999996,4343.827000000001,1814.875,5811.438000000001,23.797541485643197,LEVE,2
3,1,14,2,4,1,-12.143750308314194,-76.98170268928794,0,3,7,1,2,2,2,2,2023,5,5,1,15,3,0,6639.975,2.0,2,0,1.0,9,31,1616.0,0.8017574897902351,80.48487267736287,78.74302427848284,13.156716040468266,1766.1488062170545,359776.608137045,7626.313,1683.4029999999998,1599.0829999999996,4343.827000000001,1814.875,5811.438000000001,23.797541485643197,LEVE,2
3,2,5,0,4,2,-6.339401,-79.027925,0,2,0,1,1,2,2,2,2023,5,5,1,16,3,2,6543.555,2.0,4,4,1.0,14,33,1198.0,0.3760938309755452,69.43940702576674,52.729303682760495,5.691281340633524,500.7580677060702,7739.147751605997,15935.565011852366,1733.9250000199986,935.692,13265.948011832368,2000.1670000199988,13935.398011832369,12.551591352627522,LEVE,2
0,1,14,2,2,4,-12.002167065249218,-77.05499941826353,0,0,7,0,2,2,2,0,2023,5,5,1,22,2,0,6543.555,2.0,4,4,1.0,14,33,1198.0,0.6853375063928137,80.04346891299102,76.32428568750537,8.817291636093138,1443.328322024431,217176.83083511775,7626.313,1683.4029999999998,1599.0829999999996,4343.827000000001,1814.875,5811.438000000001,23.797541485643197,LEVE,2
0,1,1,0,4,1,-9.161346,-78.495372,0,4,7,1,2,1,1,0,2023,5,5,1,22,2,2,6543.555,3.0,2,0,1.0,0,30,1475.0,0.6459598096056908,78.63908715089502,73.94922643905556,10.615650526897664,1131.8657131941532,175440.59743040687,10767.648,1885.0630000000003,1222.721,7659.864000000001,2100.343,8667.305000000002,19.506051832303577,LEVE,2
3,1,14,2,2,4,-11.98023189,-77.07220528,0,0,1,1,2,2,2,0,2023,5,6,1,0,0,0,6543.555,2.0,4,4,1.0,14,33,1198.0,0.758462599563312,80.5192231989937,79.20045639149897,11.33839041452458,1628.5661148492152,363987.54389721627,7626.313,1683.4029999999998,1599.0829999999996,4343.827000000001,1814.875,5811.438000000001,23.797541485643197,LEVE,2
6,1,10,0,4,3,-13.9761447,-75.4256334,0,4,0,0,7,2,2,5,2023,5,6,1,10,1,0,6543.555,2.0,4,4,1.0,14,33,1198.0,0.3836459514057415,75.35247580780259,53.60842908354961,6.895089385135739,413.1733588843099,929.6745182012849,3721.461,698.1859999999996,744.866,2278.409,1102.9029999999996,2618.558,29.636290693359403,GRAVE_MORTALIDAD,1
6,1,18,2,4,1,-10.640763153088637,-75.38786621522597,6,5,6,2,6,2,2,0,2023,5,6,1,14,3,2,1235.3850000000002,2.0,1,3,0.0,9,32,457.0,0.5341944882701687,69.42667706266779,61.26537181312355,9.054664491279595,942.0902951310848,15116.044967880083,3677.119863,564.5869999999999,910.845,2201.687863000001,590.8779999999998,3086.2418630000006,16.06904376290656,LEVE,2
6,1,2,0,4,1,-13.78832022,-72.94705484,6,5,6,2,6,2,2,0,2023,5,0,0,1,0,2,2238.6850000000004,2.0,2,0,1.0,4,27,115.0,0.2872908283147615,72.68472104774577,57.20962530408195,4.651812026672419,251.97184623400665,1918.526766595289,8358.971,1282.451,1298.0969999999998,5778.423,1432.683,6926.288,17.139466089785454,GRAVE_MORTALIDAD,1
3,3,12,0,4,1,-8.073092,-78.867206,0,4,7,1,2,2,2,2,2023,5,0,0,4,0,0,610.6099999999999,2.0,2,0,1.0,8,29,100.0,0.5929579484728337,80.24150924632623,64.75837382721711,8.51830466766158,1043.4182142665843,34739.39614561028,8931.828000000005,1335.5899999999997,1935.9830000000004,5660.255000000005,1219.309,7712.519000000005,13.651281686122925,LEVE,2
3,1,14,2,4,1,-12.094176,-76.980606,0,0,7,1,2,2,2,0,2023,5,0,0,5,0,0,6639.975,2.0,2,0,1.0,9,31,1616.0,0.8236163632543221,80.64134543571234,78.76297514209003,13.635913030045838,1867.8532062234744,106584.52890792293,7626.313,1683.4029999999998,1599.0829999999996,4343.827000000001,1814.875,5811.438000000001,23.797541485643197,GRAVE_LESIONADOS,0
6,1,12,0,4,2,-8.010683371367584,-78.31100065209786,0,4,0,0,7,2,2,2,2023,5,0,0,7,1,0,6543.555,2.0,4,4,1.0,14,33,1198.0,0.4320883936567258,76.718936301794,43.003289188979466,6.269065613037991,662.0777072841523,13167.552462526766,8931.828000000005,1335.5899999999997,1935.9830000000004,5660.255000000005,1219.309,7712.519000000005,13.651281686122925,GRAVE_MORTALIDAD,1
3,3,7,0,4,1,-13.710043,-71.597223,2,4,7,1,2,1,1,2,2023,5,0,0,16,3,2,7586.903,2.0,2,0,1.0,9,5,1198.0,0.4629184740681672,65.5665792285447,72.8013940331536,7.251714555673934,719.1023705109678,7985.920770877943,17779.13499998999,2097.3709999899997,2863.123,12818.640999999989,2878.713,14900.421999989989,16.19152450331032,GRAVE_MORTALIDAD,1
6,1,20,0,4,1,-15.6507989,-70.7334132,0,4,0,1,2,2,2,6,2023,5,0,0,19,2,2,1504.4250000000002,2.0,2,0,1.0,7,25,241.0,0.4698599762559323,78.4228993312338,68.12786536644234,6.991927650318564,610.3916333612686,6938.8501070663815,13642.312999999998,2020.7790000000005,2354.117,9267.416999999998,3314.0520000000006,10328.260999999997,24.29244952817019,LEVE,2
0,1,12,0,4,1,-7.3661421,-79.5300156,0,4,7,1,2,2,2,0,2023,5,1,0,5,0,0,6543.555,3.0,2,0,1.0,0,30,1475.0,0.5536071806269429,80.66289122606678,53.80834710479373,7.403597509184111,1013.3481693819356,4003.1884368308342,8931.828000000005,1335.5899999999997,1935.9830000000004,5660.255000000005,1219.309,7712.519000000005,13.651281686122925,GRAVE_MORTALIDAD,1
6,1,0,0,4,2,-6.05205,-77.9178956,0,4,0,0,2,2,2,0,2023,5,1,0,11,1,1,6543.555,2.0,4,4,1.0,14,33,1198.0,0.4006351129437397,67.0781137887025,46.30012973749231,5.000963660608194,734.6351739124079,980.0535331905782,3903.732,1155.121,585.018,2163.5930000000003,943.591,2960.1410000000005,24.17151074920102,LEVE,2
3,1,11,0,4,1,-10.91089928075512,-76.06661079155415,5,4,7,1,2,1,1,2,2023,5,1,0,15,3,2,9936.932,2.0,2,0,1.0,9,32,3830.0,0.4515021227868664,71.4196998727447,62.336219650226376,7.581270728582125,617.1133018029116,6161.010706638115,12264.545,1826.4639999999995,1105.5389999999998,9332.542,1588.5359999999996,10676.009,12.952261987705208,GRAVE_MORTALIDAD,1
7,1,7,0,4,0,-13.3700266,-72.2351484,0,4,0,1,7,2,2,5,2023,5,2,0,11,1,2,6543.555,2.0,4,4,1.0,14,33,1198.0,0.3348371658521636,78.42846227006076,53.51947276655214,5.306039402438105,320.875102720464,4926.6017130620985,17779.13499998999,2097.3709999899997,2863.123,12818.640999999989,2878.713,14900.421999989989,16.19152450331032,LEVE,2
1,1,14,0,4,1,-12.24054167,-76.9477022,0,2,7,1,2,2,2,0,2023,5,2,0,13,3,0,6639.975,2.0,2,0,1.0,9,31,1616.0,0.6990481232857558,80.14597904142546,74.3851677794309,10.004397644056358,1432.5044292531525,459161.0728051392,7626.313,1683.4029999999998,1599.0829999999996,4343.827000000001,1814.875,5811.438000000001,23.797541485643197,LEVE,2
6,1,2,0,4,0,-13.589089,-73.46085,7,4,7,0,3,2,2,2,2023,5,2,0,14,3,2,6543.555,2.0,4,4,1.0,14,33,1198.0,0.4793125427546004,75.37161635090715,71.73219271520676,7.118816891231773,658.761072373094,17232.488222698074,8358.971,1282.451,1298.0969999999998,5778.423,1432.683,6926.288,17.139466089785454,GRAVE_MORTALIDAD,1
0,1,12,0,4,1,-8.688299568046988,-78.63463067085851,0,4,7,1,2,2,2,0,2023,5,2,0,20,2,0,6543.555,3.0,2,0,1.0,0,30,1475.0,0.4971504606547645,77.79759708660042,46.44666297237219,6.322206801902116,929.9716106661404,44368.59100642397,8931.828000000005,1335.5899999999997,1935.9830000000004,5660.255000000005,1219.309,7712.519000000005,13.651281686122925,LEVE,2
6,1,1,0,4,1,-9.283060554239968,-77.64921018219094,0,4,0,0,7,2,2,0,2023,5,2,0,22,2,2,9936.932,2.0,2,0,1.0,9,32,3830.0,0.4417978785654807,76.31392662811923,65.39926158086051,5.973553738239588,601.902730052373,15832.591006423983,10767.648,1885.0630000000003,1222.721,7659.864000000001,2100.343,8667.305000000002,19.506051832303577,LEVE,2
6,1,10,0,4,1,-14.5581442,-75.2023289,0,4,7,1,2,2,2,2,2023,5,3,0,2,0,0,6639.975,2.0,2,0,1.0,9,31,1616.0,0.5979174613339426,80.76049717343994,85.82161722096541,8.785420243552947,907.5991833927088,1316.4689507494647,3721.461,698.1859999999996,744.866,2278.409,1102.9029999999996,2618.558,29.636290693359403,LEVE,2
3,1,14,2,2,4,-11.9985816,-76.92668958,0,3,1,1,2,2,2,2,2023,5,3,0,12,3,0,6543.555,2.0,4,4,1.0,14,33,1198.0,0.6831952456039544,78.60873873772867,74.49000793376607,10.00420210847705,1376.0472418044385,255143.7301927195,7626.313,1683.4029999999998,1599.0829999999996,4343.827000000001,1814.875,5811.438000000001,23.797541485643197,LEVE,2
6,1,14,2,6,4,-12.1840592,-76.93914062,0,3,7,0,2,2,2,0,2023,5,3,0,18,2,0,6543.555,2.0,4,4,1.0,14,33,1198.0,0.689811994580126,79.88015655965044,73.89553442371854,9.755251380104111,1409.8432274455126,452660.364025696,7626.313,1683.4029999999998,1599.0829999999996,4343.827000000001,1814.875,5811.438000000001,23.797541485643197,LEVE,2
3,2,5,0,4,1,-7.141737,-78.390571,0,2,7,1,2,0,1,2,2023,5,3,0,19,2,2,2760.8550000000005,1.0,1,3,0.0,9,32,1208.0,0.4873182795359782,74.24096566709692,64.6877883123536,6.6248391576573376,776.4319899416191,48280.91862955032,15935.565011852366,1733.9250000199986,935.692,13265.948011832368,2000.1670000199988,13935.398011832369,12.551591352627522,LEVE,2
3,1,10,2,4,1,-14.093277,-75.7173961,0,2,7,1,2,2,2,6,2023,5,4,0,1,0,0,6639.975,2.0,2,0,1.0,9,31,1616.0,0.6321366370204364,78.1199401919606,75.66178721857658,9.921443363677442,1104.135489339046,22115.385438972164,3721.461,698.1859999999996,744.866,2278.409,1102.9029999999996,2618.558,29.636290693359403,LEVE,2
3,2,19,2,2,4,-5.18244,-80.6359916,0,0,1,1,2,2,2,2,2023,5,4,0,4,0,0,6543.555,2.0,4,4,1.0,14,33,1198.0,0.6582040223794163,78.74105515718446,77.3206684883171,11.334167841567446,1124.177237253568,178905.3426124197,8965.846000060003,1782.4120000599992,636.9959999999999,6546.438000000004,2214.505000059999,6751.341000000004,24.699342371541725,LEVE,2
6,1,1,0,4,2,-10.0905603113682,-77.474906670989,6,5,6,2,6,2,2,0,2023,5,4,0,7,1,2,6543.555,2.0,4,4,1.0,14,33,1198.0,0.3935578974560546,67.52651425284593,68.66127473623506,6.292576352808972,489.85690329784495,1245.1263383297644,10767.648,1885.0630000000003,1222.721,7659.864000000001,2100.343,8667.305000000002,19.506051832303577,LEVE,2
6,1,3,0,4,0,-15.704648,-71.589614,5,4,0,0,2,0,1,0,2023,5,4,0,9,1,0,6543.555,2.0,4,4,1.0,14,33,1198.0,0.5649362269939818,77.38255516262952,62.90799914166011,8.553205457677265,965.713524953966,7715.586723768736,10322.272,1495.236,1749.739,7077.2970000000005,2886.595,7435.677000000001,27.964725207783708,LEVE,2
6,1,12,0,4,0,-7.592899,-78.488527,0,4,7,1,1,2,2,0,2023,5,4,0,20,2,0,6543.555,2.0,4,4,1.0,14,33,1198.0,0.3426873819779948,75.81813000053027,29.83795624511669,4.401613571184507,535.935806912797,7009.668094218416,8931.828000000005,1335.5899999999997,1935.9830000000004,5660.255000000005,1219.309,7712.519000000005,13.651281686122925,LEVE,2
3,2,5,2,4,1,-6.544263,-78.681978,0,0,0,0,2,0,1,2,2023,5,4,0,20,2,2,9936.932,2.0,2,0,1.0,9,32,3830.0,0.4700875779194959,72.66081436888122,64.8808353209258,6.163018167008406,756.997154110016,46090.54817987152,15935.565011852366,1733.9250000199986,935.692,13265.948011832368,2000.1670000199988,13935.398011832369,12.551591352627522,LEVE,2
0,1,14,0,4,1,-12.28162677,-76.88079856,0,2,7,1,2,1,0,4,2023,5,4,0,21,2,0,6639.975,2.0,2,0,1.0,9,31,1616.0,0.6909236767275176,78.41626133969348,70.97436336767564,9.826485374940413,1476.8351947609171,95908.53319057816,7626.313,1683.4029999999998,1599.0829999999996,4343.827000000001,1814.875,5811.438000000001,23.797541485643197,LEVE,2
3,1,11,0,4,1,-11.597276,-76.145393,0,4,0,1,2,0,1,2,2023,5,5,1,4,0,2,875.67,2.0,2,0,1.0,3,14,156.0,0.727764014102057,80.04798576459473,69.54405534495044,10.377666215391256,1632.8207901729563,4146.224839400427,12264.545,1826.4639999999995,1105.5389999999998,9332.542,1588.5359999999996,10676.009,12.952261987705208,GRAVE_LESIONADOS,0
6,1,12,0,4,1,-8.020769,-78.316386,0,4,0,1,7,2,2,6,2023,5,5,1,9,1,0,9936.932,2.0,2,0,1.0,9,32,3830.0,0.4320883936567258,76.718936301794,43.003289188979466,6.269065613037991,662.0777072841523,13167.552462526766,8931.828000000005,1335.5899999999997,1935.9830000000004,5660.255000000005,1219.309,7712.519000000005,13.651281686122925,GRAVE_MORTALIDAD,1
0,1,14,2,6,4,-12.03779377,-77.02698101,0,3,1,1,2,2,2,0,2023,5,5,1,10,1,0,6543.555,2.0,4,4,1.0,14,33,1198.0,0.7300036506368504,80.21724456394445,75.11639588359114,10.636845733066124,1559.041185521695,156759.78800856532,7626.313,1683.4029999999998,1599.0829999999996,4343.827000000001,1814.875,5811.438000000001,23.797541485643197,LEVE,2
0,1,12,2,4,1,-8.136443,-79.058955,0,0,7,1,2,2,2,0,2023,5,5,1,13,3,0,6543.555,3.0,2,0,1.0,0,30,1475.0,0.7531641124604342,80.00312647864715,76.99495003849329,11.742569192588208,1599.6362666139996,66889.78372591006,8931.828000000005,1335.5899999999997,1935.9830000000004,5660.255000000005,1219.309,7712.519000000005,13.651281686122925,LEVE,2
6,1,3,2,4,1,-16.685099,-71.870726,0,0,7,1,2,1,1,0,2023,5,5,1,15,3,0,6639.975,2.0,2,0,1.0,9,31,1616.0,0.6105481451420971,78.10653088113892,68.35418098658066,8.411557426919764,1158.5430895193692,35025.678800856535,10322.272,1495.236,1749.739,7077.2970000000005,2886.595,7435.677000000001,27.964725207783708,LEVE,2
0,1,5,2,4,1,-7.6288114,-78.0434344,0,0,7,1,2,2,2,2,2023,5,5,1,19,2,2,9936.932,2.0,2,0,1.0,9,32,3830.0,0.4384361875352846,76.70622362399591,49.95411505521511,6.195115114275008,648.0811197287633,31678.2869379015,15935.565011852366,1733.9250000199986,935.692,13265.948011832368,2000.1670000199988,13935.398011832369,12.551591352627522,LEVE,2
0,1,3,2,4,1,-16.409763,-71.619783,0,2,7,0,2,0,1,0,2023,5,5,1,19,2,0,1504.4250000000002,2.0,2,0,1.0,7,25,241.0,0.6689013265491138,80.68275010974979,77.5560025217936,10.466309714908672,1190.454984819332,14385.036402569593,10322.272,1495.236,1749.739,7077.2970000000005,2886.595,7435.677000000001,27.964725207783708,LEVE,2
1,1,3,2,4,1,-16.338207,-71.590511,0,0,0,1,2,0,1,0,2023,5,6,1,1,0,0,1504.4250000000002,2.0,2,0,1.0,7,25,241.0,0.6411767862503931,77.2408324916572,78.204125011303,10.595705083047717,1107.223861768016,193412.3169164882,10322.272,1495.236,1749.739,7077.2970000000005,2886.595,7435.677000000001,27.964725207783708,LEVE,2
1,1,12,0,4,1,-8.117398,-79.003102,0,4,7,1,2,2,2,0,2023,5,6,1,1,0,0,610.6099999999999,2.0,2,0,1.0,8,29,100.0,0.7151155191839451,79.57652607829836,77.25576500264712,11.809756866444314,1377.9438475528384,331253.00214132766,8931.828000000005,1335.5899999999997,1935.9830000000004,5660.255000000005,1219.309,7712.519000000005,13.651281686122925,LEVE,2
6,1,7,0,4,1,-14.967764,-71.177229,4,4,0,0,2,1,1,2,2023,5,6,1,3,0,2,568.5409999999999,1.0,2,3,0.0,9,3,93.0,0.3491291336434085,68.34579473193322,63.63866309000273,4.984551874124405,419.36068685534286,1114.627408993576,17779.13499998999,2097.3709999899997,2863.123,12818.640999999989,2878.713,14900.421999989989,16.19152450331032,GRAVE_LESIONADOS,0
6,1,1,0,4,0,-9.804748593056225,-77.43022914079498,0,4,7,1,2,2,2,0,2023,5,6,1,4,0,2,6543.555,2.0,4,4,1.0,14,33,1198.0,0.4654799331603382,71.10800342011737,71.6956954286478,8.000201643545543,613.215156662713,3873.366167023554,10767.648,1885.0630000000003,1222.721,7659.864000000001,2100.343,8667.305000000002,19.506051832303577,GRAVE_LESIONADOS,0
6,1,8,0,4,0,-13.142764,-74.873354,0,4,0,1,7,2,2,0,2023,5,6,1,5,0,2,6543.555,2.0,4,4,1.0,14,33,1198.0,0.3648777342527826,72.61386206398959,50.19709555656983,5.638488277525374,444.6393044914551,24733.083511777302,8511.426,1445.3929999999996,2008.516,5057.516999999999,1879.579,6631.846999999998,22.08300935706896,GRAVE_MORTALIDAD,1
6,1,19,0,4,1,-5.0791,-80.7067,0,4,7,1,2,1,0,2,2023,5,6,1,5,0,0,6543.555,3.0,2,0,1.0,0,30,1475.0,0.6582040223794163,78.74105515718446,77.3206684883171,11.334167841567446,1124.177237253568,178905.3426124197,8965.846000060003,1782.4120000599992,636.9959999999999,6546.438000000004,2214.505000059999,6751.341000000004,24.699342371541725,LEVE,2
0,1,14,2,2,4,-12.02103639,-77.08656019,0,3,1,1,2,1,0,0,2023,5,6,1,7,1,0,6543.555,2.0,4,4,1.0,14,33,1198.0,0.7419979630670723,80.31822295927182,79.00446395716813,11.084203715652809,1554.6868971011318,739416.2413542903,7626.313,1683.4029999999998,1599.0829999999996,4343.827000000001,1814.875,5811.438000000001,23.797541485643197,LEVE,2
1,1,10,0,4,1,-13.506279,-76.141225,0,4,7,1,2,2,2,4,2023,5,6,1,8,1,0,6639.975,2.0,2,0,1.0,9,31,1616.0,0.575108675542622,80.48751485041296,69.97733945104977,8.91411717811534,891.3032819289404,12460.550321199144,3721.461,698.1859999999996,744.866,2278.409,1102.9029999999996,2618.558,29.636290693359403,LEVE,2
4,1,5,2,4,1,-6.568921078120778,-78.6483907627679,0,0,0,0,2,0,1,6,2023,5,6,1,8,1,2,9936.932,2.0,2,0,1.0,9,32,3830.0,0.4700875779194959,72.66081436888122,64.8808353209258,6.163018167008406,756.997154110016,46090.54817987152,15935.565011852366,1733.9250000199986,935.692,13265.948011832368,2000.1670000199988,13935.398011832369,12.551591352627522,GRAVE_LESIONADOS,0
6,1,7,0,4,1,-12.816532,-72.691208,0,4,7,1,2,1,1,2,2023,5,6,1,13,3,2,3447.8009999999995,1.0,2,3,0.0,9,12,1109.0,0.5803892132127203,77.20158157453214,80.09764322421019,9.63293466488124,868.3252877671093,30810.066381156317,17779.13499998999,2097.3709999899997,2863.123,12818.640999999989,2878.713,14900.421999989989,16.19152450331032,LEVE,2
3,2,21,0,4,1,-6.044833,-77.144262,0,4,7,1,2,2,2,2,2023,5,6,1,16,3,1,7758.33400008,2.0,2,0,1.0,9,20,2133.0,0.5147882301210585,74.70882653725891,51.74890369370718,6.543161279603341,1011.2929178100565,4267.862955032119,5645.136,815.0759999999999,965.298,3864.762,1013.406,4631.73,17.95184385283189,LEVE,2
0,1,14,2,4,1,-12.302955,-76.84265,0,2,7,0,2,2,2,4,2023,5,6,1,16,3,0,6639.975,2.0,2,0,1.0,9,31,1616.0,0.6909236767275176,78.41626133969348,70.97436336767564,9.826485374940413,1476.8351947609171,95908.53319057816,7626.313,1683.4029999999998,1599.0829999999996,4343.827000000001,1814.875,5811.438000000001,23.797541485643197,LEVE,2
6,1,12,0,4,2,-7.164407692488261,-79.45068736747567,0,4,7,1,1,2,2,2,2023,5,6,1,18,2,0,6543.555,2.0,4,4,1.0,14,33,1198.0,0.5114727232493018,78.60606800160349,61.153108160372966,6.422343227671115,862.4189512831092,24701.19700214133,8931.828000000005,1335.5899999999997,1935.9830000000004,5660.255000000005,1219.309,7712.519000000005,13.651281686122925,LEVE,2
3,1,19,0,4,2,-5.4950285,-80.778035,0,4,7,1,2,2,2,2,2023,5,6,1,19,2,0,6543.555,2.0,4,4,1.0,14,33,1198.0,0.496957344178622,74.16786315476193,70.78605526070722,7.914655365608922,703.6956588502704,3082.1541755888647,8965.846000060003,1782.4120000599992,636.9959999999999,6546.438000000004,2214.505000059999,6751.341000000004,24.699342371541725,GRAVE_MORTALIDAD,1
5,2,14,2,4,1,-11.13609,-77.59694,0,3,7,0,2,2,2,2,2023,5,6,1,22,2,0,6543.555,3.0,2,0,1.0,0,30,1475.0,0.7327345537337897,78.20903814342847,76.31492653513806,13.642917835589472,1405.6698219039215,62016.21841541756,7626.313,1683.4029999999998,1599.0829999999996,4343.827000000001,1814.875,5811.438000000001,23.797541485643197,LEVE,2
1,1,14,2,2,4,-12.112766104359844,-76.87371350616725,6,5,6,2,6,2,2,0,2023,5,6,1,23,2,0,6543.555,2.0,4,4,1.0,14,33,1198.0,0.6463106547105882,77.51872248135703,70.89234783689217,9.27899743443454,1279.2302833246192,140977.61456102785,7626.313,1683.4029999999998,1599.0829999999996,4343.827000000001,1814.875,5811.438000000001,23.797541485643197,LEVE,2
1,1,14,2,2,4,-12.11263727,-76.87395975,0,1,1,0,2,0,1,0,2023,5,6,1,23,2,0,6543.555,2.0,4,4,1.0,14,33,1198.0,0.6463106547105882,77.51872248135703,70.89234783689217,9.27899743443454,1279.2302833246192,140977.61456102785,7626.313,1683.4029999999998,1599.0829999999996,4343.827000000001,1814.875,5811.438000000001,23.797541485643197,LEVE,2
6,1,5,2,4,1,-5.781063,-79.392888,0,2,0,1,2,1,1,2,2023,5,0,0,5,0,2,9936.932,2.0,2,0,1.0,9,32,3830.0,0.297786533612683,75.69574057602979,41.1628768446457,4.767924218405031,297.64961822948345,5424.732334047108,15935.565011852366,1733.9250000199986,935.692,13265.948011832368,2000.1670000199988,13935.398011832369,12.551591352627522,LEVE,2
3,2,8,0,4,2,-13.0032514,-74.7349296,7,4,0,1,7,2,2,0,2023,5,0,0,8,1,2,6543.555,2.0,4,4,1.0,14,33,1198.0,0.3648777342527826,72.61386206398959,50.19709555656983,5.638488277525374,444.6393044914551,24733.083511777302,8511.426,1445.3929999999996,2008.516,5057.516999999999,1879.579,6631.846999999998,22.08300935706896,LEVE,2
6,1,23,0,4,0,-3.483397801252788,-80.28688427327613,7,4,7,1,2,2,2,2,2023,5,0,0,14,3,0,6543.555,2.0,4,4,1.0,14,33,1198.0,0.5517527352166962,72.19810860253655,65.69527868627884,9.147232287140229,937.8014966124026,23389.404710920768,1009.101,138.47399999999996,287.471,583.156,276.972,732.129,27.447401201663663,LEVE,2