CLASE SINIESTRO,CANTIDAD DE VEHICULOS DAÑADOS,DEPARTAMENTO,ZONA,TIPO DE VÍA,RED VIAL,COORDENADAS LATITUD,COORDENADAS  LONGITUD,CONDICIÓN CLIMÁTICA,ZONIFICACIÓN,CARACTERÍSTICAS DE VÍA,PERFIL LONGITUDINAL VÍA,SUPERFICIE DE CALZADA,¿EXISTE SEÑAL VERTICAL?,¿EXISTE SEÑAL HORIZONTAL?,CAUSA FACTOR PRINCIPAL,AÑO,MES,DIA_SEMANA,ES_FIN_SEMANA,HORA_NUM,FRANJA_HORARIA,REGION_NATURAL,MTC_RVN_LONGITUD_KM,MTC_RVN_N_CARRILES_MEDIANA,MTC_RVN_SUPERFICIE_DOMINANTE,MTC_RVN_ESTADO_DOMINANTE,MTC_RVN_ES_CONCESIONADA,MTC_RVN_CONCESION_PRINCIPAL,MTC_RVN_CORREDOR_LOGISTICO,MTC_RVN_N_TRAMOS,IDH_2019,IDH_ESP_VIDA_2019,IDH_EDUC_SECUND_PCT_2019,IDH_ANIOS_EDUC_2019,IDH_INGRESO_PERCAP_2019,IDH_POBLACION_2019,MTC_DEP_RED_TOTAL_KM,MTC_DEP_NACIONAL_TOTAL_KM,MTC_DEP_DEPARTAMENTAL_TOTAL_KM,MTC_DEP_VECINAL_TOTAL_KM,MTC_DEP_PAV_TOTAL_KM,MTC_DEP_NO_PAV_TOTAL_KM,MTC_DEP_PCT_PAVIMENTADA,CATEGORIA_SEVERIDAD,CATEGORIA_SEVERIDAD_ENC
3,2,22,0,4,1,-17.692287,-70.85954,0,4,0,1,2,2,2,2,2023,6,5,1,22,2,0,6639.975,2.0,2,0,1.0,9,31,1616.0,0.5808930026895661,73.37135799124349,71.93408096666538,9.168656032350269,1015.959346788436,2847.875802997859,2650.572,630.6729999999998,487.3610000000001,1532.5379999999998,1068.7019999999998,1581.87,40.31967439480987,GRAVE_LESIONADOS,0
0,1,14,0,4,1,-11.806201,-77.134166,0,4,7,1,2,2,2,4,2023,6,5,1,23,2,0,6543.555,3.0,2,0,1.0,0,30,1475.0,0.6688889885290078,77.65971620762488,72.11797581870952,9.343568875150348,1392.9562465448405,54956.252676659526,7626.313,1683.4029999999998,1599.0829999999996,4343.827000000001,1814.875,5811.438000000001,23.797541485643197,LEVE,2
6,1,7,0,4,2,-14.190378,-71.345222,0,4,7,1,7,2,2,2,2023,6,6,1,0,0,2,6543.555,2.0,4,4,1.0,14,33,1198.0,0.4107458749971457,72.1547719826022,75.11691677377222,6.84079438286104,455.9087564374382,2466.282655246253,17779.13499998999,2097.3709999899997,2863.123,12818.640999999989,2878.713,14900.421999989989,16.19152450331032,LEVE,2
6,1,7,0,4,0,-13.020398,-71.911725,4,4,5,0,1,2,2,0,2023,6,6,1,1,0,2,6543.555,2.0,4,4,1.0,14,33,1198.0,0.2310138329166804,69.70483973976968,39.26079785509049,3.4363371208003386,226.75902356837,5501.668094218416,17779.13499998999,2097.3709999899997,2863.123,12818.640999999989,2878.713,14900.421999989989,16.19152450331032,LEVE,2
10,1,14,0,4,1,-12.426547,-76.753608,0,4,7,0,2,2,2,0,2023,6,6,1,2,0,0,6639.975,2.0,2,0,1.0,9,31,1616.0,0.7033052422048006,79.27699023084553,78.75787716925494,10.495980139511614,1399.9661523613097,18759.880085653105,7626.313,1683.4029999999998,1599.0829999999996,4343.827000000001,1814.875,5811.438000000001,23.797541485643197,LEVE,2
6,1,5,2,4,1,-7.164906,-78.47059,0,0,7,0,2,0,1,2,2023,6,6,1,3,0,2,2760.8550000000005,1.0,1,3,0.0,9,32,1208.0,0.4873182795359782,74.24096566709692,64.6877883123536,6.6248391576573376,776.4319899416191,48280.91862955032,15935.565011852366,1733.9250000199986,935.692,13265.948011832368,2000.1670000199988,13935.398011832369,12.551591352627522,LEVE,2
3,2,20,0,4,1,-16.005143,-69.76017,0,4,7,1,2,2,2,2,2023,6,6,1,4,0,2,7586.903,2.0,2,0,1.0,9,5,1198.0,0.3247057995130503,73.24682709519536,76.81044161661171,6.507336567861034,242.9773157546694,24872.03426124197,13642.312999999998,2020.7790000000005,2354.117,9267.416999999998,3314.0520000000006,10328.260999999997,24.29244952817019,LEVE,2
6,1,1,0,4,1,-8.61912652990421,-77.8638266602448,6,5,6,2,6,2,2,0,2023,6,6,1,4,0,2,1703.219,1.0,0,3,0.0,9,28,247.0,0.3504725276131182,73.81797118367852,41.56288901282954,5.612458741753128,425.4263509164613,630.3383297644541,10767.648,1885.0630000000003,1222.721,7659.864000000001,2100.343,8667.305000000002,19.506051832303577,GRAVE_MORTALIDAD,1
10,1,14,2,2,4,-12.109287273426167,-77.025994012994,0,0,1,1,2,2,2,0,2023,6,6,1,5,0,0,6543.555,2.0,4,4,1.0,14,33,1198.0,0.8171136689103559,80.21740365444107,79.57658595346267,12.295076294470428,1940.453431937829,88766.19486081369,7626.313,1683.4029999999998,1599.0829999999996,4343.827000000001,1814.875,5811.438000000001,23.797541485643197,LEVE,2
3,2,6,2,2,4,-12.0142975,-77.104825716,0,0,7,1,2,1,1,2,2023,6,6,1,10,1,0,6543.555,2.0,4,4,1.0,14,33,1198.0,0.5563774842369664,77.00938809632027,69.10246351364754,8.476961866273152,914.8835608305218,27932.19700214133,51.58600000000001,44.68700000000001,6.899000000000001,0.0,49.838000000000015,1.748,96.61148373589734,LEVE,2
6,1,1,0,4,0,-9.162370021387396,-77.37054401533221,0,4,7,1,2,2,2,0,2023,6,6,1,18,2,2,6543.555,2.0,4,4,1.0,14,33,1198.0,0.4295929300670698,70.82552525256294,56.17354212731762,6.41923360731264,633.5844117830641,4896.169164882228,10767.648,1885.0630000000003,1222.721,7659.864000000001,2100.343,8667.305000000002,19.506051832303577,LEVE,2
3,2,12,0,4,2,-7.3860475,-79.4887604,0,4,7,1,2,2,2,2,2023,6,6,1,19,2,0,6543.555,2.0,4,4,1.0,14,33,1198.0,0.6138517538553948,80.84826225715301,64.49339622566798,9.143362084626023,1095.689060330069,16852.97430406852,8931.828000000005,1335.5899999999997,1935.9830000000004,5660.255000000005,1219.309,7712.519000000005,13.651281686122925,LEVE,2
0,1,14,2,4,1,-11.982035,-76.797168,0,3,7,1,2,0,1,4,2023,6,0,0,0,0,0,875.67,2.0,2,0,1.0,3,14,156.0,0.7410537419693288,80.72873693175681,77.76911521289269,11.20634409407566,1539.7635062745433,43755.852248394,7626.313,1683.4029999999998,1599.0829999999996,4343.827000000001,1814.875,5811.438000000001,23.797541485643197,LEVE,2
1,1,5,0,4,1,-6.047501,-79.045497,0,4,0,1,2,0,1,0,2023,6,0,0,3,0,2,9936.932,2.0,2,0,1.0,9,32,3830.0,0.5089064260692896,75.49593859459377,56.74492330977312,6.743539171475742,903.5347616610204,6985.957173447538,15935.565011852366,1733.9250000199986,935.692,13265.948011832368,2000.1670000199988,13935.398011832369,12.551591352627522,LEVE,2
2,1,14,2,2,4,-12.04426499,-77.04279183,0,0,1,1,2,2,2,0,2023,6,0,0,6,1,0,6543.555,2.0,4,4,1.0,14,33,1198.0,0.7646845961658533,80.23682119426338,77.96082737891015,12.014176158371615,1633.787715186093,250806.0877944326,7626.313,1683.4029999999998,1599.0829999999996,4343.827000000001,1814.875,5811.438000000001,23.797541485643197,LEVE,2
6,1,1,0,4,1,-9.11070449141259,-77.3156033735478,0,4,7,0,7,2,2,0,2023,6,0,0,6,1,2,1134.015,-1.0,0,2,0.0,9,32,173.0,0.3352882109430746,74.75361760123883,41.94301315621264,4.920559911508885,404.0595576726479,11488.145610278372,10767.648,1885.0630000000003,1222.721,7659.864000000001,2100.343,8667.305000000002,19.506051832303577,LEVE,2
0,1,11,2,4,1,-11.811586525589233,-75.47382070126794,0,4,7,1,2,1,1,2,2023,6,0,0,10,1,2,196.88,2.0,2,0,1.0,3,32,35.0,0.5440372489854538,73.04439912570733,66.79010575891562,9.046955663104994,884.0272313859393,734.5653104925052,12264.545,1826.4639999999995,1105.5389999999998,9332.542,1588.5359999999996,10676.009,12.952261987705208,LEVE,2
3,1,3,2,4,1,-16.2938643,-71.6391367,7,4,0,0,2,2,2,0,2023,6,0,0,14,3,0,1504.4250000000002,2.0,2,0,1.0,7,25,241.0,0.6005060748875158,78.21704200773246,77.40211893847457,8.994742794352394,996.014120858737,33335.45824411135,10322.272,1495.236,1749.739,7077.2970000000005,2886.595,7435.677000000001,27.964725207783708,GRAVE_MORTALIDAD,1
3,2,7,2,4,1,-14.798394,-71.42181,0,3,7,1,2,2,2,2,2023,6,0,0,15,3,2,1780.161,1.0,1,3,0.0,9,32,490.0,0.553052655456334,69.21726434550523,74.04128761826507,8.709280027519238,977.6848841665504,33976.192719486084,17779.13499998999,2097.3709999899997,2863.123,12818.640999999989,2878.713,14900.421999989989,16.19152450331032,LEVE,2
6,1,11,2,4,1,-11.566416067581692,-75.86168999681944,0,4,0,0,2,0,1,0,2023,6,0,0,19,2,2,7586.903,2.0,2,0,1.0,9,5,1198.0,0.6211711217784234,75.51508523355102,70.90101252241288,10.049671623026311,1128.403546167389,8996.89721627409,12264.545,1826.4639999999995,1105.5389999999998,9332.542,1588.5359999999996,10676.009,12.952261987705208,GRAVE_MORTALIDAD,1
0,1,14,2,4,1,-12.033849,-77.052185,0,0,0,1,2,2,2,0,2023,6,0,0,20,2,0,6543.555,3.0,2,0,1.0,0,30,1475.0,0.7419979630670723,80.31822295927182,79.00446395716813,11.084203715652809,1554.6868971011318,739416.2413542903,7626.313,1683.4029999999998,1599.0829999999996,4343.827000000001,1814.875,5811.438000000001,23.797541485643197,LEVE,2
3,1,6,2,4,1,-11.9469751337747,-77.1315834711881,0,2,7,1,2,0,1,0,2023,6,1,0,9,1,0,139.23,-1.0,2,0,0.0,9,32,69.0,0.5563774842369664,77.00938809632027,69.10246351364754,8.476961866273152,914.8835608305218,27932.19700214133,51.58600000000001,44.68700000000001,6.899000000000001,0.0,49.838000000000015,1.748,96.61148373589734,LEVE,2
6,1,1,0,4,2,-9.258460364990205,-77.68393288489769,0,4,0,0,7,2,2,0,2023,6,1,0,14,3,2,6543.555,2.0,4,4,1.0,14,33,1198.0,0.2588836486915194,76.84393598130214,48.991100233664326,4.165467369900799,208.2651288874071,1170.633832976445,10767.648,1885.0630000000003,1222.721,7659.864000000001,2100.343,8667.305000000002,19.506051832303577,LEVE,2
10,1,14,2,2,4,-12.1799327360984,-76.9766362389251,0,0,7,0,2,2,2,2,2023,6,1,0,15,3,0,6543.555,2.0,4,4,1.0,14,33,1198.0,0.7289998534947872,80.50926319493618,76.9124822838204,10.358587270463827,1551.106643515347,384728.5117773019,7626.313,1683.4029999999998,1599.0829999999996,4343.827000000001,1814.875,5811.438000000001,23.797541485643197,LEVE,2
0,1,14,2,2,4,-11.95565916,-76.99170998,0,0,0,1,2,2,2,4,2023,6,1,0,21,2,0,6543.555,2.0,4,4,1.0,14,33,1198.0,0.701053025277506,79.62867561460851,73.1469484600971,10.064317505194426,1464.6926161541437,1150285.0494171206,7626.313,1683.4029999999998,1599.0829999999996,4343.827000000001,1814.875,5811.438000000001,23.797541485643197,LEVE,2
1,1,20,0,4,1,-16.160136,-69.648405,0,4,7,1,2,2,2,2,2023,6,1,0,21,2,2,417.30000000000007,1.0,0,3,0.0,9,32,52.0,0.4020198374784472,77.80062735845667,75.295761294875,7.279851651626652,372.63390314535104,50686.62526766595,13642.312999999998,2020.7790000000005,2354.117,9267.416999999998,3314.0520000000006,10328.260999999997,24.29244952817019,LEVE,2
6,1,7,0,4,0,-13.0697255,-71.568227,0,4,0,1,1,2,2,2,2023,6,2,0,1,0,2,6543.555,2.0,4,4,1.0,14,33,1198.0,0.3612121566150602,62.7406214315804,65.88597983983321,5.981484630062685,454.3036246295292,5308.728051391863,17779.13499998999,2097.3709999899997,2863.123,12818.640999999989,2878.713,14900.421999989989,16.19152450331032,LEVE,2
6,1,12,0,4,0,-7.838717909507611,-78.47248786915065,0,4,7,1,2,2,2,0,2023,6,2,0,6,1,0,6543.555,2.0,4,4,1.0,14,33,1198.0,0.2250929654631699,75.55364054751279,35.65104550731129,4.499984263013475,163.15304408400866,2258.758029978587,8931.828000000005,1335.5899999999997,1935.9830000000004,5660.255000000005,1219.309,7712.519000000005,13.651281686122925,GRAVE_MORTALIDAD,1
0,1,7,2,4,1,-13.991498,-71.464515,0,4,0,1,2,1,1,2,2023,6,2,0,7,1,2,7586.903,2.0,2,0,1.0,9,5,1198.0,0.3409107564841972,74.2782790389362,69.85088681249269,5.816184127144114,302.53841952167744,4833.456102783726,17779.13499998999,2097.3709999899997,2863.123,12818.640999999989,2878.713,14900.421999989989,16.19152450331032,LEVE,2
6,1,5,0,4,1,-6.888349,-78.121467,0,4,7,1,2,0,1,6,2023,6,2,0,12,3,2,2760.8550000000005,1.0,1,3,0.0,9,32,1208.0,0.4626426475820469,68.55306494378911,65.85969011943656,7.360220599067626,697.1780256934369,29011.38543897216,15935.565011852366,1733.9250000199986,935.692,13265.948011832368,2000.1670000199988,13935.398011832369,12.551591352627522,LEVE,2
0,1,6,2,2,4,-12.0131311,-77.097646517,0,0,7,1,2,0,1,2,2023,6,2,0,15,3,0,6543.555,2.0,4,4,1.0,14,33,1198.0,0.5563774842369664,77.00938809632027,69.10246351364754,8.476961866273152,914.8835608305218,27932.19700214133,51.58600000000001,44.68700000000001,6.899000000000001,0.0,49.838000000000015,1.748,96.61148373589734,LEVE,2
6,1,10,0,4,1,-14.427941,-75.121371,0,4,4,0,7,2,2,2,2023,6,2,0,15,3,0,1253.475,-1.0,1,3,0.0,9,32,217.0,0.6181901975175671,81.11121526884828,81.4570999718351,9.588458879563897,966.6199420714054,6820.845824411133,3721.461,698.1859999999996,744.866,2278.409,1102.9029999999996,2618.558,29.636290693359403,LEVE,2
3,1,10,0,4,1,-15.3185077,-75.1413688,0,4,7,1,2,2,2,6,2023,6,3,0,6,1,0,196.8,2.0,2,0,1.0,4,27,35.0,0.5563774842369664,77.00938809632027,69.10246351364754,8.476961866273152,914.8835608305218,27932.19700214133,3721.461,698.1859999999996,744.866,2278.409,1102.9029999999996,2618.558,29.636290693359403,LEVE,2
8,1,7,0,4,0,-13.3083,-72.23552,0,4,0,1,3,1,0,4,2023,6,3,0,10,1,2,6543.555,2.0,4,4,1.0,14,33,1198.0,0.4436910265814239,73.23231952981627,68.31759937357421,6.347812015893606,607.5963608103546,11277.284796573877,17779.13499998999,2097.3709999899997,2863.123,12818.640999999989,2878.713,14900.421999989989,16.19152450331032,LEVE,2
5,1,12,0,4,1,-8.0994527,-79.0990956,0,4,7,1,2,2,2,0,2023,6,3,0,18,2,0,6543.555,3.0,2,0,1.0,0,30,1475.0,0.583006771156836,78.2441938961209,62.24037484511178,8.807312392374042,1028.2282118265089,76607.295503212,8931.828000000005,1335.5899999999997,1935.9830000000004,5660.255000000005,1219.309,7712.519000000005,13.651281686122925,LEVE,2
1,1,14,2,4,1,-12.11946773240162,-76.97718852870648,0,0,7,0,2,2,2,0,2023,6,4,0,20,2,0,6639.975,2.0,2,0,1.0,9,31,1616.0,0.8017574897902351,80.48487267736287,78.74302427848284,13.156716040468266,1766.1488062170545,359776.608137045,7626.313,1683.4029999999998,1599.0829999999996,4343.827000000001,1814.875,5811.438000000001,23.797541485643197,LEVE,2
1,1,7,2,4,1,-13.305271,-72.121061,0,0,7,1,2,0,1,2,2023,6,4,0,20,2,2,3447.8009999999995,1.0,2,3,0.0,9,12,1109.0,0.5961225511084856,78.53035911580116,68.81531875437855,9.019506278168732,1024.5153398091154,21509.777301927195,17779.13499998999,2097.3709999899997,2863.123,12818.640999999989,2878.713,14900.421999989989,16.19152450331032,LEVE,2
6,1,5,2,4,1,-6.51352848171515,-79.1888854547926,0,3,7,1,2,0,1,2,2023,6,4,0,23,2,2,919.085,2.0,2,3,0.0,9,7,218.0,0.4198705264500552,71.07710978950026,66.58810225494344,5.455993657128185,608.8154659157517,7079.2912205567445,15935.565011852366,1733.9250000199986,935.692,13265.948011832368,2000.1670000199988,13935.398011832369,12.551591352627522,LEVE,2
1,1,14,2,4,1,-12.292872,-76.863096,0,2,7,1,2,2,2,0,2023,6,5,1,0,0,0,6639.975,2.0,2,0,1.0,9,31,1616.0,0.6909236767275176,78.41626133969348,70.97436336767564,9.826485374940413,1476.8351947609171,95908.53319057816,7626.313,1683.4029999999998,1599.0829999999996,4343.827000000001,1814.875,5811.438000000001,23.797541485643197,LEVE,2
0,1,14,2,4,1,-12.00990055,-76.86931821,0,2,7,0,2,2,2,0,2023,6,5,1,1,0,0,875.67,2.0,2,0,1.0,3,14,156.0,0.6868549636939637,79.62363164345142,76.30894566128948,9.209137883551294,1425.4498631666322,684921.8484148846,7626.313,1683.4029999999998,1599.0829999999996,4343.827000000001,1814.875,5811.438000000001,23.797541485643197,LEVE,2
0,1,14,2,2,4,-12.115355733890553,-77.02957748346554,0,0,7,1,2,0,1,0,2023,6,5,1,9,1,0,6543.555,2.0,4,4,1.0,14,33,1198.0,0.8326399351216524,80.31446032722859,77.78409882620639,13.96507415980228,1925.7868972542449,87898.66595289079,7626.313,1683.4029999999998,1599.0829999999996,4343.827000000001,1814.875,5811.438000000001,23.797541485643197,LEVE,2
6,1,11,0,4,1,-11.7961585171155,-75.6587503727499,7,4,7,1,2,2,2,0,2023,6,5,1,9,1,2,7586.903,2.0,2,0,1.0,9,5,1198.0,0.4545643050211295,68.73444804749025,55.05670880126828,7.076811092931955,737.237129067086,1424.8051391862955,12264.545,1826.4639999999995,1105.5389999999998,9332.542,1588.5359999999996,10676.009,12.952261987705208,LEVE,2
2,1,11,0,4,1,-11.8805289574069,-75.3974471372183,7,4,7,1,2,2,2,0,2023,6,5,1,13,3,2,196.88,2.0,2,0,1.0,3,32,35.0,0.3829418427301908,69.53519019140302,61.90302484972667,7.605764991096732,405.6993645641632,4767.728051391863,12264.545,1826.4639999999995,1105.5389999999998,9332.542,1588.5359999999996,10676.009,12.952261987705208,LEVE,2
10,2,5,0,4,1,-6.475688,-78.889047,0,2,0,0,4,2,2,2,2023,6,5,1,19,2,2,919.085,2.0,2,3,0.0,9,7,218.0,0.3011301347839704,71.97114344661169,54.49911076138603,4.057283312480806,327.1165249840737,5264.304068522484,15935.565011852366,1733.9250000199986,935.692,13265.948011832368,2000.1670000199988,13935.398011832369,12.551591352627522,GRAVE_MORTALIDAD,1
3,1,20,2,4,1,-15.470420572817096,-70.13776478505466,0,0,7,1,2,2,2,2,2023,6,5,1,20,2,2,7586.903,2.0,2,0,1.0,9,5,1198.0,0.5759734352119,73.55929462493827,78.89306383943827,10.174966342239475,888.1716010638444,232834.39603082248,13642.312999999998,2020.7790000000005,2354.117,9267.416999999998,3314.0520000000006,10328.260999999997,24.29244952817019,LEVE,2
5,1,12,0,4,1,-8.047795,-79.08601,0,4,7,1,2,2,2,2,2023,6,5,1,21,2,0,6543.555,3.0,2,0,1.0,0,30,1475.0,0.583006771156836,78.2441938961209,62.24037484511178,8.807312392374042,1028.2282118265089,76607.295503212,8931.828000000005,1335.5899999999997,1935.9830000000004,5660.255000000005,1219.309,7712.519000000005,13.651281686122925,LEVE,2
1,1,7,2,2,4,-13.532598,-71.919976,0,0,7,1,2,1,0,4,2023,6,6,1,2,0,2,6543.555,2.0,4,4,1.0,14,33,1198.0,0.6806292796157144,77.51447806142957,82.6599812385644,11.044400293146794,1245.5372385926626,131240.7944325482,17779.13499998999,2097.3709999899997,2863.123,12818.640999999989,2878.713,14900.421999989989,16.19152450331032,LEVE,2
1,1,14,2,4,1,-12.00829,-76.860486,0,2,7,0,2,2,2,0,2023,6,6,1,6,1,0,875.67,2.0,2,0,1.0,3,14,156.0,0.6868549636939637,79.62363164345142,76.30894566128948,9.209137883551294,1425.4498631666322,684921.8484148846,7626.313,1683.4029999999998,1599.0829999999996,4343.827000000001,1814.875,5811.438000000001,23.797541485643197,LEVE,2
5,2,19,2,4,1,-5.193530793231174,-80.61389743833014,0,0,7,1,2,2,2,2,2023,6,6,1,6,1,0,1305.18,2.0,2,0,1.0,1,20,163.0,0.6220812987247925,80.20155828147696,72.71675503872983,10.02377668600292,1028.915688621886,159840.92719486082,8965.846000060003,1782.4120000599992,636.9959999999999,6546.438000000004,2214.505000059999,6751.341000000004,24.699342371541725,LEVE,2
3,1,3,2,4,1,-16.4812985,-71.905956782,7,4,7,0,2,2,2,0,2023,6,6,1,7,1,0,6639.975,2.0,2,0,1.0,9,31,1616.0,0.6455852322566902,78.58826324858522,78.38415596279924,8.472481180514539,1258.6172876652156,2628.282655246253,10322.272,1495.236,1749.739,7077.2970000000005,2886.595,7435.677000000001,27.964725207783708,LEVE,2
2,1,12,2,3,4,-8.192137,-78.98095,0,4,7,1,2,2,2,0,2023,6,6,1,7,1,0,6543.555,2.0,4,4,1.0,14,33,1198.0,0.5704872313485707,78.73040511828864,66.00991236238886,8.931371175352043,922.6441961800402,20630.58672376873,8931.828000000005,1335.5899999999997,1935.9830000000004,5660.255000000005,1219.309,7712.519000000005,13.651281686122925,LEVE,2
6,1,14,2,4,2,-11.093723107060166,-77.57393715840348,0,3,7,1,2,2,2,2,2023,6,6,1,11,1,0,6543.555,2.0,4,4,1.0,14,33,1198.0,0.6256541286888256,76.866876725279,74.48686395070398,9.794027812898843,1113.4562244631716,37972.95074946467,7626.313,1683.4029999999998,1599.0829999999996,4343.827000000001,1814.875,5811.438000000001,23.797541485643197,LEVE,2
4,1,20,2,2,4,-16.2517237,-69.0908728,0,0,7,1,4,2,2,2,2023,6,6,1,16,3,2,6543.555,2.0,4,4,1.0,14,33,1198.0,0.4165447461855686,74.77127585660097,73.32833413464006,6.399479128468322,475.6850527085419,23516.528907922908,13642.312999999998,2020.7790000000005,2354.117,9267.416999999998,3314.0520000000006,10328.260999999997,24.29244952817019,LEVE,2
3,2,12,0,4,1,-8.564295,-78.673883,0,4,7,1,2,2,2,0,2023,6,6,1,19,2,0,6543.555,3.0,2,0,1.0,0,30,1475.0,0.4971504606547645,77.79759708660042,46.44666297237219,6.322206801902116,929.9716106661404,44368.59100642397,8931.828000000005,1335.5899999999997,1935.9830000000004,5660.255000000005,1219.309,7712.519000000005,13.651281686122925,LEVE,2
0,1,1,0,4,2,-9.067240648699457,-77.74595258136482,0,4,7,1,2,1,1,0,2023,6,6,1,20,2,2,6543.555,2.0,4,4,1.0,14,33,1198.0,0.4225175571417921,72.0073136099048,61.38289654748469,6.311615395277217,572.3923378688387,21231.406852248398,10767.648,1885.0630000000003,1222.721,7659.864000000001,2100.343,8667.305000000002,19.506051832303577,LEVE,2
3,2,21,0,4,3,-5.9497686,-77.2911855,0,4,0,1,2,2,2,2,2023,6,6,1,20,2,1,6543.555,2.0,4,4,1.0,14,33,1198.0,0.4789759027469384,73.43778249935497,54.01635312204597,6.285279694551369,847.2910954428505,47552.6295503212,5645.136,815.0759999999999,965.298,3864.762,1013.406,4631.73,17.95184385283189,LEVE,2
6,1,20,0,4,1,-16.664977185860323,-69.49539723914677,0,4,0,1,2,2,2,2,2023,6,6,1,20,2,2,1529.105,2.0,2,0,1.0,9,21,200.0,0.2671908646315166,73.48292793161005,74.06901237312874,7.506971110385738,141.65155915099854,20223.04710920771,13642.312999999998,2020.7790000000005,2354.117,9267.416999999998,3314.0520000000006,10328.260999999997,24.29244952817019,GRAVE_MORTALIDAD,1
3,1,14,2,2,4,-11.98006605,-77.07233094,0,0,1,0,2,2,2,0,2023,6,0,0,3,0,0,6543.555,2.0,4,4,1.0,14,33,1198.0,0.758462599563312,80.5192231989937,79.20045639149897,11.33839041452458,1628.5661148492152,363987.54389721627,7626.313,1683.4029999999998,1599.0829999999996,4343.827000000001,1814.875,5811.438000000001,23.797541485643197,LEVE,2
3,1,4,2,4,2,-12.9097704,-74.2683917,0,3,7,0,4,2,2,2,2023,6,0,0,4,0,2,6543.555,2.0,4,4,1.0,14,33,1198.0,0.3536962066911246,75.00393511579166,67.02674454925531,5.385230942389032,353.13887310450355,5434.7570087257,12678.733000000004,1805.074000000001,1774.0339999999994,9099.625000000004,2485.375000000001,10193.358000000002,19.602707936195205,LEVE,2
0,0,21,2,4,1,-6.042893,-76.965481,0,2,0,0,2,1,0,4,2023,6,0,0,8,1,1,7758.33400008,2.0,2,0,1.0,9,20,2133.0,0.5294800468051228,72.46713251445857,60.50982579904599,7.757161651692042,952.984823255978,86435.21199143468,5645.136,815.0759999999999,965.298,3864.762,1013.406,4631.73,17.95184385283189,LEVE,2
0,1,12,2,2,4,-7.861692,-77.940957,0,1,7,1,1,2,2,2,2023,6,0,0,12,3,0,6543.555,2.0,4,4,1.0,14,33,1198.0,0.1172719909274447,77.44715343374133,33.904645034075095,2.913801384108335,62.88944304653509,8213.20556745182,8931.828000000005,1335.5899999999997,1935.9830000000004,5660.255000000005,1219.309,7712.519000000005,13.651281686122925,LEVE,2
10,1,14,2,3,4,-11.93754662,-76.70175226,0,3,7,0,2,2,2,0,2023,6,0,0,16,3,0,6543.555,2.0,4,4,1.0,14,33,1198.0,0.6831952456039544,78.60873873772867,74.49000793376607,10.00420210847705,1376.0472418044385,255143.7301927195,7626.313,1683.4029999999998,1599.0829999999996,4343.827000000001,1814.875,5811.438000000001,23.797541485643197,LEVE,2
0,1,6,2,2,4,-11.9976181,-77.114760217,0,0,7,1,2,0,1,2,2023,6,0,0,17,3,0,6543.555,2.0,4,4,1.0,14,33,1198.0,0.5563774842369664,77.00938809632027,69.10246351364754,8.476961866273152,914.8835608305218,27932.19700214133,51.58600000000001,44.68700000000001,6.899000000000001,0.0,49.838000000000015,1.748,96.61148373589734,LEVE,2
3,2,19,2,4,1,-5.1777574,-80.669671,0,0,7,1,2,2,2,2,2023,6,0,0,20,2,0,6543.555,3.0,2,0,1.0,0,30,1475.0,0.5997462042553465,78.40793944726823,72.26811532412637,9.714064362322326,976.3169831713308,183875.0,8965.846000060003,1782.4120000599992,636.9959999999999,6546.438000000004,2214.505000059999,6751.341000000004,24.699342371541725,LEVE,2
1,1,14,2,4,1,-12.025267,-77.058607,0,0,7,0,2,2,2,0,2023,6,0,0,22,2,0,6543.555,3.0,2,0,1.0,0,30,1475.0,0.7419979630670723,80.31822295927182,79.00446395716813,11.084203715652809,1554.6868971011318,739416.2413542903,7626.313,1683.4029999999998,1599.0829999999996,4343.827000000001,1814.875,5811.438000000001,23.797541485643197,LEVE,2
6,1,12,0,4,1,-8.6964019,-78.637656,0,4,7,1,2,2,2,2,2023,6,1,0,0,0,0,6543.555,3.0,2,0,1.0,0,30,1475.0,0.4971504606547645,77.79759708660042,46.44666297237219,6.322206801902116,929.9716106661404,44368.59100642397,8931.828000000005,1335.5899999999997,1935.9830000000004,5660.255000000005,1219.309,7712.519000000005,13.651281686122925,LEVE,2
6,1,8,0,4,2,-12.486381,-74.758266,0,4,0,1,7,2,2,0,2023,6,1,0,7,1,2,6543.555,2.0,4,4,1.0,14,33,1198.0,0.2663454843382838,65.45457395221479,57.3335802782264,4.413119915061238,247.66524826450583,29100.053533190578,8511.426,1445.3929999999996,2008.516,5057.516999999999,1879.579,6631.846999999998,22.08300935706896,LEVE,2
10,1,11,0,4,1,-11.617074328289943,-76.01496218776182,7,2,7,1,2,0,1,0,2023,6,1,0,7,1,2,875.67,2.0,2,0,1.0,3,14,156.0,0.7045048858113412,76.03866905687309,68.74554898563056,10.756160359254002,1573.7987000498822,4922.96573875803,12264.545,1826.4639999999995,1105.5389999999998,9332.542,1588.5359999999996,10676.009,12.952261987705208,LEVE,2