CLASE SINIESTRO,CANTIDAD DE VEHICULOS DAÑADOS,DEPARTAMENTO,ZONA,TIPO DE VÍA,RED VIAL,COORDENADAS LATITUD,COORDENADAS  LONGITUD,CONDICIÓN CLIMÁTICA,ZONIFICACIÓN,CARACTERÍSTICAS DE VÍA,PERFIL LONGITUDINAL VÍA,SUPERFICIE DE CALZADA,¿EXISTE SEÑAL VERTICAL?,¿EXISTE SEÑAL HORIZONTAL?,CAUSA FACTOR PRINCIPAL,AÑO,MES,DIA_SEMANA,ES_FIN_SEMANA,HORA_NUM,FRANJA_HORARIA,REGION_NATURAL,MTC_RVN_LONGITUD_KM,MTC_RVN_N_CARRILES_MEDIANA,MTC_RVN_SUPERFICIE_DOMINANTE,MTC_RVN_ESTADO_DOMINANTE,MTC_RVN_ES_CONCESIONADA,MTC_RVN_CONCESION_PRINCIPAL,MTC_RVN_CORREDOR_LOGISTICO,MTC_RVN_N_TRAMOS,IDH_2019,IDH_ESP_VIDA_2019,IDH_EDUC_SECUND_PCT_2019,IDH_ANIOS_EDUC_2019,IDH_INGRESO_PERCAP_2019,IDH_POBLACION_2019,MTC_DEP_RED_TOTAL_KM,MTC_DEP_NACIONAL_TOTAL_KM,MTC_DEP_DEPARTAMENTAL_TOTAL_KM,MTC_DEP_VECINAL_TOTAL_KM,MTC_DEP_PAV_TOTAL_KM,MTC_DEP_NO_PAV_TOTAL_KM,MTC_DEP_PCT_PAVIMENTADA,CATEGORIA_SEVERIDAD,CATEGORIA_SEVERIDAD_ENC
6,1,1,0,4,1,-9.6462648,-77.4872321,0,4,0,0,2,0,1,0,2023,7,5,1,7,1,2,9936.932,2.0,2,0,1.0,9,32,3830.0,0.3221880038524312,74.4958654901739,52.39022079051925,5.660975440982674,299.7877491538902,1871.4304068522488,10767.648,1885.0630000000003,1222.721,7659.864000000001,2100.343,8667.305000000002,19.506051832303577,GRAVE_MORTALIDAD,1
0,1,20,0,4,1,-16.012649,-69.751072,0,4,7,1,2,2,2,4,2023,7,5,1,8,1,2,7586.903,2.0,2,0,1.0,9,5,1198.0,0.3247057995130503,73.24682709519536,76.81044161661171,6.507336567861034,242.9773157546694,24872.03426124197,13642.312999999998,2020.7790000000005,2354.117,9267.416999999998,3314.0520000000006,10328.260999999997,24.29244952817019,LEVE,2
6,1,12,0,4,0,-7.830512494782083,-78.71859986116617,0,4,7,1,2,2,2,0,2023,7,5,1,10,1,0,6543.555,2.0,4,4,1.0,14,33,1198.0,0.1489804037351606,77.07739930292834,27.65142418496366,2.785211535438632,102.79957985629962,7770.149892933619,8931.828000000005,1335.5899999999997,1935.9830000000004,5660.255000000005,1219.309,7712.519000000005,13.651281686122925,LEVE,2
0,1,12,0,2,4,-8.0925758,-79.0180225,0,4,1,1,2,2,2,2,2023,7,5,1,11,1,0,6543.555,2.0,4,4,1.0,14,33,1198.0,0.7151155191839451,79.57652607829836,77.25576500264712,11.809756866444314,1377.9438475528384,331253.00214132766,8931.828000000005,1335.5899999999997,1935.9830000000004,5660.255000000005,1219.309,7712.519000000005,13.651281686122925,LEVE,2
6,1,4,0,4,2,-13.6058593,-74.1387439,0,4,0,0,7,2,2,2,2023,7,5,1,15,3,2,6543.555,2.0,4,4,1.0,14,33,1198.0,0.4012828134779898,75.56604743111033,58.30948969455957,6.059350575193293,486.92222910100446,6408.9293361884365,12678.733000000004,1805.074000000001,1774.0339999999994,9099.625000000004,2485.375000000001,10193.358000000002,19.602707936195205,GRAVE_LESIONADOS,0
10,1,4,2,4,1,-12.94969510295809,-74.01757465344146,0,4,0,0,2,1,0,6,2023,7,5,1,16,3,2,3447.8009999999995,1.0,2,3,0.0,9,12,1109.0,0.242115079402463,78.60995656774577,51.62938606373191,3.6027664414524385,187.9375733088464,17574.86937901499,12678.733000000004,1805.074000000001,1774.0339999999994,9099.625000000004,2485.375000000001,10193.358000000002,19.602707936195205,LEVE,2
3,1,19,2,7,4,-5.183162,-80.681037,0,4,1,1,2,2,2,2,2023,7,5,1,17,3,0,6543.555,2.0,4,4,1.0,14,33,1198.0,0.5997462042553465,78.40793944726823,72.26811532412637,9.714064362322326,976.3169831713308,183875.0,8965.846000060003,1782.4120000599992,636.9959999999999,6546.438000000004,2214.505000059999,6751.341000000004,24.699342371541725,LEVE,2
6,1,12,0,4,1,-7.991491530019913,-78.66085942613947,0,4,7,1,2,2,2,2,2023,7,5,1,21,2,0,610.6099999999999,2.0,2,0,1.0,8,29,100.0,0.2791284879085741,74.57203044034796,46.6214947625042,4.873477903150793,239.2584269294917,5611.197002141327,8931.828000000005,1335.5899999999997,1935.9830000000004,5660.255000000005,1219.309,7712.519000000005,13.651281686122925,LEVE,2
3,1,14,2,4,1,-12.091023,-76.980921,0,0,7,1,2,2,2,0,2023,7,5,1,22,2,0,6639.975,2.0,2,0,1.0,9,31,1616.0,0.8017574897902351,80.48487267736287,78.74302427848284,13.156716040468266,1766.1488062170545,359776.608137045,7626.313,1683.4029999999998,1599.0829999999996,4343.827000000001,1814.875,5811.438000000001,23.797541485643197,GRAVE_MORTALIDAD,1
6,1,19,0,4,1,-5.88354,-79.5367939,0,4,0,0,2,1,0,2,2023,7,6,1,2,0,0,305.38500000000005,2.0,2,0,1.0,1,20,50.0,0.2117580020098525,65.37756662211437,42.30794939557186,3.975264599118591,171.62326554814578,38712.25053533191,8965.846000060003,1782.4120000599992,636.9959999999999,6546.438000000004,2214.505000059999,6751.341000000004,24.699342371541725,GRAVE_MORTALIDAD,1
0,1,19,0,4,1,-5.67723630900685,-80.8491431991328,0,4,7,1,2,2,2,0,2023,7,6,1,3,0,0,453.9549999999999,2.0,2,3,0.0,9,32,133.0,0.4860724693701166,72.15814961491549,57.86687952143938,7.507596134322599,781.8218439197168,48691.10064239828,8965.846000060003,1782.4120000599992,636.9959999999999,6546.438000000004,2214.505000059999,6751.341000000004,24.699342371541725,LEVE,2
10,1,5,0,4,1,-6.726774,-78.577094,0,4,7,1,2,0,1,0,2023,7,6,1,3,0,2,9936.932,2.0,2,0,1.0,9,32,3830.0,0.4526491117658796,79.17132243679694,59.43910685558323,5.161528057531929,710.0305343071761,15625.811563169163,15935.565011852366,1733.9250000199986,935.692,13265.948011832368,2000.1670000199988,13935.398011832369,12.551591352627522,GRAVE_MORTALIDAD,1
6,1,4,0,4,2,-13.793413,-73.84895,0,4,0,1,1,2,2,2,2023,7,6,1,4,0,2,6543.555,2.0,4,4,1.0,14,33,1198.0,0.2372402907441065,73.4416050130808,28.32259282692361,5.547656183601279,184.1120667824928,545.7708779443253,12678.733000000004,1805.074000000001,1774.0339999999994,9099.625000000004,2485.375000000001,10193.358000000002,19.602707936195205,GRAVE_MORTALIDAD,1
3,2,15,0,4,0,-3.831202,-73.3282947,0,0,0,0,2,0,1,0,2023,7,6,1,4,0,1,6543.555,2.0,4,4,1.0,14,33,1198.0,0.578134350962316,72.90307998335238,55.49705098903474,10.509480811415798,1057.596132242517,149460.57173447538,1095.5949999999998,128.87099999999998,320.74700000000007,645.9769999999999,274.214,821.381,25.02877431897737,LEVE,2
6,1,12,0,4,2,-8.418799,-78.830143,0,4,7,1,2,2,2,2,2023,7,6,1,6,1,0,6543.555,2.0,4,4,1.0,14,33,1198.0,0.5051395598219868,77.13285387085847,51.52067479184955,6.715328807318118,900.900383457586,67612.41755888652,8931.828000000005,1335.5899999999997,1935.9830000000004,5660.255000000005,1219.309,7712.519000000005,13.651281686122925,GRAVE_LESIONADOS,0
3,1,20,0,4,1,-14.7224841,-70.3612001,0,4,7,1,2,2,2,2,2023,7,6,1,15,3,2,1761.8050000000003,2.0,2,0,1.0,6,22,410.0,0.2623754846886306,66.47865021821245,67.58090631586649,6.080442216669903,177.69250667428713,15453.085653104928,13642.312999999998,2020.7790000000005,2354.117,9267.416999999998,3314.0520000000006,10328.260999999997,24.29244952817019,LEVE,2
3,1,2,0,4,1,-13.652913,-73.527599,6,5,6,2,6,2,2,0,2023,7,6,1,18,2,2,7586.903,2.0,2,0,1.0,9,5,1198.0,0.3610279270511565,75.90553564458692,72.505773677672,4.428630850462488,408.1802333795878,8562.334047109209,8358.971,1282.451,1298.0969999999998,5778.423,1432.683,6926.288,17.139466089785454,LEVE,2
6,1,8,0,4,1,-12.480327,-74.823946,0,4,0,1,2,2,2,0,2023,7,6,1,19,2,2,7586.903,2.0,2,0,1.0,9,5,1198.0,0.4978126391348558,76.18846528483702,75.15849085403467,8.220987270289033,646.4318586582874,10082.402569593149,8511.426,1445.3929999999996,2008.516,5057.516999999999,1879.579,6631.846999999998,22.08300935706896,LEVE,2
1,1,11,2,4,1,-11.789064,-75.477722,0,4,7,1,2,2,2,0,2023,7,0,0,6,1,2,7586.903,2.0,2,0,1.0,9,5,1198.0,0.5443215482140402,74.6614050586334,74.4966564234059,9.102229116325251,811.0037264425225,3048.115631691649,12264.545,1826.4639999999995,1105.5389999999998,9332.542,1588.5359999999996,10676.009,12.952261987705208,LEVE,2
0,1,21,2,4,1,-5.688564,-77.632204,0,0,7,1,3,2,2,4,2023,7,0,0,8,1,1,7758.33400008,2.0,2,0,1.0,9,20,2133.0,0.395409368693869,74.01814372927417,48.94523443220634,5.029353255237231,594.0921143791977,22212.160599571733,5645.136,815.0759999999999,965.298,3864.762,1013.406,4631.73,17.95184385283189,LEVE,2
2,2,5,0,4,1,-6.739208,-78.576824,0,4,0,0,2,0,1,2,2023,7,0,0,12,3,2,9936.932,2.0,2,0,1.0,9,32,3830.0,0.4526491117658796,79.17132243679694,59.43910685558323,5.161528057531929,710.0305343071761,15625.811563169163,15935.565011852366,1733.9250000199986,935.692,13265.948011832368,2000.1670000199988,13935.398011832369,12.551591352627522,LEVE,2
6,1,7,0,4,1,-13.132637,-72.313473,0,4,0,0,2,2,2,2,2023,7,0,0,13,3,2,3447.8009999999995,1.0,2,3,0.0,9,12,1109.0,0.4706944943299555,76.79406176595778,61.64424635983724,7.141255198110581,653.4175319142125,3282.6252676659524,17779.13499998999,2097.3709999899997,2863.123,12818.640999999989,2878.713,14900.421999989989,16.19152450331032,GRAVE_LESIONADOS,0
6,1,4,2,4,1,-12.763635174289847,-74.00484499669408,0,3,7,0,2,1,0,6,2023,7,0,0,13,3,2,3447.8009999999995,1.0,2,3,0.0,9,12,1109.0,0.1419298702878261,77.29585067427934,36.30362589387266,1.9571661028971743,162.559288463135,3492.053352908123,12678.733000000004,1805.074000000001,1774.0339999999994,9099.625000000004,2485.375000000001,10193.358000000002,19.602707936195205,GRAVE_LESIONADOS,0
6,1,11,0,4,1,-11.78372,-75.57095,0,4,0,1,2,1,1,2,2023,7,0,0,15,3,2,7586.903,2.0,2,0,1.0,9,5,1198.0,0.4766174142212529,69.18958836027122,73.16893608420531,7.974870050709661,677.4285416246566,918.3832976445397,12264.545,1826.4639999999995,1105.5389999999998,9332.542,1588.5359999999996,10676.009,12.952261987705208,GRAVE_MORTALIDAD,1
3,2,12,0,2,4,-8.092430131098,-79.088960963843,0,4,7,1,2,2,2,2,2023,7,0,0,17,3,0,6543.555,2.0,4,4,1.0,14,33,1198.0,0.583006771156836,78.2441938961209,62.24037484511178,8.807312392374042,1028.2282118265089,76607.295503212,8931.828000000005,1335.5899999999997,1935.9830000000004,5660.255000000005,1219.309,7712.519000000005,13.651281686122925,LEVE,2
1,1,20,0,4,0,-14.453074246843151,-70.09179431992087,0,4,7,1,2,2,2,2,2023,8,1,0,5,0,2,6543.555,2.0,4,4,1.0,14,33,1198.0,0.3057414008801379,69.22264670186847,58.33380814660391,5.772116020653216,271.6242449747086,3829.5845824411126,13642.312999999998,2020.7790000000005,2354.117,9267.416999999998,3314.0520000000006,10328.260999999997,24.29244952817019,LEVE,2
3,1,14,2,2,4,-11.9111118,-77.0456108,0,0,7,1,2,1,1,0,2023,8,1,0,11,1,0,6543.555,2.0,4,4,1.0,14,33,1198.0,0.7218926988400113,80.0902077245261,77.9581888264889,10.971588327733102,1458.3206086290393,530000.3426124197,7626.313,1683.4029999999998,1599.0829999999996,4343.827000000001,1814.875,5811.438000000001,23.797541485643197,LEVE,2
5,1,11,0,4,1,-11.5969736,-76.1842489,7,4,0,1,2,1,1,2,2023,8,2,0,9,1,2,875.67,2.0,2,0,1.0,3,14,156.0,0.727764014102057,80.04798576459473,69.54405534495044,10.377666215391256,1632.8207901729563,4146.224839400427,12264.545,1826.4639999999995,1105.5389999999998,9332.542,1588.5359999999996,10676.009,12.952261987705208,LEVE,2
6,1,3,2,3,4,-16.455866,-71.514163,0,4,7,0,3,2,2,0,2023,8,2,0,15,3,0,6543.555,2.0,4,4,1.0,14,33,1198.0,0.6667517543391563,77.72519918989518,79.84779472154914,11.061117097797226,1187.188317676406,87112.27408993576,10322.272,1495.236,1749.739,7077.2970000000005,2886.595,7435.677000000001,27.964725207783708,LEVE,2
3,1,24,2,2,4,-8.390918,-74.550855,0,0,1,1,2,0,1,2,2023,8,2,0,18,2,1,6543.555,2.0,4,4,1.0,14,33,1198.0,0.5634769861561197,73.0016356967691,60.42057392437736,9.668331643433834,987.6889044977592,126065.34475374733,2689.139,392.697,1311.5319999999997,984.91,261.598,2427.541,9.727946379863592,LEVE,2
3,2,10,0,4,1,-14.860932,-74.751047,0,4,0,0,2,2,2,2,2023,8,2,0,23,2,0,2238.6850000000004,2.0,2,0,1.0,4,27,115.0,0.5563774842369664,77.00938809632027,69.10246351364754,8.476961866273152,914.8835608305218,27932.19700214133,3721.461,698.1859999999996,744.866,2278.409,1102.9029999999996,2618.558,29.636290693359403,GRAVE_MORTALIDAD,1
3,2,5,2,4,1,-6.55318,-78.670308,0,3,7,1,2,2,2,2,2023,8,3,0,5,0,2,9936.932,2.0,2,0,1.0,9,32,3830.0,0.4700875779194959,72.66081436888122,64.8808353209258,6.163018167008406,756.997154110016,46090.54817987152,15935.565011852366,1733.9250000199986,935.692,13265.948011832368,2000.1670000199988,13935.398011832369,12.551591352627522,LEVE,2
6,1,4,0,4,2,-13.229184,-74.135973,0,4,7,1,1,2,2,2,2023,8,3,0,12,3,2,6543.555,2.0,4,4,1.0,14,33,1198.0,0.255767705045581,69.85353478576775,47.166217632897386,4.494715865962579,219.4084327442475,5594.807280513919,12678.733000000004,1805.074000000001,1774.0339999999994,9099.625000000004,2485.375000000001,10193.358000000002,19.602707936195205,LEVE,2
3,1,14,2,2,4,-12.19513605,-76.93483296,0,0,1,0,2,2,2,2,2023,8,4,0,6,1,0,6543.555,2.0,4,4,1.0,14,33,1198.0,0.6990481232857558,80.14597904142546,74.3851677794309,10.004397644056358,1432.5044292531525,459161.0728051392,7626.313,1683.4029999999998,1599.0829999999996,4343.827000000001,1814.875,5811.438000000001,23.797541485643197,LEVE,2
3,2,10,0,4,1,-14.783702,-75.026913,0,4,7,1,2,2,2,0,2023,8,4,0,7,1,0,6639.975,2.0,2,0,1.0,9,31,1616.0,0.5563774842369664,77.00938809632027,69.10246351364754,8.476961866273152,914.8835608305218,27932.19700214133,3721.461,698.1859999999996,744.866,2278.409,1102.9029999999996,2618.558,29.636290693359403,LEVE,2
1,1,21,0,4,1,-6.147372,-76.841338,0,4,0,0,2,1,0,0,2023,8,4,0,22,2,1,7758.33400008,2.0,2,0,1.0,9,20,2133.0,0.3492524985551798,73.87945975179423,47.35782955662357,4.584830643679292,457.969668231556,16120.93790149893,5645.136,815.0759999999999,965.298,3864.762,1013.406,4631.73,17.95184385283189,LEVE,2
3,1,20,0,4,1,-15.288784383648624,-69.94655328716178,0,4,7,1,2,2,2,2,2023,8,4,0,23,2,2,1762.84,2.0,1,0,0.0,9,32,485.0,0.3120136684565522,74.56643070176949,67.13828218150482,6.277409990126978,231.9912855577296,12390.518201284798,13642.312999999998,2020.7790000000005,2354.117,9267.416999999998,3314.0520000000006,10328.260999999997,24.29244952817019,LEVE,2
0,1,6,2,2,4,-12.0556569644965,-77.1219702779311,0,0,7,0,2,2,2,4,2023,8,5,1,10,1,0,6543.555,2.0,4,4,1.0,14,33,1198.0,0.5563774842369664,77.00938809632027,69.10246351364754,8.476961866273152,914.8835608305218,27932.19700214133,51.58600000000001,44.68700000000001,6.899000000000001,0.0,49.838000000000015,1.748,96.61148373589734,LEVE,2
6,1,12,0,4,1,-8.0545231,-78.8527548,0,4,7,1,2,2,2,0,2023,8,5,1,10,1,0,610.6099999999999,2.0,2,0,1.0,8,29,100.0,0.5929579484728337,80.24150924632623,64.75837382721711,8.51830466766158,1043.4182142665843,34739.39614561028,8931.828000000005,1335.5899999999997,1935.9830000000004,5660.255000000005,1219.309,7712.519000000005,13.651281686122925,GRAVE_LESIONADOS,0
6,1,7,0,4,1,-14.802238,-71.350976,0,4,0,0,2,1,1,2,2023,8,5,1,16,3,2,1780.161,1.0,1,3,0.0,9,32,490.0,0.553052655456334,69.21726434550523,74.04128761826507,8.709280027519238,977.6848841665504,33976.192719486084,17779.13499998999,2097.3709999899997,2863.123,12818.640999999989,2878.713,14900.421999989989,16.19152450331032,GRAVE_MORTALIDAD,1
0,1,5,0,4,1,-6.47668719728106,-78.9251077084769,0,4,7,0,2,0,1,4,2023,8,5,1,19,2,2,919.085,2.0,2,3,0.0,9,7,218.0,0.2654992518529382,70.41180563073365,40.80906856799879,3.652062959940575,299.1966256007116,8379.012847965738,15935.565011852366,1733.9250000199986,935.692,13265.948011832368,2000.1670000199988,13935.398011832369,12.551591352627522,LEVE,2
6,1,5,0,4,3,-5.379255,-79.103661,0,4,0,0,1,2,2,2,2023,8,5,1,19,2,2,6543.555,2.0,4,4,1.0,14,33,1198.0,0.3226023433426849,74.60374378263101,44.437196593651606,5.145318268291115,344.3915130070877,7049.263383297644,15935.565011852366,1733.9250000199986,935.692,13265.948011832368,2000.1670000199988,13935.398011832369,12.551591352627522,GRAVE_MORTALIDAD,1
1,1,12,0,4,1,-8.5071648,-78.6881899,0,4,7,1,2,2,2,0,2023,8,5,1,20,2,0,6543.555,3.0,2,0,1.0,0,30,1475.0,0.4971504606547645,77.79759708660042,46.44666297237219,6.322206801902116,929.9716106661404,44368.59100642397,8931.828000000005,1335.5899999999997,1935.9830000000004,5660.255000000005,1219.309,7712.519000000005,13.651281686122925,LEVE,2
3,2,3,0,4,1,-16.997859,-72.03163,0,4,7,1,2,1,0,0,2023,8,5,1,23,2,0,1926.94,2.0,2,0,1.0,9,32,393.0,0.6456305778571253,75.67334095395331,77.09261911098552,10.479683603540597,1179.2653123056473,21630.747323340474,10322.272,1495.236,1749.739,7077.2970000000005,2886.595,7435.677000000001,27.964725207783708,GRAVE_LESIONADOS,0
3,3,10,2,4,1,-13.4315352,-76.1342918,0,0,7,1,2,2,2,2,2023,8,5,1,23,2,0,6639.975,2.0,2,0,1.0,9,31,1616.0,0.6055729655078196,80.58213764502653,70.63839631717828,10.391391352220332,938.9082921830436,66625.16488222699,3721.461,698.1859999999996,744.866,2278.409,1102.9029999999996,2618.558,29.636290693359403,GRAVE_LESIONADOS,0
6,1,10,0,4,2,-13.504739,-76.06495,0,4,7,1,2,2,2,0,2023,8,5,1,23,2,0,6543.555,2.0,4,4,1.0,14,33,1198.0,0.533712318797331,79.3365989923595,61.56804543976482,8.261681946790427,816.7917863887187,13863.817987152031,3721.461,698.1859999999996,744.866,2278.409,1102.9029999999996,2618.558,29.636290693359403,LEVE,2
6,1,5,0,4,1,-7.16496347360401,-78.4737130131712,0,4,7,1,2,0,1,2,2023,8,6,1,4,0,2,2760.8550000000005,1.0,1,3,0.0,9,32,1208.0,0.4873182795359782,74.24096566709692,64.6877883123536,6.6248391576573376,776.4319899416191,48280.91862955032,15935.565011852366,1733.9250000199986,935.692,13265.948011832368,2000.1670000199988,13935.398011832369,12.551591352627522,LEVE,2
0,1,20,0,4,1,-15.088072,-69.817338,0,4,7,1,2,2,2,4,2023,8,6,1,9,1,2,1762.84,2.0,1,0,0.0,9,32,485.0,0.4032210196156518,69.57344393979501,70.66462432904875,7.051546041958483,460.5210312161111,14743.678800856533,13642.312999999998,2020.7790000000005,2354.117,9267.416999999998,3314.0520000000006,10328.260999999997,24.29244952817019,LEVE,2
0,1,20,0,4,1,-15.6312643,-70.0863127,0,4,7,1,2,2,2,4,2023,8,6,1,17,3,2,7586.903,2.0,2,0,1.0,9,5,1198.0,0.3646929504779869,74.39003066237748,63.71456574957328,5.594162012040831,387.0285253251433,5552.2119914346895,13642.312999999998,2020.7790000000005,2354.117,9267.416999999998,3314.0520000000006,10328.260999999997,24.29244952817019,LEVE,2
0,1,20,0,4,1,-15.547884511412803,-70.10948559423828,0,4,7,1,2,2,2,4,2023,8,6,1,18,2,2,7586.903,2.0,2,0,1.0,9,5,1198.0,0.3646929504779869,74.39003066237748,63.71456574957328,5.594162012040831,387.0285253251433,5552.2119914346895,13642.312999999998,2020.7790000000005,2354.117,9267.416999999998,3314.0520000000006,10328.260999999997,24.29244952817019,LEVE,2
0,1,14,2,2,4,-12.05378017,-76.96227819,0,0,1,1,2,2,2,0,2023,8,6,1,20,2,0,6543.555,2.0,4,4,1.0,14,33,1198.0,0.6868549636939637,79.62363164345142,76.30894566128948,9.209137883551294,1425.4498631666322,684921.8484148846,7626.313,1683.4029999999998,1599.0829999999996,4343.827000000001,1814.875,5811.438000000001,23.797541485643197,LEVE,2
0,1,11,2,4,1,-11.836148815511407,-75.43634530423623,0,4,7,1,2,0,1,4,2023,8,6,1,20,2,2,196.88,2.0,2,0,1.0,3,32,35.0,0.5103724369507868,73.88155792233682,59.32015972008952,8.771792775786478,780.3419275036085,943.338329764454,12264.545,1826.4639999999995,1105.5389999999998,9332.542,1588.5359999999996,10676.009,12.952261987705208,LEVE,2
0,1,20,0,4,1,-15.891885,-69.887601,0,4,7,1,2,2,2,4,2023,8,6,1,23,2,2,7586.903,2.0,2,0,1.0,9,5,1198.0,0.3492776286092784,69.0024577433395,71.96566663107897,6.507478728969356,328.2181581851397,6084.453961456104,13642.312999999998,2020.7790000000005,2354.117,9267.416999999998,3314.0520000000006,10328.260999999997,24.29244952817019,LEVE,2
1,1,14,2,4,1,-11.938314,-77.071641,0,0,7,1,2,2,2,0,2023,8,0,0,0,0,0,6543.555,3.0,2,0,1.0,0,30,1475.0,0.758462599563312,80.5192231989937,79.20045639149897,11.33839041452458,1628.5661148492152,363987.54389721627,7626.313,1683.4029999999998,1599.0829999999996,4343.827000000001,1814.875,5811.438000000001,23.797541485643197,LEVE,2
6,1,5,0,4,1,-7.16496205023914,-78.4772802028845,0,4,7,1,2,0,1,2,2023,8,0,0,3,0,2,2760.8550000000005,1.0,1,3,0.0,9,32,1208.0,0.4873182795359782,74.24096566709692,64.6877883123536,6.6248391576573376,776.4319899416191,48280.91862955032,15935.565011852366,1733.9250000199986,935.692,13265.948011832368,2000.1670000199988,13935.398011832369,12.551591352627522,LEVE,2
10,1,3,2,4,1,-16.405845,-71.588156,0,0,9,1,4,2,2,0,2023,8,0,0,4,0,0,1504.4250000000002,2.0,2,0,1.0,7,25,241.0,0.6855214685752905,77.55287024349596,78.52978455751916,11.09515988146928,1299.5425610685809,22541.235546038544,10322.272,1495.236,1749.739,7077.2970000000005,2886.595,7435.677000000001,27.964725207783708,LEVE,2
0,1,11,0,4,1,-12.038147,-75.258643,0,4,7,1,2,1,1,4,2023,8,0,0,4,0,2,196.88,2.0,2,0,1.0,3,32,35.0,0.570857606214118,71.93419820356702,79.22395362517479,9.891853727583106,907.4771296679614,20078.124197002144,12264.545,1826.4639999999995,1105.5389999999998,9332.542,1588.5359999999996,10676.009,12.952261987705208,LEVE,2
0,1,14,0,4,1,-12.254212,-76.924951,0,2,7,1,2,2,2,0,2023,8,0,0,6,1,0,6639.975,2.0,2,0,1.0,9,31,1616.0,0.6909236767275176,78.41626133969348,70.97436336767564,9.826485374940413,1476.8351947609171,95908.53319057816,7626.313,1683.4029999999998,1599.0829999999996,4343.827000000001,1814.875,5811.438000000001,23.797541485643197,LEVE,2
3,2,10,2,4,1,-13.699091393151258,-76.15195586319028,0,0,7,1,2,2,2,1,2023,8,0,0,8,1,0,6639.975,2.0,2,0,1.0,9,31,1616.0,0.5696694820585885,76.2909275323045,69.48567446797,9.676838165172294,893.651744105921,19052.702355460384,3721.461,698.1859999999996,744.866,2278.409,1102.9029999999996,2618.558,29.636290693359403,LEVE,2
0,1,3,2,7,4,-16.3937258,-71.5209207,0,0,1,0,2,2,2,0,2023,8,0,0,8,1,0,6543.555,2.0,4,4,1.0,14,33,1198.0,0.6893081609955986,78.72461703282094,81.31677090898836,11.55271371546442,1241.4976449826772,53016.63811563169,10322.272,1495.236,1749.739,7077.2970000000005,2886.595,7435.677000000001,27.964725207783708,LEVE,2
6,1,3,0,4,0,-15.679615,-71.588158,7,4,0,0,2,2,2,0,2023,8,0,0,10,1,0,6543.555,2.0,4,4,1.0,14,33,1198.0,0.5649362269939818,77.38255516262952,62.90799914166011,8.553205457677265,965.713524953966,7715.586723768736,10322.272,1495.236,1749.739,7077.2970000000005,2886.595,7435.677000000001,27.964725207783708,GRAVE_MORTALIDAD,1
0,1,20,0,4,1,-15.477188065467091,-70.13652292797858,0,4,7,1,2,2,2,4,2023,8,0,0,15,3,2,7586.903,2.0,2,0,1.0,9,5,1198.0,0.5225679967471315,73.87568641139362,79.22999870887685,8.745562804731529,728.6643223924281,65445.28409703769,13642.312999999998,2020.7790000000005,2354.117,9267.416999999998,3314.0520000000006,10328.260999999997,24.29244952817019,LEVE,2
6,1,7,0,4,1,-13.136589,-72.303553,4,4,0,0,2,1,1,2,2023,8,0,0,18,2,2,3447.8009999999995,1.0,2,3,0.0,9,12,1109.0,0.4706944943299555,76.79406176595778,61.64424635983724,7.141255198110581,653.4175319142125,3282.6252676659524,17779.13499998999,2097.3709999899997,2863.123,12818.640999999989,2878.713,14900.421999989989,16.19152450331032,GRAVE_MORTALIDAD,1
10,1,14,2,2,4,-12.06408577,-77.03599514,0,0,0,0,2,2,2,0,2023,8,0,0,22,2,0,6543.555,2.0,4,4,1.0,14,33,1198.0,0.7646845961658533,80.23682119426338,77.96082737891015,12.014176158371615,1633.787715186093,250806.0877944326,7626.313,1683.4029999999998,1599.0829999999996,4343.827000000001,1814.875,5811.438000000001,23.797541485643197,LEVE,2
3,2,5,2,4,1,-6.568902,-78.652678,0,4,7,1,2,2,2,2,2023,8,1,0,2,0,2,9936.932,2.0,2,0,1.0,9,32,3830.0,0.4700875779194959,72.66081436888122,64.8808353209258,6.163018167008406,756.997154110016,46090.54817987152,15935.565011852366,1733.9250000199986,935.692,13265.948011832368,2000.1670000199988,13935.398011832369,12.551591352627522,LEVE,2
3,2,3,0,4,1,-16.089422,-71.599746,0,3,0,0,2,2,2,0,2023,8,1,0,9,1,0,1504.4250000000002,2.0,2,0,1.0,7,25,241.0,0.6005060748875158,78.21704200773246,77.40211893847457,8.994742794352394,996.014120858737,33335.45824411135,10322.272,1495.236,1749.739,7077.2970000000005,2886.595,7435.677000000001,27.964725207783708,GRAVE_MORTALIDAD,1
3,2,20,0,4,1,-16.576805909009042,-69.05234449308838,0,4,7,1,2,2,2,2,2023,8,1,0,19,2,2,1529.105,2.0,2,0,1.0,9,21,200.0,0.4241160460464029,74.28732425011668,75.63340579586843,8.070404038634907,431.1198673050291,28095.749464668093,13642.312999999998,2020.7790000000005,2354.117,9267.416999999998,3314.0520000000006,10328.260999999997,24.29244952817019,LEVE,2
3,3,3,0,4,0,-16.542205,-71.710396,0,4,7,1,2,2,2,0,2023,8,1,0,20,2,0,6543.555,2.0,4,4,1.0,14,33,1198.0,0.6105481451420971,78.10653088113892,68.35418098658066,8.411557426919764,1158.5430895193692,35025.678800856535,10322.272,1495.236,1749.739,7077.2970000000005,2886.595,7435.677000000001,27.964725207783708,GRAVE_LESIONADOS,0