CLASE SINIESTRO,CANTIDAD DE VEHICULOS DAÑADOS,DEPARTAMENTO,ZONA,TIPO DE VÍA,RED VIAL,COORDENADAS LATITUD,COORDENADAS  LONGITUD,CONDICIÓN CLIMÁTICA,ZONIFICACIÓN,CARACTERÍSTICAS DE VÍA,PERFIL LONGITUDINAL VÍA,SUPERFICIE DE CALZADA,¿EXISTE SEÑAL VERTICAL?,¿EXISTE SEÑAL HORIZONTAL?,CAUSA FACTOR PRINCIPAL,AÑO,MES,DIA_SEMANA,ES_FIN_SEMANA,HORA_NUM,FRANJA_HORARIA,REGION_NATURAL,MTC_RVN_LONGITUD_KM,MTC_RVN_N_CARRILES_MEDIANA,MTC_RVN_SUPERFICIE_DOMINANTE,MTC_RVN_ESTADO_DOMINANTE,MTC_RVN_ES_CONCESIONADA,MTC_RVN_CONCESION_PRINCIPAL,MTC_RVN_CORREDOR_LOGISTICO,MTC_RVN_N_TRAMOS,IDH_2019,IDH_ESP_VIDA_2019,IDH_EDUC_SECUND_PCT_2019,IDH_ANIOS_EDUC_2019,IDH_INGRESO_PERCAP_2019,IDH_POBLACION_2019,MTC_DEP_RED_TOTAL_KM,MTC_DEP_NACIONAL_TOTAL_KM,MTC_DEP_DEPARTAMENTAL_TOTAL_KM,MTC_DEP_VECINAL_TOTAL_KM,MTC_DEP_PAV_TOTAL_KM,MTC_DEP_NO_PAV_TOTAL_KM,MTC_DEP_PCT_PAVIMENTADA,CATEGORIA_SEVERIDAD,CATEGORIA_SEVERIDAD_ENC
6,1,20,0,4,1,-16.366658,-69.648655,0,4,0,1,2,2,2,5,2023,8,2,0,9,1,2,417.30000000000007,1.0,0,3,0.0,9,32,52.0,0.4138545322335047,72.42365757071663,75.18782800461412,7.422478928805024,440.156451811849,19964.802997858675,13642.312999999998,2020.7790000000005,2354.117,9267.416999999998,3314.0520000000006,10328.260999999997,24.29244952817019,LEVE,2
1,1,12,2,2,4,-8.062354,-79.052461,0,4,1,1,2,2,2,0,2023,8,2,0,11,1,0,6543.555,2.0,4,4,1.0,14,33,1198.0,0.5961574154611067,78.8610661942771,67.40352037574897,9.291971962737568,1010.620438228636,197397.5888650964,8931.828000000005,1335.5899999999997,1935.9830000000004,5660.255000000005,1219.309,7712.519000000005,13.651281686122925,LEVE,2
0,1,10,2,4,1,-14.065311578681898,-75.74055852250488,0,0,7,1,2,2,2,4,2023,8,2,0,11,1,0,6639.975,2.0,2,0,1.0,9,31,1616.0,0.6637216310803388,79.6446050662278,81.37671161983333,11.724811319582514,1084.329233867723,142450.24411134905,3721.461,698.1859999999996,744.866,2278.409,1102.9029999999996,2618.558,29.636290693359403,LEVE,2
6,1,12,0,4,1,-7.992525,-78.672074,0,4,7,1,2,2,2,2,2023,8,2,0,13,3,0,610.6099999999999,2.0,2,0,1.0,8,29,100.0,0.2791284879085741,74.57203044034796,46.6214947625042,4.873477903150793,239.2584269294917,5611.197002141327,8931.828000000005,1335.5899999999997,1935.9830000000004,5660.255000000005,1219.309,7712.519000000005,13.651281686122925,LEVE,2
0,1,11,2,2,4,-12.06247,-75.226215,0,0,1,1,2,1,1,4,2023,8,2,0,14,3,2,6543.555,2.0,4,4,1.0,14,33,1198.0,0.6349620447591086,73.34739425042062,78.85040671556425,11.216598893401857,1118.0127433957432,167365.50535331905,12264.545,1826.4639999999995,1105.5389999999998,9332.542,1588.5359999999996,10676.009,12.952261987705208,LEVE,2
3,1,14,2,2,4,-12.06591763587288,-77.0289471205931,0,0,1,1,2,0,1,2,2023,8,2,0,16,3,0,6543.555,2.0,4,4,1.0,14,33,1198.0,0.7141594849782824,79.90829932185413,74.79179886803175,10.522504814235935,1482.4793645077043,156887.87152034265,7626.313,1683.4029999999998,1599.0829999999996,4343.827000000001,1814.875,5811.438000000001,23.797541485643197,LEVE,2
0,1,14,2,2,4,-11.88095939,-77.02393787,0,3,7,1,2,2,2,0,2023,8,2,0,19,2,0,6543.555,2.0,4,4,1.0,14,33,1198.0,0.6498693508177541,78.84967382596041,74.11456675539837,9.21786785255454,1246.479589064551,356854.23554603854,7626.313,1683.4029999999998,1599.0829999999996,4343.827000000001,1814.875,5811.438000000001,23.797541485643197,LEVE,2
6,1,19,2,2,4,-5.149425,-80.661211,0,4,7,1,2,2,2,2,2023,8,3,0,7,1,0,6543.555,2.0,4,4,1.0,14,33,1198.0,0.6582040223794163,78.74105515718446,77.3206684883171,11.334167841567446,1124.177237253568,178905.3426124197,8965.846000060003,1782.4120000599992,636.9959999999999,6546.438000000004,2214.505000059999,6751.341000000004,24.699342371541725,LEVE,2
6,1,7,0,4,2,-14.23558451152011,-72.01376105569636,0,4,0,1,1,2,2,2,2023,8,3,0,11,1,2,6543.555,2.0,4,4,1.0,14,33,1198.0,0.3582063239468129,73.72125513625039,50.68912238545782,4.370934077592676,495.5648271945098,7210.27408993576,17779.13499998999,2097.3709999899997,2863.123,12818.640999999989,2878.713,14900.421999989989,16.19152450331032,GRAVE_MORTALIDAD,1
6,1,5,2,4,1,-6.948974,-78.587531,0,3,0,0,2,1,1,6,2023,8,3,0,13,3,2,9936.932,2.0,2,0,1.0,9,32,3830.0,0.6070175276741574,73.19224654097276,74.29530430690215,9.490386956642766,1117.141592366869,257380.9443254818,15935.565011852366,1733.9250000199986,935.692,13265.948011832368,2000.1670000199988,13935.398011832369,12.551591352627522,LEVE,2
0,1,12,0,4,1,-8.185764355887535,-78.98288525198979,0,4,7,1,2,2,2,0,2023,8,3,0,17,3,0,6543.555,3.0,2,0,1.0,0,30,1475.0,0.5704872313485707,78.73040511828864,66.00991236238886,8.931371175352043,922.6441961800402,20630.58672376873,8931.828000000005,1335.5899999999997,1935.9830000000004,5660.255000000005,1219.309,7712.519000000005,13.651281686122925,LEVE,2
1,1,3,0,4,3,-16.32006,-72.226962,0,4,7,1,2,2,2,0,2023,8,3,0,18,2,0,6543.555,2.0,4,4,1.0,14,33,1198.0,0.6077843615696785,76.53072135400231,69.81276959706165,8.77367759087771,1135.5159013374655,74658.55888650964,10322.272,1495.236,1749.739,7077.2970000000005,2886.595,7435.677000000001,27.964725207783708,LEVE,2
0,1,23,2,4,1,-3.485689527449056,-80.26095216958024,0,4,7,1,2,2,2,4,2023,8,3,0,19,2,0,6543.555,3.0,2,0,1.0,0,30,1475.0,0.4809550242578706,73.07176248806164,62.28512716598154,7.343272081128487,729.1613405110833,22758.41541755889,1009.101,138.47399999999996,287.471,583.156,276.972,732.129,27.447401201663663,LEVE,2
6,1,1,0,4,1,-9.8028391,-77.434473,0,4,7,1,4,2,2,1,2023,8,3,0,19,2,2,9936.932,2.0,2,0,1.0,9,32,3830.0,0.4654799331603382,71.10800342011737,71.6956954286478,8.000201643545543,613.215156662713,3873.366167023554,10767.648,1885.0630000000003,1222.721,7659.864000000001,2100.343,8667.305000000002,19.506051832303577,LEVE,2
0,1,14,2,2,4,-12.06113015,-77.05892623,0,0,1,1,2,1,1,0,2023,8,4,0,9,1,0,6543.555,2.0,4,4,1.0,14,33,1198.0,0.8121144527422384,79.97904399655734,78.94895329190118,12.90572492982067,1868.6660163168403,75598.19486081369,7626.313,1683.4029999999998,1599.0829999999996,4343.827000000001,1814.875,5811.438000000001,23.797541485643197,LEVE,2
6,1,8,0,4,1,-13.056297002408078,-74.4744832112558,0,4,0,1,2,2,2,0,2023,8,4,0,13,3,2,943.58,1.0,1,0,0.0,9,32,135.0,0.2922647045334091,72.81327396061133,63.043589090455136,5.592227854112719,223.2024614738898,3862.5032119914345,8511.426,1445.3929999999996,2008.516,5057.516999999999,1879.579,6631.846999999998,22.08300935706896,GRAVE_MORTALIDAD,1
0,1,7,2,4,1,-13.681952,-71.656624,0,0,7,0,2,1,1,2,2023,8,4,0,18,2,2,7586.903,2.0,2,0,1.0,9,5,1198.0,0.4283714433870919,66.43187764474756,58.40915961759468,7.113360857534741,635.2250698338239,4265.441113490365,17779.13499998999,2097.3709999899997,2863.123,12818.640999999989,2878.713,14900.421999989989,16.19152450331032,LEVE,2
10,1,21,0,4,1,-6.048827,-77.041165,0,4,7,1,2,0,0,2,2023,8,5,1,16,3,1,7758.33400008,2.0,2,0,1.0,9,20,2133.0,0.5294800468051228,72.46713251445857,60.50982579904599,7.757161651692042,952.984823255978,86435.21199143468,5645.136,815.0759999999999,965.298,3864.762,1013.406,4631.73,17.95184385283189,LEVE,2
0,1,8,0,4,0,-12.512357,-75.196236,0,4,0,0,7,2,2,4,2023,8,5,1,19,2,2,6543.555,2.0,4,4,1.0,14,33,1198.0,0.2262367303746667,61.59940068530968,51.2433098506205,5.667938018019632,160.24759042555286,2079.06852248394,8511.426,1445.3929999999996,2008.516,5057.516999999999,1879.579,6631.846999999998,22.08300935706896,LEVE,2
6,1,14,0,4,1,-11.1954,-77.56842,0,4,7,1,2,2,2,2,2023,8,5,1,22,2,0,6543.555,3.0,2,0,1.0,0,30,1475.0,0.7327345537337897,78.20903814342847,76.31492653513806,13.642917835589472,1405.6698219039215,62016.21841541756,7626.313,1683.4029999999998,1599.0829999999996,4343.827000000001,1814.875,5811.438000000001,23.797541485643197,LEVE,2
3,2,10,2,4,1,-14.8394228,-74.9423241,0,0,7,1,2,1,0,0,2023,8,5,1,23,2,0,6639.975,2.0,2,0,1.0,9,31,1616.0,0.5563774842369664,77.00938809632027,69.10246351364754,8.476961866273152,914.8835608305218,27932.19700214133,3721.461,698.1859999999996,744.866,2278.409,1102.9029999999996,2618.558,29.636290693359403,LEVE,2
3,2,12,2,4,1,-8.0329711,-79.0804674,0,0,7,1,2,2,2,2,2023,8,6,1,1,0,0,6543.555,3.0,2,0,1.0,0,30,1475.0,0.583006771156836,78.2441938961209,62.24037484511178,8.807312392374042,1028.2282118265089,76607.295503212,8931.828000000005,1335.5899999999997,1935.9830000000004,5660.255000000005,1219.309,7712.519000000005,13.651281686122925,LEVE,2
6,1,3,0,4,0,-15.6490883,-71.6446263,0,4,0,0,2,0,1,0,2023,8,6,1,2,0,0,6543.555,2.0,4,4,1.0,14,33,1198.0,0.5325761945469989,81.34951653829121,50.97523181639888,6.867251361766504,964.6116839691138,2104.1584582441114,10322.272,1495.236,1749.739,7077.2970000000005,2886.595,7435.677000000001,27.964725207783708,GRAVE_MORTALIDAD,1
6,1,4,0,4,0,-14.518665844490448,-74.7519429356811,5,4,5,1,7,2,2,0,2023,8,6,1,2,0,2,6543.555,2.0,4,4,1.0,14,33,1198.0,0.4381417939413102,68.47619201762099,50.55018200909108,6.262637825457045,752.8731521340686,2470.81584582441,12678.733000000004,1805.074000000001,1774.0339999999994,9099.625000000004,2485.375000000001,10193.358000000002,19.602707936195205,GRAVE_MORTALIDAD,1
1,1,12,0,4,1,-7.310491,-79.480824,0,4,7,1,2,2,2,0,2023,8,6,1,4,0,0,6543.555,3.0,2,0,1.0,0,30,1475.0,0.5650979329787121,81.32490571897102,68.6769211482833,7.868096912305706,909.6843705053026,43897.946466809415,8931.828000000005,1335.5899999999997,1935.9830000000004,5660.255000000005,1219.309,7712.519000000005,13.651281686122925,LEVE,2
3,1,14,2,4,1,-12.011613,-76.876304,0,0,7,0,2,2,2,0,2023,8,6,1,5,0,0,875.67,2.0,2,0,1.0,3,14,156.0,0.6868549636939637,79.62363164345142,76.30894566128948,9.209137883551294,1425.4498631666322,684921.8484148846,7626.313,1683.4029999999998,1599.0829999999996,4343.827000000001,1814.875,5811.438000000001,23.797541485643197,LEVE,2
1,1,8,2,4,1,-12.785869610041884,-74.9853052101463,7,3,7,1,4,2,2,0,2023,8,6,1,8,1,2,1482.81,1.0,1,3,0.0,9,16,270.0,0.6115577679846016,69.4715106582134,81.41341310644326,10.846605635197736,1091.214473177582,41539.0278372591,8511.426,1445.3929999999996,2008.516,5057.516999999999,1879.579,6631.846999999998,22.08300935706896,LEVE,2
0,1,21,0,4,1,-6.0456143,-76.9572332,0,4,7,1,2,2,2,4,2023,8,6,1,20,2,1,7758.33400008,2.0,2,0,1.0,9,20,2133.0,0.5294800468051228,72.46713251445857,60.50982579904599,7.757161651692042,952.984823255978,86435.21199143468,5645.136,815.0759999999999,965.298,3864.762,1013.406,4631.73,17.95184385283189,LEVE,2
0,1,14,2,6,4,-12.06071248,-77.02647054,0,0,7,1,2,2,2,0,2023,8,0,0,6,1,0,6543.555,2.0,4,4,1.0,14,33,1198.0,0.7141594849782824,79.90829932185413,74.79179886803175,10.522504814235935,1482.4793645077043,156887.87152034265,7626.313,1683.4029999999998,1599.0829999999996,4343.827000000001,1814.875,5811.438000000001,23.797541485643197,LEVE,2
1,1,20,0,4,1,-15.2800847871392,-70.25835701403417,7,4,7,1,2,2,2,2,2023,8,0,0,6,1,2,7586.903,2.0,2,0,1.0,9,5,1198.0,0.289549626938555,77.56938441814937,61.26176615135224,5.519427583790393,205.49658062526288,1447.8907922912204,13642.312999999998,2020.7790000000005,2354.117,9267.416999999998,3314.0520000000006,10328.260999999997,24.29244952817019,LEVE,2
1,1,5,2,2,4,-7.17160617453749,-78.5011379431128,0,1,7,1,4,2,2,0,2023,8,0,0,11,1,2,6543.555,2.0,4,4,1.0,14,33,1198.0,0.6070175276741574,73.19224654097276,74.29530430690215,9.490386956642766,1117.141592366869,257380.9443254818,15935.565011852366,1733.9250000199986,935.692,13265.948011832368,2000.1670000199988,13935.398011832369,12.551591352627522,LEVE,2
0,1,11,2,8,4,-12.104998,-75.189626,0,4,1,1,7,2,2,4,2023,8,0,0,12,3,2,6543.555,2.0,4,4,1.0,14,33,1198.0,0.4928687519261139,71.44878444957367,71.38203536953866,8.536671990950516,690.1106839322879,26022.21199143469,12264.545,1826.4639999999995,1105.5389999999998,9332.542,1588.5359999999996,10676.009,12.952261987705208,GRAVE_MORTALIDAD,1
3,1,14,2,2,4,-12.19676413,-76.93102825,0,3,1,0,2,2,2,0,2023,8,0,0,23,2,0,6543.555,2.0,4,4,1.0,14,33,1198.0,0.689811994580126,79.88015655965044,73.89553442371854,9.755251380104111,1409.8432274455126,452660.364025696,7626.313,1683.4029999999998,1599.0829999999996,4343.827000000001,1814.875,5811.438000000001,23.797541485643197,LEVE,2
0,1,12,2,2,4,-8.088121750898472,-79.04217512570484,0,0,7,1,2,2,2,0,2023,8,2,0,15,3,0,6543.555,2.0,4,4,1.0,14,33,1198.0,0.7151155191839451,79.57652607829836,77.25576500264712,11.809756866444314,1377.9438475528384,331253.00214132766,8931.828000000005,1335.5899999999997,1935.9830000000004,5660.255000000005,1219.309,7712.519000000005,13.651281686122925,LEVE,2
3,1,14,2,4,1,-12.03279648,-77.00686784,0,0,7,1,2,1,0,0,2023,8,2,0,15,3,0,6543.555,3.0,2,0,1.0,0,30,1475.0,0.6970617810314195,81.40501156526744,73.5715154770137,9.635174408411393,1428.892506292977,203379.9271948608,7626.313,1683.4029999999998,1599.0829999999996,4343.827000000001,1814.875,5811.438000000001,23.797541485643197,LEVE,2
1,1,7,0,4,0,-13.453967,-72.172408,0,4,7,1,1,2,2,4,2023,8,3,0,3,0,2,6543.555,2.0,4,4,1.0,14,33,1198.0,0.4461630003962475,73.21502670801013,72.39928330950325,7.637017072327872,534.399353077353,18328.770877944324,17779.13499998999,2097.3709999899997,2863.123,12818.640999999989,2878.713,14900.421999989989,16.19152450331032,LEVE,2
0,1,14,2,2,4,-12.16908081,-77.02416704,0,0,7,1,2,1,1,0,2023,8,3,0,11,1,0,6543.555,2.0,4,4,1.0,14,33,1198.0,0.7583553928164398,79.82595632107274,76.7651270103073,11.46351379457763,1662.7771470294065,333655.3618843683,7626.313,1683.4029999999998,1599.0829999999996,4343.827000000001,1814.875,5811.438000000001,23.797541485643197,LEVE,2
3,2,22,2,2,4,-18.063487,-70.244533,0,3,7,1,2,2,2,2,2023,8,3,0,16,3,0,6543.555,2.0,4,4,1.0,14,33,1198.0,0.5563774842369664,77.00938809632027,69.10246351364754,8.476961866273152,914.8835608305218,27932.19700214133,2650.572,630.6729999999998,487.3610000000001,1532.5379999999998,1068.7019999999998,1581.87,40.31967439480987,LEVE,2
6,1,1,0,4,0,-9.11631795749561,-77.0125629805175,0,4,0,0,2,2,2,0,2023,8,3,0,20,2,2,6543.555,2.0,4,4,1.0,14,33,1198.0,0.4187265150092871,70.13433136460328,65.25862771938598,7.528405383066551,503.8791059365167,3118.8329764453965,10767.648,1885.0630000000003,1222.721,7659.864000000001,2100.343,8667.305000000002,19.506051832303577,LEVE,2
3,2,4,0,4,1,-13.2414766332626,-74.2421803968009,0,4,0,0,2,1,1,2,2023,8,4,0,4,0,2,7586.903,2.0,2,0,1.0,9,5,1198.0,0.2405484316751653,71.98659302305484,45.34845265313056,3.3357325823638946,232.83673864944643,6594.370449678801,12678.733000000004,1805.074000000001,1774.0339999999994,9099.625000000004,2485.375000000001,10193.358000000002,19.602707936195205,LEVE,2
0,1,6,2,2,4,-12.0641523,-77.138997717,0,0,7,1,2,0,1,2,2023,8,4,0,6,1,0,6543.555,2.0,4,4,1.0,14,33,1198.0,0.5563774842369664,77.00938809632027,69.10246351364754,8.476961866273152,914.8835608305218,27932.19700214133,51.58600000000001,44.68700000000001,6.899000000000001,0.0,49.838000000000015,1.748,96.61148373589734,LEVE,2
3,3,14,0,4,1,-11.13922,-77.59708,0,4,7,0,2,2,2,2,2023,8,4,0,7,1,0,6543.555,3.0,2,0,1.0,0,30,1475.0,0.7327345537337897,78.20903814342847,76.31492653513806,13.642917835589472,1405.6698219039215,62016.21841541756,7626.313,1683.4029999999998,1599.0829999999996,4343.827000000001,1814.875,5811.438000000001,23.797541485643197,GRAVE_MORTALIDAD,1
1,1,12,0,4,1,-7.2212559,-79.4367383,0,4,7,1,2,2,2,0,2023,8,4,0,9,1,0,6543.555,3.0,2,0,1.0,0,30,1475.0,0.5885704819472196,78.81449187577415,72.29060549742594,8.763210867480462,976.1586325354776,48424.389721627405,8931.828000000005,1335.5899999999997,1935.9830000000004,5660.255000000005,1219.309,7712.519000000005,13.651281686122925,LEVE,2
3,2,7,0,4,2,-13.573730458131154,-72.0708120660588,0,4,1,1,2,2,2,2,2023,8,4,0,15,3,2,6543.555,2.0,4,4,1.0,14,33,1198.0,0.2349175362492153,69.31604545189973,58.48906677189981,3.220540004961413,213.86838221038107,2139.4325481798714,17779.13499998999,2097.3709999899997,2863.123,12818.640999999989,2878.713,14900.421999989989,16.19152450331032,LEVE,2
5,2,0,0,4,1,-5.738525,-78.46117,0,4,7,1,2,2,2,0,2023,8,4,0,18,2,1,7758.33400008,2.0,2,0,1.0,9,20,2133.0,0.5093941769436129,71.57902961898438,67.85872080070428,6.917165916360374,883.7235526008442,50553.44111349037,3903.732,1155.121,585.018,2163.5930000000003,943.591,2960.1410000000005,24.17151074920102,LEVE,2
0,1,10,2,4,1,-14.531977,-75.190298,0,0,7,1,2,1,1,0,2023,8,4,0,20,2,0,6639.975,2.0,2,0,1.0,9,31,1616.0,0.6181901975175671,81.11121526884828,81.4570999718351,9.588458879563897,966.6199420714054,6820.845824411133,3721.461,698.1859999999996,744.866,2278.409,1102.9029999999996,2618.558,29.636290693359403,LEVE,2
3,2,24,2,4,0,-8.358456,-74.572729,0,1,1,1,4,1,1,2,2023,8,4,0,21,2,1,6543.555,2.0,4,4,1.0,14,33,1198.0,0.5478371208327225,74.17370407104559,60.31222796205821,9.40140543765922,905.3304073844272,113671.11777301929,2689.139,392.697,1311.5319999999997,984.91,261.598,2427.541,9.727946379863592,LEVE,2
6,1,14,2,2,4,-12.30408959,-76.84316617,0,4,0,1,2,2,2,0,2023,8,4,0,21,2,0,6543.555,2.0,4,4,1.0,14,33,1198.0,0.6909236767275176,78.41626133969348,70.97436336767564,9.826485374940413,1476.8351947609171,95908.53319057816,7626.313,1683.4029999999998,1599.0829999999996,4343.827000000001,1814.875,5811.438000000001,23.797541485643197,LEVE,2
6,1,21,0,4,1,-6.186515,-77.115986,0,4,7,1,1,2,2,2,2023,8,5,1,0,0,1,2760.8550000000005,1.0,1,3,0.0,9,32,1208.0,0.4209273482033048,73.3551698063197,46.02617740809915,5.54816545192792,689.4538596354846,31717.576017130617,5645.136,815.0759999999999,965.298,3864.762,1013.406,4631.73,17.95184385283189,LEVE,2
6,1,8,0,4,1,-13.607447,-75.322182,0,4,0,1,2,1,1,0,2023,8,5,1,2,0,2,1679.5849999999998,2.0,2,3,1.0,9,24,315.0,0.5258594244692153,73.82156528983522,52.91202227434253,8.902806700766412,891.2832603689374,2062.0406852248398,8511.426,1445.3929999999996,2008.516,5057.516999999999,1879.579,6631.846999999998,22.08300935706896,GRAVE_MORTALIDAD,1
3,2,10,0,4,1,-13.386086,-76.202713,0,4,7,1,2,1,0,2,2023,8,5,1,5,0,0,6639.975,2.0,2,0,1.0,9,31,1616.0,0.5736744275518083,81.67473861808857,68.1608574885675,9.138785887908334,865.1176766860625,26660.92933618844,3721.461,698.1859999999996,744.866,2278.409,1102.9029999999996,2618.558,29.636290693359403,GRAVE_MORTALIDAD,1
3,1,14,2,2,4,-11.98315509838056,-77.07966002674941,0,0,7,1,2,2,2,2,2023,8,5,1,7,1,0,6543.555,2.0,4,4,1.0,14,33,1198.0,0.758462599563312,80.5192231989937,79.20045639149897,11.33839041452458,1628.5661148492152,363987.54389721627,7626.313,1683.4029999999998,1599.0829999999996,4343.827000000001,1814.875,5811.438000000001,23.797541485643197,LEVE,2
3,2,12,0,4,1,-7.980411,-78.23678,0,4,7,1,2,2,2,0,2023,8,5,1,11,1,0,9936.932,2.0,2,0,1.0,9,32,3830.0,0.4320883936567258,76.718936301794,43.003289188979466,6.269065613037991,662.0777072841523,13167.552462526766,8931.828000000005,1335.5899999999997,1935.9830000000004,5660.255000000005,1219.309,7712.519000000005,13.651281686122925,GRAVE_LESIONADOS,0
6,1,5,0,4,2,-5.66558041295737,-79.0916595526818,0,4,0,1,1,2,2,2,2023,8,5,1,12,3,2,6543.555,2.0,4,4,1.0,14,33,1198.0,0.3294926322969732,75.20380997997789,41.084620424788966,5.301073092918246,366.1102036540754,9195.327623126335,15935.565011852366,1733.9250000199986,935.692,13265.948011832368,2000.1670000199988,13935.398011832369,12.551591352627522,GRAVE_MORTALIDAD,1
0,1,15,2,3,4,-3.720048,-73.23984,7,0,7,1,4,2,2,0,2023,8,5,1,15,3,1,6543.555,2.0,4,4,1.0,14,33,1198.0,0.5706668125918415,75.09964516635742,53.96567614691405,10.363459721608116,996.7055119355156,86909.8886509636,1095.5949999999998,128.87099999999998,320.74700000000007,645.9769999999999,274.214,821.381,25.02877431897737,LEVE,2
6,1,10,0,4,3,-14.352133,-75.703062,0,4,2,0,7,2,2,0,2023,8,6,1,14,3,0,6543.555,2.0,4,4,1.0,14,33,1198.0,0.5597895453971934,76.95183720073376,71.12912413701868,8.50009888760377,897.0281518406789,4083.52034261242,3721.461,698.1859999999996,744.866,2278.409,1102.9029999999996,2618.558,29.636290693359403,LEVE,2
1,1,14,2,2,4,-12.02564931,-76.90920613,0,1,1,1,2,2,2,0,2023,8,6,1,15,3,0,6543.555,2.0,4,4,1.0,14,33,1198.0,0.6868549636939637,79.62363164345142,76.30894566128948,9.209137883551294,1425.4498631666322,684921.8484148846,7626.313,1683.4029999999998,1599.0829999999996,4343.827000000001,1814.875,5811.438000000001,23.797541485643197,LEVE,2
1,1,0,0,4,1,-5.816503,-78.312683,7,4,7,1,2,1,1,0,2023,8,6,1,15,3,1,7758.33400008,2.0,2,0,1.0,9,20,2133.0,0.5093941769436129,71.57902961898438,67.85872080070428,6.917165916360374,883.7235526008442,50553.44111349037,3903.732,1155.121,585.018,2163.5930000000003,943.591,2960.1410000000005,24.17151074920102,LEVE,2
0,1,14,2,2,4,-12.001226580551332,-77.00844749726086,0,0,7,1,2,0,1,2,2023,8,6,1,17,3,0,6543.555,2.0,4,4,1.0,14,33,1198.0,0.701053025277506,79.62867561460851,73.1469484600971,10.064317505194426,1464.6926161541437,1150285.0494171206,7626.313,1683.4029999999998,1599.0829999999996,4343.827000000001,1814.875,5811.438000000001,23.797541485643197,LEVE,2
0,1,7,2,4,1,-13.466273,-72.139682,0,0,0,1,2,1,1,6,2023,8,6,1,19,2,2,7586.903,2.0,2,0,1.0,9,5,1198.0,0.4461630003962475,73.21502670801013,72.39928330950325,7.637017072327872,534.399353077353,18328.770877944324,17779.13499998999,2097.3709999899997,2863.123,12818.640999999989,2878.713,14900.421999989989,16.19152450331032,LEVE,2
0,1,12,0,4,1,-8.381431,-78.857272,0,4,7,1,2,2,2,0,2023,8,6,1,22,2,0,6543.555,3.0,2,0,1.0,0,30,1475.0,0.5051395598219868,77.13285387085847,51.52067479184955,6.715328807318118,900.900383457586,67612.41755888652,8931.828000000005,1335.5899999999997,1935.9830000000004,5660.255000000005,1219.309,7712.519000000005,13.651281686122925,LEVE,2
3,2,21,0,4,1,-6.093996,-77.087282,0,4,7,1,2,2,2,2,2023,8,0,0,2,0,1,2760.8550000000005,1.0,1,3,0.0,9,32,1208.0,0.4911852204744946,74.58350394796228,48.89321494219574,5.776343166785534,990.3109979496146,1878.9700214132763,5645.136,815.0759999999999,965.298,3864.762,1013.406,4631.73,17.95184385283189,GRAVE_MORTALIDAD,1
0,1,12,2,4,1,-8.138208,-79.015506,0,0,7,1,2,2,2,0,2023,8,0,0,13,3,0,6543.555,3.0,2,0,1.0,0,30,1475.0,0.7151155191839451,79.57652607829836,77.25576500264712,11.809756866444314,1377.9438475528384,331253.00214132766,8931.828000000005,1335.5899999999997,1935.9830000000004,5660.255000000005,1219.309,7712.519000000005,13.651281686122925,LEVE,2
0,3,5,0,4,1,-6.530502,-79.07664,5,4,0,0,2,1,1,2,2023,8,1,0,2,0,2,919.085,2.0,2,3,0.0,9,7,218.0,0.4198705264500552,71.07710978950026,66.58810225494344,5.455993657128185,608.8154659157517,7079.2912205567445,15935.565011852366,1733.9250000199986,935.692,13265.948011832368,2000.1670000199988,13935.398011832369,12.551591352627522,LEVE,2
0,1,14,2,2,4,-12.18818487,-76.98271302,0,3,0,0,2,2,2,0,2023,8,1,0,15,3,0,6543.555,2.0,4,4,1.0,14,33,1198.0,0.7583553928164398,79.82595632107274,76.7651270103073,11.46351379457763,1662.7771470294065,333655.3618843683,7626.313,1683.4029999999998,1599.0829999999996,4343.827000000001,1814.875,5811.438000000001,23.797541485643197,LEVE,2
3,1,14,2,2,4,-12.18911486,-77.00724272,0,0,0,1,2,2,2,0,2023,8,2,0,6,1,0,6543.555,2.0,4,4,1.0,14,33,1198.0,0.7583553928164398,79.82595632107274,76.7651270103073,11.46351379457763,1662.7771470294065,333655.3618843683,7626.313,1683.4029999999998,1599.0829999999996,4343.827000000001,1814.875,5811.438000000001,23.797541485643197,LEVE,2
6,1,7,0,4,2,-14.113432,-71.144355,0,4,7,0,1,1,0,2,2023,8,2,0,17,3,2,6543.555,2.0,4,4,1.0,14,33,1198.0,0.3429990955037023,73.73981737249511,67.03441544896094,5.348378646997144,334.18752502890294,4044.237687366168,17779.13499998999,2097.3709999899997,2863.123,12818.640999999989,2878.713,14900.421999989989,16.19152450331032,LEVE,2
0,1,8,0,4,0,-12.690765788423562,-74.6148911327099,0,4,7,1,2,2,2,0,2023,8,2,0,18,2,2,6543.555,2.0,4,4,1.0,14,33,1198.0,0.1970301566869,72.13710828520209,44.34919107180657,4.4031612824594415,119.16938006047737,4717.710920770877,8511.426,1445.3929999999996,2008.516,5057.516999999999,1879.579,6631.846999999998,22.08300935706896,LEVE,2
3,2,10,2,4,1,-14.848469,-74.950771,0,0,7,1,2,1,1,2,2023,8,2,0,19,2,0,6639.975,2.0,2,0,1.0,9,31,1616.0,0.5563774842369664,77.00938809632027,69.10246351364754,8.476961866273152,914.8835608305218,27932.19700214133,3721.461,698.1859999999996,744.866,2278.409,1102.9029999999996,2618.558,29.636290693359403,LEVE,2