CLASE SINIESTRO,CANTIDAD DE VEHICULOS DAÑADOS,DEPARTAMENTO,ZONA,TIPO DE VÍA,RED VIAL,COORDENADAS LATITUD,COORDENADAS  LONGITUD,CONDICIÓN CLIMÁTICA,ZONIFICACIÓN,CARACTERÍSTICAS DE VÍA,PERFIL LONGITUDINAL VÍA,SUPERFICIE DE CALZADA,¿EXISTE SEÑAL VERTICAL?,¿EXISTE SEÑAL HORIZONTAL?,CAUSA FACTOR PRINCIPAL,AÑO,MES,DIA_SEMANA,ES_FIN_SEMANA,HORA_NUM,FRANJA_HORARIA,REGION_NATURAL,MTC_RVN_LONGITUD_KM,MTC_RVN_N_CARRILES_MEDIANA,MTC_RVN_SUPERFICIE_DOMINANTE,MTC_RVN_ESTADO_DOMINANTE,MTC_RVN_ES_CONCESIONADA,MTC_RVN_CONCESION_PRINCIPAL,MTC_RVN_CORREDOR_LOGISTICO,MTC_RVN_N_TRAMOS,IDH_2019,IDH_ESP_VIDA_2019,IDH_EDUC_SECUND_PCT_2019,IDH_ANIOS_EDUC_2019,IDH_INGRESO_PERCAP_2019,IDH_POBLACION_2019,MTC_DEP_RED_TOTAL_KM,MTC_DEP_NACIONAL_TOTAL_KM,MTC_DEP_DEPARTAMENTAL_TOTAL_KM,MTC_DEP_VECINAL_TOTAL_KM,MTC_DEP_PAV_TOTAL_KM,MTC_DEP_NO_PAV_TOTAL_KM,MTC_DEP_PCT_PAVIMENTADA,CATEGORIA_SEVERIDAD,CATEGORIA_SEVERIDAD_ENC
6,1,12,0,4,1,-8.515026,-77.292021,0,4,7,1,7,2,2,0,2023,9,6,1,17,3,0,1688.589,1.0,1,3,0.0,9,32,287.0,0.2315675747978999,79.97397266360144,36.77336878219674,4.21018291119795,168.72011949197312,6013.9743040685225,8931.828000000005,1335.5899999999997,1935.9830000000004,5660.255000000005,1219.309,7712.519000000005,13.651281686122925,LEVE,2
0,1,20,0,4,1,-15.94125,-69.862361,0,4,7,1,2,2,2,4,2023,9,6,1,21,2,2,7586.903,2.0,2,0,1.0,9,5,1198.0,0.2884525097354768,64.20597588940076,72.15764778998134,7.048790399873092,210.31224233114625,7037.970021413275,13642.312999999998,2020.7790000000005,2354.117,9267.416999999998,3314.0520000000006,10328.260999999997,24.29244952817019,LEVE,2
6,1,8,0,4,1,-12.58887799532532,-74.68519139948599,0,4,0,0,7,2,2,0,2023,9,0,0,1,0,2,7586.903,2.0,2,0,1.0,9,5,1198.0,0.1873637841039717,59.12123702937416,59.82158346676752,3.7283267324244393,135.02884691632562,1555.0,8511.426,1445.3929999999996,2008.516,5057.516999999999,1879.579,6631.846999999998,22.08300935706896,GRAVE_MORTALIDAD,1
10,1,7,2,4,1,-14.2481248689667,-71.2390992764435,0,3,7,1,2,0,1,2,2023,9,0,0,3,0,2,7586.903,2.0,2,0,1.0,9,5,1198.0,0.5265643824923771,76.3202150422939,72.59240802938885,8.636399400985075,746.7361126929013,59032.11777301927,17779.13499998999,2097.3709999899997,2863.123,12818.640999999989,2878.713,14900.421999989989,16.19152450331032,LEVE,2
6,1,7,0,4,2,-13.54554,-72.014757,0,4,7,0,2,2,2,2,2023,9,0,0,11,1,2,6543.555,2.0,4,4,1.0,14,33,1198.0,0.659083927657813,75.61465237849653,81.09709385188002,11.294406746128049,1171.1134172238742,122604.71092077089,17779.13499998999,2097.3709999899997,2863.123,12818.640999999989,2878.713,14900.421999989989,16.19152450331032,LEVE,2
0,1,12,2,2,4,-8.08722418120818,-79.0330512838194,0,4,7,1,2,2,2,0,2023,9,0,0,16,3,0,6543.555,2.0,4,4,1.0,14,33,1198.0,0.5961574154611067,78.8610661942771,67.40352037574897,9.291971962737568,1010.620438228636,197397.5888650964,8931.828000000005,1335.5899999999997,1935.9830000000004,5660.255000000005,1219.309,7712.519000000005,13.651281686122925,LEVE,2
7,1,4,0,4,1,-13.340325,-74.43667,0,4,7,1,2,1,0,2,2023,9,0,0,20,2,2,1679.5849999999998,2.0,2,3,1.0,9,24,315.0,0.1859776092837948,69.85250115366037,39.77024304701982,3.1640035399309645,143.5227500887571,15617.884368308352,12678.733000000004,1805.074000000001,1774.0339999999994,9099.625000000004,2485.375000000001,10193.358000000002,19.602707936195205,LEVE,2
0,1,20,2,4,1,-15.485922,-70.124254,0,0,7,1,2,2,2,6,2023,9,0,0,23,2,2,7586.903,2.0,2,0,1.0,9,5,1198.0,0.5759734352119,73.55929462493827,78.89306383943827,10.174966342239475,888.1716010638444,232834.39603082248,13642.312999999998,2020.7790000000005,2354.117,9267.416999999998,3314.0520000000006,10328.260999999997,24.29244952817019,LEVE,2
3,1,14,2,6,4,-12.05112478,-77.03211089,0,0,1,1,2,2,2,2,2023,9,1,0,6,1,0,6543.555,2.0,4,4,1.0,14,33,1198.0,0.7646845961658533,80.23682119426338,77.96082737891015,12.014176158371615,1633.787715186093,250806.0877944326,7626.313,1683.4029999999998,1599.0829999999996,4343.827000000001,1814.875,5811.438000000001,23.797541485643197,LEVE,2
2,1,14,2,4,1,-12.144557,-76.981742,0,0,7,1,2,2,2,0,2023,9,1,0,8,1,0,6639.975,2.0,2,0,1.0,9,31,1616.0,0.7289998534947872,80.50926319493618,76.9124822838204,10.358587270463827,1551.106643515347,384728.5117773019,7626.313,1683.4029999999998,1599.0829999999996,4343.827000000001,1814.875,5811.438000000001,23.797541485643197,LEVE,2
0,1,12,0,4,0,-8.336584689070525,-78.20781891674532,0,4,7,1,7,2,2,2,2023,9,1,0,17,3,0,6543.555,2.0,4,4,1.0,14,33,1198.0,0.3206757529914507,75.21333323806027,45.341846366223095,5.318686972331122,324.76888338207965,18794.94860813704,8931.828000000005,1335.5899999999997,1935.9830000000004,5660.255000000005,1219.309,7712.519000000005,13.651281686122925,LEVE,2
1,1,12,0,4,1,-8.045565484285317,-78.84785615104636,0,4,7,1,2,2,2,0,2023,9,1,0,20,2,0,610.6099999999999,2.0,2,0,1.0,8,29,100.0,0.5929579484728337,80.24150924632623,64.75837382721711,8.51830466766158,1043.4182142665843,34739.39614561028,8931.828000000005,1335.5899999999997,1935.9830000000004,5660.255000000005,1219.309,7712.519000000005,13.651281686122925,LEVE,2
0,1,10,0,4,1,-15.14306,-74.980013,0,0,7,1,2,1,0,0,2023,9,1,0,21,2,0,6639.975,2.0,2,0,1.0,9,31,1616.0,0.5563774842369664,77.00938809632027,69.10246351364754,8.476961866273152,914.8835608305218,27932.19700214133,3721.461,698.1859999999996,744.866,2278.409,1102.9029999999996,2618.558,29.636290693359403,LEVE,2
1,1,20,0,4,1,-16.40989,-69.18978,0,4,7,1,2,2,2,2,2023,9,2,0,6,1,2,7586.903,2.0,2,0,1.0,9,5,1198.0,0.2394362064959017,73.4288503002124,62.51290199484375,6.018616845068367,132.27646614855612,17422.250535331903,13642.312999999998,2020.7790000000005,2354.117,9267.416999999998,3314.0520000000006,10328.260999999997,24.29244952817019,LEVE,2
6,1,12,0,4,1,-7.957323,-78.623727,0,4,7,1,2,2,2,6,2023,9,2,0,13,3,0,610.6099999999999,2.0,2,0,1.0,8,29,100.0,0.3809823047796905,74.4473973089921,51.51705644975158,5.622573590650768,479.1502137748447,26695.141327623125,8931.828000000005,1335.5899999999997,1935.9830000000004,5660.255000000005,1219.309,7712.519000000005,13.651281686122925,LEVE,2
6,1,20,0,4,1,-16.48876,-69.109906,0,4,7,1,2,2,2,2,2023,9,3,0,6,1,2,7586.903,2.0,2,0,1.0,9,5,1198.0,0.2394362064959017,73.4288503002124,62.51290199484375,6.018616845068367,132.27646614855612,17422.250535331903,13642.312999999998,2020.7790000000005,2354.117,9267.416999999998,3314.0520000000006,10328.260999999997,24.29244952817019,LEVE,2
0,1,3,2,4,0,-16.35174,-71.610933,7,3,7,1,2,2,2,0,2023,9,3,0,9,1,0,6543.555,2.0,4,4,1.0,14,33,1198.0,0.6411767862503931,77.2408324916572,78.204125011303,10.595705083047717,1107.223861768016,193412.3169164882,10322.272,1495.236,1749.739,7077.2970000000005,2886.595,7435.677000000001,27.964725207783708,LEVE,2
0,1,14,2,4,1,-12.023776,-76.961846,0,3,7,1,2,2,2,4,2023,9,3,0,11,1,0,875.67,2.0,2,0,1.0,3,14,156.0,0.701053025277506,79.62867561460851,73.1469484600971,10.064317505194426,1464.6926161541437,1150285.0494171206,7626.313,1683.4029999999998,1599.0829999999996,4343.827000000001,1814.875,5811.438000000001,23.797541485643197,LEVE,2
10,1,5,0,4,3,-6.298809,-78.521754,0,4,7,0,1,2,2,2,2023,9,3,0,18,2,2,6543.555,2.0,4,4,1.0,14,33,1198.0,0.1931320229108092,72.70918195935188,43.140597131911406,3.9788535412117114,121.79928525490077,3600.126338329764,15935.565011852366,1733.9250000199986,935.692,13265.948011832368,2000.1670000199988,13935.398011832369,12.551591352627522,LEVE,2
0,1,3,2,4,2,-16.537847,-71.477564,0,3,0,1,2,2,2,0,2023,9,3,0,18,2,0,6543.555,2.0,4,4,1.0,14,33,1198.0,0.6035485627205712,76.57708524134819,74.94574544372517,9.867103477359542,1001.18414233067,3250.216274089936,10322.272,1495.236,1749.739,7077.2970000000005,2886.595,7435.677000000001,27.964725207783708,LEVE,2
3,1,19,0,4,1,-5.152539,-80.696009,0,4,7,1,2,2,2,0,2023,9,4,0,1,0,0,6543.555,3.0,2,0,1.0,0,30,1475.0,0.5997462042553465,78.40793944726823,72.26811532412637,9.714064362322326,976.3169831713308,183875.0,8965.846000060003,1782.4120000599992,636.9959999999999,6546.438000000004,2214.505000059999,6751.341000000004,24.699342371541725,LEVE,2
3,1,14,2,4,1,-12.03497018,-77.01010964,0,0,7,1,2,2,2,2,2023,9,4,0,9,1,0,6543.555,3.0,2,0,1.0,0,30,1475.0,0.7646845961658533,80.23682119426338,77.96082737891015,12.014176158371615,1633.787715186093,250806.0877944326,7626.313,1683.4029999999998,1599.0829999999996,4343.827000000001,1814.875,5811.438000000001,23.797541485643197,LEVE,2
0,1,20,0,4,1,-15.2768256,-69.9119287,0,4,7,1,2,2,2,4,2023,9,4,0,17,3,2,1762.84,2.0,1,0,0.0,9,32,485.0,0.3120136684565522,74.56643070176949,67.13828218150482,6.277409990126978,231.9912855577296,12390.518201284798,13642.312999999998,2020.7790000000005,2354.117,9267.416999999998,3314.0520000000006,10328.260999999997,24.29244952817019,LEVE,2
5,1,19,0,4,1,-5.112458,-80.854823,0,4,7,1,2,2,2,0,2023,9,5,1,1,0,0,245.29,2.0,2,0,1.0,1,20,18.0,0.5428409581568773,81.13869061428008,68.17092411381827,7.297645058046871,855.3136782439924,12632.488222698072,8965.846000060003,1782.4120000599992,636.9959999999999,6546.438000000004,2214.505000059999,6751.341000000004,24.699342371541725,LEVE,2
3,2,14,2,4,1,-10.98612,-77.64243,0,3,7,1,2,1,0,2,2023,9,5,1,1,0,0,6543.555,3.0,2,0,1.0,0,30,1475.0,0.6058977644686256,75.86009868534626,65.24867654925505,8.328201694517173,1216.0018080234922,26242.524625267662,7626.313,1683.4029999999998,1599.0829999999996,4343.827000000001,1814.875,5811.438000000001,23.797541485643197,LEVE,2
3,2,12,0,4,1,-7.4047290759,-79.557508393,0,4,7,1,2,2,2,0,2023,9,5,1,5,0,0,6543.555,3.0,2,0,1.0,0,30,1475.0,0.5968586479601472,81.56479096531379,74.23398565025978,9.72444636404026,898.7633596995952,27553.955032119917,8931.828000000005,1335.5899999999997,1935.9830000000004,5660.255000000005,1219.309,7712.519000000005,13.651281686122925,GRAVE_MORTALIDAD,1
6,1,16,0,4,0,-12.860916,-71.360603,0,4,7,1,1,2,2,2,2023,9,5,1,8,1,1,6543.555,2.0,4,4,1.0,14,33,1198.0,0.5463073647192098,74.79448830372067,57.21338118948044,8.137461854839495,993.3756077789104,1430.343505006335,2090.391,399.431,340.021,1350.9389999999996,493.824,1596.5669999999996,23.62352306338862,LEVE,2
3,2,20,0,4,1,-16.74280844372543,-69.71780054364821,0,4,0,0,2,2,2,2,2023,9,5,1,10,1,2,1529.105,2.0,2,0,1.0,9,21,200.0,0.3367238884705214,79.36896456880557,60.06171049206615,6.384918376891411,270.8405155620205,5778.8501070663815,13642.312999999998,2020.7790000000005,2354.117,9267.416999999998,3314.0520000000006,10328.260999999997,24.29244952817019,GRAVE_MORTALIDAD,1
3,1,3,0,4,1,-16.736232,-71.951757,0,4,7,1,2,2,2,0,2023,9,5,1,18,2,0,289.55,2.0,2,0,1.0,7,25,10.0,0.6456305778571253,75.67334095395331,77.09261911098552,10.479683603540597,1179.2653123056473,21630.747323340474,10322.272,1495.236,1749.739,7077.2970000000005,2886.595,7435.677000000001,27.964725207783708,LEVE,2
3,2,12,0,4,1,-7.77302808621274,-79.12517625987621,0,4,7,1,2,2,2,0,2023,9,5,1,22,2,0,748.6850000000001,2.0,2,0,0.0,9,32,215.0,0.5721567587688113,77.67102283812494,66.21373667954742,8.464777379360486,978.4498488219192,15563.077087794432,8931.828000000005,1335.5899999999997,1935.9830000000004,5660.255000000005,1219.309,7712.519000000005,13.651281686122925,LEVE,2
1,1,14,2,2,4,-12.040662527667468,-76.98161261717986,0,3,7,1,2,2,2,0,2023,9,6,1,2,0,0,6543.555,2.0,4,4,1.0,14,33,1198.0,0.7347309224519117,80.70014842215761,76.47981423089655,10.519505095866096,1571.8150981252256,229834.5310492505,7626.313,1683.4029999999998,1599.0829999999996,4343.827000000001,1814.875,5811.438000000001,23.797541485643197,LEVE,2
3,1,11,2,2,4,-12.05062,-75.221539,0,0,1,1,2,0,1,2,2023,9,6,1,5,0,2,6543.555,2.0,4,4,1.0,14,33,1198.0,0.6349620447591086,73.34739425042062,78.85040671556425,11.216598893401857,1118.0127433957432,167365.50535331905,12264.545,1826.4639999999995,1105.5389999999998,9332.542,1588.5359999999996,10676.009,12.952261987705208,LEVE,2
0,1,24,0,4,1,-8.420946,-74.694917,0,4,7,1,2,2,2,4,2023,9,6,1,19,2,1,1169.3919999999998,2.0,3,1,0.0,9,32,75.0,0.4362106858928199,75.91054080603905,42.047312576916696,6.899542836039115,655.5242994288087,14497.284796573877,2689.139,392.697,1311.5319999999997,984.91,261.598,2427.541,9.727946379863592,LEVE,2
1,1,14,2,4,1,-11.10219,-77.58955,0,3,7,0,2,2,2,0,2023,9,6,1,23,2,0,6543.555,3.0,2,0,1.0,0,30,1475.0,0.6256541286888256,76.866876725279,74.48686395070398,9.794027812898843,1113.4562244631716,37972.95074946467,7626.313,1683.4029999999998,1599.0829999999996,4343.827000000001,1814.875,5811.438000000001,23.797541485643197,LEVE,2
0,0,22,2,4,2,-17.97841,-70.2373,0,3,7,1,2,2,2,4,2023,9,0,0,0,0,0,6543.555,2.0,4,4,1.0,14,33,1198.0,0.5247346827766403,77.18848313096647,75.55178983417426,9.056869377972824,693.9613625714486,37523.97002141328,2650.572,630.6729999999998,487.3610000000001,1532.5379999999998,1068.7019999999998,1581.87,40.31967439480987,LEVE,2
5,2,21,2,4,2,-6.11258098630191,-77.1445935258612,0,0,7,1,1,2,2,0,2023,9,0,0,5,0,1,6543.555,2.0,4,4,1.0,14,33,1198.0,0.4434371341517895,72.50126240731645,51.93014822691168,5.371140082738668,786.2597937581936,3077.9743040685225,5645.136,815.0759999999999,965.298,3864.762,1013.406,4631.73,17.95184385283189,LEVE,2
3,2,24,0,4,1,-8.448886763473837,-74.76860408192664,0,4,7,1,2,2,2,2,2023,9,0,0,6,1,1,1169.3919999999998,2.0,3,1,0.0,9,32,75.0,0.4362106858928199,75.91054080603905,42.047312576916696,6.899542836039115,655.5242994288087,14497.284796573877,2689.139,392.697,1311.5319999999997,984.91,261.598,2427.541,9.727946379863592,LEVE,2
7,1,20,0,4,1,-16.26475074781152,-69.29588359557465,0,4,2,0,3,2,2,2,2023,9,0,0,8,1,2,7586.903,2.0,2,0,1.0,9,5,1198.0,0.3165090894545869,72.969641049674,69.1278394147308,6.0160374778788,250.7872170233644,13778.516059957172,13642.312999999998,2020.7790000000005,2354.117,9267.416999999998,3314.0520000000006,10328.260999999997,24.29244952817019,LEVE,2
3,1,19,0,4,1,-5.345303,-80.6183499,0,4,7,1,2,2,2,0,2023,9,0,0,15,3,0,6543.555,3.0,2,0,1.0,0,30,1475.0,0.3808780806094198,75.58814012425684,51.41409818066682,5.162437438816056,497.9705387314675,18828.24197002141,8965.846000060003,1782.4120000599992,636.9959999999999,6546.438000000004,2214.505000059999,6751.341000000004,24.699342371541725,LEVE,2
6,1,12,0,4,0,-7.872818324649157,-78.76951014581378,0,4,0,1,1,2,2,0,2023,9,0,0,17,3,0,6543.555,2.0,4,4,1.0,14,33,1198.0,0.1489804037351606,77.07739930292834,27.65142418496366,2.785211535438632,102.79957985629962,7770.149892933619,8931.828000000005,1335.5899999999997,1935.9830000000004,5660.255000000005,1219.309,7712.519000000005,13.651281686122925,GRAVE_MORTALIDAD,1
1,1,3,2,4,1,-16.5123924,-71.8091597,0,0,7,1,2,2,2,0,2023,9,0,0,18,2,0,6639.975,2.0,2,0,1.0,9,31,1616.0,0.6105481451420971,78.10653088113892,68.35418098658066,8.411557426919764,1158.5430895193692,35025.678800856535,10322.272,1495.236,1749.739,7077.2970000000005,2886.595,7435.677000000001,27.964725207783708,LEVE,2
6,1,7,0,4,0,-14.200679,-71.43924058,0,4,7,0,2,2,2,2,2023,9,0,0,22,2,2,6543.555,2.0,4,4,1.0,14,33,1198.0,0.2882750993706783,61.105307438693615,62.64723700455549,5.709419886190102,271.2955650853845,8821.728051391863,17779.13499998999,2097.3709999899997,2863.123,12818.640999999989,2878.713,14900.421999989989,16.19152450331032,LEVE,2
10,1,14,2,4,1,-12.0424368,-77.03060399,0,0,7,1,2,2,2,2,2023,9,1,0,1,0,0,6543.555,3.0,2,0,1.0,0,30,1475.0,0.7300036506368504,80.21724456394445,75.11639588359114,10.636845733066124,1559.041185521695,156759.78800856532,7626.313,1683.4029999999998,1599.0829999999996,4343.827000000001,1814.875,5811.438000000001,23.797541485643197,LEVE,2
3,1,3,2,2,4,-16.409531,-71.533565,0,3,7,1,2,2,2,0,2023,9,1,0,7,1,0,6543.555,2.0,4,4,1.0,14,33,1198.0,0.7621671359922388,78.82549845032362,81.65077117756084,13.192212326676357,1538.109987002949,42333.23340471092,10322.272,1495.236,1749.739,7077.2970000000005,2886.595,7435.677000000001,27.964725207783708,LEVE,2
0,1,14,2,4,1,-11.769943,-77.158992,0,4,7,1,2,2,2,0,2023,9,1,0,19,2,0,6543.555,3.0,2,0,1.0,0,30,1475.0,0.6688889885290078,77.65971620762488,72.11797581870952,9.343568875150348,1392.9562465448405,54956.252676659526,7626.313,1683.4029999999998,1599.0829999999996,4343.827000000001,1814.875,5811.438000000001,23.797541485643197,LEVE,2
3,1,14,2,3,4,-11.95251972,-77.05317792,0,0,1,1,2,2,2,0,2023,9,2,0,6,1,0,6543.555,2.0,4,4,1.0,14,33,1198.0,0.7218926988400113,80.0902077245261,77.9581888264889,10.971588327733102,1458.3206086290393,530000.3426124197,7626.313,1683.4029999999998,1599.0829999999996,4343.827000000001,1814.875,5811.438000000001,23.797541485643197,LEVE,2
6,1,14,0,4,1,-11.747355,-76.291037,0,4,7,1,2,2,2,0,2023,9,2,0,15,3,0,875.67,2.0,2,0,1.0,3,14,156.0,0.5875492687605783,71.08096456381881,60.27854534459908,8.947878161578789,1216.8264434574255,4714.991434689508,7626.313,1683.4029999999998,1599.0829999999996,4343.827000000001,1814.875,5811.438000000001,23.797541485643197,LEVE,2
6,1,14,0,4,1,-11.747348,-76.291009,0,4,5,1,2,2,2,0,2023,9,2,0,15,3,0,875.67,2.0,2,0,1.0,3,14,156.0,0.5875492687605783,71.08096456381881,60.27854534459908,8.947878161578789,1216.8264434574255,4714.991434689508,7626.313,1683.4029999999998,1599.0829999999996,4343.827000000001,1814.875,5811.438000000001,23.797541485643197,LEVE,2
5,1,12,2,3,4,-8.08367955,-79.0257049,0,4,1,1,2,2,2,0,2023,9,2,0,18,2,0,6543.555,2.0,4,4,1.0,14,33,1198.0,0.5660037074268495,80.06506822193698,64.73347905247898,8.83142544271948,895.216621604284,40839.32762312634,8931.828000000005,1335.5899999999997,1935.9830000000004,5660.255000000005,1219.309,7712.519000000005,13.651281686122925,LEVE,2
3,1,14,2,2,4,-12.03663367,-76.95139408,0,0,7,1,2,2,2,0,2023,9,2,0,18,2,0,6543.555,2.0,4,4,1.0,14,33,1198.0,0.7347309224519117,80.70014842215761,76.47981423089655,10.519505095866096,1571.8150981252256,229834.5310492505,7626.313,1683.4029999999998,1599.0829999999996,4343.827000000001,1814.875,5811.438000000001,23.797541485643197,LEVE,2
3,2,21,2,4,1,-5.745433,-77.484213,0,4,7,1,2,1,0,2,2023,9,2,0,19,2,1,7758.33400008,2.0,2,0,1.0,9,20,2133.0,0.395409368693869,74.01814372927417,48.94523443220634,5.029353255237231,594.0921143791977,22212.160599571733,5645.136,815.0759999999999,965.298,3864.762,1013.406,4631.73,17.95184385283189,LEVE,2
3,1,3,0,4,1,-15.896758,-71.179783,0,4,7,1,2,0,1,0,2023,9,2,0,19,2,0,1504.4250000000002,2.0,2,0,1.0,7,25,241.0,0.4498224071382834,81.63336343193146,58.84842497065013,5.774685730039019,620.6584683449911,1358.612419700214,10322.272,1495.236,1749.739,7077.2970000000005,2886.595,7435.677000000001,27.964725207783708,LEVE,2
6,1,3,0,4,1,-16.921003,-72.052476,0,4,0,0,2,1,1,0,2023,9,3,0,1,0,0,289.55,2.0,2,0,1.0,7,25,10.0,0.5784035125051519,74.737535639558,71.5667957422958,10.005034846291316,929.7976738409852,7264.014989293362,10322.272,1495.236,1749.739,7077.2970000000005,2886.595,7435.677000000001,27.964725207783708,LEVE,2
4,1,14,2,2,4,-12.0813387450977,-76.74527129244025,0,3,7,0,7,2,2,0,2023,9,3,0,12,3,0,6543.555,2.0,4,4,1.0,14,33,1198.0,0.6371716495641229,77.28809635528053,69.64326619808601,9.01503899605881,1265.0419992552625,48261.34689507495,7626.313,1683.4029999999998,1599.0829999999996,4343.827000000001,1814.875,5811.438000000001,23.797541485643197,LEVE,2
3,2,7,0,4,1,-13.60728771674809,-71.75006585222444,2,0,7,1,2,0,1,2,2023,9,3,0,15,3,2,7586.903,2.0,2,0,1.0,9,5,1198.0,0.4475472256372688,60.13165495576951,63.56521874336077,7.651720948254891,772.3586316120596,4267.871520342612,17779.13499998999,2097.3709999899997,2863.123,12818.640999999989,2878.713,14900.421999989989,16.19152450331032,GRAVE_MORTALIDAD,1
3,2,12,0,4,1,-7.091828,-79.526483,0,4,7,1,2,2,2,2,2023,9,3,0,17,3,0,6543.555,3.0,2,0,1.0,0,30,1475.0,0.5114727232493018,78.60606800160349,61.153108160372966,6.422343227671115,862.4189512831092,24701.19700214133,8931.828000000005,1335.5899999999997,1935.9830000000004,5660.255000000005,1219.309,7712.519000000005,13.651281686122925,LEVE,2
7,1,3,2,4,3,-15.470647,-71.958601,0,3,8,1,4,2,2,0,2023,9,3,0,18,2,0,6543.555,2.0,4,4,1.0,14,33,1198.0,0.5250847186173486,78.95268823057776,49.51879662164463,7.159390184447137,953.004195955536,588.3169164882227,10322.272,1495.236,1749.739,7077.2970000000005,2886.595,7435.677000000001,27.964725207783708,LEVE,2
1,1,14,2,4,1,-11.992203,-76.825113,0,3,1,1,2,2,2,0,2023,9,3,0,19,2,0,875.67,2.0,2,0,1.0,3,14,156.0,0.7410537419693288,80.72873693175681,77.76911521289269,11.20634409407566,1539.7635062745433,43755.852248394,7626.313,1683.4029999999998,1599.0829999999996,4343.827000000001,1814.875,5811.438000000001,23.797541485643197,LEVE,2
0,1,11,0,4,2,-12.123967869128,-75.1731287049671,0,4,7,1,2,2,2,4,2023,9,3,0,20,2,2,6543.555,2.0,4,4,1.0,14,33,1198.0,0.475997456383089,72.23525560619764,71.05848072823132,7.734349760206232,654.6770950142342,16343.67880085653,12264.545,1826.4639999999995,1105.5389999999998,9332.542,1588.5359999999996,10676.009,12.952261987705208,LEVE,2
4,1,14,0,2,4,-12.09060189,-76.77498552,0,4,1,1,7,2,2,0,2023,9,3,0,21,2,0,6543.555,2.0,4,4,1.0,14,33,1198.0,0.6371716495641229,77.28809635528053,69.64326619808601,9.01503899605881,1265.0419992552625,48261.34689507495,7626.313,1683.4029999999998,1599.0829999999996,4343.827000000001,1814.875,5811.438000000001,23.797541485643197,LEVE,2
1,1,14,0,4,1,-11.792218,-77.147074,0,4,7,1,2,2,2,0,2023,9,4,0,5,0,0,6543.555,3.0,2,0,1.0,0,30,1475.0,0.6688889885290078,77.65971620762488,72.11797581870952,9.343568875150348,1392.9562465448405,54956.252676659526,7626.313,1683.4029999999998,1599.0829999999996,4343.827000000001,1814.875,5811.438000000001,23.797541485643197,LEVE,2
1,1,14,0,4,1,-11.793869,-77.145334,0,4,1,1,2,2,2,2,2023,9,4,0,5,0,0,6543.555,3.0,2,0,1.0,0,30,1475.0,0.6688889885290078,77.65971620762488,72.11797581870952,9.343568875150348,1392.9562465448405,54956.252676659526,7626.313,1683.4029999999998,1599.0829999999996,4343.827000000001,1814.875,5811.438000000001,23.797541485643197,LEVE,2
3,2,7,2,4,1,-13.315694,-72.092662,0,0,7,1,2,1,1,2,2023,9,4,0,18,2,2,3447.8009999999995,1.0,2,3,0.0,9,12,1109.0,0.6467436323237573,79.23148267907465,67.52594538772321,10.132837841128774,1206.994437940653,3183.13704496788,17779.13499998999,2097.3709999899997,2863.123,12818.640999999989,2878.713,14900.421999989989,16.19152450331032,LEVE,2
3,2,12,2,4,1,-8.157584445873631,-79.01213760061023,0,0,7,1,2,2,2,2,2023,9,4,0,22,2,0,6543.555,3.0,2,0,1.0,0,30,1475.0,0.618325375347301,78.45577068094175,66.18977766598024,9.47415720612109,1128.5991234425228,37258.80942184154,8931.828000000005,1335.5899999999997,1935.9830000000004,5660.255000000005,1219.309,7712.519000000005,13.651281686122925,LEVE,2
3,1,14,2,2,4,-11.9985009,-76.92684323,0,4,1,1,1,2,2,0,2023,9,4,0,22,2,0,6543.555,2.0,4,4,1.0,14,33,1198.0,0.6831952456039544,78.60873873772867,74.49000793376607,10.00420210847705,1376.0472418044385,255143.7301927195,7626.313,1683.4029999999998,1599.0829999999996,4343.827000000001,1814.875,5811.438000000001,23.797541485643197,LEVE,2
0,1,19,0,4,1,-5.159041,-80.502282,0,4,7,1,2,2,2,0,2023,9,5,1,13,3,0,1305.18,2.0,2,0,1.0,1,20,163.0,0.6220812987247925,80.20155828147696,72.71675503872983,10.02377668600292,1028.915688621886,159840.92719486082,8965.846000060003,1782.4120000599992,636.9959999999999,6546.438000000004,2214.505000059999,6751.341000000004,24.699342371541725,LEVE,2
10,1,5,0,4,2,-6.430171,-79.007861,0,4,0,0,1,1,0,2,2023,9,5,1,13,3,2,6543.555,2.0,4,4,1.0,14,33,1198.0,0.2654992518529382,70.41180563073365,40.80906856799879,3.652062959940575,299.1966256007116,8379.012847965738,15935.565011852366,1733.9250000199986,935.692,13265.948011832368,2000.1670000199988,13935.398011832369,12.551591352627522,LEVE,2
6,1,11,0,4,0,-10.899831187343146,-75.97681054863266,2,4,0,1,2,1,1,0,2023,9,5,1,17,3,2,6543.555,2.0,4,4,1.0,14,33,1198.0,0.4515021227868664,71.4196998727447,62.336219650226376,7.581270728582125,617.1133018029116,6161.010706638115,12264.545,1826.4639999999995,1105.5389999999998,9332.542,1588.5359999999996,10676.009,12.952261987705208,LEVE,2
0,1,22,2,4,2,-17.962042,-70.187507,0,3,7,1,2,2,2,2,2023,9,5,1,19,2,0,6543.555,2.0,4,4,1.0,14,33,1198.0,0.5641024368795592,75.92272795243385,77.82971725900924,9.591362034395232,832.8021346798668,3316.1434689507496,2650.572,630.6729999999998,487.3610000000001,1532.5379999999998,1068.7019999999998,1581.87,40.31967439480987,LEVE,2