CLASE SINIESTRO,CANTIDAD DE VEHICULOS DAÑADOS,DEPARTAMENTO,ZONA,TIPO DE VÍA,RED VIAL,COORDENADAS LATITUD,COORDENADAS  LONGITUD,CONDICIÓN CLIMÁTICA,ZONIFICACIÓN,CARACTERÍSTICAS DE VÍA,PERFIL LONGITUDINAL VÍA,SUPERFICIE DE CALZADA,¿EXISTE SEÑAL VERTICAL?,¿EXISTE SEÑAL HORIZONTAL?,CAUSA FACTOR PRINCIPAL,AÑO,MES,DIA_SEMANA,ES_FIN_SEMANA,HORA_NUM,FRANJA_HORARIA,REGION_NATURAL,MTC_RVN_LONGITUD_KM,MTC_RVN_N_CARRILES_MEDIANA,MTC_RVN_SUPERFICIE_DOMINANTE,MTC_RVN_ESTADO_DOMINANTE,MTC_RVN_ES_CONCESIONADA,MTC_RVN_CONCESION_PRINCIPAL,MTC_RVN_CORREDOR_LOGISTICO,MTC_RVN_N_TRAMOS,IDH_2019,IDH_ESP_VIDA_2019,IDH_EDUC_SECUND_PCT_2019,IDH_ANIOS_EDUC_2019,IDH_INGRESO_PERCAP_2019,IDH_POBLACION_2019,MTC_DEP_RED_TOTAL_KM,MTC_DEP_NACIONAL_TOTAL_KM,MTC_DEP_DEPARTAMENTAL_TOTAL_KM,MTC_DEP_VECINAL_TOTAL_KM,MTC_DEP_PAV_TOTAL_KM,MTC_DEP_NO_PAV_TOTAL_KM,MTC_DEP_PCT_PAVIMENTADA,CATEGORIA_SEVERIDAD,CATEGORIA_SEVERIDAD_ENC
3,1,14,2,2,4,-12.07537112,-77.0976693,0,0,7,1,2,2,2,0,2023,9,5,1,19,2,0,6543.555,2.0,4,4,1.0,14,33,1198.0,0.8224006497057281,80.32617651391924,76.66408959706945,12.77635923087604,1966.554093175902,146885.81156316918,7626.313,1683.4029999999998,1599.0829999999996,4343.827000000001,1814.875,5811.438000000001,23.797541485643197,LEVE,2
3,1,19,2,3,4,-5.190595,-80.684413,0,4,7,1,2,2,2,0,2023,9,5,1,22,2,0,6543.555,2.0,4,4,1.0,14,33,1198.0,0.5997462042553465,78.40793944726823,72.26811532412637,9.714064362322326,976.3169831713308,183875.0,8965.846000060003,1782.4120000599992,636.9959999999999,6546.438000000004,2214.505000059999,6751.341000000004,24.699342371541725,LEVE,2
0,1,10,2,3,4,-13.929576,-75.922216,0,0,7,1,7,2,2,0,2023,10,6,1,16,3,0,6543.555,2.0,4,4,1.0,14,33,1198.0,0.6053164595604621,78.88848309050202,67.63954639531094,9.133324993872453,1064.9426147896202,27932.19700214133,3721.461,698.1859999999996,744.866,2278.409,1102.9029999999996,2618.558,29.636290693359403,LEVE,2
1,1,7,0,4,0,-13.5615,-71.993886,0,4,7,1,2,2,2,4,2023,10,6,1,18,2,2,6543.555,2.0,4,4,1.0,14,33,1198.0,0.6348954939297919,77.6245715059073,78.73535107148551,10.276562257168177,1084.1455565765216,94654.62312633834,17779.13499998999,2097.3709999899997,2863.123,12818.640999999989,2878.713,14900.421999989989,16.19152450331032,LEVE,2
1,0,20,0,4,1,-15.3452921,-70.1809546,0,4,7,1,2,2,2,0,2023,10,6,1,19,2,2,7586.903,2.0,2,0,1.0,9,5,1198.0,0.289549626938555,77.56938441814937,61.26176615135224,5.519427583790393,205.49658062526288,1447.8907922912204,13642.312999999998,2020.7790000000005,2354.117,9267.416999999998,3314.0520000000006,10328.260999999997,24.29244952817019,LEVE,2
1,1,10,0,4,1,-13.679633,-76.143351,0,4,7,1,2,2,2,0,2023,10,6,1,21,2,0,1679.5849999999998,2.0,2,3,1.0,9,24,315.0,0.5723734005661165,76.14778354007997,72.53650205141851,9.107715991741182,922.4721268572972,24272.76659528908,3721.461,698.1859999999996,744.866,2278.409,1102.9029999999996,2618.558,29.636290693359403,LEVE,2
3,2,23,2,4,1,-3.5549045070785783,-80.43617063825494,0,0,7,1,2,1,0,2,2023,10,0,0,2,0,0,6543.555,3.0,2,0,1.0,0,30,1475.0,0.6025111043634478,77.63758231637303,72.22144062196868,9.79150322507506,998.9716590818762,109744.95931477516,1009.101,138.47399999999996,287.471,583.156,276.972,732.129,27.447401201663663,LEVE,2
0,1,14,2,2,4,-12.00262488,-76.86713909,0,0,7,1,2,2,2,2,2023,10,0,0,12,3,0,6543.555,2.0,4,4,1.0,14,33,1198.0,0.6831952456039544,78.60873873772867,74.49000793376607,10.00420210847705,1376.0472418044385,255143.7301927195,7626.313,1683.4029999999998,1599.0829999999996,4343.827000000001,1814.875,5811.438000000001,23.797541485643197,LEVE,2
6,1,8,0,4,1,-13.591039,-75.29508,0,4,0,1,2,1,1,0,2023,10,0,0,15,3,2,1679.5849999999998,2.0,2,3,1.0,9,24,315.0,0.5258594244692153,73.82156528983522,52.91202227434253,8.902806700766412,891.2832603689374,2062.0406852248398,8511.426,1445.3929999999996,2008.516,5057.516999999999,1879.579,6631.846999999998,22.08300935706896,GRAVE_MORTALIDAD,1
3,2,7,0,4,1,-13.2604422283382,-72.2462892493201,0,4,7,1,2,0,1,2,2023,10,0,0,15,3,2,3447.8009999999995,1.0,2,3,0.0,9,12,1109.0,0.4436910265814239,73.23231952981627,68.31759937357421,6.347812015893606,607.5963608103546,11277.284796573877,17779.13499998999,2097.3709999899997,2863.123,12818.640999999989,2878.713,14900.421999989989,16.19152450331032,GRAVE_LESIONADOS,0
3,2,12,2,4,1,-8.118218,-79.003657,0,0,7,1,2,2,2,2,2023,10,0,0,18,2,0,610.6099999999999,2.0,2,0,1.0,8,29,100.0,0.7151155191839451,79.57652607829836,77.25576500264712,11.809756866444314,1377.9438475528384,331253.00214132766,8931.828000000005,1335.5899999999997,1935.9830000000004,5660.255000000005,1219.309,7712.519000000005,13.651281686122925,LEVE,2
6,1,14,2,2,4,-11.99322374,-77.05684144,0,0,7,1,2,2,2,0,2023,10,0,0,19,2,0,6543.555,2.0,4,4,1.0,14,33,1198.0,0.6853375063928137,80.04346891299102,76.32428568750537,8.817291636093138,1443.328322024431,217176.83083511775,7626.313,1683.4029999999998,1599.0829999999996,4343.827000000001,1814.875,5811.438000000001,23.797541485643197,LEVE,2
3,1,19,0,4,2,-5.247609,-80.678845,0,4,7,1,1,2,2,0,2023,10,0,0,22,2,0,6543.555,2.0,4,4,1.0,14,33,1198.0,0.5034350778485951,78.14388603810477,62.51585839041032,7.698619805954479,731.8176685454189,76220.84796573877,8965.846000060003,1782.4120000599992,636.9959999999999,6546.438000000004,2214.505000059999,6751.341000000004,24.699342371541725,LEVE,2
10,1,0,0,4,2,-6.388276,-77.529105,7,4,7,1,2,0,1,0,2023,10,1,0,10,1,1,6543.555,2.0,4,4,1.0,14,33,1198.0,0.4184521470833516,71.87029111732674,42.29290437099802,5.968945155555559,691.1531994464355,1569.76017130621,3903.732,1155.121,585.018,2163.5930000000003,943.591,2960.1410000000005,24.17151074920102,LEVE,2
6,1,21,0,4,2,-5.876039,-77.277891,0,4,0,0,1,2,2,2,2023,10,1,0,15,3,1,6543.555,2.0,4,4,1.0,14,33,1198.0,0.4485498197897127,74.49810711941866,46.24499274035484,5.620091780278622,799.5159635206303,2965.0471092077096,5645.136,815.0759999999999,965.298,3864.762,1013.406,4631.73,17.95184385283189,LEVE,2
1,1,14,2,2,4,-12.026901104856044,-76.95011943110866,0,3,7,1,2,2,2,2,2023,10,2,0,10,1,0,6543.555,2.0,4,4,1.0,14,33,1198.0,0.6868549636939637,79.62363164345142,76.30894566128948,9.209137883551294,1425.4498631666322,684921.8484148846,7626.313,1683.4029999999998,1599.0829999999996,4343.827000000001,1814.875,5811.438000000001,23.797541485643197,LEVE,2
1,1,14,2,2,4,-12.0268189,-76.9497764,0,3,7,1,2,2,2,0,2023,10,2,0,10,1,0,6543.555,2.0,4,4,1.0,14,33,1198.0,0.6868549636939637,79.62363164345142,76.30894566128948,9.209137883551294,1425.4498631666322,684921.8484148846,7626.313,1683.4029999999998,1599.0829999999996,4343.827000000001,1814.875,5811.438000000001,23.797541485643197,LEVE,2
3,2,12,0,4,1,-8.0439928,-78.846576,0,4,7,1,2,2,2,2,2023,10,3,0,4,0,0,610.6099999999999,2.0,2,0,1.0,8,29,100.0,0.5929579484728337,80.24150924632623,64.75837382721711,8.51830466766158,1043.4182142665843,34739.39614561028,8931.828000000005,1335.5899999999997,1935.9830000000004,5660.255000000005,1219.309,7712.519000000005,13.651281686122925,LEVE,2
0,1,14,2,2,4,-11.831418478139195,-77.06865083000119,0,0,7,1,2,2,2,0,2023,10,3,0,7,1,0,6543.555,2.0,4,4,1.0,14,33,1198.0,0.6498693508177541,78.84967382596041,74.11456675539837,9.21786785255454,1246.479589064551,356854.23554603854,7626.313,1683.4029999999998,1599.0829999999996,4343.827000000001,1814.875,5811.438000000001,23.797541485643197,LEVE,2
6,1,4,0,4,1,-14.065390292984306,-73.83334945850414,0,4,5,0,1,2,2,2,2023,10,3,0,11,1,2,1682.702,1.0,1,0,0.0,9,32,305.0,0.4666425080552502,72.78790794555484,54.53479226078301,7.654943385761483,698.2069047145085,2556.291220556745,12678.733000000004,1805.074000000001,1774.0339999999994,9099.625000000004,2485.375000000001,10193.358000000002,19.602707936195205,LEVE,2
3,1,20,0,4,3,-14.757732486374506,-70.1459186728382,0,4,0,1,7,2,2,2,2023,10,3,0,14,3,2,6543.555,2.0,4,4,1.0,14,33,1198.0,0.2209037315406962,65.8457651921912,58.62386229128814,5.494577261551993,134.94357400061227,4928.188436830835,13642.312999999998,2020.7790000000005,2354.117,9267.416999999998,3314.0520000000006,10328.260999999997,24.29244952817019,LEVE,2
0,1,14,2,2,4,-11.92211197,-77.0421882,0,3,7,1,2,2,2,0,2023,10,4,0,4,0,0,6543.555,2.0,4,4,1.0,14,33,1198.0,0.7218926988400113,80.0902077245261,77.9581888264889,10.971588327733102,1458.3206086290393,530000.3426124197,7626.313,1683.4029999999998,1599.0829999999996,4343.827000000001,1814.875,5811.438000000001,23.797541485643197,LEVE,2
3,2,5,0,4,1,-6.28417522548235,-78.8361387751002,0,4,0,0,2,1,1,6,2023,10,4,0,7,1,2,9936.932,2.0,2,0,1.0,9,32,3830.0,0.2709828626030399,81.54140913838565,38.396457618936886,3.6271260773268033,269.1754478734465,4972.762312633833,15935.565011852366,1733.9250000199986,935.692,13265.948011832368,2000.1670000199988,13935.398011832369,12.551591352627522,GRAVE_LESIONADOS,0
3,1,19,0,4,1,-5.102839,-80.704,0,4,7,1,2,2,2,0,2023,10,4,0,12,3,0,6543.555,3.0,2,0,1.0,0,30,1475.0,0.6582040223794163,78.74105515718446,77.3206684883171,11.334167841567446,1124.177237253568,178905.3426124197,8965.846000060003,1782.4120000599992,636.9959999999999,6546.438000000004,2214.505000059999,6751.341000000004,24.699342371541725,LEVE,2
3,2,5,0,4,1,-5.598953,-78.781142,0,3,7,1,2,1,1,2,2023,10,4,0,20,2,2,7758.33400008,2.0,2,0,1.0,9,20,2133.0,0.4823525101155781,74.68609013731242,51.19107770858362,5.880567124588062,905.9911705096852,13071.734475374731,15935.565011852366,1733.9250000199986,935.692,13265.948011832368,2000.1670000199988,13935.398011832369,12.551591352627522,LEVE,2
0,1,3,2,4,0,-16.3638365470514,-72.1605508747011,0,3,2,1,7,2,2,0,2023,10,4,0,21,2,0,6543.555,2.0,4,4,1.0,14,33,1198.0,0.6077843615696785,76.53072135400231,69.81276959706165,8.77367759087771,1135.5159013374655,74658.55888650964,10322.272,1495.236,1749.739,7077.2970000000005,2886.595,7435.677000000001,27.964725207783708,LEVE,2
2,1,5,2,2,4,-7.1673763,-78.5109605,0,0,7,1,4,2,2,2,2023,10,5,1,12,3,2,6543.555,2.0,4,4,1.0,14,33,1198.0,0.6070175276741574,73.19224654097276,74.29530430690215,9.490386956642766,1117.141592366869,257380.9443254818,15935.565011852366,1733.9250000199986,935.692,13265.948011832368,2000.1670000199988,13935.398011832369,12.551591352627522,LEVE,2
0,1,12,0,4,1,-8.548686,-78.67475,0,4,7,1,2,2,2,4,2023,10,5,1,13,3,0,6543.555,3.0,2,0,1.0,0,30,1475.0,0.4971504606547645,77.79759708660042,46.44666297237219,6.322206801902116,929.9716106661404,44368.59100642397,8931.828000000005,1335.5899999999997,1935.9830000000004,5660.255000000005,1219.309,7712.519000000005,13.651281686122925,LEVE,2
3,1,6,2,2,4,-12.0657239490399,-77.1214311651844,0,0,7,1,4,0,1,2,2023,10,5,1,18,2,0,6543.555,2.0,4,4,1.0,14,33,1198.0,0.5563774842369664,77.00938809632027,69.10246351364754,8.476961866273152,914.8835608305218,27932.19700214133,51.58600000000001,44.68700000000001,6.899000000000001,0.0,49.838000000000015,1.748,96.61148373589734,LEVE,2
0,1,6,2,2,4,-11.8772184769745,-77.1166004247827,0,0,7,0,2,2,2,2,2023,10,5,1,19,2,0,6543.555,2.0,4,4,1.0,14,33,1198.0,0.5563774842369664,77.00938809632027,69.10246351364754,8.476961866273152,914.8835608305218,27932.19700214133,51.58600000000001,44.68700000000001,6.899000000000001,0.0,49.838000000000015,1.748,96.61148373589734,LEVE,2
3,2,0,0,4,1,-5.758099,-78.43166,0,4,7,1,2,0,1,0,2023,10,5,1,20,2,1,7758.33400008,2.0,2,0,1.0,9,20,2133.0,0.5093941769436129,71.57902961898438,67.85872080070428,6.917165916360374,883.7235526008442,50553.44111349037,3903.732,1155.121,585.018,2163.5930000000003,943.591,2960.1410000000005,24.17151074920102,LEVE,2
0,1,21,2,4,1,-6.30653,-76.725493,0,4,7,0,2,2,2,2,2023,10,5,1,22,2,1,7758.33400008,2.0,2,0,1.0,9,20,2133.0,0.3333052963989162,71.41266115066519,50.31288029341144,4.505229835455347,416.1192158407731,17759.14989293362,5645.136,815.0759999999999,965.298,3864.762,1013.406,4631.73,17.95184385283189,LEVE,2
4,1,5,0,4,1,-5.94432,-79.256122,0,4,7,1,2,1,1,2,2023,10,6,1,1,0,2,9936.932,2.0,2,0,1.0,9,32,3830.0,0.3266895658234561,78.92954187259888,28.408182611093515,4.537458493744072,443.5976921734716,9305.942184154175,15935.565011852366,1733.9250000199986,935.692,13265.948011832368,2000.1670000199988,13935.398011832369,12.551591352627522,LEVE,2
3,2,20,2,4,2,-15.826657,-70.013769,0,0,7,1,2,1,0,2,2023,10,6,1,7,1,2,6543.555,2.0,4,4,1.0,14,33,1198.0,0.6488901960567479,69.67312345830231,82.12448375199249,11.701623814093702,1230.336353415943,144745.3597430407,13642.312999999998,2020.7790000000005,2354.117,9267.416999999998,3314.0520000000006,10328.260999999997,24.29244952817019,GRAVE_LESIONADOS,0
0,1,22,0,4,2,-18.16467024660413,-70.43743723441393,0,4,1,1,2,2,2,4,2023,10,6,1,10,1,0,6543.555,2.0,4,4,1.0,14,33,1198.0,0.5551799999072031,75.37994385062687,62.699954828476905,7.065143842078104,1076.8792057258834,6114.0,2650.572,630.6729999999998,487.3610000000001,1532.5379999999998,1068.7019999999998,1581.87,40.31967439480987,LEVE,2
6,1,7,0,4,1,-13.201511811463655,-72.29708512671704,0,4,0,0,2,1,1,2,2023,10,6,1,15,3,2,3447.8009999999995,1.0,2,3,0.0,9,12,1109.0,0.4436910265814239,73.23231952981627,68.31759937357421,6.347812015893606,607.5963608103546,11277.284796573877,17779.13499998999,2097.3709999899997,2863.123,12818.640999999989,2878.713,14900.421999989989,16.19152450331032,LEVE,2
1,1,20,0,4,1,-15.5200114,-70.1781321,0,4,7,1,2,2,2,0,2023,10,6,1,18,2,2,1504.4250000000002,2.0,2,0,1.0,7,25,241.0,0.5759734352119,73.55929462493827,78.89306383943827,10.174966342239475,888.1716010638444,232834.39603082248,13642.312999999998,2020.7790000000005,2354.117,9267.416999999998,3314.0520000000006,10328.260999999997,24.29244952817019,LEVE,2
3,2,10,2,2,4,-13.717245,-76.204005,0,0,1,1,2,1,1,0,2023,10,6,1,22,2,0,6543.555,2.0,4,4,1.0,14,33,1198.0,0.5876128251369682,76.40783657687089,72.44948426378424,10.42636694091524,914.8835608305218,58924.95503211991,3721.461,698.1859999999996,744.866,2278.409,1102.9029999999996,2618.558,29.636290693359403,GRAVE_LESIONADOS,0
1,1,7,0,4,1,-14.1069984555172,-71.4211097485868,0,4,7,1,2,1,0,4,2023,10,6,1,23,2,2,7586.903,2.0,2,0,1.0,9,5,1198.0,0.3717239528846259,76.4422742356139,59.82899502431543,6.007606443030993,385.73605799411865,4791.610278372591,17779.13499998999,2097.3709999899997,2863.123,12818.640999999989,2878.713,14900.421999989989,16.19152450331032,LEVE,2
0,1,7,0,4,1,-14.107019,-71.421132,0,4,7,1,2,1,1,4,2023,10,0,0,1,0,2,7586.903,2.0,2,0,1.0,9,5,1198.0,0.3717239528846259,76.4422742356139,59.82899502431543,6.007606443030993,385.73605799411865,4791.610278372591,17779.13499998999,2097.3709999899997,2863.123,12818.640999999989,2878.713,14900.421999989989,16.19152450331032,LEVE,2
6,1,23,0,4,2,-3.9716658460065672,-80.6539337766366,0,4,7,1,7,2,2,2,2023,10,0,0,3,0,0,6543.555,2.0,4,4,1.0,14,33,1198.0,0.4399307731962694,72.67979120851548,52.093755051873366,7.00202158322391,639.5776949980533,2030.498929336189,1009.101,138.47399999999996,287.471,583.156,276.972,732.129,27.447401201663663,LEVE,2
6,1,11,0,4,1,-11.544940357566531,-75.88144236359715,2,4,0,1,2,1,1,2,2023,10,0,0,9,1,2,7586.903,2.0,2,0,1.0,9,5,1198.0,0.6211711217784234,75.51508523355102,70.90101252241288,10.049671623026311,1128.403546167389,8996.89721627409,12264.545,1826.4639999999995,1105.5389999999998,9332.542,1588.5359999999996,10676.009,12.952261987705208,GRAVE_MORTALIDAD,1
3,2,5,2,4,1,-5.67153,-78.773026,0,2,7,0,2,1,1,2,2023,10,0,0,13,3,2,7758.33400008,2.0,2,0,1.0,9,20,2133.0,0.5803239946829384,74.49544278598792,68.33065356443184,8.733179344969395,1046.078117086984,102362.46895074946,15935.565011852366,1733.9250000199986,935.692,13265.948011832368,2000.1670000199988,13935.398011832369,12.551591352627522,GRAVE_LESIONADOS,0
6,1,0,2,4,1,-5.7141033,-78.553582,0,4,0,0,2,0,1,0,2023,10,0,0,14,3,1,7758.33400008,2.0,2,0,1.0,9,20,2133.0,0.5093941769436129,71.57902961898438,67.85872080070428,6.917165916360374,883.7235526008442,50553.44111349037,3903.732,1155.121,585.018,2163.5930000000003,943.591,2960.1410000000005,24.17151074920102,LEVE,2
0,1,14,2,2,4,-12.06244303,-77.01280273,0,0,1,1,2,2,2,0,2023,10,0,0,14,3,0,6543.555,2.0,4,4,1.0,14,33,1198.0,0.7141594849782824,79.90829932185413,74.79179886803175,10.522504814235935,1482.4793645077043,156887.87152034265,7626.313,1683.4029999999998,1599.0829999999996,4343.827000000001,1814.875,5811.438000000001,23.797541485643197,LEVE,2
3,2,23,0,4,0,-3.5456365203265623,-80.22734484128469,7,4,7,1,2,2,2,2,2023,10,0,0,15,3,0,6543.555,2.0,4,4,1.0,14,33,1198.0,0.506393213976091,71.09604779417722,66.88716723772843,7.8873292871222835,813.0857960318671,5253.152034261242,1009.101,138.47399999999996,287.471,583.156,276.972,732.129,27.447401201663663,LEVE,2
0,1,14,0,2,4,-11.7963214,-77.16488888,0,4,7,1,2,2,2,0,2023,10,0,0,18,2,0,6543.555,2.0,4,4,1.0,14,33,1198.0,0.6605773559814456,77.16028643364268,67.6185602929845,9.91728131019075,1349.6349299218464,26602.78586723769,7626.313,1683.4029999999998,1599.0829999999996,4343.827000000001,1814.875,5811.438000000001,23.797541485643197,LEVE,2
0,1,14,2,4,1,-12.02049653,-76.95266395,0,2,7,1,2,2,2,4,2023,10,0,0,19,2,0,875.67,2.0,2,0,1.0,3,14,156.0,0.701053025277506,79.62867561460851,73.1469484600971,10.064317505194426,1464.6926161541437,1150285.0494171206,7626.313,1683.4029999999998,1599.0829999999996,4343.827000000001,1814.875,5811.438000000001,23.797541485643197,LEVE,2
6,1,12,2,2,4,-8.0988506,-79.067713,0,0,0,1,2,2,2,0,2023,10,1,0,1,0,0,6543.555,2.0,4,4,1.0,14,33,1198.0,0.583006771156836,78.2441938961209,62.24037484511178,8.807312392374042,1028.2282118265089,76607.295503212,8931.828000000005,1335.5899999999997,1935.9830000000004,5660.255000000005,1219.309,7712.519000000005,13.651281686122925,GRAVE_MORTALIDAD,1
3,2,4,0,4,1,-13.197496,-74.203549,0,4,0,0,2,1,0,2,2023,10,1,0,13,3,2,7586.903,2.0,2,0,1.0,9,5,1198.0,0.5434028420964154,74.57852402616055,77.17897354337184,9.727501250603307,764.2338344578611,55908.47323340471,12678.733000000004,1805.074000000001,1774.0339999999994,9099.625000000004,2485.375000000001,10193.358000000002,19.602707936195205,LEVE,2
0,1,14,2,2,4,-12.09143431,-77.06724141,0,0,7,1,2,2,2,4,2023,10,1,0,15,3,0,6543.555,2.0,4,4,1.0,14,33,1198.0,0.8339285469381142,80.46197140280118,79.64957679364637,12.999280633187066,1986.2672977119664,57878.755888650965,7626.313,1683.4029999999998,1599.0829999999996,4343.827000000001,1814.875,5811.438000000001,23.797541485643197,LEVE,2
0,1,7,0,4,1,-14.182708,-71.367209,0,4,7,1,2,1,1,4,2023,10,1,0,19,2,2,7586.903,2.0,2,0,1.0,9,5,1198.0,0.4107458749971457,72.1547719826022,75.11691677377222,6.84079438286104,455.9087564374382,2466.282655246253,17779.13499998999,2097.3709999899997,2863.123,12818.640999999989,2878.713,14900.421999989989,16.19152450331032,LEVE,2
6,1,7,0,4,1,-13.350407,-70.878125,0,4,0,0,2,1,1,0,2023,10,2,0,5,0,2,3263.58,2.0,2,0,1.0,5,18,566.0,0.456269323491559,57.22814439496783,65.7020880165366,7.857170607722528,858.4104388154956,2071.82869379015,17779.13499998999,2097.3709999899997,2863.123,12818.640999999989,2878.713,14900.421999989989,16.19152450331032,LEVE,2
3,2,12,0,4,1,-7.846758356199034,-78.0971019854308,0,4,0,1,2,2,2,2,2023,10,2,0,7,1,0,9936.932,2.0,2,0,1.0,9,32,3830.0,0.3986882084754764,72.97869269132666,58.65435142755623,5.605762371496486,527.7120199980477,69564.29978586723,8931.828000000005,1335.5899999999997,1935.9830000000004,5660.255000000005,1219.309,7712.519000000005,13.651281686122925,LEVE,2
6,1,5,0,4,1,-6.538145,-79.20083,0,4,0,0,2,1,1,2,2023,10,2,0,10,1,2,919.085,2.0,2,3,0.0,9,7,218.0,0.4198705264500552,71.07710978950026,66.58810225494344,5.455993657128185,608.8154659157517,7079.2912205567445,15935.565011852366,1733.9250000199986,935.692,13265.948011832368,2000.1670000199988,13935.398011832369,12.551591352627522,LEVE,2
1,1,11,0,4,1,-11.927006,-75.315396,0,4,7,0,2,0,1,2,2023,10,2,0,21,2,2,7586.903,2.0,2,0,1.0,9,5,1198.0,0.5590037134540016,69.16521918655411,70.40542075696402,9.967120332016616,954.2603079564228,14877.426124197002,12264.545,1826.4639999999995,1105.5389999999998,9332.542,1588.5359999999996,10676.009,12.952261987705208,LEVE,2
0,1,14,2,2,4,-12.03580596,-76.94906151,0,0,1,1,2,2,2,0,2023,10,2,0,23,2,0,6543.555,2.0,4,4,1.0,14,33,1198.0,0.7347309224519117,80.70014842215761,76.47981423089655,10.519505095866096,1571.8150981252256,229834.5310492505,7626.313,1683.4029999999998,1599.0829999999996,4343.827000000001,1814.875,5811.438000000001,23.797541485643197,LEVE,2
3,1,14,0,1,4,-12.01146887,-76.89196235,0,4,7,1,2,2,2,0,2023,10,3,0,6,1,0,6543.555,2.0,4,4,1.0,14,33,1198.0,0.6831952456039544,78.60873873772867,74.49000793376607,10.00420210847705,1376.0472418044385,255143.7301927195,7626.313,1683.4029999999998,1599.0829999999996,4343.827000000001,1814.875,5811.438000000001,23.797541485643197,LEVE,2
3,2,5,2,4,2,-7.167186,-78.459529,0,0,7,0,4,1,0,0,2023,10,3,0,7,1,2,6543.555,2.0,4,4,1.0,14,33,1198.0,0.4873182795359782,74.24096566709692,64.6877883123536,6.6248391576573376,776.4319899416191,48280.91862955032,15935.565011852366,1733.9250000199986,935.692,13265.948011832368,2000.1670000199988,13935.398011832369,12.551591352627522,LEVE,2
0,1,14,2,2,4,-11.99113432,-77.10739491,0,0,7,1,2,2,2,0,2023,10,3,0,14,3,0,6543.555,2.0,4,4,1.0,14,33,1198.0,0.7419979630670723,80.31822295927182,79.00446395716813,11.084203715652809,1554.6868971011318,739416.2413542903,7626.313,1683.4029999999998,1599.0829999999996,4343.827000000001,1814.875,5811.438000000001,23.797541485643197,LEVE,2
1,1,14,2,4,2,-12.26403368,-76.88118789,0,0,7,1,2,2,2,0,2023,10,3,0,20,2,0,6543.555,2.0,4,4,1.0,14,33,1198.0,0.6909236767275176,78.41626133969348,70.97436336767564,9.826485374940413,1476.8351947609171,95908.53319057816,7626.313,1683.4029999999998,1599.0829999999996,4343.827000000001,1814.875,5811.438000000001,23.797541485643197,LEVE,2
0,1,14,2,2,4,-12.16713023,-76.95165266,0,0,7,1,2,2,2,0,2023,10,4,0,3,0,0,6543.555,2.0,4,4,1.0,14,33,1198.0,0.689811994580126,79.88015655965044,73.89553442371854,9.755251380104111,1409.8432274455126,452660.364025696,7626.313,1683.4029999999998,1599.0829999999996,4343.827000000001,1814.875,5811.438000000001,23.797541485643197,LEVE,2
5,1,5,2,2,4,-6.396261,-78.612985,0,0,7,1,4,1,0,2,2023,10,4,0,5,0,2,6543.555,2.0,4,4,1.0,14,33,1198.0,0.2757434784300815,73.32619806115628,39.47321447492868,3.8909523191071615,301.147354818597,17249.26552462527,15935.565011852366,1733.9250000199986,935.692,13265.948011832368,2000.1670000199988,13935.398011832369,12.551591352627522,LEVE,2
0,1,5,2,4,1,-5.722853,-78.799423,0,0,7,0,2,2,2,4,2023,10,4,0,5,0,2,7758.33400008,2.0,2,0,1.0,9,20,2133.0,0.5803239946829384,74.49544278598792,68.33065356443184,8.733179344969395,1046.078117086984,102362.46895074946,15935.565011852366,1733.9250000199986,935.692,13265.948011832368,2000.1670000199988,13935.398011832369,12.551591352627522,LEVE,2
3,2,21,0,4,1,-6.045746,-77.002821,0,4,7,0,2,1,1,2,2023,10,4,0,16,3,1,7758.33400008,2.0,2,0,1.0,9,20,2133.0,0.5294800468051228,72.46713251445857,60.50982579904599,7.757161651692042,952.984823255978,86435.21199143468,5645.136,815.0759999999999,965.298,3864.762,1013.406,4631.73,17.95184385283189,LEVE,2
0,1,20,0,4,1,-15.4032042,-70.1523401,0,4,7,1,2,2,2,4,2023,10,4,0,16,3,2,7586.903,2.0,2,0,1.0,9,5,1198.0,0.5225679967471315,73.87568641139362,79.22999870887685,8.745562804731529,728.6643223924281,65445.28409703769,13642.312999999998,2020.7790000000005,2354.117,9267.416999999998,3314.0520000000006,10328.260999999997,24.29244952817019,LEVE,2
3,2,7,0,4,1,-15.40549552,-71.07847991,0,4,0,1,2,0,1,2,2023,10,5,1,2,0,2,568.5409999999999,1.0,2,3,0.0,9,3,93.0,0.4222081089999886,68.53644198939976,64.0389062540908,6.228410225649751,607.1280595160617,1204.2119914346897,17779.13499998999,2097.3709999899997,2863.123,12818.640999999989,2878.713,14900.421999989989,16.19152450331032,GRAVE_MORTALIDAD,1
0,1,6,2,4,1,-11.9507783,-77.13154311775,0,0,7,1,2,0,1,4,2023,10,5,1,4,0,0,139.23,-1.0,2,0,0.0,9,32,69.0,0.5563774842369664,77.00938809632027,69.10246351364754,8.476961866273152,914.8835608305218,27932.19700214133,51.58600000000001,44.68700000000001,6.899000000000001,0.0,49.838000000000015,1.748,96.61148373589734,LEVE,2
1,0,20,0,4,1,-14.9019841254979,-70.2009150699197,0,4,7,1,4,2,2,0,2023,10,5,1,4,0,2,1761.8050000000003,2.0,2,0,1.0,6,22,410.0,0.4384088880022875,66.28408395269946,71.45267205250292,8.282733608109961,563.5418969725097,28239.627408993576,13642.312999999998,2020.7790000000005,2354.117,9267.416999999998,3314.0520000000006,10328.260999999997,24.29244952817019,LEVE,2