CLASE SINIESTRO,CANTIDAD DE VEHICULOS DAÑADOS,DEPARTAMENTO,ZONA,TIPO DE VÍA,RED VIAL,COORDENADAS LATITUD,COORDENADAS  LONGITUD,CONDICIÓN CLIMÁTICA,ZONIFICACIÓN,CARACTERÍSTICAS DE VÍA,PERFIL LONGITUDINAL VÍA,SUPERFICIE DE CALZADA,¿EXISTE SEÑAL VERTICAL?,¿EXISTE SEÑAL HORIZONTAL?,CAUSA FACTOR PRINCIPAL,AÑO,MES,DIA_SEMANA,ES_FIN_SEMANA,HORA_NUM,FRANJA_HORARIA,REGION_NATURAL,MTC_RVN_LONGITUD_KM,MTC_RVN_N_CARRILES_MEDIANA,MTC_RVN_SUPERFICIE_DOMINANTE,MTC_RVN_ESTADO_DOMINANTE,MTC_RVN_ES_CONCESIONADA,MTC_RVN_CONCESION_PRINCIPAL,MTC_RVN_CORREDOR_LOGISTICO,MTC_RVN_N_TRAMOS,IDH_2019,IDH_ESP_VIDA_2019,IDH_EDUC_SECUND_PCT_2019,IDH_ANIOS_EDUC_2019,IDH_INGRESO_PERCAP_2019,IDH_POBLACION_2019,MTC_DEP_RED_TOTAL_KM,MTC_DEP_NACIONAL_TOTAL_KM,MTC_DEP_DEPARTAMENTAL_TOTAL_KM,MTC_DEP_VECINAL_TOTAL_KM,MTC_DEP_PAV_TOTAL_KM,MTC_DEP_NO_PAV_TOTAL_KM,MTC_DEP_PCT_PAVIMENTADA,CATEGORIA_SEVERIDAD,CATEGORIA_SEVERIDAD_ENC
3,1,14,0,4,1,-12.27658158,-76.88905695,0,4,7,1,2,2,2,0,2023,10,0,0,7,1,0,6639.975,2.0,2,0,1.0,9,31,1616.0,0.6909236767275176,78.41626133969348,70.97436336767564,9.826485374940413,1476.8351947609171,95908.53319057816,7626.313,1683.4029999999998,1599.0829999999996,4343.827000000001,1814.875,5811.438000000001,23.797541485643197,LEVE,2
6,1,5,0,4,2,-7.477163,-78.426502,0,3,0,0,2,2,2,2,2023,10,0,0,10,1,2,6543.555,2.0,4,4,1.0,14,33,1198.0,0.1913741190087475,72.16457305341952,25.12503806840365,3.650270193694703,156.4717005457997,6877.021413276232,15935.565011852366,1733.9250000199986,935.692,13265.948011832368,2000.1670000199988,13935.398011832369,12.551591352627522,LEVE,2
6,8,5,0,4,2,-6.294487,-78.662876,0,4,7,0,1,2,2,2,2023,10,0,0,15,3,2,6543.555,2.0,4,4,1.0,14,33,1198.0,0.3344646673203048,75.74025524831903,52.374246125101166,4.850231140916322,360.1510557667936,9254.372591006424,15935.565011852366,1733.9250000199986,935.692,13265.948011832368,2000.1670000199988,13935.398011832369,12.551591352627522,GRAVE_MORTALIDAD,1
6,1,19,0,4,1,-5.239378,-80.080188,0,4,7,1,2,2,2,0,2023,10,1,0,3,0,0,722.9000000000002,2.0,1,0,1.0,2,32,123.0,0.3893523155396837,73.6911779276771,49.78375684989758,4.513910151215105,616.2310203311459,12720.513918629553,8965.846000060003,1782.4120000599992,636.9959999999999,6546.438000000004,2214.505000059999,6751.341000000004,24.699342371541725,LEVE,2
3,1,14,0,4,1,-12.262158,-76.912015,0,4,7,1,2,2,2,0,2023,10,1,0,7,1,0,6639.975,2.0,2,0,1.0,9,31,1616.0,0.6909236767275176,78.41626133969348,70.97436336767564,9.826485374940413,1476.8351947609171,95908.53319057816,7626.313,1683.4029999999998,1599.0829999999996,4343.827000000001,1814.875,5811.438000000001,23.797541485643197,GRAVE_MORTALIDAD,1
0,1,14,2,2,4,-12.11273705,-77.01369594,0,3,7,1,2,2,2,0,2023,10,2,0,0,0,0,6543.555,2.0,4,4,1.0,14,33,1198.0,0.8171136689103559,80.21740365444107,79.57658595346267,12.295076294470428,1940.453431937829,88766.19486081369,7626.313,1683.4029999999998,1599.0829999999996,4343.827000000001,1814.875,5811.438000000001,23.797541485643197,LEVE,2
3,2,7,0,4,1,-15.142256,-71.122031,0,4,0,1,2,1,1,2,2023,10,2,0,2,0,2,568.5409999999999,1.0,2,3,0.0,9,3,93.0,0.3491291336434085,68.34579473193322,63.63866309000273,4.984551874124405,419.36068685534286,1114.627408993576,17779.13499998999,2097.3709999899997,2863.123,12818.640999999989,2878.713,14900.421999989989,16.19152450331032,GRAVE_MORTALIDAD,1
1,1,14,2,4,1,-11.9438279,-77.07116192,0,0,7,1,2,2,2,0,2023,10,2,0,2,0,0,6543.555,3.0,2,0,1.0,0,30,1475.0,0.758462599563312,80.5192231989937,79.20045639149897,11.33839041452458,1628.5661148492152,363987.54389721627,7626.313,1683.4029999999998,1599.0829999999996,4343.827000000001,1814.875,5811.438000000001,23.797541485643197,LEVE,2
6,1,12,0,4,2,-7.345671,-79.52181,0,4,7,1,1,2,2,2,2023,10,2,0,12,3,0,6543.555,2.0,4,4,1.0,14,33,1198.0,0.5536071806269429,80.66289122606678,53.80834710479373,7.403597509184111,1013.3481693819356,4003.1884368308342,8931.828000000005,1335.5899999999997,1935.9830000000004,5660.255000000005,1219.309,7712.519000000005,13.651281686122925,LEVE,2
0,1,14,2,2,4,-12.07004287,-76.99492787,0,0,7,1,2,2,2,0,2023,10,3,0,5,0,0,6543.555,2.0,4,4,1.0,14,33,1198.0,0.7932581306844921,81.51631118964869,80.69904096659818,11.778592694814522,1769.655750737171,53672.69593147752,7626.313,1683.4029999999998,1599.0829999999996,4343.827000000001,1814.875,5811.438000000001,23.797541485643197,LEVE,2
3,2,20,0,4,0,-15.5658622428654,-69.9565131310587,0,4,7,1,2,2,2,2,2023,10,3,0,6,1,2,6543.555,2.0,4,4,1.0,14,33,1198.0,0.2054781999352204,72.86726952696264,66.59162079148858,5.707863648223302,97.61688442557129,7653.85653104925,13642.312999999998,2020.7790000000005,2354.117,9267.416999999998,3314.0520000000006,10328.260999999997,24.29244952817019,LEVE,2
1,1,14,2,4,1,-11.93712142,-77.07179395,0,0,7,1,2,2,2,0,2023,10,4,0,1,0,0,6543.555,3.0,2,0,1.0,0,30,1475.0,0.758462599563312,80.5192231989937,79.20045639149897,11.33839041452458,1628.5661148492152,363987.54389721627,7626.313,1683.4029999999998,1599.0829999999996,4343.827000000001,1814.875,5811.438000000001,23.797541485643197,LEVE,2
0,1,14,2,2,4,-11.99380244,-77.08386695,0,0,7,1,2,2,2,0,2023,10,4,0,6,1,0,6543.555,2.0,4,4,1.0,14,33,1198.0,0.7419979630670723,80.31822295927182,79.00446395716813,11.084203715652809,1554.6868971011318,739416.2413542903,7626.313,1683.4029999999998,1599.0829999999996,4343.827000000001,1814.875,5811.438000000001,23.797541485643197,LEVE,2
0,1,3,2,3,4,-16.39808,-71.54057,0,0,7,0,0,2,2,0,2023,10,4,0,12,3,0,6543.555,2.0,4,4,1.0,14,33,1198.0,0.7621671359922388,78.82549845032362,81.65077117756084,13.192212326676357,1538.109987002949,42333.23340471092,10322.272,1495.236,1749.739,7077.2970000000005,2886.595,7435.677000000001,27.964725207783708,LEVE,2
0,1,20,2,6,4,-15.476914061278007,-70.11482919129101,0,0,1,1,2,2,2,2,2023,10,4,0,15,3,2,6543.555,2.0,4,4,1.0,14,33,1198.0,0.5759734352119,73.55929462493827,78.89306383943827,10.174966342239475,888.1716010638444,232834.39603082248,13642.312999999998,2020.7790000000005,2354.117,9267.416999999998,3314.0520000000006,10328.260999999997,24.29244952817019,LEVE,2
0,1,20,0,4,0,-15.436153,-70.243903,0,4,7,1,2,2,2,4,2023,10,4,0,16,3,2,6543.555,2.0,4,4,1.0,14,33,1198.0,0.5759734352119,73.55929462493827,78.89306383943827,10.174966342239475,888.1716010638444,232834.39603082248,13642.312999999998,2020.7790000000005,2354.117,9267.416999999998,3314.0520000000006,10328.260999999997,24.29244952817019,LEVE,2
6,1,12,0,4,1,-7.131068,-79.473718,0,4,7,1,2,2,2,0,2023,10,4,0,19,2,0,6543.555,3.0,2,0,1.0,0,30,1475.0,0.5114727232493018,78.60606800160349,61.153108160372966,6.422343227671115,862.4189512831092,24701.19700214133,8931.828000000005,1335.5899999999997,1935.9830000000004,5660.255000000005,1219.309,7712.519000000005,13.651281686122925,LEVE,2
0,1,10,2,4,1,-14.2639002,-75.68571,0,3,7,1,2,1,1,0,2023,10,4,0,21,2,0,6639.975,2.0,2,0,1.0,9,31,1616.0,0.6261042306271147,80.48505954362174,76.55712631348362,9.341715591523595,1061.002261282891,31419.372591006424,3721.461,698.1859999999996,744.866,2278.409,1102.9029999999996,2618.558,29.636290693359403,GRAVE_MORTALIDAD,1
0,1,14,2,4,1,-12.021163150147276,-76.92976775024461,0,2,7,1,2,2,2,0,2023,10,5,1,2,0,0,875.67,2.0,2,0,1.0,3,14,156.0,0.6831952456039544,78.60873873772867,74.49000793376607,10.00420210847705,1376.0472418044385,255143.7301927195,7626.313,1683.4029999999998,1599.0829999999996,4343.827000000001,1814.875,5811.438000000001,23.797541485643197,LEVE,2
1,1,14,2,2,4,-12.04343902,-76.98602879,0,3,7,1,2,2,2,0,2023,10,5,1,4,0,0,6543.555,2.0,4,4,1.0,14,33,1198.0,0.6970617810314195,81.40501156526744,73.5715154770137,9.635174408411393,1428.892506292977,203379.9271948608,7626.313,1683.4029999999998,1599.0829999999996,4343.827000000001,1814.875,5811.438000000001,23.797541485643197,LEVE,2
5,1,19,0,4,1,-5.191842,-80.608285,0,4,7,1,2,2,2,0,2023,10,5,1,7,1,0,1305.18,2.0,2,0,1.0,1,20,163.0,0.6220812987247925,80.20155828147696,72.71675503872983,10.02377668600292,1028.915688621886,159840.92719486082,8965.846000060003,1782.4120000599992,636.9959999999999,6546.438000000004,2214.505000059999,6751.341000000004,24.699342371541725,LEVE,2
0,1,5,2,6,4,-5.7196616525396,-78.8020669933226,0,3,7,0,4,2,2,2,2023,10,5,1,17,3,2,6543.555,2.0,4,4,1.0,14,33,1198.0,0.5803239946829384,74.49544278598792,68.33065356443184,8.733179344969395,1046.078117086984,102362.46895074946,15935.565011852366,1733.9250000199986,935.692,13265.948011832368,2000.1670000199988,13935.398011832369,12.551591352627522,LEVE,2
0,1,14,2,4,1,-12.00698,-76.853398,0,0,7,1,2,2,2,0,2023,10,6,1,0,0,0,875.67,2.0,2,0,1.0,3,14,156.0,0.6868549636939637,79.62363164345142,76.30894566128948,9.209137883551294,1425.4498631666322,684921.8484148846,7626.313,1683.4029999999998,1599.0829999999996,4343.827000000001,1814.875,5811.438000000001,23.797541485643197,LEVE,2
3,3,10,0,4,1,-14.803779,-75.000062,0,4,7,1,2,2,2,0,2023,10,6,1,4,0,0,6639.975,2.0,2,0,1.0,9,31,1616.0,0.5563774842369664,77.00938809632027,69.10246351364754,8.476961866273152,914.8835608305218,27932.19700214133,3721.461,698.1859999999996,744.866,2278.409,1102.9029999999996,2618.558,29.636290693359403,GRAVE_LESIONADOS,0
6,1,20,0,4,3,-15.293861,-69.977401,0,4,7,1,7,2,2,2,2023,10,6,1,5,0,2,6543.555,2.0,4,4,1.0,14,33,1198.0,0.3120136684565522,74.56643070176949,67.13828218150482,6.277409990126978,231.9912855577296,12390.518201284798,13642.312999999998,2020.7790000000005,2354.117,9267.416999999998,3314.0520000000006,10328.260999999997,24.29244952817019,LEVE,2
3,1,14,2,4,1,-12.03665,-77.043149,0,0,7,1,2,2,2,0,2023,10,6,1,6,1,0,6543.555,3.0,2,0,1.0,0,30,1475.0,0.7300036506368504,80.21724456394445,75.11639588359114,10.636845733066124,1559.041185521695,156759.78800856532,7626.313,1683.4029999999998,1599.0829999999996,4343.827000000001,1814.875,5811.438000000001,23.797541485643197,LEVE,2
3,2,20,2,4,1,-15.480436,-70.130458,0,0,1,1,2,2,2,2,2023,10,6,1,6,1,2,7586.903,2.0,2,0,1.0,9,5,1198.0,0.5225679967471315,73.87568641139362,79.22999870887685,8.745562804731529,728.6643223924281,65445.28409703769,13642.312999999998,2020.7790000000005,2354.117,9267.416999999998,3314.0520000000006,10328.260999999997,24.29244952817019,LEVE,2
0,1,14,2,2,4,-11.8922989,-77.02813565,0,0,7,0,2,2,2,0,2023,10,6,1,12,3,0,6543.555,2.0,4,4,1.0,14,33,1198.0,0.6498693508177541,78.84967382596041,74.11456675539837,9.21786785255454,1246.479589064551,356854.23554603854,7626.313,1683.4029999999998,1599.0829999999996,4343.827000000001,1814.875,5811.438000000001,23.797541485643197,LEVE,2
5,1,20,0,4,0,-16.106972210562557,-69.55916854146624,0,4,7,1,2,2,2,2,2023,10,6,1,18,2,2,6543.555,2.0,4,4,1.0,14,33,1198.0,0.2613641192883233,79.6090612964439,69.87345878214366,5.552108294960823,147.53606639786318,10083.702355460387,13642.312999999998,2020.7790000000005,2354.117,9267.416999999998,3314.0520000000006,10328.260999999997,24.29244952817019,LEVE,2
6,1,19,0,4,3,-5.35234692,-80.72421371,0,4,0,1,7,2,2,0,2023,10,6,1,18,2,0,6543.555,2.0,4,4,1.0,14,33,1198.0,0.4148191461350484,77.82903686752694,50.46633746500447,5.286735901838059,602.6826383081411,38807.252676659526,8965.846000060003,1782.4120000599992,636.9959999999999,6546.438000000004,2214.505000059999,6751.341000000004,24.699342371541725,LEVE,2
3,1,19,2,4,1,-5.1339,-80.699741,0,4,7,1,2,2,2,0,2023,10,6,1,22,2,0,6543.555,3.0,2,0,1.0,0,30,1475.0,0.5997462042553465,78.40793944726823,72.26811532412637,9.714064362322326,976.3169831713308,183875.0,8965.846000060003,1782.4120000599992,636.9959999999999,6546.438000000004,2214.505000059999,6751.341000000004,24.699342371541725,LEVE,2
6,1,4,2,4,1,-13.278107874413228,-74.23038639661108,0,4,0,0,2,2,2,2,2023,10,0,0,5,0,2,7586.903,2.0,2,0,1.0,9,5,1198.0,0.3247312330485405,68.57537050324747,46.66146619568446,5.125443322268163,386.5923984732166,6998.3704496788005,12678.733000000004,1805.074000000001,1774.0339999999994,9099.625000000004,2485.375000000001,10193.358000000002,19.602707936195205,GRAVE_LESIONADOS,0
3,2,12,0,4,1,-7.122333313929911,-79.4840239937687,0,4,7,1,2,2,2,2,2023,10,0,0,18,2,0,6543.555,3.0,2,0,1.0,0,30,1475.0,0.5114727232493018,78.60606800160349,61.153108160372966,6.422343227671115,862.4189512831092,24701.19700214133,8931.828000000005,1335.5899999999997,1935.9830000000004,5660.255000000005,1219.309,7712.519000000005,13.651281686122925,LEVE,2
0,1,23,0,4,0,-3.5492023771904098,-80.22660463446178,0,4,7,1,2,2,2,2,2023,10,0,0,19,2,0,6543.555,2.0,4,4,1.0,14,33,1198.0,0.506393213976091,71.09604779417722,66.88716723772843,7.8873292871222835,813.0857960318671,5253.152034261242,1009.101,138.47399999999996,287.471,583.156,276.972,732.129,27.447401201663663,GRAVE_LESIONADOS,0
6,1,20,0,4,1,-14.539008229102206,-70.28918346384991,0,4,7,1,2,2,2,5,2023,10,0,0,23,2,2,1761.8050000000003,2.0,2,0,1.0,6,22,410.0,0.3123807527193555,68.51007197218408,63.23261017822588,5.921452086144448,276.8686960718514,8566.627408993576,13642.312999999998,2020.7790000000005,2354.117,9267.416999999998,3314.0520000000006,10328.260999999997,24.29244952817019,LEVE,2
3,2,20,0,4,1,-15.545217,-70.110825,0,2,7,1,2,2,2,2,2023,10,1,0,8,1,2,7586.903,2.0,2,0,1.0,9,5,1198.0,0.3646929504779869,74.39003066237748,63.71456574957328,5.594162012040831,387.0285253251433,5552.2119914346895,13642.312999999998,2020.7790000000005,2354.117,9267.416999999998,3314.0520000000006,10328.260999999997,24.29244952817019,LEVE,2
6,1,20,0,4,1,-16.801885124618327,-70.03709084660409,0,4,0,0,2,2,2,2,2023,10,1,0,9,1,2,1529.105,2.0,2,0,1.0,9,21,200.0,0.3367238884705214,79.36896456880557,60.06171049206615,6.384918376891411,270.8405155620205,5778.8501070663815,13642.312999999998,2020.7790000000005,2354.117,9267.416999999998,3314.0520000000006,10328.260999999997,24.29244952817019,LEVE,2
6,1,20,0,4,1,-14.937619,-69.867581,0,4,7,1,2,2,2,2,2023,10,1,0,20,2,2,1762.84,2.0,1,0,0.0,9,32,485.0,0.378190833410684,64.38599435143328,71.47428639887909,6.6558756897025,445.86091818087607,23481.556745182013,13642.312999999998,2020.7790000000005,2354.117,9267.416999999998,3314.0520000000006,10328.260999999997,24.29244952817019,LEVE,2
3,2,12,0,4,1,-7.3389259,-79.5007404,0,4,7,1,2,2,2,0,2023,10,1,0,23,2,0,6543.555,3.0,2,0,1.0,0,30,1475.0,0.5351117900300902,83.23861437968503,65.52389176988291,6.875649646518558,839.0613958405557,12592.21841541756,8931.828000000005,1335.5899999999997,1935.9830000000004,5660.255000000005,1219.309,7712.519000000005,13.651281686122925,GRAVE_MORTALIDAD,1
0,1,14,2,2,4,-11.96297688,-77.0632051,0,3,7,1,2,2,2,0,2023,11,2,0,5,0,0,6543.555,2.0,4,4,1.0,14,33,1198.0,0.758462599563312,80.5192231989937,79.20045639149897,11.33839041452458,1628.5661148492152,363987.54389721627,7626.313,1683.4029999999998,1599.0829999999996,4343.827000000001,1814.875,5811.438000000001,23.797541485643197,LEVE,2
3,2,0,0,4,1,-5.723041,-78.477425,0,4,7,1,2,0,1,0,2023,11,2,0,7,1,1,7758.33400008,2.0,2,0,1.0,9,20,2133.0,0.5093941769436129,71.57902961898438,67.85872080070428,6.917165916360374,883.7235526008442,50553.44111349037,3903.732,1155.121,585.018,2163.5930000000003,943.591,2960.1410000000005,24.17151074920102,LEVE,2
6,1,11,0,4,1,-12.094406,-75.546458,0,4,5,1,2,1,1,2,2023,11,2,0,14,3,2,1452.982,1.0,1,3,1.0,9,13,441.0,0.2415150891896071,73.44316242086173,58.73635606517988,6.114834811393397,136.8068689530312,5512.501070663811,12264.545,1826.4639999999995,1105.5389999999998,9332.542,1588.5359999999996,10676.009,12.952261987705208,LEVE,2
6,1,20,0,4,1,-14.869368897990238,-70.67279845512074,0,4,7,1,2,2,2,2,2023,11,2,0,16,3,2,1780.161,1.0,1,3,0.0,9,32,490.0,0.3958613818248929,74.31840317756587,68.84753868427678,7.285995017257341,395.7122028531776,3949.297644539615,13642.312999999998,2020.7790000000005,2354.117,9267.416999999998,3314.0520000000006,10328.260999999997,24.29244952817019,LEVE,2
0,1,20,0,4,3,-16.414853,-69.088975,0,4,7,1,2,2,2,2,2023,11,2,0,17,3,2,6543.555,2.0,4,4,1.0,14,33,1198.0,0.2394362064959017,73.4288503002124,62.51290199484375,6.018616845068367,132.27646614855612,17422.250535331903,13642.312999999998,2020.7790000000005,2354.117,9267.416999999998,3314.0520000000006,10328.260999999997,24.29244952817019,LEVE,2
3,2,20,0,4,3,-15.787059627319664,-70.03850691114089,0,4,0,1,2,2,2,2,2023,11,2,0,18,2,2,6543.555,2.0,4,4,1.0,14,33,1198.0,0.3204026151964153,69.29426309416309,70.2364823564305,6.371809812333516,265.9551058733816,4850.546038543897,13642.312999999998,2020.7790000000005,2354.117,9267.416999999998,3314.0520000000006,10328.260999999997,24.29244952817019,GRAVE_MORTALIDAD,1
7,1,14,2,12,4,-12.16949027,-77.03635813,0,4,0,0,2,1,1,0,2023,11,2,0,19,2,0,6543.555,2.0,4,4,1.0,14,33,1198.0,0.7583553928164398,79.82595632107274,76.7651270103073,11.46351379457763,1662.7771470294065,333655.3618843683,7626.313,1683.4029999999998,1599.0829999999996,4343.827000000001,1814.875,5811.438000000001,23.797541485643197,LEVE,2
0,1,14,2,2,4,-12.03225906,-77.06423077,0,0,7,1,2,2,2,0,2023,11,3,0,4,0,0,6543.555,2.0,4,4,1.0,14,33,1198.0,0.7419979630670723,80.31822295927182,79.00446395716813,11.084203715652809,1554.6868971011318,739416.2413542903,7626.313,1683.4029999999998,1599.0829999999996,4343.827000000001,1814.875,5811.438000000001,23.797541485643197,LEVE,2
0,1,14,2,2,4,-12.02576411,-77.01010623,0,0,0,1,2,2,2,0,2023,11,3,0,5,0,0,6543.555,2.0,4,4,1.0,14,33,1198.0,0.701053025277506,79.62867561460851,73.1469484600971,10.064317505194426,1464.6926161541437,1150285.0494171206,7626.313,1683.4029999999998,1599.0829999999996,4343.827000000001,1814.875,5811.438000000001,23.797541485643197,LEVE,2
1,1,14,2,4,1,-12.381164,-76.774431,0,4,7,1,2,2,2,0,2023,11,3,0,11,1,0,6639.975,2.0,2,0,1.0,9,31,1616.0,0.7238335901083031,79.66547280467641,76.37525886646478,10.576617527878618,1528.3977840301418,8667.355460385439,7626.313,1683.4029999999998,1599.0829999999996,4343.827000000001,1814.875,5811.438000000001,23.797541485643197,LEVE,2
6,1,20,0,4,1,-15.0007276,-70.1823811,0,4,7,1,2,2,2,2,2023,11,3,0,11,1,2,1761.8050000000003,2.0,2,0,1.0,6,22,410.0,0.192208961369019,68.76766266610497,65.94920879656723,5.568539909379126,92.3572780511386,4011.042826552462,13642.312999999998,2020.7790000000005,2354.117,9267.416999999998,3314.0520000000006,10328.260999999997,24.29244952817019,LEVE,2
0,1,2,2,6,4,-13.649608,-73.363528,7,3,2,1,2,2,2,4,2023,11,3,0,12,3,2,6543.555,2.0,4,4,1.0,14,33,1198.0,0.4619010623422457,78.59168291839167,71.17621940902927,6.822215000922938,577.0592072650313,27074.62526766595,8358.971,1282.451,1298.0969999999998,5778.423,1432.683,6926.288,17.139466089785454,LEVE,2
6,1,2,0,4,2,-13.569,-73.289505,0,4,0,0,1,2,2,0,2023,11,3,0,14,3,2,6543.555,2.0,4,4,1.0,14,33,1198.0,0.2567041372885242,77.66728105386056,70.01603067314466,4.122891294618194,175.364365250261,7760.76659528908,8358.971,1282.451,1298.0969999999998,5778.423,1432.683,6926.288,17.139466089785454,LEVE,2
6,1,5,0,4,3,-6.686448,-78.454184,2,4,7,0,1,2,2,2,2023,11,3,0,15,3,2,6543.555,2.0,4,4,1.0,14,33,1198.0,0.3484871558022944,76.33677469666252,53.28672218475212,4.131981838863427,447.1658531581213,76209.5845824411,15935.565011852366,1733.9250000199986,935.692,13265.948011832368,2000.1670000199988,13935.398011832369,12.551591352627522,GRAVE_LESIONADOS,0
6,1,5,0,4,2,-5.221688,-78.933737,2,4,0,1,1,2,2,2,2023,11,3,0,16,3,2,6543.555,2.0,4,4,1.0,14,33,1198.0,0.3892940905457197,75.5719627800036,47.67488871800354,5.313057380273734,537.3986971669038,13817.460385438972,15935.565011852366,1733.9250000199986,935.692,13265.948011832368,2000.1670000199988,13935.398011832369,12.551591352627522,LEVE,2
3,1,14,2,2,4,-12.01796391,-77.00180065,0,0,7,1,2,2,2,0,2023,11,3,0,17,3,0,6543.555,2.0,4,4,1.0,14,33,1198.0,0.701053025277506,79.62867561460851,73.1469484600971,10.064317505194426,1464.6926161541437,1150285.0494171206,7626.313,1683.4029999999998,1599.0829999999996,4343.827000000001,1814.875,5811.438000000001,23.797541485643197,LEVE,2
1,1,11,0,4,1,-12.026391,-75.411418,0,4,7,1,2,1,1,2,2023,11,3,0,19,2,2,1452.982,1.0,1,3,1.0,9,13,441.0,0.3314428175210972,71.0453549138241,56.201059650987645,6.831664625200039,297.0741962406553,2686.26766595289,12264.545,1826.4639999999995,1105.5389999999998,9332.542,1588.5359999999996,10676.009,12.952261987705208,LEVE,2
0,1,14,2,4,1,-12.009693,-76.868245,0,2,7,1,2,1,1,0,2023,11,3,0,19,2,0,875.67,2.0,2,0,1.0,3,14,156.0,0.6868549636939637,79.62363164345142,76.30894566128948,9.209137883551294,1425.4498631666322,684921.8484148846,7626.313,1683.4029999999998,1599.0829999999996,4343.827000000001,1814.875,5811.438000000001,23.797541485643197,LEVE,2
3,1,19,0,4,0,-4.982013,-80.56318,0,4,7,1,2,2,2,0,2023,11,3,0,23,2,0,6543.555,2.0,4,4,1.0,14,33,1198.0,0.6220812987247925,80.20155828147696,72.71675503872983,10.02377668600292,1028.915688621886,159840.92719486082,8965.846000060003,1782.4120000599992,636.9959999999999,6546.438000000004,2214.505000059999,6751.341000000004,24.699342371541725,LEVE,2
4,1,7,0,4,1,-12.943439,-72.67007,5,4,5,1,2,1,1,2,2023,11,4,0,0,0,2,3447.8009999999995,1.0,2,3,0.0,9,12,1109.0,0.5803892132127203,77.20158157453214,80.09764322421019,9.63293466488124,868.3252877671093,30810.066381156317,17779.13499998999,2097.3709999899997,2863.123,12818.640999999989,2878.713,14900.421999989989,16.19152450331032,LEVE,2
0,1,14,2,4,1,-12.04125586,-77.03303703,0,0,7,1,2,1,1,0,2023,11,4,0,3,0,0,6543.555,3.0,2,0,1.0,0,30,1475.0,0.7300036506368504,80.21724456394445,75.11639588359114,10.636845733066124,1559.041185521695,156759.78800856532,7626.313,1683.4029999999998,1599.0829999999996,4343.827000000001,1814.875,5811.438000000001,23.797541485643197,LEVE,2
3,2,11,0,4,1,-12.00325,-75.250725,0,4,7,1,2,0,1,2,2023,11,4,0,20,2,2,7586.903,2.0,2,0,1.0,9,5,1198.0,0.5488941163958694,71.8562826306529,78.17729670805694,9.458372361545935,838.8993520480587,14173.7408993576,12264.545,1826.4639999999995,1105.5389999999998,9332.542,1588.5359999999996,10676.009,12.952261987705208,GRAVE_LESIONADOS,0
3,2,10,2,4,1,-14.090215,-75.71941,0,0,7,1,2,1,0,0,2023,11,5,1,2,0,0,6639.975,2.0,2,0,1.0,9,31,1616.0,0.6637216310803388,79.6446050662278,81.37671161983333,11.724811319582514,1084.329233867723,142450.24411134905,3721.461,698.1859999999996,744.866,2278.409,1102.9029999999996,2618.558,29.636290693359403,LEVE,2
6,1,11,0,4,1,-11.586712004795071,-75.84584888500075,2,4,7,1,2,1,1,2,2023,11,5,1,5,0,2,7586.903,2.0,2,0,1.0,9,5,1198.0,0.6211711217784234,75.51508523355102,70.90101252241288,10.049671623026311,1128.403546167389,8996.89721627409,12264.545,1826.4639999999995,1105.5389999999998,9332.542,1588.5359999999996,10676.009,12.952261987705208,GRAVE_LESIONADOS,0
6,1,12,0,4,2,-7.758597200141111,-77.56816824320808,0,4,7,1,7,2,2,0,2023,11,5,1,9,1,0,6543.555,2.0,4,4,1.0,14,33,1198.0,0.4686292122960986,72.39347765706144,42.14285241633188,6.687776775372348,878.2652317159998,9440.374732334049,8931.828000000005,1335.5899999999997,1935.9830000000004,5660.255000000005,1219.309,7712.519000000005,13.651281686122925,GRAVE_LESIONADOS,0
3,2,5,0,4,1,-6.89177922795808,-78.1167969906998,0,3,0,0,2,2,2,2,2023,11,5,1,12,3,2,2760.8550000000005,1.0,1,3,0.0,9,32,1208.0,0.4626426475820469,68.55306494378911,65.85969011943656,7.360220599067626,697.1780256934369,29011.38543897216,15935.565011852366,1733.9250000199986,935.692,13265.948011832368,2000.1670000199988,13935.398011832369,12.551591352627522,LEVE,2
3,1,19,2,2,4,-5.183442,-80.61185,0,4,7,1,2,2,2,0,2023,11,5,1,18,2,0,6543.555,2.0,4,4,1.0,14,33,1198.0,0.6220812987247925,80.20155828147696,72.71675503872983,10.02377668600292,1028.915688621886,159840.92719486082,8965.846000060003,1782.4120000599992,636.9959999999999,6546.438000000004,2214.505000059999,6751.341000000004,24.699342371541725,LEVE,2
6,1,7,0,4,2,-14.174067,-72.005272,0,4,0,0,7,2,2,2,2023,11,5,1,19,2,2,6543.555,2.0,4,4,1.0,14,33,1198.0,0.3582063239468129,73.72125513625039,50.68912238545782,4.370934077592676,495.5648271945098,7210.27408993576,17779.13499998999,2097.3709999899997,2863.123,12818.640999999989,2878.713,14900.421999989989,16.19152450331032,LEVE,2