CLASE SINIESTRO,CANTIDAD DE VEHICULOS DAÑADOS,DEPARTAMENTO,ZONA,TIPO DE VÍA,RED VIAL,COORDENADAS LATITUD,COORDENADAS  LONGITUD,CONDICIÓN CLIMÁTICA,ZONIFICACIÓN,CARACTERÍSTICAS DE VÍA,PERFIL LONGITUDINAL VÍA,SUPERFICIE DE CALZADA,¿EXISTE SEÑAL VERTICAL?,¿EXISTE SEÑAL HORIZONTAL?,CAUSA FACTOR PRINCIPAL,AÑO,MES,DIA_SEMANA,ES_FIN_SEMANA,HORA_NUM,FRANJA_HORARIA,REGION_NATURAL,MTC_RVN_LONGITUD_KM,MTC_RVN_N_CARRILES_MEDIANA,MTC_RVN_SUPERFICIE_DOMINANTE,MTC_RVN_ESTADO_DOMINANTE,MTC_RVN_ES_CONCESIONADA,MTC_RVN_CONCESION_PRINCIPAL,MTC_RVN_CORREDOR_LOGISTICO,MTC_RVN_N_TRAMOS,IDH_2019,IDH_ESP_VIDA_2019,IDH_EDUC_SECUND_PCT_2019,IDH_ANIOS_EDUC_2019,IDH_INGRESO_PERCAP_2019,IDH_POBLACION_2019,MTC_DEP_RED_TOTAL_KM,MTC_DEP_NACIONAL_TOTAL_KM,MTC_DEP_DEPARTAMENTAL_TOTAL_KM,MTC_DEP_VECINAL_TOTAL_KM,MTC_DEP_PAV_TOTAL_KM,MTC_DEP_NO_PAV_TOTAL_KM,MTC_DEP_PCT_PAVIMENTADA,CATEGORIA_SEVERIDAD,CATEGORIA_SEVERIDAD_ENC
0,1,20,2,6,4,-15.862453,-70.020058,0,0,2,0,2,2,2,6,2023,11,5,1,15,3,2,6543.555,2.0,4,4,1.0,14,33,1198.0,0.6488901960567479,69.67312345830231,82.12448375199249,11.701623814093702,1230.336353415943,144745.3597430407,13642.312999999998,2020.7790000000005,2354.117,9267.416999999998,3314.0520000000006,10328.260999999997,24.29244952817019,LEVE,2
3,2,12,2,4,2,-7.23887,-79.467492,0,0,7,1,2,2,2,0,2023,11,5,1,21,2,0,6543.555,2.0,4,4,1.0,14,33,1198.0,0.5650979329787121,81.32490571897102,68.6769211482833,7.868096912305706,909.6843705053026,43897.946466809415,8931.828000000005,1335.5899999999997,1935.9830000000004,5660.255000000005,1219.309,7712.519000000005,13.651281686122925,LEVE,2
3,1,19,0,4,2,-5.316261,-80.67095,0,4,7,1,2,2,2,0,2023,11,5,1,22,2,0,6543.555,2.0,4,4,1.0,14,33,1198.0,0.5034350778485951,78.14388603810477,62.51585839041032,7.698619805954479,731.8176685454189,76220.84796573877,8965.846000060003,1782.4120000599992,636.9959999999999,6546.438000000004,2214.505000059999,6751.341000000004,24.699342371541725,GRAVE_MORTALIDAD,1
6,1,3,0,4,3,-16.489694,-71.854093,0,4,7,1,7,2,2,0,2023,11,6,1,2,0,0,6543.555,2.0,4,4,1.0,14,33,1198.0,0.6105481451420971,78.10653088113892,68.35418098658066,8.411557426919764,1158.5430895193692,35025.678800856535,10322.272,1495.236,1749.739,7077.2970000000005,2886.595,7435.677000000001,27.964725207783708,GRAVE_MORTALIDAD,1
1,1,14,2,4,1,-12.179902,-76.976303,0,0,7,1,2,0,1,0,2023,11,6,1,5,0,0,6639.975,2.0,2,0,1.0,9,31,1616.0,0.7289998534947872,80.50926319493618,76.9124822838204,10.358587270463827,1551.106643515347,384728.5117773019,7626.313,1683.4029999999998,1599.0829999999996,4343.827000000001,1814.875,5811.438000000001,23.797541485643197,LEVE,2
4,1,7,0,4,3,-13.269785,-72.103578,0,4,5,0,7,2,2,2,2023,11,6,1,9,1,2,6543.555,2.0,4,4,1.0,14,33,1198.0,0.5961225511084856,78.53035911580116,68.81531875437855,9.019506278168732,1024.5153398091154,21509.777301927195,17779.13499998999,2097.3709999899997,2863.123,12818.640999999989,2878.713,14900.421999989989,16.19152450331032,LEVE,2
3,2,20,0,4,1,-16.80554663730018,-69.72881843667389,0,4,7,1,2,2,2,2,2023,11,6,1,11,1,2,1139.285,1.0,1,3,0.0,9,32,176.0,0.3367238884705214,79.36896456880557,60.06171049206615,6.384918376891411,270.8405155620205,5778.8501070663815,13642.312999999998,2020.7790000000005,2354.117,9267.416999999998,3314.0520000000006,10328.260999999997,24.29244952817019,LEVE,2
0,1,14,2,4,1,-11.73451895,-77.13611622,0,3,0,0,2,2,2,0,2023,11,6,1,14,3,0,6543.555,3.0,2,0,1.0,0,30,1475.0,0.6688889885290078,77.65971620762488,72.11797581870952,9.343568875150348,1392.9562465448405,54956.252676659526,7626.313,1683.4029999999998,1599.0829999999996,4343.827000000001,1814.875,5811.438000000001,23.797541485643197,LEVE,2
0,1,22,2,4,2,-17.981544,-70.234855,0,3,7,1,2,2,2,2,2023,11,0,0,4,0,0,6543.555,2.0,4,4,1.0,14,33,1198.0,0.5247346827766403,77.18848313096647,75.55178983417426,9.056869377972824,693.9613625714486,37523.97002141328,2650.572,630.6729999999998,487.3610000000001,1532.5379999999998,1068.7019999999998,1581.87,40.31967439480987,LEVE,2
3,1,14,2,4,1,-12.300015,-76.849084,0,0,7,1,2,2,2,0,2023,11,0,0,17,3,0,6639.975,2.0,2,0,1.0,9,31,1616.0,0.6909236767275176,78.41626133969348,70.97436336767564,9.826485374940413,1476.8351947609171,95908.53319057816,7626.313,1683.4029999999998,1599.0829999999996,4343.827000000001,1814.875,5811.438000000001,23.797541485643197,GRAVE_MORTALIDAD,1
1,1,11,2,4,1,-11.5494319,-75.94024,0,3,1,1,2,1,1,0,2023,11,1,0,1,0,2,875.67,2.0,2,0,1.0,3,14,156.0,0.6321460491366403,78.72767434139575,73.4085597668118,9.962928320912368,1105.459509937087,9043.226980728054,12264.545,1826.4639999999995,1105.5389999999998,9332.542,1588.5359999999996,10676.009,12.952261987705208,LEVE,2
0,1,14,2,4,1,-12.024616,-77.05868041,0,0,7,0,2,2,2,0,2023,11,1,0,3,0,0,6543.555,3.0,2,0,1.0,0,30,1475.0,0.7419979630670723,80.31822295927182,79.00446395716813,11.084203715652809,1554.6868971011318,739416.2413542903,7626.313,1683.4029999999998,1599.0829999999996,4343.827000000001,1814.875,5811.438000000001,23.797541485643197,LEVE,2
6,1,5,0,4,1,-6.60845710904638,-78.9807254976289,0,4,0,0,2,2,2,2,2023,11,1,0,9,1,2,513.58,1.0,1,0,0.0,9,32,146.0,0.4107408298364635,70.5613358502723,41.35222319308916,6.140305307866689,667.7176567882257,9468.56102783726,15935.565011852366,1733.9250000199986,935.692,13265.948011832368,2000.1670000199988,13935.398011832369,12.551591352627522,GRAVE_MORTALIDAD,1
3,1,19,0,4,1,-5.434296,-79.77158,0,4,7,1,2,2,2,0,2023,11,1,0,20,2,0,722.9000000000002,2.0,1,0,1.0,2,32,123.0,0.4017190204617711,74.32150428280667,56.50344996535445,5.400874795029631,548.5724567678874,7812.374732334047,8965.846000060003,1782.4120000599992,636.9959999999999,6546.438000000004,2214.505000059999,6751.341000000004,24.699342371541725,LEVE,2
0,1,20,0,4,3,-15.220533,-69.550224,0,4,7,1,2,2,2,2,2023,11,1,0,21,2,2,6543.555,2.0,4,4,1.0,14,33,1198.0,0.2476353497663564,70.16827644564405,71.73969502143608,5.144999599353899,155.95921209250525,3821.961456102784,13642.312999999998,2020.7790000000005,2354.117,9267.416999999998,3314.0520000000006,10328.260999999997,24.29244952817019,LEVE,2
3,2,14,2,4,1,-11.06209,-77.55274,0,3,7,1,2,1,0,2,2023,11,2,0,5,0,0,198.315,2.0,2,0,0.0,9,1,55.0,0.644332113046051,78.61218205687396,70.04798203155518,8.919818005352203,1280.219555520582,36044.03426124197,7626.313,1683.4029999999998,1599.0829999999996,4343.827000000001,1814.875,5811.438000000001,23.797541485643197,GRAVE_MORTALIDAD,1
0,1,3,0,4,3,-15.6858186513221,-71.6811662831479,7,4,2,0,7,2,2,0,2023,11,2,0,12,3,0,6543.555,2.0,4,4,1.0,14,33,1198.0,0.371171304727158,78.034012305572,48.41837891894141,6.395227546608189,395.26527894408656,729.6959314775161,10322.272,1495.236,1749.739,7077.2970000000005,2886.595,7435.677000000001,27.964725207783708,LEVE,2
5,1,20,0,4,0,-16.2880844058182,-69.2259101218504,6,5,6,2,6,2,2,2,2023,11,2,0,21,2,2,6543.555,2.0,4,4,1.0,14,33,1198.0,0.3165090894545869,72.969641049674,69.1278394147308,6.0160374778788,250.7872170233644,13778.516059957172,13642.312999999998,2020.7790000000005,2354.117,9267.416999999998,3314.0520000000006,10328.260999999997,24.29244952817019,LEVE,2
3,1,14,2,4,1,-11.88600505,-77.06853415,0,1,7,1,2,0,1,0,2023,11,2,0,23,2,0,6543.555,3.0,2,0,1.0,0,30,1475.0,0.6632628912836565,79.15155564666024,73.19223743118206,9.629669813837666,1289.452647666346,383699.2119914347,7626.313,1683.4029999999998,1599.0829999999996,4343.827000000001,1814.875,5811.438000000001,23.797541485643197,LEVE,2
3,2,20,0,4,1,-16.076368,-69.6619044,0,4,7,1,2,2,2,2,2023,11,3,0,21,2,2,7586.903,2.0,2,0,1.0,9,5,1198.0,0.4020198374784472,77.80062735845667,75.295761294875,7.279851651626652,372.63390314535104,50686.62526766595,13642.312999999998,2020.7790000000005,2354.117,9267.416999999998,3314.0520000000006,10328.260999999997,24.29244952817019,LEVE,2
5,1,20,0,4,1,-16.06202,-69.691973,0,4,7,1,2,2,2,0,2023,11,4,0,0,0,2,7586.903,2.0,2,0,1.0,9,5,1198.0,0.3247057995130503,73.24682709519536,76.81044161661171,6.507336567861034,242.9773157546694,24872.03426124197,13642.312999999998,2020.7790000000005,2354.117,9267.416999999998,3314.0520000000006,10328.260999999997,24.29244952817019,LEVE,2
10,1,7,0,4,1,-13.209254,-72.299232,0,4,0,0,2,1,1,2,2023,11,4,0,6,1,2,3447.8009999999995,1.0,2,3,0.0,9,12,1109.0,0.4436910265814239,73.23231952981627,68.31759937357421,6.347812015893606,607.5963608103546,11277.284796573877,17779.13499998999,2097.3709999899997,2863.123,12818.640999999989,2878.713,14900.421999989989,16.19152450331032,GRAVE_MORTALIDAD,1
1,1,14,2,2,4,-11.82885522,-77.11022089,0,3,7,0,2,2,2,0,2023,11,4,0,12,3,0,6543.555,2.0,4,4,1.0,14,33,1198.0,0.6632628912836565,79.15155564666024,73.19223743118206,9.629669813837666,1289.452647666346,383699.2119914347,7626.313,1683.4029999999998,1599.0829999999996,4343.827000000001,1814.875,5811.438000000001,23.797541485643197,LEVE,2
1,1,14,0,4,1,-12.36371115,-76.79252318,0,2,7,1,2,2,2,0,2023,11,5,1,1,0,0,6639.975,2.0,2,0,1.0,9,31,1616.0,0.6997623570346938,76.1024633480164,67.4916969677081,10.594360693484372,1568.8925177861563,8292.871520342613,7626.313,1683.4029999999998,1599.0829999999996,4343.827000000001,1814.875,5811.438000000001,23.797541485643197,LEVE,2
0,0,10,0,4,1,-13.560465,-76.180318,0,4,7,1,2,2,2,0,2023,11,5,1,3,0,0,205.54999999999995,-1.0,2,0,1.0,13,31,15.0,0.533712318797331,79.3365989923595,61.56804543976482,8.261681946790427,816.7917863887187,13863.817987152031,3721.461,698.1859999999996,744.866,2278.409,1102.9029999999996,2618.558,29.636290693359403,LEVE,2
0,1,14,2,2,4,-12.148134,-76.934364,0,3,7,1,2,2,2,0,2023,11,5,1,8,1,0,6543.555,2.0,4,4,1.0,14,33,1198.0,0.689811994580126,79.88015655965044,73.89553442371854,9.755251380104111,1409.8432274455126,452660.364025696,7626.313,1683.4029999999998,1599.0829999999996,4343.827000000001,1814.875,5811.438000000001,23.797541485643197,LEVE,2
6,1,8,0,4,1,-12.411749902772916,-75.0394585092174,0,4,0,0,2,2,2,0,2023,11,5,1,12,3,2,7586.903,2.0,2,0,1.0,9,5,1198.0,0.3197508632812603,73.35600919181914,47.73247021173725,4.747967817478287,352.6352900736821,3265.2034261241965,8511.426,1445.3929999999996,2008.516,5057.516999999999,1879.579,6631.846999999998,22.08300935706896,GRAVE_LESIONADOS,0
3,2,3,0,4,1,-16.019116,-71.283545,0,4,0,0,2,2,2,0,2023,11,5,1,16,3,0,1504.4250000000002,2.0,2,0,1.0,7,25,241.0,0.4685280505645348,81.83746865987648,70.74305753660312,6.037751599761188,617.4715908037651,1751.8736616702354,10322.272,1495.236,1749.739,7077.2970000000005,2886.595,7435.677000000001,27.964725207783708,GRAVE_LESIONADOS,0
0,0,7,0,4,1,-13.649487,-71.298013,5,4,7,1,2,1,1,4,2023,11,5,1,18,2,2,3263.58,2.0,2,0,1.0,5,18,566.0,0.2701433460922377,67.03086854576458,59.596346222865,3.690268129191559,281.2948228692088,16118.58886509636,17779.13499998999,2097.3709999899997,2863.123,12818.640999999989,2878.713,14900.421999989989,16.19152450331032,LEVE,2
0,1,3,0,4,1,-16.512043,-71.809521,0,4,7,1,2,2,2,0,2023,11,5,1,20,2,0,6639.975,2.0,2,0,1.0,9,31,1616.0,0.6105481451420971,78.10653088113892,68.35418098658066,8.411557426919764,1158.5430895193692,35025.678800856535,10322.272,1495.236,1749.739,7077.2970000000005,2886.595,7435.677000000001,27.964725207783708,LEVE,2
3,2,21,2,4,1,-5.730906,-77.513107,0,0,7,0,2,2,2,0,2023,11,5,1,20,2,1,7758.33400008,2.0,2,0,1.0,9,20,2133.0,0.395409368693869,74.01814372927417,48.94523443220634,5.029353255237231,594.0921143791977,22212.160599571733,5645.136,815.0759999999999,965.298,3864.762,1013.406,4631.73,17.95184385283189,LEVE,2
1,1,14,2,4,1,-12.297378,-76.8552,0,4,7,1,2,2,2,0,2023,11,6,1,0,0,0,6639.975,2.0,2,0,1.0,9,31,1616.0,0.6909236767275176,78.41626133969348,70.97436336767564,9.826485374940413,1476.8351947609171,95908.53319057816,7626.313,1683.4029999999998,1599.0829999999996,4343.827000000001,1814.875,5811.438000000001,23.797541485643197,LEVE,2
6,1,19,0,4,1,-4.946504,-79.57293,0,4,7,1,2,2,2,0,2023,11,6,1,14,3,0,9936.932,2.0,2,0,1.0,9,32,3830.0,0.1900070040755593,67.02551393447025,31.739914268299977,3.0893428849540148,177.20702638341197,22544.957173447536,8965.846000060003,1782.4120000599992,636.9959999999999,6546.438000000004,2214.505000059999,6751.341000000004,24.699342371541725,LEVE,2
6,1,7,0,4,2,-14.045195934840285,-71.49847893716822,2,4,0,1,2,2,2,0,2023,11,0,0,17,3,2,6543.555,2.0,4,4,1.0,14,33,1198.0,0.2868848693968708,64.19224905142373,77.91210046083839,5.136072112735632,243.26434259941576,2123.259100642398,17779.13499998999,2097.3709999899997,2863.123,12818.640999999989,2878.713,14900.421999989989,16.19152450331032,LEVE,2
0,1,14,2,2,4,-11.97830745,-77.07583634,0,1,7,1,2,1,1,0,2023,11,0,0,17,3,0,6543.555,2.0,4,4,1.0,14,33,1198.0,0.758462599563312,80.5192231989937,79.20045639149897,11.33839041452458,1628.5661148492152,363987.54389721627,7626.313,1683.4029999999998,1599.0829999999996,4343.827000000001,1814.875,5811.438000000001,23.797541485643197,LEVE,2
0,1,21,2,4,1,-6.170109,-76.833266,5,0,7,0,2,2,2,0,2023,11,0,0,18,2,1,7758.33400008,2.0,2,0,1.0,9,20,2133.0,0.3492524985551798,73.87945975179423,47.35782955662357,4.584830643679292,457.969668231556,16120.93790149893,5645.136,815.0759999999999,965.298,3864.762,1013.406,4631.73,17.95184385283189,LEVE,2
3,1,14,2,4,1,-12.222561,-76.974531,0,2,7,1,2,2,2,0,2023,11,0,0,20,2,0,6639.975,2.0,2,0,1.0,9,31,1616.0,0.7583553928164398,79.82595632107274,76.7651270103073,11.46351379457763,1662.7771470294065,333655.3618843683,7626.313,1683.4029999999998,1599.0829999999996,4343.827000000001,1814.875,5811.438000000001,23.797541485643197,LEVE,2
6,1,14,2,2,4,-11.92831933,-77.05579317,0,0,7,1,2,2,2,0,2023,11,0,0,20,2,0,6543.555,2.0,4,4,1.0,14,33,1198.0,0.7218926988400113,80.0902077245261,77.9581888264889,10.971588327733102,1458.3206086290393,530000.3426124197,7626.313,1683.4029999999998,1599.0829999999996,4343.827000000001,1814.875,5811.438000000001,23.797541485643197,GRAVE_LESIONADOS,0
1,1,14,0,4,1,-12.368539,-76.787526,0,4,7,1,2,1,1,0,2023,11,0,0,21,2,0,6639.975,2.0,2,0,1.0,9,31,1616.0,0.6997623570346938,76.1024633480164,67.4916969677081,10.594360693484372,1568.8925177861563,8292.871520342613,7626.313,1683.4029999999998,1599.0829999999996,4343.827000000001,1814.875,5811.438000000001,23.797541485643197,LEVE,2
1,1,14,2,4,1,-12.04196646,-77.01998696,0,0,7,0,2,2,2,0,2023,11,1,0,4,0,0,6543.555,3.0,2,0,1.0,0,30,1475.0,0.7300036506368504,80.21724456394445,75.11639588359114,10.636845733066124,1559.041185521695,156759.78800856532,7626.313,1683.4029999999998,1599.0829999999996,4343.827000000001,1814.875,5811.438000000001,23.797541485643197,LEVE,2
0,1,14,2,3,4,-11.109567850540602,-77.58845593015225,0,3,1,1,2,2,2,4,2023,11,1,0,9,1,0,6543.555,2.0,4,4,1.0,14,33,1198.0,0.6256541286888256,76.866876725279,74.48686395070398,9.794027812898843,1113.4562244631716,37972.95074946467,7626.313,1683.4029999999998,1599.0829999999996,4343.827000000001,1814.875,5811.438000000001,23.797541485643197,LEVE,2
3,1,19,2,2,4,-5.17956956966073,-80.6778761225774,0,4,1,1,2,2,2,2,2023,11,1,0,11,1,0,6543.555,2.0,4,4,1.0,14,33,1198.0,0.5997462042553465,78.40793944726823,72.26811532412637,9.714064362322326,976.3169831713308,183875.0,8965.846000060003,1782.4120000599992,636.9959999999999,6546.438000000004,2214.505000059999,6751.341000000004,24.699342371541725,LEVE,2
3,2,12,0,4,2,-8.444481465302472,-78.81420865324863,0,4,7,1,1,2,2,2,2023,11,1,0,13,3,0,6543.555,2.0,4,4,1.0,14,33,1198.0,0.5051395598219868,77.13285387085847,51.52067479184955,6.715328807318118,900.900383457586,67612.41755888652,8931.828000000005,1335.5899999999997,1935.9830000000004,5660.255000000005,1219.309,7712.519000000005,13.651281686122925,LEVE,2
0,1,22,0,4,2,-17.320923,-70.433619,0,4,7,1,2,2,2,4,2023,11,1,0,15,3,0,6543.555,2.0,4,4,1.0,14,33,1198.0,0.4109227257681485,69.72156319304366,59.07475173743236,6.343350448150822,562.8211400189475,1012.406852248394,2650.572,630.6729999999998,487.3610000000001,1532.5379999999998,1068.7019999999998,1581.87,40.31967439480987,LEVE,2
3,2,12,0,4,1,-7.993094,-78.293283,2,4,7,1,2,2,2,0,2023,11,1,0,19,2,0,9936.932,2.0,2,0,1.0,9,32,3830.0,0.4320883936567258,76.718936301794,43.003289188979466,6.269065613037991,662.0777072841523,13167.552462526766,8931.828000000005,1335.5899999999997,1935.9830000000004,5660.255000000005,1219.309,7712.519000000005,13.651281686122925,LEVE,2
3,2,3,0,4,0,-16.332863,-72.166079,0,4,7,1,2,0,1,0,2023,11,2,0,4,0,0,6543.555,2.0,4,4,1.0,14,33,1198.0,0.6077843615696785,76.53072135400231,69.81276959706165,8.77367759087771,1135.5159013374655,74658.55888650964,10322.272,1495.236,1749.739,7077.2970000000005,2886.595,7435.677000000001,27.964725207783708,LEVE,2
0,1,22,0,4,1,-17.833542,-70.536717,0,4,7,1,2,2,2,4,2023,11,2,0,4,0,0,6639.975,2.0,2,0,1.0,9,31,1616.0,0.5526222945995614,74.2498786138685,70.50025041365525,8.75355945120394,897.5682559826355,2956.51391862955,2650.572,630.6729999999998,487.3610000000001,1532.5379999999998,1068.7019999999998,1581.87,40.31967439480987,LEVE,2
3,1,6,2,4,1,-11.8250424,-77.1229566205,0,2,7,1,2,2,2,1,2023,11,2,0,10,1,0,6543.555,3.0,2,0,1.0,0,30,1475.0,0.5563774842369664,77.00938809632027,69.10246351364754,8.476961866273152,914.8835608305218,27932.19700214133,51.58600000000001,44.68700000000001,6.899000000000001,0.0,49.838000000000015,1.748,96.61148373589734,LEVE,2
3,2,20,0,4,1,-15.3610386,-70.0521189,0,4,7,1,2,2,2,2,2023,11,2,0,12,3,2,1762.84,2.0,1,0,0.0,9,32,485.0,0.2399049659709538,73.66748174046536,65.59496565670392,5.108032967220759,142.3423295419015,4818.295503211992,13642.312999999998,2020.7790000000005,2354.117,9267.416999999998,3314.0520000000006,10328.260999999997,24.29244952817019,LEVE,2
1,1,11,2,4,1,-11.957444,-75.276379,0,4,7,1,2,0,1,0,2023,11,2,0,19,2,2,7586.903,2.0,2,0,1.0,9,5,1198.0,0.5461790591051493,72.19386023762785,72.7128913820118,9.62011242666309,841.9001076549624,11141.967880085656,12264.545,1826.4639999999995,1105.5389999999998,9332.542,1588.5359999999996,10676.009,12.952261987705208,LEVE,2
6,1,3,2,4,1,-16.5050105,-71.8224081,0,3,7,1,2,0,1,0,2023,11,2,0,21,2,0,6639.975,2.0,2,0,1.0,9,31,1616.0,0.6105481451420971,78.10653088113892,68.35418098658066,8.411557426919764,1158.5430895193692,35025.678800856535,10322.272,1495.236,1749.739,7077.2970000000005,2886.595,7435.677000000001,27.964725207783708,LEVE,2
3,2,12,0,4,1,-8.71773,-78.636349,0,4,7,1,2,2,2,2,2023,11,3,0,4,0,0,6543.555,3.0,2,0,1.0,0,30,1475.0,0.4867987483268106,77.5825534369154,52.95148122709723,6.150547060309878,840.5788229266196,9838.736616702356,8931.828000000005,1335.5899999999997,1935.9830000000004,5660.255000000005,1219.309,7712.519000000005,13.651281686122925,LEVE,2
0,1,11,2,4,1,-12.122053433707189,-75.21870014405582,0,3,7,1,2,0,1,2,2023,11,3,0,9,1,2,7586.903,2.0,2,0,1.0,9,5,1198.0,0.4869005705010076,71.27758642633061,70.98462759449653,8.427566649199576,675.919211630646,9077.69807280514,12264.545,1826.4639999999995,1105.5389999999998,9332.542,1588.5359999999996,10676.009,12.952261987705208,LEVE,2
3,2,12,2,4,1,-8.142941314344641,-79.02747500593753,0,2,0,1,2,2,2,2,2023,11,3,0,12,3,0,6543.555,3.0,2,0,1.0,0,30,1475.0,0.7531641124604342,80.00312647864715,76.99495003849329,11.742569192588208,1599.6362666139996,66889.78372591006,8931.828000000005,1335.5899999999997,1935.9830000000004,5660.255000000005,1219.309,7712.519000000005,13.651281686122925,LEVE,2
3,2,12,0,4,1,-7.284048866827425,-79.31384107523171,0,4,7,1,2,2,2,2,2023,11,3,0,19,2,0,887.28,2.0,2,0,1.0,8,17,155.0,0.5885704819472196,78.81449187577415,72.29060549742594,8.763210867480462,976.1586325354776,48424.389721627405,8931.828000000005,1335.5899999999997,1935.9830000000004,5660.255000000005,1219.309,7712.519000000005,13.651281686122925,LEVE,2
1,1,20,0,4,0,-16.2931678,-69.2315312,0,4,7,1,2,2,2,0,2023,11,3,0,19,2,2,6543.555,2.0,4,4,1.0,14,33,1198.0,0.3165090894545869,72.969641049674,69.1278394147308,6.0160374778788,250.7872170233644,13778.516059957172,13642.312999999998,2020.7790000000005,2354.117,9267.416999999998,3314.0520000000006,10328.260999999997,24.29244952817019,LEVE,2
3,1,18,1,4,1,-10.8936,-76.08042,6,5,6,2,6,2,2,0,2023,12,4,0,5,0,2,9936.932,2.0,2,0,1.0,9,32,3830.0,0.3809805024475937,74.2650289070001,82.89783498714431,7.452077577745868,324.00556378663055,3505.5546038543894,3677.119863,564.5869999999999,910.845,2201.687863000001,590.8779999999998,3086.2418630000006,16.06904376290656,LEVE,2
4,1,20,2,6,4,-14.321107,-69.465885,0,3,7,1,2,2,2,2,2023,12,4,0,11,1,2,6543.555,2.0,4,4,1.0,14,33,1198.0,0.3677334628938986,70.7162173228883,67.35653663762525,5.8791954301434455,400.7331963961917,11267.128479657387,13642.312999999998,2020.7790000000005,2354.117,9267.416999999998,3314.0520000000006,10328.260999999997,24.29244952817019,LEVE,2
6,1,7,0,4,2,-13.269451,-71.619832,5,4,0,1,1,2,2,2,2023,12,4,0,12,3,2,6543.555,2.0,4,4,1.0,14,33,1198.0,0.2466226927938573,59.50771953912937,42.678907967899015,3.991373779253808,285.51302601039464,12676.173447537472,17779.13499998999,2097.3709999899997,2863.123,12818.640999999989,2878.713,14900.421999989989,16.19152450331032,LEVE,2
5,1,7,0,4,1,-13.377747,-71.916198,2,4,7,1,4,0,1,2,2023,12,4,0,19,2,2,3447.8009999999995,1.0,2,3,0.0,9,12,1109.0,0.3373243871105438,75.90412141914639,57.87168794363291,5.114446597456778,338.4338532185294,5497.58886509636,17779.13499998999,2097.3709999899997,2863.123,12818.640999999989,2878.713,14900.421999989989,16.19152450331032,GRAVE_MORTALIDAD,1
6,1,12,0,4,1,-7.259385,-79.489973,0,4,7,1,2,2,2,0,2023,12,4,0,21,2,0,6543.555,3.0,2,0,1.0,0,30,1475.0,0.5650979329787121,81.32490571897102,68.6769211482833,7.868096912305706,909.6843705053026,43897.946466809415,8931.828000000005,1335.5899999999997,1935.9830000000004,5660.255000000005,1219.309,7712.519000000005,13.651281686122925,LEVE,2
6,1,5,0,4,1,-6.6076301596672815,-78.62210422754289,0,4,7,0,2,0,1,2,2023,12,5,1,2,0,2,9936.932,2.0,2,0,1.0,9,32,3830.0,0.4700875779194959,72.66081436888122,64.8808353209258,6.163018167008406,756.997154110016,46090.54817987152,15935.565011852366,1733.9250000199986,935.692,13265.948011832368,2000.1670000199988,13935.398011832369,12.551591352627522,LEVE,2
0,1,11,2,3,4,-12.071005,-75.20299,0,0,1,1,2,2,2,4,2023,12,5,1,7,1,2,6543.555,2.0,4,4,1.0,14,33,1198.0,0.6083413875375813,71.66982597817598,76.35118091119013,11.05243180238688,1046.538532645036,119236.36616702356,12264.545,1826.4639999999995,1105.5389999999998,9332.542,1588.5359999999996,10676.009,12.952261987705208,LEVE,2
6,1,14,2,2,4,-11.82183549,-77.10313954,0,3,7,0,7,2,2,0,2023,12,5,1,16,3,0,6543.555,2.0,4,4,1.0,14,33,1198.0,0.6632628912836565,79.15155564666024,73.19223743118206,9.629669813837666,1289.452647666346,383699.2119914347,7626.313,1683.4029999999998,1599.0829999999996,4343.827000000001,1814.875,5811.438000000001,23.797541485643197,LEVE,2
0,1,12,2,2,4,-8.06603606,-79.05134333,0,1,7,1,2,2,2,0,2023,12,5,1,19,2,0,6543.555,2.0,4,4,1.0,14,33,1198.0,0.5961574154611067,78.8610661942771,67.40352037574897,9.291971962737568,1010.620438228636,197397.5888650964,8931.828000000005,1335.5899999999997,1935.9830000000004,5660.255000000005,1219.309,7712.519000000005,13.651281686122925,LEVE,2
0,1,14,2,4,1,-11.89026193,-77.04416421,0,0,1,1,2,2,2,0,2023,12,5,1,19,2,0,1084.715,2.0,2,3,0.0,9,23,1025.0,0.6498693508177541,78.84967382596041,74.11456675539837,9.21786785255454,1246.479589064551,356854.23554603854,7626.313,1683.4029999999998,1599.0829999999996,4343.827000000001,1814.875,5811.438000000001,23.797541485643197,LEVE,2
3,2,20,0,4,1,-14.66751,-70.368807,0,4,7,1,2,2,2,2,2023,12,6,1,4,0,2,1761.8050000000003,2.0,2,0,1.0,6,22,410.0,0.2623754846886306,66.47865021821245,67.58090631586649,6.080442216669903,177.69250667428713,15453.085653104928,13642.312999999998,2020.7790000000005,2354.117,9267.416999999998,3314.0520000000006,10328.260999999997,24.29244952817019,LEVE,2
5,1,14,0,4,1,-11.6287267,-77.2074235,0,4,2,0,2,1,0,0,2023,12,6,1,5,0,0,6543.555,3.0,2,0,1.0,0,30,1475.0,0.606011890732538,79.10580202061365,64.14379964647316,7.172095916125169,1269.9879605915198,20981.39186295503,7626.313,1683.4029999999998,1599.0829999999996,4343.827000000001,1814.875,5811.438000000001,23.797541485643197,GRAVE_LESIONADOS,0