CLASE SINIESTRO,CANTIDAD DE VEHICULOS DAÑADOS,DEPARTAMENTO,ZONA,TIPO DE VÍA,RED VIAL,COORDENADAS LATITUD,COORDENADAS  LONGITUD,CONDICIÓN CLIMÁTICA,ZONIFICACIÓN,CARACTERÍSTICAS DE VÍA,PERFIL LONGITUDINAL VÍA,SUPERFICIE DE CALZADA,¿EXISTE SEÑAL VERTICAL?,¿EXISTE SEÑAL HORIZONTAL?,CAUSA FACTOR PRINCIPAL,AÑO,MES,DIA_SEMANA,ES_FIN_SEMANA,HORA_NUM,FRANJA_HORARIA,REGION_NATURAL,MTC_RVN_LONGITUD_KM,MTC_RVN_N_CARRILES_MEDIANA,MTC_RVN_SUPERFICIE_DOMINANTE,MTC_RVN_ESTADO_DOMINANTE,MTC_RVN_ES_CONCESIONADA,MTC_RVN_CONCESION_PRINCIPAL,MTC_RVN_CORREDOR_LOGISTICO,MTC_RVN_N_TRAMOS,IDH_2019,IDH_ESP_VIDA_2019,IDH_EDUC_SECUND_PCT_2019,IDH_ANIOS_EDUC_2019,IDH_INGRESO_PERCAP_2019,IDH_POBLACION_2019,MTC_DEP_RED_TOTAL_KM,MTC_DEP_NACIONAL_TOTAL_KM,MTC_DEP_DEPARTAMENTAL_TOTAL_KM,MTC_DEP_VECINAL_TOTAL_KM,MTC_DEP_PAV_TOTAL_KM,MTC_DEP_NO_PAV_TOTAL_KM,MTC_DEP_PCT_PAVIMENTADA,CATEGORIA_SEVERIDAD,CATEGORIA_SEVERIDAD_ENC
1,1,3,2,3,4,-16.404366570931828,-71.48982340649606,0,3,7,0,2,2,2,0,2024,2,6,1,0,0,0,6543.555,2.0,4,4,1.0,14,33,1198.0,0.6695059447902582,78.31157187229299,82.77181279277993,11.14882835263472,1162.805854980513,56182.85653104924,10322.272,1495.236,1749.739,7077.2970000000005,2886.595,7435.677000000001,27.964725207783708,LEVE,2
3,2,23,0,4,1,-3.617406093786226,-80.53200598260511,0,4,1,1,2,2,2,2,2024,2,6,1,3,0,0,6543.555,3.0,2,0,1.0,0,30,1475.0,0.5691277377037675,76.83860361118322,66.3560753457607,8.686409348773196,962.153294603348,23971.755888650965,1009.101,138.47399999999996,287.471,583.156,276.972,732.129,27.447401201663663,GRAVE_LESIONADOS,0
1,1,14,2,4,1,-12.170759,-76.979316,0,0,7,1,2,2,2,0,2024,2,6,1,5,0,0,6639.975,2.0,2,0,1.0,9,31,1616.0,0.7289998534947872,80.50926319493618,76.9124822838204,10.358587270463827,1551.106643515347,384728.5117773019,7626.313,1683.4029999999998,1599.0829999999996,4343.827000000001,1814.875,5811.438000000001,23.797541485643197,LEVE,2
1,1,23,0,4,1,-3.735100122387653,-80.76705330187568,0,4,7,1,2,2,2,4,2024,2,6,1,6,1,0,6543.555,3.0,2,0,1.0,0,30,1475.0,0.568342833663152,74.37886913017682,68.79116494388956,9.025058202905662,964.4271707185276,11360.244111349037,1009.101,138.47399999999996,287.471,583.156,276.972,732.129,27.447401201663663,LEVE,2
6,1,7,0,4,1,-14.587881963423827,-71.73256335113707,0,4,5,0,2,2,2,2,2024,2,6,1,6,1,2,1780.161,1.0,1,3,0.0,9,32,490.0,0.4670263153502933,65.5237709552973,70.61273193256336,7.074467358088314,760.9316629253258,9065.880085653103,17779.13499998999,2097.3709999899997,2863.123,12818.640999999989,2878.713,14900.421999989989,16.19152450331032,GRAVE_LESIONADOS,0
3,2,20,0,4,1,-16.103544877395738,-69.60962713043281,0,4,7,1,2,2,2,2,2024,2,6,1,19,2,2,7586.903,2.0,2,0,1.0,9,5,1198.0,0.4020198374784472,77.80062735845667,75.295761294875,7.279851651626652,372.63390314535104,50686.62526766595,13642.312999999998,2020.7790000000005,2354.117,9267.416999999998,3314.0520000000006,10328.260999999997,24.29244952817019,LEVE,2
1,1,11,2,4,1,-12.149429908948168,-75.15832348264678,2,4,7,1,2,0,1,0,2024,2,6,1,22,2,2,200.335,2.0,1,3,0.0,9,32,113.0,0.475997456383089,72.23525560619764,71.05848072823132,7.734349760206232,654.6770950142342,16343.67880085653,12264.545,1826.4639999999995,1105.5389999999998,9332.542,1588.5359999999996,10676.009,12.952261987705208,LEVE,2
1,1,0,0,4,1,-5.712248,-78.589743,0,4,7,1,2,2,2,0,2024,2,0,0,1,0,1,7758.33400008,2.0,2,0,1.0,9,20,2133.0,0.5097283024547684,72.29125496481676,51.41982504028775,6.17075843024555,1076.1278232333143,5660.0256959314775,3903.732,1155.121,585.018,2163.5930000000003,943.591,2960.1410000000005,24.17151074920102,LEVE,2
0,1,6,2,4,1,-11.8607219294873,-77.1298851999003,6,5,6,2,6,2,2,0,2024,2,0,0,3,0,0,139.23,-1.0,2,0,0.0,9,32,69.0,0.5563774842369664,77.00938809632027,69.10246351364754,8.476961866273152,914.8835608305218,27932.19700214133,51.58600000000001,44.68700000000001,6.899000000000001,0.0,49.838000000000015,1.748,96.61148373589734,LEVE,2
3,2,12,0,4,1,-7.069800212869834,-79.56009032474562,0,4,7,1,2,2,2,2,2024,2,0,0,5,0,0,6543.555,3.0,2,0,1.0,0,30,1475.0,0.5114727232493018,78.60606800160349,61.153108160372966,6.422343227671115,862.4189512831092,24701.19700214133,8931.828000000005,1335.5899999999997,1935.9830000000004,5660.255000000005,1219.309,7712.519000000005,13.651281686122925,LEVE,2
6,1,5,0,4,2,-6.248283,-78.561627,0,4,0,0,1,2,2,2,2024,2,0,0,6,1,2,6543.555,2.0,4,4,1.0,14,33,1198.0,0.2919872088693139,77.99838602142147,33.91511632280847,4.2404591026413225,322.7456451266092,3309.0770877944333,15935.565011852366,1733.9250000199986,935.692,13265.948011832368,2000.1670000199988,13935.398011832369,12.551591352627522,GRAVE_MORTALIDAD,1
6,1,17,1,4,1,-17.2874663,-71.45285693,6,5,6,2,6,2,2,0,2024,2,0,0,7,1,0,1926.94,2.0,2,0,1.0,9,32,393.0,0.7679607503195659,78.54282659820022,70.56951363392463,12.908522413383151,1718.8035257172005,3079.066381156317,2949.174,470.28500000000025,903.055,1575.834,866.4460000000004,2082.728,29.37927704503025,LEVE,2
2,2,7,0,4,0,-12.617882,-73.08501,7,4,0,0,1,2,2,2,2024,2,0,0,13,3,2,6543.555,2.0,4,4,1.0,14,33,1198.0,0.4297325556987851,76.15904795703717,58.63823936731875,6.097264629229048,579.625724446144,29458.58458244112,17779.13499998999,2097.3709999899997,2863.123,12818.640999999989,2878.713,14900.421999989989,16.19152450331032,GRAVE_MORTALIDAD,1
5,1,14,2,2,4,-12.09765302665832,-77.01926315421609,0,0,7,1,2,1,1,0,2024,2,0,0,22,2,0,6543.555,2.0,4,4,1.0,14,33,1198.0,0.7888324174847985,80.35414029442592,78.47021861578261,13.858205769646707,1641.6552926623544,53212.44111349037,7626.313,1683.4029999999998,1599.0829999999996,4343.827000000001,1814.875,5811.438000000001,23.797541485643197,LEVE,2
0,1,19,2,2,4,-5.105059,-80.170582,0,4,7,1,2,2,2,0,2024,2,1,0,7,1,0,6543.555,2.0,4,4,1.0,14,33,1198.0,0.4653748048968089,74.19666709322776,61.11371397478021,6.596218102126203,701.9088264424688,75914.02997858672,8965.846000060003,1782.4120000599992,636.9959999999999,6546.438000000004,2214.505000059999,6751.341000000004,24.699342371541725,LEVE,2
3,2,12,2,4,1,-8.20538875755518,-78.98356673130608,0,4,7,1,2,2,2,2,2024,2,1,0,20,2,0,29.81,3.0,2,0,1.0,11,32,10.0,0.5704872313485707,78.73040511828864,66.00991236238886,8.931371175352043,922.6441961800402,20630.58672376873,8931.828000000005,1335.5899999999997,1935.9830000000004,5660.255000000005,1219.309,7712.519000000005,13.651281686122925,LEVE,2
6,1,12,0,4,1,-8.00021936,-77.4851458,0,4,7,1,1,2,2,0,2024,2,1,0,23,2,0,1688.589,1.0,1,3,0.0,9,32,287.0,0.5483466485199614,73.40947702180615,54.774559790319735,7.761827414252816,1085.433074508267,22858.52890792291,8931.828000000005,1335.5899999999997,1935.9830000000004,5660.255000000005,1219.309,7712.519000000005,13.651281686122925,LEVE,2
1,1,19,2,2,4,-5.193558,-80.651878,0,4,7,1,2,2,2,0,2024,2,2,0,8,1,0,6543.555,2.0,4,4,1.0,14,33,1198.0,0.6582040223794163,78.74105515718446,77.3206684883171,11.334167841567446,1124.177237253568,178905.3426124197,8965.846000060003,1782.4120000599992,636.9959999999999,6546.438000000004,2214.505000059999,6751.341000000004,24.699342371541725,LEVE,2
5,2,3,2,4,1,-16.552298,-71.815992,0,0,7,1,2,0,1,0,2024,2,2,0,12,3,0,6639.975,2.0,2,0,1.0,9,31,1616.0,0.6105481451420971,78.10653088113892,68.35418098658066,8.411557426919764,1158.5430895193692,35025.678800856535,10322.272,1495.236,1749.739,7077.2970000000005,2886.595,7435.677000000001,27.964725207783708,LEVE,2
0,1,14,2,2,4,-12.024152545488024,-76.97756472948006,0,0,7,1,2,1,0,4,2024,2,2,0,14,3,0,6543.555,2.0,4,4,1.0,14,33,1198.0,0.701053025277506,79.62867561460851,73.1469484600971,10.064317505194426,1464.6926161541437,1150285.0494171206,7626.313,1683.4029999999998,1599.0829999999996,4343.827000000001,1814.875,5811.438000000001,23.797541485643197,LEVE,2
6,1,18,1,4,0,-10.65263058288035,-76.29004025994703,6,5,6,2,6,2,2,0,2024,2,2,0,17,3,2,6543.555,2.0,4,4,1.0,14,33,1198.0,0.6072043725740346,75.63812627284699,80.79114473447186,10.38644180035947,970.5152977897964,10798.477516059957,3677.119863,564.5869999999999,910.845,2201.687863000001,590.8779999999998,3086.2418630000006,16.06904376290656,LEVE,2
6,1,2,0,4,1,-13.869582,-73.393398,2,4,0,0,1,2,2,2,2024,2,2,0,17,3,2,890.338,1.0,1,0,0.0,9,32,295.0,0.5127888132519094,75.56818459680073,75.23806976002929,8.476961866273152,698.0439852679892,48362.40899357601,8358.971,1282.451,1298.0969999999998,5778.423,1432.683,6926.288,17.139466089785454,GRAVE_MORTALIDAD,1
0,1,22,0,4,1,-18.07845,-70.298265,0,0,7,1,2,1,1,4,2024,2,2,0,19,2,0,6639.975,2.0,2,0,1.0,9,31,1616.0,0.6966125262955101,76.67066141771582,75.49195828278967,11.654573086271489,1371.819928142763,74177.24411134903,2650.572,630.6729999999998,487.3610000000001,1532.5379999999998,1068.7019999999998,1581.87,40.31967439480987,LEVE,2
6,1,12,0,4,1,-7.508129867427701,-78.81948528190347,0,4,7,1,1,2,2,0,2024,2,2,0,23,2,0,748.6850000000001,2.0,2,0,0.0,9,32,215.0,0.4144948105238412,73.49794254671177,44.13055421963416,5.896171723235377,643.6779310318752,13394.107066381155,8931.828000000005,1335.5899999999997,1935.9830000000004,5660.255000000005,1219.309,7712.519000000005,13.651281686122925,LEVE,2
3,2,3,0,4,1,-16.728761,-71.946418,0,4,7,1,2,0,1,0,2024,2,3,0,6,1,0,289.55,2.0,2,0,1.0,7,25,10.0,0.6456305778571253,75.67334095395331,77.09261911098552,10.479683603540597,1179.2653123056473,21630.747323340474,10322.272,1495.236,1749.739,7077.2970000000005,2886.595,7435.677000000001,27.964725207783708,LEVE,2
10,1,5,0,4,1,-7.603906,-78.111695,0,4,0,1,2,2,2,2,2024,2,3,0,17,3,2,9936.932,2.0,2,0,1.0,9,32,3830.0,0.2517980913588912,79.04120044279121,35.01748350135311,3.323753479451267,260.3952910099023,13301.858672376871,15935.565011852366,1733.9250000199986,935.692,13265.948011832368,2000.1670000199988,13935.398011832369,12.551591352627522,LEVE,2
0,1,14,2,4,1,-11.833358,-77.113633,0,0,7,1,2,1,0,0,2024,2,3,0,23,2,0,6543.555,3.0,2,0,1.0,0,30,1475.0,0.6632628912836565,79.15155564666024,73.19223743118206,9.629669813837666,1289.452647666346,383699.2119914347,7626.313,1683.4029999999998,1599.0829999999996,4343.827000000001,1814.875,5811.438000000001,23.797541485643197,LEVE,2
6,1,2,2,3,4,-13.654273,-73.365219,2,2,7,0,1,1,0,2,2024,3,4,0,1,0,2,6543.555,2.0,4,4,1.0,14,33,1198.0,0.4619010623422457,78.59168291839167,71.17621940902927,6.822215000922938,577.0592072650313,27074.62526766595,8358.971,1282.451,1298.0969999999998,5778.423,1432.683,6926.288,17.139466089785454,GRAVE_MORTALIDAD,1
0,1,5,0,4,1,-5.97519683340921,-79.2060321680396,2,4,7,0,2,1,1,2,2024,3,4,0,6,1,2,9936.932,2.0,2,0,1.0,9,32,3830.0,0.3266895658234561,78.92954187259888,28.408182611093515,4.537458493744072,443.5976921734716,9305.942184154175,15935.565011852366,1733.9250000199986,935.692,13265.948011832368,2000.1670000199988,13935.398011832369,12.551591352627522,LEVE,2
6,1,22,0,4,1,-16.86079,-70.27348,2,4,7,1,2,2,2,2,2024,3,4,0,12,3,0,1529.105,2.0,2,0,1.0,9,21,200.0,0.36326306829553,69.91494384803546,62.39017147779847,6.63829372713685,377.3584259458044,2510.912205567452,2650.572,630.6729999999998,487.3610000000001,1532.5379999999998,1068.7019999999998,1581.87,40.31967439480987,GRAVE_MORTALIDAD,1
3,2,20,0,4,1,-16.491531,-69.107214,0,4,7,1,2,2,2,2,2024,3,4,0,19,2,2,7586.903,2.0,2,0,1.0,9,5,1198.0,0.2394362064959017,73.4288503002124,62.51290199484375,6.018616845068367,132.27646614855612,17422.250535331903,13642.312999999998,2020.7790000000005,2354.117,9267.416999999998,3314.0520000000006,10328.260999999997,24.29244952817019,LEVE,2
6,1,14,2,2,4,-11.977787026572498,-77.0680142388189,0,3,7,1,2,2,2,2,2024,3,5,1,1,0,0,6543.555,2.0,4,4,1.0,14,33,1198.0,0.758462599563312,80.5192231989937,79.20045639149897,11.33839041452458,1628.5661148492152,363987.54389721627,7626.313,1683.4029999999998,1599.0829999999996,4343.827000000001,1814.875,5811.438000000001,23.797541485643197,GRAVE_MORTALIDAD,1
0,1,14,2,2,4,-12.0259166667,-77.01675,0,3,7,1,2,2,2,4,2024,3,5,1,19,2,0,6543.555,2.0,4,4,1.0,14,33,1198.0,0.701053025277506,79.62867561460851,73.1469484600971,10.064317505194426,1464.6926161541437,1150285.0494171206,7626.313,1683.4029999999998,1599.0829999999996,4343.827000000001,1814.875,5811.438000000001,23.797541485643197,LEVE,2
0,1,5,2,4,1,-5.7923054923406,-78.7833037712262,0,0,7,0,2,0,1,2,2024,3,5,1,22,2,2,7758.33400008,2.0,2,0,1.0,9,20,2133.0,0.5803239946829384,74.49544278598792,68.33065356443184,8.733179344969395,1046.078117086984,102362.46895074946,15935.565011852366,1733.9250000199986,935.692,13265.948011832368,2000.1670000199988,13935.398011832369,12.551591352627522,GRAVE_LESIONADOS,0
0,1,11,0,4,1,-11.601806,-75.96812,0,4,7,1,2,0,1,4,2024,3,6,1,1,0,2,875.67,2.0,2,0,1.0,3,14,156.0,0.6211711217784234,75.51508523355102,70.90101252241288,10.049671623026311,1128.403546167389,8996.89721627409,12264.545,1826.4639999999995,1105.5389999999998,9332.542,1588.5359999999996,10676.009,12.952261987705208,LEVE,2
3,3,12,0,4,1,-8.03412959,-79.0809804,0,4,7,1,2,2,2,2,2024,3,6,1,19,2,0,6543.555,3.0,2,0,1.0,0,30,1475.0,0.583006771156836,78.2441938961209,62.24037484511178,8.807312392374042,1028.2282118265089,76607.295503212,8931.828000000005,1335.5899999999997,1935.9830000000004,5660.255000000005,1219.309,7712.519000000005,13.651281686122925,LEVE,2
6,1,4,2,6,4,-13.160939,-74.219694,2,3,0,1,2,2,2,2,2024,3,6,1,23,2,2,6543.555,2.0,4,4,1.0,14,33,1198.0,0.5506252633070053,69.90928763641818,75.08622643893038,10.15415260514822,862.2051674470921,104520.79871520343,12678.733000000004,1805.074000000001,1774.0339999999994,9099.625000000004,2485.375000000001,10193.358000000002,19.602707936195205,LEVE,2
3,2,20,0,4,1,-14.201346,-70.275216,0,4,7,1,2,2,2,2,2024,3,0,0,14,3,2,1761.8050000000003,2.0,2,0,1.0,6,22,410.0,0.3994115028164486,70.17553371856287,66.02983897758989,6.170514906320186,497.737116991228,2240.325481798715,13642.312999999998,2020.7790000000005,2354.117,9267.416999999998,3314.0520000000006,10328.260999999997,24.29244952817019,LEVE,2
0,2,22,0,4,1,-18.088054558503693,-70.32660836697112,0,4,7,1,2,2,2,4,2024,3,0,0,14,3,0,1926.94,2.0,2,0,1.0,9,32,393.0,0.6966125262955101,76.67066141771582,75.49195828278967,11.654573086271489,1371.819928142763,74177.24411134903,2650.572,630.6729999999998,487.3610000000001,1532.5379999999998,1068.7019999999998,1581.87,40.31967439480987,LEVE,2
6,1,22,0,4,1,-16.883502,-70.328848,1,4,7,1,2,2,2,2,2024,3,0,0,14,3,0,1529.105,2.0,2,0,1.0,9,21,200.0,0.36326306829553,69.91494384803546,62.39017147779847,6.63829372713685,377.3584259458044,2510.912205567452,2650.572,630.6729999999998,487.3610000000001,1532.5379999999998,1068.7019999999998,1581.87,40.31967439480987,GRAVE_LESIONADOS,0
3,1,14,2,3,4,-11.96582267741549,-77.08147297444664,0,3,1,1,2,2,2,0,2024,3,0,0,15,3,0,6543.555,2.0,4,4,1.0,14,33,1198.0,0.758462599563312,80.5192231989937,79.20045639149897,11.33839041452458,1628.5661148492152,363987.54389721627,7626.313,1683.4029999999998,1599.0829999999996,4343.827000000001,1814.875,5811.438000000001,23.797541485643197,GRAVE_LESIONADOS,0
1,1,14,2,2,4,-12.111956993423773,-77.00471068048802,0,3,7,1,2,2,2,0,2024,3,0,0,19,2,0,6543.555,2.0,4,4,1.0,14,33,1198.0,0.8236163632543221,80.64134543571234,78.76297514209003,13.635913030045838,1867.8532062234744,106584.52890792293,7626.313,1683.4029999999998,1599.0829999999996,4343.827000000001,1814.875,5811.438000000001,23.797541485643197,LEVE,2
2,1,12,0,4,2,-7.15463760983915,-79.4410544772877,0,4,7,1,4,2,2,0,2024,3,1,0,1,0,0,6543.555,2.0,4,4,1.0,14,33,1198.0,0.5114727232493018,78.60606800160349,61.153108160372966,6.422343227671115,862.4189512831092,24701.19700214133,8931.828000000005,1335.5899999999997,1935.9830000000004,5660.255000000005,1219.309,7712.519000000005,13.651281686122925,LEVE,2
3,2,7,2,4,1,-13.486048,-72.16768,0,4,7,1,2,2,2,2,2024,3,1,0,4,0,2,7586.903,2.0,2,0,1.0,9,5,1198.0,0.4461630003962475,73.21502670801013,72.39928330950325,7.637017072327872,534.399353077353,18328.770877944324,17779.13499998999,2097.3709999899997,2863.123,12818.640999999989,2878.713,14900.421999989989,16.19152450331032,GRAVE_LESIONADOS,0
3,2,3,0,4,1,-17.065638688857888,-71.94577130940831,0,4,3,0,2,2,2,0,2024,3,1,0,5,0,0,1926.94,2.0,2,0,1.0,9,32,393.0,0.6803071451955962,77.94466657583487,78.40700901768477,9.735921607047414,1363.7066157637946,944.9743040685224,10322.272,1495.236,1749.739,7077.2970000000005,2886.595,7435.677000000001,27.964725207783708,GRAVE_LESIONADOS,0
3,2,3,0,4,1,-16.395898,-72.210062,0,4,1,1,2,0,1,0,2024,3,1,0,5,0,0,6639.975,2.0,2,0,1.0,9,31,1616.0,0.6077843615696785,76.53072135400231,69.81276959706165,8.77367759087771,1135.5159013374655,74658.55888650964,10322.272,1495.236,1749.739,7077.2970000000005,2886.595,7435.677000000001,27.964725207783708,LEVE,2
0,1,10,2,2,4,-13.411333,-76.125299,0,4,7,1,2,2,2,0,2024,3,2,0,7,1,0,6543.555,2.0,4,4,1.0,14,33,1198.0,0.6055729655078196,80.58213764502653,70.63839631717828,10.391391352220332,938.9082921830436,66625.16488222699,3721.461,698.1859999999996,744.866,2278.409,1102.9029999999996,2618.558,29.636290693359403,LEVE,2
6,1,5,2,4,2,-6.977739,-79.181244,0,3,0,1,2,2,2,2,2024,3,2,0,11,1,2,6543.555,2.0,4,4,1.0,14,33,1198.0,0.4059190595836354,76.33298568059405,56.24889781685075,5.987755943134991,508.1365101352853,1174.5867237687366,15935.565011852366,1733.9250000199986,935.692,13265.948011832368,2000.1670000199988,13935.398011832369,12.551591352627522,LEVE,2
3,2,10,0,4,1,-14.23154183,-75.69959456,0,4,7,1,2,2,2,0,2024,3,2,0,12,3,0,6639.975,2.0,2,0,1.0,9,31,1616.0,0.6261042306271147,80.48505954362174,76.55712631348362,9.341715591523595,1061.002261282891,31419.372591006424,3721.461,698.1859999999996,744.866,2278.409,1102.9029999999996,2618.558,29.636290693359403,LEVE,2
0,1,14,2,2,4,-11.927542934871184,-77.04060583376312,0,3,7,1,2,2,2,2,2024,3,2,0,15,3,0,6543.555,2.0,4,4,1.0,14,33,1198.0,0.7218926988400113,80.0902077245261,77.9581888264889,10.971588327733102,1458.3206086290393,530000.3426124197,7626.313,1683.4029999999998,1599.0829999999996,4343.827000000001,1814.875,5811.438000000001,23.797541485643197,LEVE,2
10,1,14,2,4,1,-12.261037623414726,-76.91396622142159,0,0,7,1,2,2,2,0,2024,3,3,0,8,1,0,6639.975,2.0,2,0,1.0,9,31,1616.0,0.6909236767275176,78.41626133969348,70.97436336767564,9.826485374940413,1476.8351947609171,95908.53319057816,7626.313,1683.4029999999998,1599.0829999999996,4343.827000000001,1814.875,5811.438000000001,23.797541485643197,LEVE,2
7,0,10,2,7,4,-15.362239,-75.156284,0,4,2,1,7,2,2,0,2024,3,3,0,9,1,0,6543.555,2.0,4,4,1.0,14,33,1198.0,0.5563774842369664,77.00938809632027,69.10246351364754,8.476961866273152,914.8835608305218,27932.19700214133,3721.461,698.1859999999996,744.866,2278.409,1102.9029999999996,2618.558,29.636290693359403,LEVE,2
6,1,3,0,4,2,-17.09368,-71.47387,7,4,0,1,2,0,1,0,2024,3,3,0,10,1,0,6543.555,2.0,4,4,1.0,14,33,1198.0,0.6064020802559494,77.82737834960788,75.48658600973863,8.303531284530445,1096.758694527593,6370.241970021414,10322.272,1495.236,1749.739,7077.2970000000005,2886.595,7435.677000000001,27.964725207783708,LEVE,2
6,1,5,0,4,1,-5.98483160451024,-78.8566111377817,0,4,0,0,2,2,2,0,2024,3,3,0,18,2,2,167.59499999999997,2.0,2,0,1.0,1,20,40.0,0.3934942813224024,75.42708969274362,36.60429559452359,5.012084632425816,656.01801746111,3073.203426124197,15935.565011852366,1733.9250000199986,935.692,13265.948011832368,2000.1670000199988,13935.398011832369,12.551591352627522,LEVE,2
6,1,12,0,4,0,-7.592402753210327,-78.47473016501577,0,4,0,1,1,2,2,0,2024,3,3,0,20,2,0,6543.555,2.0,4,4,1.0,14,33,1198.0,0.3426873819779948,75.81813000053027,29.83795624511669,4.401613571184507,535.935806912797,7009.668094218416,8931.828000000005,1335.5899999999997,1935.9830000000004,5660.255000000005,1219.309,7712.519000000005,13.651281686122925,LEVE,2
6,1,20,0,4,1,-16.0972077,-69.6350236,0,4,7,1,2,2,2,2,2024,3,3,0,23,2,2,417.30000000000007,1.0,0,3,0.0,9,32,52.0,0.4020198374784472,77.80062735845667,75.295761294875,7.279851651626652,372.63390314535104,50686.62526766595,13642.312999999998,2020.7790000000005,2354.117,9267.416999999998,3314.0520000000006,10328.260999999997,24.29244952817019,LEVE,2
3,1,6,2,4,1,-11.8705249904349,-77.1276858994913,0,0,7,0,2,0,1,0,2024,3,4,0,7,1,0,139.23,-1.0,2,0,0.0,9,32,69.0,0.5563774842369664,77.00938809632027,69.10246351364754,8.476961866273152,914.8835608305218,27932.19700214133,51.58600000000001,44.68700000000001,6.899000000000001,0.0,49.838000000000015,1.748,96.61148373589734,LEVE,2
6,1,12,0,4,0,-7.593301390934798,-78.4780937119887,0,4,7,1,7,2,2,2,2024,3,4,0,8,1,0,6543.555,2.0,4,4,1.0,14,33,1198.0,0.3426873819779948,75.81813000053027,29.83795624511669,4.401613571184507,535.935806912797,7009.668094218416,8931.828000000005,1335.5899999999997,1935.9830000000004,5660.255000000005,1219.309,7712.519000000005,13.651281686122925,LEVE,2
0,1,14,2,2,4,-12.01120456509693,-77.01416593426782,0,3,7,1,2,2,2,4,2024,3,4,0,9,1,0,6543.555,2.0,4,4,1.0,14,33,1198.0,0.701053025277506,79.62867561460851,73.1469484600971,10.064317505194426,1464.6926161541437,1150285.0494171206,7626.313,1683.4029999999998,1599.0829999999996,4343.827000000001,1814.875,5811.438000000001,23.797541485643197,LEVE,2
3,2,5,2,6,4,-6.62591,-78.944629,0,1,7,1,4,2,2,2,2024,3,4,0,23,2,2,6543.555,2.0,4,4,1.0,14,33,1198.0,0.469791045942785,71.89509511522236,60.43856122943628,7.254681429724459,713.6680056996312,11721.599571734474,15935.565011852366,1733.9250000199986,935.692,13265.948011832368,2000.1670000199988,13935.398011832369,12.551591352627522,LEVE,2
1,1,14,2,2,4,-12.19311629857046,-76.96481013918248,0,0,1,1,2,2,2,0,2024,3,5,1,3,0,0,6543.555,2.0,4,4,1.0,14,33,1198.0,0.6990481232857558,80.14597904142546,74.3851677794309,10.004397644056358,1432.5044292531525,459161.0728051392,7626.313,1683.4029999999998,1599.0829999999996,4343.827000000001,1814.875,5811.438000000001,23.797541485643197,LEVE,2
3,1,5,0,4,1,-6.539576,-79.117665,0,4,0,0,2,2,2,2,2024,3,5,1,18,2,2,919.085,2.0,2,3,0.0,9,7,218.0,0.4198705264500552,71.07710978950026,66.58810225494344,5.455993657128185,608.8154659157517,7079.2912205567445,15935.565011852366,1733.9250000199986,935.692,13265.948011832368,2000.1670000199988,13935.398011832369,12.551591352627522,LEVE,2
1,1,14,0,4,1,-11.5282159,-77.2877995,0,4,7,1,2,2,2,0,2024,3,6,1,2,0,0,6543.555,3.0,2,0,1.0,0,30,1475.0,0.6328991168419597,79.8522840328396,72.51785912375117,8.65057438382499,1190.6734036432963,65701.61456102783,7626.313,1683.4029999999998,1599.0829999999996,4343.827000000001,1814.875,5811.438000000001,23.797541485643197,LEVE,2
0,1,14,0,4,1,-11.5580842,-77.2033308,0,4,7,1,2,1,0,2,2024,3,6,1,2,0,0,782.3000000000001,-1.0,0,0,1.0,9,15,161.0,0.6447048661877788,79.92873744030881,69.7224229508107,9.344738893386534,1220.4608925685638,104439.11563169166,7626.313,1683.4029999999998,1599.0829999999996,4343.827000000001,1814.875,5811.438000000001,23.797541485643197,LEVE,2
6,1,3,0,4,1,-16.963857,-72.055883,0,4,0,0,2,0,1,0,2024,3,6,1,13,3,0,289.55,2.0,2,0,1.0,7,25,10.0,0.5784035125051519,74.737535639558,71.5667957422958,10.005034846291316,929.7976738409852,7264.014989293362,10322.272,1495.236,1749.739,7077.2970000000005,2886.595,7435.677000000001,27.964725207783708,LEVE,2
6,1,12,0,4,1,-7.589483496988363,-79.37012667340991,0,4,7,1,2,2,2,2,2024,3,6,1,16,3,0,6543.555,3.0,2,0,1.0,0,30,1475.0,0.5605164445866666,76.61349501649897,62.760180081206855,7.98931757140171,999.8297352720696,9448.43683083512,8931.828000000005,1335.5899999999997,1935.9830000000004,5660.255000000005,1219.309,7712.519000000005,13.651281686122925,GRAVE_LESIONADOS,0
4,2,22,2,3,4,-17.979624,-70.234748,0,3,7,0,2,2,2,0,2024,3,6,1,17,3,0,6543.555,2.0,4,4,1.0,14,33,1198.0,0.5247346827766403,77.18848313096647,75.55178983417426,9.056869377972824,693.9613625714486,37523.97002141328,2650.572,630.6729999999998,487.3610000000001,1532.5379999999998,1068.7019999999998,1581.87,40.31967439480987,LEVE,2
0,1,14,2,3,4,-12.04702210612724,-76.97387310749917,0,3,1,1,2,2,2,4,2024,3,6,1,20,2,0,6543.555,2.0,4,4,1.0,14,33,1198.0,0.7347309224519117,80.70014842215761,76.47981423089655,10.519505095866096,1571.8150981252256,229834.5310492505,7626.313,1683.4029999999998,1599.0829999999996,4343.827000000001,1814.875,5811.438000000001,23.797541485643197,LEVE,2