CLASE SINIESTRO,CANTIDAD DE VEHICULOS DAÑADOS,DEPARTAMENTO,ZONA,TIPO DE VÍA,RED VIAL,COORDENADAS LATITUD,COORDENADAS  LONGITUD,CONDICIÓN CLIMÁTICA,ZONIFICACIÓN,CARACTERÍSTICAS DE VÍA,PERFIL LONGITUDINAL VÍA,SUPERFICIE DE CALZADA,¿EXISTE SEÑAL VERTICAL?,¿EXISTE SEÑAL HORIZONTAL?,CAUSA FACTOR PRINCIPAL,AÑO,MES,DIA_SEMANA,ES_FIN_SEMANA,HORA_NUM,FRANJA_HORARIA,REGION_NATURAL,MTC_RVN_LONGITUD_KM,MTC_RVN_N_CARRILES_MEDIANA,MTC_RVN_SUPERFICIE_DOMINANTE,MTC_RVN_ESTADO_DOMINANTE,MTC_RVN_ES_CONCESIONADA,MTC_RVN_CONCESION_PRINCIPAL,MTC_RVN_CORREDOR_LOGISTICO,MTC_RVN_N_TRAMOS,IDH_2019,IDH_ESP_VIDA_2019,IDH_EDUC_SECUND_PCT_2019,IDH_ANIOS_EDUC_2019,IDH_INGRESO_PERCAP_2019,IDH_POBLACION_2019,MTC_DEP_RED_TOTAL_KM,MTC_DEP_NACIONAL_TOTAL_KM,MTC_DEP_DEPARTAMENTAL_TOTAL_KM,MTC_DEP_VECINAL_TOTAL_KM,MTC_DEP_PAV_TOTAL_KM,MTC_DEP_NO_PAV_TOTAL_KM,MTC_DEP_PCT_PAVIMENTADA,CATEGORIA_SEVERIDAD,CATEGORIA_SEVERIDAD_ENC
3,1,14,2,12,4,-12.122250530006108,-77.0439749969983,0,0,0,1,2,2,2,2,2024,4,1,0,21,2,0,6543.555,2.0,4,4,1.0,14,33,1198.0,0.8326399351216524,80.31446032722859,77.78409882620639,13.96507415980228,1925.7868972542449,87898.66595289079,7626.313,1683.4029999999998,1599.0829999999996,4343.827000000001,1814.875,5811.438000000001,23.797541485643197,LEVE,2
10,1,14,2,2,4,-11.94824562049126,-77.0710703402811,0,0,7,1,2,2,2,2,2024,4,1,0,22,2,0,6543.555,2.0,4,4,1.0,14,33,1198.0,0.758462599563312,80.5192231989937,79.20045639149897,11.33839041452458,1628.5661148492152,363987.54389721627,7626.313,1683.4029999999998,1599.0829999999996,4343.827000000001,1814.875,5811.438000000001,23.797541485643197,LEVE,2
10,1,22,0,4,1,-16.8468028,-70.2351222,0,4,0,1,2,2,2,2,2024,4,2,0,10,1,0,1529.105,2.0,2,0,1.0,9,21,200.0,0.36326306829553,69.91494384803546,62.39017147779847,6.63829372713685,377.3584259458044,2510.912205567452,2650.572,630.6729999999998,487.3610000000001,1532.5379999999998,1068.7019999999998,1581.87,40.31967439480987,LEVE,2
3,2,5,0,4,2,-5.208002,-78.767698,0,4,7,0,1,2,2,2,2024,4,2,0,17,3,2,6543.555,2.0,4,4,1.0,14,33,1198.0,0.3305425214530351,74.03888554774201,48.67893088796509,5.069382155259464,360.3496932729621,17735.16488222698,15935.565011852366,1733.9250000199986,935.692,13265.948011832368,2000.1670000199988,13935.398011832369,12.551591352627522,LEVE,2
0,1,5,2,2,4,-5.708558,-78.807426,0,0,1,1,2,0,1,2,2024,4,2,0,17,3,2,6543.555,2.0,4,4,1.0,14,33,1198.0,0.5803239946829384,74.49544278598792,68.33065356443184,8.733179344969395,1046.078117086984,102362.46895074946,15935.565011852366,1733.9250000199986,935.692,13265.948011832368,2000.1670000199988,13935.398011832369,12.551591352627522,LEVE,2
6,1,20,2,2,4,-15.859174,-70.013567,0,0,7,0,2,2,2,6,2024,4,2,0,18,2,2,6543.555,2.0,4,4,1.0,14,33,1198.0,0.6488901960567479,69.67312345830231,82.12448375199249,11.701623814093702,1230.336353415943,144745.3597430407,13642.312999999998,2020.7790000000005,2354.117,9267.416999999998,3314.0520000000006,10328.260999999997,24.29244952817019,GRAVE_MORTALIDAD,1
0,1,10,0,4,1,-14.823433,-74.96026,0,4,7,1,2,2,2,0,2024,4,2,0,19,2,0,6639.975,2.0,2,0,1.0,9,31,1616.0,0.5563774842369664,77.00938809632027,69.10246351364754,8.476961866273152,914.8835608305218,27932.19700214133,3721.461,698.1859999999996,744.866,2278.409,1102.9029999999996,2618.558,29.636290693359403,LEVE,2
0,0,22,0,4,1,-18.234015,-70.323367,0,4,7,1,2,2,2,4,2024,4,2,0,22,2,0,6639.975,2.0,2,0,1.0,9,31,1616.0,0.6966125262955101,76.67066141771582,75.49195828278967,11.654573086271489,1371.819928142763,74177.24411134903,2650.572,630.6729999999998,487.3610000000001,1532.5379999999998,1068.7019999999998,1581.87,40.31967439480987,LEVE,2
3,2,4,0,4,1,-13.3450099578771,-74.5314421324361,0,4,5,0,2,1,1,2,2024,4,3,0,6,1,2,1679.5849999999998,2.0,2,3,1.0,9,24,315.0,0.1859776092837948,69.85250115366037,39.77024304701982,3.1640035399309645,143.5227500887571,15617.884368308352,12678.733000000004,1805.074000000001,1774.0339999999994,9099.625000000004,2485.375000000001,10193.358000000002,19.602707936195205,GRAVE_LESIONADOS,0
6,1,18,0,4,1,-10.6936001880343,-76.1988484118591,0,4,7,0,2,0,0,2,2024,4,3,0,14,3,2,9936.932,2.0,2,0,1.0,9,32,3830.0,0.6193421604458235,76.39017950195935,80.49432651192377,11.494439166895754,957.3168975257496,31875.248394004284,3677.119863,564.5869999999999,910.845,2201.687863000001,590.8779999999998,3086.2418630000006,16.06904376290656,GRAVE_MORTALIDAD,1
3,1,5,0,4,1,-7.127146,-78.345043,0,4,0,1,2,2,2,2,2024,4,4,0,1,0,2,2760.8550000000005,1.0,1,3,0.0,9,32,1208.0,0.2787832446449395,76.6302139673737,44.82684454743621,3.548077185984384,299.2159549691333,20782.33618843683,15935.565011852366,1733.9250000199986,935.692,13265.948011832368,2000.1670000199988,13935.398011832369,12.551591352627522,LEVE,2
3,1,10,0,4,1,-13.404688,-76.193044,6,5,6,2,6,2,2,0,2024,4,4,0,13,3,0,6639.975,2.0,2,0,1.0,9,31,1616.0,0.5736744275518083,81.67473861808857,68.1608574885675,9.138785887908334,865.1176766860625,26660.92933618844,3721.461,698.1859999999996,744.866,2278.409,1102.9029999999996,2618.558,29.636290693359403,LEVE,2
3,2,10,2,4,1,-13.9839724,-75.7732386,0,0,7,1,2,2,2,0,2024,4,4,0,15,3,0,6639.975,2.0,2,0,1.0,9,31,1616.0,0.6053164595604621,78.88848309050202,67.63954639531094,9.133324993872453,1064.9426147896202,27932.19700214133,3721.461,698.1859999999996,744.866,2278.409,1102.9029999999996,2618.558,29.636290693359403,LEVE,2
3,2,20,0,4,1,-16.09254093406196,-69.62838108224628,0,4,0,1,2,2,2,2,2024,4,4,0,19,2,2,7586.903,2.0,2,0,1.0,9,5,1198.0,0.4020198374784472,77.80062735845667,75.295761294875,7.279851651626652,372.63390314535104,50686.62526766595,13642.312999999998,2020.7790000000005,2354.117,9267.416999999998,3314.0520000000006,10328.260999999997,24.29244952817019,LEVE,2
3,2,12,0,4,1,-7.8156478910921745,-78.00949600349817,0,4,7,1,2,2,2,0,2024,4,4,0,21,2,0,9936.932,2.0,2,0,1.0,9,32,3830.0,0.3986882084754764,72.97869269132666,58.65435142755623,5.605762371496486,527.7120199980477,69564.29978586723,8931.828000000005,1335.5899999999997,1935.9830000000004,5660.255000000005,1219.309,7712.519000000005,13.651281686122925,LEVE,2
6,1,7,0,4,2,-13.35414029,-71.5668891,0,4,0,0,7,0,0,2,2024,4,5,1,5,0,2,6543.555,2.0,4,4,1.0,14,33,1198.0,0.2466226927938573,59.50771953912937,42.678907967899015,3.991373779253808,285.51302601039464,12676.173447537472,17779.13499998999,2097.3709999899997,2863.123,12818.640999999989,2878.713,14900.421999989989,16.19152450331032,LEVE,2
3,1,19,0,4,1,-5.1473536,-80.697009,0,4,7,1,2,2,2,0,2024,4,5,1,14,3,0,6543.555,3.0,2,0,1.0,0,30,1475.0,0.5997462042553465,78.40793944726823,72.26811532412637,9.714064362322326,976.3169831713308,183875.0,8965.846000060003,1782.4120000599992,636.9959999999999,6546.438000000004,2214.505000059999,6751.341000000004,24.699342371541725,LEVE,2
3,3,12,2,4,1,-8.167848811579546,-79.00640839403039,0,2,7,1,2,2,2,2,2024,4,5,1,20,2,0,6543.555,3.0,2,0,1.0,0,30,1475.0,0.618325375347301,78.45577068094175,66.18977766598024,9.47415720612109,1128.5991234425228,37258.80942184154,8931.828000000005,1335.5899999999997,1935.9830000000004,5660.255000000005,1219.309,7712.519000000005,13.651281686122925,LEVE,2
0,1,7,2,2,4,-13.532795166452072,-71.92240478907334,0,2,7,1,2,1,0,4,2024,4,6,1,5,0,2,6543.555,2.0,4,4,1.0,14,33,1198.0,0.6806292796157144,77.51447806142957,82.6599812385644,11.044400293146794,1245.5372385926626,131240.7944325482,17779.13499998999,2097.3709999899997,2863.123,12818.640999999989,2878.713,14900.421999989989,16.19152450331032,LEVE,2
1,1,14,2,2,4,-11.9548333333,-76.9861111111,0,0,7,1,2,2,2,4,2024,4,6,1,11,1,0,6543.555,2.0,4,4,1.0,14,33,1198.0,0.701053025277506,79.62867561460851,73.1469484600971,10.064317505194426,1464.6926161541437,1150285.0494171206,7626.313,1683.4029999999998,1599.0829999999996,4343.827000000001,1814.875,5811.438000000001,23.797541485643197,LEVE,2
3,1,20,0,4,1,-16.065127,-69.6880774,6,5,6,2,6,2,2,0,2024,4,6,1,12,3,2,7586.903,2.0,2,0,1.0,9,5,1198.0,0.3247057995130503,73.24682709519536,76.81044161661171,6.507336567861034,242.9773157546694,24872.03426124197,13642.312999999998,2020.7790000000005,2354.117,9267.416999999998,3314.0520000000006,10328.260999999997,24.29244952817019,LEVE,2
3,2,3,0,4,0,-16.3102,-71.37598,7,4,0,0,2,2,2,0,2024,4,6,1,13,3,0,6543.555,2.0,4,4,1.0,14,33,1198.0,0.5190855925362763,79.39283977390295,72.48255180521485,7.936018582862833,714.5594676610276,3114.021413276231,10322.272,1495.236,1749.739,7077.2970000000005,2886.595,7435.677000000001,27.964725207783708,LEVE,2
3,2,3,0,4,1,-16.363366,-72.156526,0,4,7,1,2,2,2,0,2024,4,6,1,17,3,0,6639.975,2.0,2,0,1.0,9,31,1616.0,0.6077843615696785,76.53072135400231,69.81276959706165,8.77367759087771,1135.5159013374655,74658.55888650964,10322.272,1495.236,1749.739,7077.2970000000005,2886.595,7435.677000000001,27.964725207783708,LEVE,2
5,2,14,0,4,1,-11.06132,-77.58895,0,4,7,1,2,2,2,0,2024,4,6,1,23,2,0,6543.555,3.0,2,0,1.0,0,30,1475.0,0.644332113046051,78.61218205687396,70.04798203155518,8.919818005352203,1280.219555520582,36044.03426124197,7626.313,1683.4029999999998,1599.0829999999996,4343.827000000001,1814.875,5811.438000000001,23.797541485643197,LEVE,2
0,1,14,2,4,1,-11.11468957203389,-77.59310419894447,0,0,7,1,2,2,2,4,2024,4,0,0,3,0,0,6543.555,3.0,2,0,1.0,0,30,1475.0,0.6256541286888256,76.866876725279,74.48686395070398,9.794027812898843,1113.4562244631716,37972.95074946467,7626.313,1683.4029999999998,1599.0829999999996,4343.827000000001,1814.875,5811.438000000001,23.797541485643197,LEVE,2
0,1,4,2,4,1,-13.168515110290071,-74.20965074392826,0,3,7,1,2,2,2,2,2024,4,0,0,10,1,2,393.50000000000006,-1.0,1,0,0.0,9,32,31.0,0.5434028420964154,74.57852402616055,77.17897354337184,9.727501250603307,764.2338344578611,55908.47323340471,12678.733000000004,1805.074000000001,1774.0339999999994,9099.625000000004,2485.375000000001,10193.358000000002,19.602707936195205,LEVE,2
0,1,14,0,4,1,-11.04594,-77.58882,0,4,7,1,2,2,2,2,2024,4,0,0,14,3,0,6543.555,3.0,2,0,1.0,0,30,1475.0,0.644332113046051,78.61218205687396,70.04798203155518,8.919818005352203,1280.219555520582,36044.03426124197,7626.313,1683.4029999999998,1599.0829999999996,4343.827000000001,1814.875,5811.438000000001,23.797541485643197,LEVE,2
3,2,4,0,4,1,-13.437383,-73.829608,0,4,0,0,2,1,1,2,2024,4,0,0,17,3,2,7586.903,2.0,2,0,1.0,9,5,1198.0,0.2301276524254768,69.17262093358879,47.7374662766037,4.513020146499461,170.11681755220445,5819.244111349037,12678.733000000004,1805.074000000001,1774.0339999999994,9099.625000000004,2485.375000000001,10193.358000000002,19.602707936195205,LEVE,2
0,1,7,0,4,1,-14.14442,-71.397666,0,4,7,1,2,2,2,4,2024,4,0,0,19,2,2,7586.903,2.0,2,0,1.0,9,5,1198.0,0.4337173562104641,75.15065004139942,79.9974723492709,7.143524482711378,473.5348889931674,5193.304068522484,17779.13499998999,2097.3709999899997,2863.123,12818.640999999989,2878.713,14900.421999989989,16.19152450331032,LEVE,2
3,1,21,2,6,4,-6.055918,-77.166683,0,0,7,1,0,2,2,2,2024,4,0,0,22,2,1,6543.555,2.0,4,4,1.0,14,33,1198.0,0.5963332411867256,73.80959983510441,63.34953560123128,8.251886446437874,1232.7304200473363,24031.167023554604,5645.136,815.0759999999999,965.298,3864.762,1013.406,4631.73,17.95184385283189,LEVE,2
6,1,8,0,4,2,-13.057571099886877,-74.94395618268463,7,4,7,1,7,2,2,0,2024,4,1,0,14,3,2,6543.555,2.0,4,4,1.0,14,33,1198.0,0.488230635263319,69.43676718997209,51.35450690635422,6.587870960289425,965.860217779833,2302.593147751606,8511.426,1445.3929999999996,2008.516,5057.516999999999,1879.579,6631.846999999998,22.08300935706896,LEVE,2
6,2,3,0,4,1,-16.999476,-72.019809,0,4,0,0,2,1,0,0,2024,4,2,0,8,1,0,1926.94,2.0,2,0,1.0,9,32,393.0,0.6456305778571253,75.67334095395331,77.09261911098552,10.479683603540597,1179.2653123056473,21630.747323340474,10322.272,1495.236,1749.739,7077.2970000000005,2886.595,7435.677000000001,27.964725207783708,LEVE,2
0,1,12,0,4,0,-7.879843182730089,-78.72162308118214,0,4,7,1,7,2,2,0,2024,4,3,0,15,3,0,6543.555,2.0,4,4,1.0,14,33,1198.0,0.2339485166832898,73.86423954885335,50.32559201663386,3.7445074471432926,182.63279365286644,628.8222698072805,8931.828000000005,1335.5899999999997,1935.9830000000004,5660.255000000005,1219.309,7712.519000000005,13.651281686122925,LEVE,2
3,2,8,0,4,1,-12.309394651153085,-75.04322437737389,0,4,7,1,2,2,2,0,2024,4,4,0,6,1,2,891.625,1.0,0,3,0.0,9,32,85.0,0.4769063067648997,73.0586440792864,60.88708798662546,4.859242841205063,956.6593892308222,1221.2548179871524,8511.426,1445.3929999999996,2008.516,5057.516999999999,1879.579,6631.846999999998,22.08300935706896,GRAVE_LESIONADOS,0
3,2,3,0,4,2,-16.47616,-71.81959,0,3,7,1,2,2,2,0,2024,4,4,0,19,2,0,6543.555,2.0,4,4,1.0,14,33,1198.0,0.6105481451420971,78.10653088113892,68.35418098658066,8.411557426919764,1158.5430895193692,35025.678800856535,10322.272,1495.236,1749.739,7077.2970000000005,2886.595,7435.677000000001,27.964725207783708,LEVE,2
6,1,10,2,4,1,-13.563411,-76.133899,6,5,6,2,6,2,2,0,2024,4,4,0,23,2,0,6639.975,2.0,2,0,1.0,9,31,1616.0,0.533712318797331,79.3365989923595,61.56804543976482,8.261681946790427,816.7917863887187,13863.817987152031,3721.461,698.1859999999996,744.866,2278.409,1102.9029999999996,2618.558,29.636290693359403,LEVE,2
6,1,5,2,2,4,-7.173983,-78.51271,0,0,0,0,2,2,2,2,2024,4,5,1,22,2,2,6543.555,2.0,4,4,1.0,14,33,1198.0,0.6070175276741574,73.19224654097276,74.29530430690215,9.490386956642766,1117.141592366869,257380.9443254818,15935.565011852366,1733.9250000199986,935.692,13265.948011832368,2000.1670000199988,13935.398011832369,12.551591352627522,LEVE,2
6,1,12,0,4,1,-8.08670354,-78.89023718,0,4,7,1,2,2,2,0,2024,4,6,1,4,0,0,610.6099999999999,2.0,2,0,1.0,8,29,100.0,0.5929579484728337,80.24150924632623,64.75837382721711,8.51830466766158,1043.4182142665843,34739.39614561028,8931.828000000005,1335.5899999999997,1935.9830000000004,5660.255000000005,1219.309,7712.519000000005,13.651281686122925,LEVE,2
5,1,19,2,4,1,-5.18904499,-80.59956,0,1,7,1,2,2,2,0,2024,4,6,1,4,0,0,6543.555,3.0,2,0,1.0,0,30,1475.0,0.6220812987247925,80.20155828147696,72.71675503872983,10.02377668600292,1028.915688621886,159840.92719486082,8965.846000060003,1782.4120000599992,636.9959999999999,6546.438000000004,2214.505000059999,6751.341000000004,24.699342371541725,GRAVE_LESIONADOS,0
0,1,5,2,6,4,-7.15614746062014,-78.5188907343225,0,0,7,1,2,2,2,2,2024,4,6,1,10,1,2,6543.555,2.0,4,4,1.0,14,33,1198.0,0.6070175276741574,73.19224654097276,74.29530430690215,9.490386956642766,1117.141592366869,257380.9443254818,15935.565011852366,1733.9250000199986,935.692,13265.948011832368,2000.1670000199988,13935.398011832369,12.551591352627522,LEVE,2
1,1,14,2,2,4,-11.976519228928089,-77.08377183913092,0,0,7,1,2,1,0,2,2024,4,6,1,18,2,0,6543.555,2.0,4,4,1.0,14,33,1198.0,0.7419979630670723,80.31822295927182,79.00446395716813,11.084203715652809,1554.6868971011318,739416.2413542903,7626.313,1683.4029999999998,1599.0829999999996,4343.827000000001,1814.875,5811.438000000001,23.797541485643197,LEVE,2
3,1,14,2,2,4,-12.22650599790066,-76.94043678432458,0,0,7,1,2,2,2,0,2024,4,6,1,19,2,0,6543.555,2.0,4,4,1.0,14,33,1198.0,0.6990481232857558,80.14597904142546,74.3851677794309,10.004397644056358,1432.5044292531525,459161.0728051392,7626.313,1683.4029999999998,1599.0829999999996,4343.827000000001,1814.875,5811.438000000001,23.797541485643197,GRAVE_LESIONADOS,0
3,2,5,0,4,1,-5.87794727681586,-78.8132410847364,0,4,7,1,2,1,1,0,2024,4,6,1,20,2,2,167.59499999999997,2.0,2,0,1.0,1,20,40.0,0.5803239946829384,74.49544278598792,68.33065356443184,8.733179344969395,1046.078117086984,102362.46895074946,15935.565011852366,1733.9250000199986,935.692,13265.948011832368,2000.1670000199988,13935.398011832369,12.551591352627522,LEVE,2
1,1,14,2,2,4,-12.064863379930568,-77.0454855192586,0,0,7,1,2,1,0,2,2024,4,6,1,21,2,0,6543.555,2.0,4,4,1.0,14,33,1198.0,0.8121144527422384,79.97904399655734,78.94895329190118,12.90572492982067,1868.6660163168403,75598.19486081369,7626.313,1683.4029999999998,1599.0829999999996,4343.827000000001,1814.875,5811.438000000001,23.797541485643197,LEVE,2
0,1,19,0,4,1,-5.093606,-80.705443,0,4,7,1,2,2,2,0,2024,4,6,1,23,2,0,6543.555,3.0,2,0,1.0,0,30,1475.0,0.6582040223794163,78.74105515718446,77.3206684883171,11.334167841567446,1124.177237253568,178905.3426124197,8965.846000060003,1782.4120000599992,636.9959999999999,6546.438000000004,2214.505000059999,6751.341000000004,24.699342371541725,LEVE,2
10,1,5,2,4,1,-7.16508022721332,-78.4801787644671,0,2,7,1,2,2,2,2,2024,4,6,1,23,2,2,2760.8550000000005,1.0,1,3,0.0,9,32,1208.0,0.6070175276741574,73.19224654097276,74.29530430690215,9.490386956642766,1117.141592366869,257380.9443254818,15935.565011852366,1733.9250000199986,935.692,13265.948011832368,2000.1670000199988,13935.398011832369,12.551591352627522,LEVE,2
1,1,10,0,4,1,-13.70235,-76.16552,0,4,7,1,2,2,2,0,2024,4,0,0,6,1,0,205.54999999999995,-1.0,2,0,1.0,13,31,15.0,0.5876128251369682,76.40783657687089,72.44948426378424,10.42636694091524,914.8835608305218,58924.95503211991,3721.461,698.1859999999996,744.866,2278.409,1102.9029999999996,2618.558,29.636290693359403,LEVE,2
1,1,21,2,4,1,-5.905603,-77.32527,0,3,7,1,2,2,2,0,2024,4,0,0,18,2,1,7758.33400008,2.0,2,0,1.0,9,20,2133.0,0.4789759027469384,73.43778249935497,54.01635312204597,6.285279694551369,847.2910954428505,47552.6295503212,5645.136,815.0759999999999,965.298,3864.762,1013.406,4631.73,17.95184385283189,LEVE,2
3,1,14,2,4,1,-12.037170336910911,-77.04126374689972,0,3,7,1,2,1,0,2,2024,4,0,0,19,2,0,6543.555,3.0,2,0,1.0,0,30,1475.0,0.7300036506368504,80.21724456394445,75.11639588359114,10.636845733066124,1559.041185521695,156759.78800856532,7626.313,1683.4029999999998,1599.0829999999996,4343.827000000001,1814.875,5811.438000000001,23.797541485643197,LEVE,2
3,1,14,2,4,0,-12.113285200247567,-76.81823912162102,0,0,0,0,2,2,2,6,2024,4,1,0,15,3,0,6543.555,2.0,4,4,1.0,14,33,1198.0,0.6371716495641229,77.28809635528053,69.64326619808601,9.01503899605881,1265.0419992552625,48261.34689507495,7626.313,1683.4029999999998,1599.0829999999996,4343.827000000001,1814.875,5811.438000000001,23.797541485643197,LEVE,2
3,2,12,2,2,4,-8.017436088466479,-79.06676890206747,0,0,1,1,2,2,2,0,2024,4,1,0,20,2,0,6543.555,2.0,4,4,1.0,14,33,1198.0,0.583006771156836,78.2441938961209,62.24037484511178,8.807312392374042,1028.2282118265089,76607.295503212,8931.828000000005,1335.5899999999997,1935.9830000000004,5660.255000000005,1219.309,7712.519000000005,13.651281686122925,LEVE,2
1,1,14,0,4,1,-11.765279,-77.158419,0,2,7,1,2,2,2,0,2024,4,2,0,3,0,0,6543.555,3.0,2,0,1.0,0,30,1475.0,0.6688889885290078,77.65971620762488,72.11797581870952,9.343568875150348,1392.9562465448405,54956.252676659526,7626.313,1683.4029999999998,1599.0829999999996,4343.827000000001,1814.875,5811.438000000001,23.797541485643197,LEVE,2
10,1,20,0,4,1,-16.230647,-69.678802,0,4,7,1,2,2,2,2,2024,4,2,0,6,1,2,417.30000000000007,1.0,0,3,0.0,9,32,52.0,0.4020198374784472,77.80062735845667,75.295761294875,7.279851651626652,372.63390314535104,50686.62526766595,13642.312999999998,2020.7790000000005,2354.117,9267.416999999998,3314.0520000000006,10328.260999999997,24.29244952817019,LEVE,2
6,1,14,2,2,4,-10.811559810253843,-76.87521102435039,0,3,1,1,2,2,2,0,2024,4,2,0,10,1,0,6543.555,2.0,4,4,1.0,14,33,1198.0,0.5348345437988095,83.40805400042427,60.94378188834905,8.191496221315315,774.6597550847234,3019.9036402569595,7626.313,1683.4029999999998,1599.0829999999996,4343.827000000001,1814.875,5811.438000000001,23.797541485643197,LEVE,2
6,1,12,2,2,4,-8.1235419927,-79.02295564,0,2,4,1,2,2,2,2,2024,4,3,0,2,0,0,6543.555,2.0,4,4,1.0,14,33,1198.0,0.7151155191839451,79.57652607829836,77.25576500264712,11.809756866444314,1377.9438475528384,331253.00214132766,8931.828000000005,1335.5899999999997,1935.9830000000004,5660.255000000005,1219.309,7712.519000000005,13.651281686122925,LEVE,2
6,1,3,0,4,1,-17.174842,-71.76923,7,4,7,1,2,0,1,0,2024,4,3,0,6,1,0,1926.94,2.0,2,0,1.0,9,32,393.0,0.6064020802559494,77.82737834960788,75.48658600973863,8.303531284530445,1096.758694527593,6370.241970021414,10322.272,1495.236,1749.739,7077.2970000000005,2886.595,7435.677000000001,27.964725207783708,LEVE,2
6,1,12,0,4,1,-8.194142538,-77.95682844,0,4,0,1,7,2,2,0,2024,4,3,0,11,1,0,9936.932,2.0,2,0,1.0,9,32,3830.0,0.2026055257491402,79.08466581016361,36.0252134497294,4.378887306596231,123.91449980870192,2340.5396145610275,8931.828000000005,1335.5899999999997,1935.9830000000004,5660.255000000005,1219.309,7712.519000000005,13.651281686122925,GRAVE_LESIONADOS,0
6,2,23,0,4,1,-3.674089605105425,-80.66283341438994,0,4,7,1,2,2,2,2,2024,4,4,0,0,0,0,6543.555,3.0,2,0,1.0,0,30,1475.0,0.568342833663152,74.37886913017682,68.79116494388956,9.025058202905662,964.4271707185276,11360.244111349037,1009.101,138.47399999999996,287.471,583.156,276.972,732.129,27.447401201663663,LEVE,2
1,1,14,0,2,4,-12.127737402842357,-76.82055597986353,0,3,7,1,2,2,2,0,2024,4,4,0,3,0,0,6543.555,2.0,4,4,1.0,14,33,1198.0,0.6371716495641229,77.28809635528053,69.64326619808601,9.01503899605881,1265.0419992552625,48261.34689507495,7626.313,1683.4029999999998,1599.0829999999996,4343.827000000001,1814.875,5811.438000000001,23.797541485643197,LEVE,2
6,1,14,2,7,4,-12.0988015059904,-76.9799278759139,0,3,3,0,2,1,1,2,2024,4,4,0,7,1,0,6543.555,2.0,4,4,1.0,14,33,1198.0,0.8236163632543221,80.64134543571234,78.76297514209003,13.635913030045838,1867.8532062234744,106584.52890792293,7626.313,1683.4029999999998,1599.0829999999996,4343.827000000001,1814.875,5811.438000000001,23.797541485643197,LEVE,2
6,1,4,0,4,2,-13.177,-73.957,0,4,0,0,7,2,2,2,2024,4,4,0,9,1,2,6543.555,2.0,4,4,1.0,14,33,1198.0,0.2776321724025243,78.53167033451481,53.42197805269264,4.132028525242457,234.6107902391155,2625.526766595289,12678.733000000004,1805.074000000001,1774.0339999999994,9099.625000000004,2485.375000000001,10193.358000000002,19.602707936195205,GRAVE_MORTALIDAD,1
3,2,5,0,4,2,-6.334488,-79.075185,0,4,0,0,1,1,0,2,2024,4,5,1,6,1,2,6543.555,2.0,4,4,1.0,14,33,1198.0,0.3760938309755452,69.43940702576674,52.729303682760495,5.691281340633524,500.7580677060702,7739.147751605997,15935.565011852366,1733.9250000199986,935.692,13265.948011832368,2000.1670000199988,13935.398011832369,12.551591352627522,LEVE,2
3,2,10,2,4,1,-13.6809503,-76.1594931,0,3,7,1,2,2,2,0,2024,4,5,1,11,1,0,6639.975,2.0,2,0,1.0,9,31,1616.0,0.5723734005661165,76.14778354007997,72.53650205141851,9.107715991741182,922.4721268572972,24272.76659528908,3721.461,698.1859999999996,744.866,2278.409,1102.9029999999996,2618.558,29.636290693359403,LEVE,2
3,2,5,2,4,2,-7.18351145550731,-78.4447778102709,0,0,7,1,2,2,2,2,2024,4,5,1,20,2,2,6543.555,2.0,4,4,1.0,14,33,1198.0,0.3658867820676106,77.61736312988027,56.72232982291409,4.846126768330761,429.7048027279435,5469.092077087795,15935.565011852366,1733.9250000199986,935.692,13265.948011832368,2000.1670000199988,13935.398011832369,12.551591352627522,LEVE,2
1,1,14,2,4,1,-12.03017167933347,-77.00051345359965,0,0,7,1,2,2,2,0,2024,4,6,1,0,0,0,6543.555,3.0,2,0,1.0,0,30,1475.0,0.6970617810314195,81.40501156526744,73.5715154770137,9.635174408411393,1428.892506292977,203379.9271948608,7626.313,1683.4029999999998,1599.0829999999996,4343.827000000001,1814.875,5811.438000000001,23.797541485643197,LEVE,2
3,1,14,0,4,1,-12.373978582457598,-76.78193583566612,0,4,7,0,2,2,2,0,2024,4,6,1,3,0,0,6639.975,2.0,2,0,1.0,9,31,1616.0,0.6997623570346938,76.1024633480164,67.4916969677081,10.594360693484372,1568.8925177861563,8292.871520342613,7626.313,1683.4029999999998,1599.0829999999996,4343.827000000001,1814.875,5811.438000000001,23.797541485643197,LEVE,2
3,2,10,2,4,1,-13.6260052428199,-76.1519337048358,0,4,7,1,2,2,2,2,2024,4,6,1,5,0,0,6639.975,2.0,2,0,1.0,9,31,1616.0,0.5723734005661165,76.14778354007997,72.53650205141851,9.107715991741182,922.4721268572972,24272.76659528908,3721.461,698.1859999999996,744.866,2278.409,1102.9029999999996,2618.558,29.636290693359403,LEVE,2
6,1,14,2,7,4,-12.082743412592244,-76.96919658779292,0,0,3,0,2,0,1,2,2024,4,6,1,6,1,0,6543.555,2.0,4,4,1.0,14,33,1198.0,0.8452166148253858,80.64766902313956,78.16154022078278,14.700269515657656,1939.4672090018812,160839.29764453962,7626.313,1683.4029999999998,1599.0829999999996,4343.827000000001,1814.875,5811.438000000001,23.797541485643197,LEVE,2