CLASE SINIESTRO,CANTIDAD DE VEHICULOS DAÑADOS,DEPARTAMENTO,ZONA,TIPO DE VÍA,RED VIAL,COORDENADAS LATITUD,COORDENADAS  LONGITUD,CONDICIÓN CLIMÁTICA,ZONIFICACIÓN,CARACTERÍSTICAS DE VÍA,PERFIL LONGITUDINAL VÍA,SUPERFICIE DE CALZADA,¿EXISTE SEÑAL VERTICAL?,¿EXISTE SEÑAL HORIZONTAL?,CAUSA FACTOR PRINCIPAL,AÑO,MES,DIA_SEMANA,ES_FIN_SEMANA,HORA_NUM,FRANJA_HORARIA,REGION_NATURAL,MTC_RVN_LONGITUD_KM,MTC_RVN_N_CARRILES_MEDIANA,MTC_RVN_SUPERFICIE_DOMINANTE,MTC_RVN_ESTADO_DOMINANTE,MTC_RVN_ES_CONCESIONADA,MTC_RVN_CONCESION_PRINCIPAL,MTC_RVN_CORREDOR_LOGISTICO,MTC_RVN_N_TRAMOS,IDH_2019,IDH_ESP_VIDA_2019,IDH_EDUC_SECUND_PCT_2019,IDH_ANIOS_EDUC_2019,IDH_INGRESO_PERCAP_2019,IDH_POBLACION_2019,MTC_DEP_RED_TOTAL_KM,MTC_DEP_NACIONAL_TOTAL_KM,MTC_DEP_DEPARTAMENTAL_TOTAL_KM,MTC_DEP_VECINAL_TOTAL_KM,MTC_DEP_PAV_TOTAL_KM,MTC_DEP_NO_PAV_TOTAL_KM,MTC_DEP_PCT_PAVIMENTADA,CATEGORIA_SEVERIDAD,CATEGORIA_SEVERIDAD_ENC
3,2,12,0,4,1,-8.435843904044715,-78.76493985013009,0,4,7,1,2,2,2,2,2024,4,6,1,8,1,0,6543.555,3.0,2,0,1.0,0,30,1475.0,0.5051395598219868,77.13285387085847,51.52067479184955,6.715328807318118,900.900383457586,67612.41755888652,8931.828000000005,1335.5899999999997,1935.9830000000004,5660.255000000005,1219.309,7712.519000000005,13.651281686122925,LEVE,2
0,1,3,2,4,1,-16.349813,-72.127218,0,3,7,1,2,1,1,0,2024,4,6,1,18,2,0,6639.975,2.0,2,0,1.0,9,31,1616.0,0.5796346224596807,77.5661107176013,65.79395474597655,8.230146657611625,1038.8435239924956,1227.436830835118,10322.272,1495.236,1749.739,7077.2970000000005,2886.595,7435.677000000001,27.964725207783708,LEVE,2
1,1,5,0,4,2,-7.11309,-78.829742,0,4,7,0,2,1,1,0,2024,4,6,1,21,2,2,6543.555,2.0,4,4,1.0,14,33,1198.0,0.3334181514351879,65.70103407075928,46.92785453731552,5.377079435778443,426.7373479842607,11921.895074946468,15935.565011852366,1733.9250000199986,935.692,13265.948011832368,2000.1670000199988,13935.398011832369,12.551591352627522,LEVE,2
6,1,5,0,4,2,-6.929052,-78.241667,0,4,0,0,1,2,2,2,2024,4,6,1,23,2,2,6543.555,2.0,4,4,1.0,14,33,1198.0,0.1969680140647228,72.48969518629403,34.151755804191964,3.1046095671239224,169.35483033030215,11733.86295503212,15935.565011852366,1733.9250000199986,935.692,13265.948011832368,2000.1670000199988,13935.398011832369,12.551591352627522,GRAVE_MORTALIDAD,1
7,1,14,2,6,4,-12.061689415754488,-77.0527911158919,0,1,1,1,2,2,2,2,2024,4,0,0,11,1,0,6543.555,2.0,4,4,1.0,14,33,1198.0,0.8121144527422384,79.97904399655734,78.94895329190118,12.90572492982067,1868.6660163168403,75598.19486081369,7626.313,1683.4029999999998,1599.0829999999996,4343.827000000001,1814.875,5811.438000000001,23.797541485643197,LEVE,2
6,1,5,0,4,1,-6.71202257637767,-78.527831257903,0,4,0,0,2,2,2,2,2024,4,0,0,18,2,2,280.57,1.0,0,2,0.0,9,32,50.0,0.3484871558022944,76.33677469666252,53.28672218475212,4.131981838863427,447.1658531581213,76209.5845824411,15935.565011852366,1733.9250000199986,935.692,13265.948011832368,2000.1670000199988,13935.398011832369,12.551591352627522,LEVE,2
6,1,3,0,4,0,-16.373933,-71.645825,5,4,2,0,1,2,2,0,2024,4,0,0,22,2,0,6543.555,2.0,4,4,1.0,14,33,1198.0,0.6005060748875158,78.21704200773246,77.40211893847457,8.994742794352394,996.014120858737,33335.45824411135,10322.272,1495.236,1749.739,7077.2970000000005,2886.595,7435.677000000001,27.964725207783708,LEVE,2
0,1,14,2,2,4,-12.072586132798852,-76.99293356359962,0,0,1,1,2,0,1,4,2024,4,1,0,6,1,0,6543.555,2.0,4,4,1.0,14,33,1198.0,0.7932581306844921,81.51631118964869,80.69904096659818,11.778592694814522,1769.655750737171,53672.69593147752,7626.313,1683.4029999999998,1599.0829999999996,4343.827000000001,1814.875,5811.438000000001,23.797541485643197,LEVE,2
3,1,7,0,4,1,-13.58416,-71.807641,6,5,6,2,6,2,2,0,2024,5,2,0,1,0,2,7586.903,2.0,2,0,1.0,9,5,1198.0,0.5065580412535501,64.79370905469777,77.15417383818448,8.35812941450031,844.3117831870799,8658.316916488222,17779.13499998999,2097.3709999899997,2863.123,12818.640999999989,2878.713,14900.421999989989,16.19152450331032,LEVE,2
6,1,14,2,2,4,-12.284074845730723,-76.86350874082176,0,3,7,1,2,2,2,0,2024,5,2,0,6,1,0,6543.555,2.0,4,4,1.0,14,33,1198.0,0.6909236767275176,78.41626133969348,70.97436336767564,9.826485374940413,1476.8351947609171,95908.53319057816,7626.313,1683.4029999999998,1599.0829999999996,4343.827000000001,1814.875,5811.438000000001,23.797541485643197,LEVE,2
0,2,10,0,4,1,-13.72784,-75.907835,0,4,7,0,2,2,2,0,2024,5,2,0,6,1,0,1679.5849999999998,2.0,2,3,1.0,9,24,315.0,0.5476064687943295,72.89816640240538,72.53137929650067,8.073066505789269,930.7694624870004,5923.768736616702,3721.461,698.1859999999996,744.866,2278.409,1102.9029999999996,2618.558,29.636290693359403,LEVE,2
0,1,14,2,4,1,-11.930494754097852,-77.07249372671109,0,0,1,1,2,2,2,4,2024,5,2,0,11,1,0,6543.555,3.0,2,0,1.0,0,30,1475.0,0.758462599563312,80.5192231989937,79.20045639149897,11.33839041452458,1628.5661148492152,363987.54389721627,7626.313,1683.4029999999998,1599.0829999999996,4343.827000000001,1814.875,5811.438000000001,23.797541485643197,LEVE,2
3,2,12,0,4,1,-7.8002935855,-77.9881664265,0,4,7,1,2,2,2,0,2024,5,2,0,17,3,0,9936.932,2.0,2,0,1.0,9,32,3830.0,0.3986882084754764,72.97869269132666,58.65435142755623,5.605762371496486,527.7120199980477,69564.29978586723,8931.828000000005,1335.5899999999997,1935.9830000000004,5660.255000000005,1219.309,7712.519000000005,13.651281686122925,LEVE,2
6,1,18,0,4,0,-10.4986595078299,-76.5293626256855,0,4,7,0,2,2,2,2,2024,5,2,0,17,3,2,6543.555,2.0,4,4,1.0,14,33,1198.0,0.5563774842369664,77.00938809632027,69.10246351364754,8.476961866273152,914.8835608305218,27932.19700214133,3677.119863,564.5869999999999,910.845,2201.687863000001,590.8779999999998,3086.2418630000006,16.06904376290656,LEVE,2
3,1,6,2,2,4,-11.8352697,-77.163536617,0,3,7,0,1,2,2,6,2024,5,2,0,18,2,0,6543.555,2.0,4,4,1.0,14,33,1198.0,0.5563774842369664,77.00938809632027,69.10246351364754,8.476961866273152,914.8835608305218,27932.19700214133,51.58600000000001,44.68700000000001,6.899000000000001,0.0,49.838000000000015,1.748,96.61148373589734,LEVE,2
10,1,19,2,2,4,-5.185413,-80.64937,0,3,9,1,2,2,2,0,2024,5,2,0,20,2,0,6543.555,2.0,4,4,1.0,14,33,1198.0,0.6582040223794163,78.74105515718446,77.3206684883171,11.334167841567446,1124.177237253568,178905.3426124197,8965.846000060003,1782.4120000599992,636.9959999999999,6546.438000000004,2214.505000059999,6751.341000000004,24.699342371541725,GRAVE_MORTALIDAD,1
6,1,12,0,4,1,-7.2331677838,-79.4523904431,0,4,7,1,2,2,2,2,2024,5,2,0,21,2,0,6543.555,3.0,2,0,1.0,0,30,1475.0,0.5650979329787121,81.32490571897102,68.6769211482833,7.868096912305706,909.6843705053026,43897.946466809415,8931.828000000005,1335.5899999999997,1935.9830000000004,5660.255000000005,1219.309,7712.519000000005,13.651281686122925,LEVE,2
4,1,3,2,2,4,-16.326364,-71.590201,0,3,7,1,2,2,2,0,2024,5,3,0,3,0,0,6543.555,2.0,4,4,1.0,14,33,1198.0,0.6411767862503931,77.2408324916572,78.204125011303,10.595705083047717,1107.223861768016,193412.3169164882,10322.272,1495.236,1749.739,7077.2970000000005,2886.595,7435.677000000001,27.964725207783708,LEVE,2
10,1,7,0,3,4,-14.785918481541,-71.413439598388,0,4,7,1,2,2,2,2,2024,5,3,0,4,0,2,6543.555,2.0,4,4,1.0,14,33,1198.0,0.553052655456334,69.21726434550523,74.04128761826507,8.709280027519238,977.6848841665504,33976.192719486084,17779.13499998999,2097.3709999899997,2863.123,12818.640999999989,2878.713,14900.421999989989,16.19152450331032,LEVE,2
0,2,20,0,4,1,-16.003964,-69.761705,0,4,7,1,2,2,2,6,2024,5,3,0,5,0,2,7586.903,2.0,2,0,1.0,9,5,1198.0,0.3247057995130503,73.24682709519536,76.81044161661171,6.507336567861034,242.9773157546694,24872.03426124197,13642.312999999998,2020.7790000000005,2354.117,9267.416999999998,3314.0520000000006,10328.260999999997,24.29244952817019,LEVE,2
0,1,14,2,2,4,-12.210591929870656,-76.95533548680481,0,3,1,1,2,2,2,0,2024,5,3,0,6,1,0,6543.555,2.0,4,4,1.0,14,33,1198.0,0.6990481232857558,80.14597904142546,74.3851677794309,10.004397644056358,1432.5044292531525,459161.0728051392,7626.313,1683.4029999999998,1599.0829999999996,4343.827000000001,1814.875,5811.438000000001,23.797541485643197,LEVE,2
6,1,14,2,2,4,-12.072136199104516,-77.0782893308353,0,0,5,1,2,2,2,2,2024,5,3,0,6,1,0,6543.555,2.0,4,4,1.0,14,33,1198.0,0.5563774842369664,77.00938809632027,69.10246351364754,8.476961866273152,914.8835608305218,27932.19700214133,7626.313,1683.4029999999998,1599.0829999999996,4343.827000000001,1814.875,5811.438000000001,23.797541485643197,LEVE,2
3,1,14,2,4,1,-12.092293,-76.980857,0,0,7,1,2,2,2,2,2024,5,3,0,7,1,0,6639.975,2.0,2,0,1.0,9,31,1616.0,0.8236163632543221,80.64134543571234,78.76297514209003,13.635913030045838,1867.8532062234744,106584.52890792293,7626.313,1683.4029999999998,1599.0829999999996,4343.827000000001,1814.875,5811.438000000001,23.797541485643197,GRAVE_LESIONADOS,0
6,1,5,2,6,4,-7.619482,-78.044672,0,0,7,1,4,2,2,2,2024,5,3,0,15,3,2,6543.555,2.0,4,4,1.0,14,33,1198.0,0.4384361875352846,76.70622362399591,49.95411505521511,6.195115114275008,648.0811197287633,31678.2869379015,15935.565011852366,1733.9250000199986,935.692,13265.948011832368,2000.1670000199988,13935.398011832369,12.551591352627522,LEVE,2
3,2,20,0,4,0,-15.566421711216536,-69.97179505563115,0,4,7,1,2,2,2,2,2024,5,3,0,18,2,2,6543.555,2.0,4,4,1.0,14,33,1198.0,0.2054781999352204,72.86726952696264,66.59162079148858,5.707863648223302,97.61688442557129,7653.85653104925,13642.312999999998,2020.7790000000005,2354.117,9267.416999999998,3314.0520000000006,10328.260999999997,24.29244952817019,LEVE,2
0,1,14,2,4,1,-12.37177720361196,-76.78410972011952,0,2,7,1,2,2,2,0,2024,5,3,0,21,2,0,6639.975,2.0,2,0,1.0,9,31,1616.0,0.6997623570346938,76.1024633480164,67.4916969677081,10.594360693484372,1568.8925177861563,8292.871520342613,7626.313,1683.4029999999998,1599.0829999999996,4343.827000000001,1814.875,5811.438000000001,23.797541485643197,LEVE,2
1,1,3,2,3,4,-16.307641385217,-72.1892234441462,7,4,7,1,7,2,2,0,2024,5,4,0,8,1,0,6543.555,2.0,4,4,1.0,14,33,1198.0,0.6077843615696785,76.53072135400231,69.81276959706165,8.77367759087771,1135.5159013374655,74658.55888650964,10322.272,1495.236,1749.739,7077.2970000000005,2886.595,7435.677000000001,27.964725207783708,LEVE,2
3,2,14,0,4,1,-11.28498138747742,-77.32506043281998,0,4,7,1,2,2,2,2,2024,5,5,1,6,1,0,1422.177,2.0,2,0,0.0,9,19,698.0,0.625259356790912,76.00710856837651,64.39893010534446,7.928807895834627,1379.4198272918734,24684.304068522484,7626.313,1683.4029999999998,1599.0829999999996,4343.827000000001,1814.875,5811.438000000001,23.797541485643197,LEVE,2
0,1,7,2,4,1,-14.246629,-71.242679,0,3,7,1,2,2,2,4,2024,5,5,1,6,1,2,7586.903,2.0,2,0,1.0,9,5,1198.0,0.5265643824923771,76.3202150422939,72.59240802938885,8.636399400985075,746.7361126929013,59032.11777301927,17779.13499998999,2097.3709999899997,2863.123,12818.640999999989,2878.713,14900.421999989989,16.19152450331032,LEVE,2
1,1,14,2,4,1,-12.485454,-76.74597,0,2,7,1,2,2,2,0,2024,5,5,1,8,1,0,6639.975,2.0,2,0,1.0,9,31,1616.0,0.7033052422048006,79.27699023084553,78.75787716925494,10.495980139511614,1399.9661523613097,18759.880085653105,7626.313,1683.4029999999998,1599.0829999999996,4343.827000000001,1814.875,5811.438000000001,23.797541485643197,LEVE,2
3,2,7,0,4,1,-14.3518785408741,-71.1730460997342,0,4,7,1,2,2,2,2,2024,5,5,1,12,3,2,7586.903,2.0,2,0,1.0,9,5,1198.0,0.3688068892893833,76.47283450634272,62.25751908213611,5.9696521090432615,372.1207781777657,9957.021413276232,17779.13499998999,2097.3709999899997,2863.123,12818.640999999989,2878.713,14900.421999989989,16.19152450331032,LEVE,2
6,1,12,0,4,2,-7.423961086783124,-79.50308939406725,0,4,7,1,2,2,2,2,2024,5,5,1,17,3,0,6543.555,2.0,4,4,1.0,14,33,1198.0,0.6138517538553948,80.84826225715301,64.49339622566798,9.143362084626023,1095.689060330069,16852.97430406852,8931.828000000005,1335.5899999999997,1935.9830000000004,5660.255000000005,1219.309,7712.519000000005,13.651281686122925,LEVE,2
3,2,7,0,4,1,-14.3288253,-71.1955179,0,4,7,1,2,2,2,2,2024,5,5,1,18,2,2,7586.903,2.0,2,0,1.0,9,5,1198.0,0.3688068892893833,76.47283450634272,62.25751908213611,5.9696521090432615,372.1207781777657,9957.021413276232,17779.13499998999,2097.3709999899997,2863.123,12818.640999999989,2878.713,14900.421999989989,16.19152450331032,LEVE,2
10,1,19,2,2,4,-5.20492,-80.621518,0,4,7,1,2,2,2,0,2024,5,5,1,21,2,0,6543.555,2.0,4,4,1.0,14,33,1198.0,0.6220812987247925,80.20155828147696,72.71675503872983,10.02377668600292,1028.915688621886,159840.92719486082,8965.846000060003,1782.4120000599992,636.9959999999999,6546.438000000004,2214.505000059999,6751.341000000004,24.699342371541725,LEVE,2
10,1,7,0,4,2,-14.815048,-71.496903,0,4,7,1,2,2,2,2,2024,5,6,1,0,0,2,6543.555,2.0,4,4,1.0,14,33,1198.0,0.2895499003381874,68.53788948078248,75.55107873554218,4.362279816701996,258.3477698263705,14410.650963597433,17779.13499998999,2097.3709999899997,2863.123,12818.640999999989,2878.713,14900.421999989989,16.19152450331032,LEVE,2
3,1,14,2,4,1,-12.04092762705622,-77.03359750530842,0,0,7,1,2,2,2,0,2024,5,6,1,7,1,0,6543.555,3.0,2,0,1.0,0,30,1475.0,0.7300036506368504,80.21724456394445,75.11639588359114,10.636845733066124,1559.041185521695,156759.78800856532,7626.313,1683.4029999999998,1599.0829999999996,4343.827000000001,1814.875,5811.438000000001,23.797541485643197,LEVE,2
6,1,7,2,4,1,-13.317981,-72.034401,0,4,7,1,2,2,2,1,2024,5,6,1,11,1,2,3447.8009999999995,1.0,2,3,0.0,9,12,1109.0,0.4562958894633943,70.99144093489087,58.8848672914879,7.768452023359112,649.1045217688833,23833.353319057816,17779.13499998999,2097.3709999899997,2863.123,12818.640999999989,2878.713,14900.421999989989,16.19152450331032,LEVE,2
3,2,12,2,2,4,-8.050661063295253,-79.05154544639286,0,2,1,1,2,2,2,2,2024,5,6,1,14,3,0,6543.555,2.0,4,4,1.0,14,33,1198.0,0.5961574154611067,78.8610661942771,67.40352037574897,9.291971962737568,1010.620438228636,197397.5888650964,8931.828000000005,1335.5899999999997,1935.9830000000004,5660.255000000005,1219.309,7712.519000000005,13.651281686122925,LEVE,2
3,2,23,0,4,1,-3.529353403850634,-80.36389408213292,0,4,7,1,2,2,2,2,2024,5,0,0,7,1,0,6543.555,3.0,2,0,1.0,0,30,1475.0,0.506393213976091,71.09604779417722,66.88716723772843,7.8873292871222835,813.0857960318671,5253.152034261242,1009.101,138.47399999999996,287.471,583.156,276.972,732.129,27.447401201663663,LEVE,2
6,1,20,0,4,1,-15.94117228,-69.86260569,0,4,7,1,2,2,2,2,2024,5,0,0,15,3,2,6543.555,3.0,2,0,1.0,0,30,1475.0,0.2884525097354768,64.20597588940076,72.15764778998134,7.048790399873092,210.31224233114625,7037.970021413275,13642.312999999998,2020.7790000000005,2354.117,9267.416999999998,3314.0520000000006,10328.260999999997,24.29244952817019,LEVE,2
0,1,14,2,2,4,-11.921251787818989,-77.04196330816289,0,0,7,1,2,2,2,0,2024,5,0,0,21,2,0,6543.555,2.0,4,4,1.0,14,33,1198.0,0.7218926988400113,80.0902077245261,77.9581888264889,10.971588327733102,1458.3206086290393,530000.3426124197,7626.313,1683.4029999999998,1599.0829999999996,4343.827000000001,1814.875,5811.438000000001,23.797541485643197,LEVE,2
3,1,14,2,4,2,-12.268766484904434,-76.84410294687619,0,4,7,1,2,2,2,0,2024,5,1,0,9,1,0,6543.555,2.0,4,4,1.0,14,33,1198.0,0.6909236767275176,78.41626133969348,70.97436336767564,9.826485374940413,1476.8351947609171,95908.53319057816,7626.313,1683.4029999999998,1599.0829999999996,4343.827000000001,1814.875,5811.438000000001,23.797541485643197,LEVE,2
3,2,20,0,4,1,-16.738935101004,-69.71669550114505,0,4,7,1,2,2,2,2,2024,5,1,0,16,3,2,1529.105,2.0,2,0,1.0,9,21,200.0,0.3367238884705214,79.36896456880557,60.06171049206615,6.384918376891411,270.8405155620205,5778.8501070663815,13642.312999999998,2020.7790000000005,2354.117,9267.416999999998,3314.0520000000006,10328.260999999997,24.29244952817019,LEVE,2
0,1,5,2,4,1,-6.57019,-78.642682,2,3,0,0,2,2,2,4,2024,5,1,0,19,2,2,9936.932,2.0,2,0,1.0,9,32,3830.0,0.4700875779194959,72.66081436888122,64.8808353209258,6.163018167008406,756.997154110016,46090.54817987152,15935.565011852366,1733.9250000199986,935.692,13265.948011832368,2000.1670000199988,13935.398011832369,12.551591352627522,LEVE,2
3,2,10,2,4,1,-14.086836,-75.727742,0,3,1,1,2,2,2,2,2024,5,2,0,20,2,0,6639.975,2.0,2,0,1.0,9,31,1616.0,0.6637216310803388,79.6446050662278,81.37671161983333,11.724811319582514,1084.329233867723,142450.24411134905,3721.461,698.1859999999996,744.866,2278.409,1102.9029999999996,2618.558,29.636290693359403,LEVE,2
0,1,12,2,2,4,-8.1032196276,-79.023969781,0,0,1,1,2,2,2,0,2024,5,3,0,15,3,0,6543.555,2.0,4,4,1.0,14,33,1198.0,0.7151155191839451,79.57652607829836,77.25576500264712,11.809756866444314,1377.9438475528384,331253.00214132766,8931.828000000005,1335.5899999999997,1935.9830000000004,5660.255000000005,1219.309,7712.519000000005,13.651281686122925,LEVE,2
6,1,3,0,4,1,-17.0299219497234,-71.6447817311079,7,4,0,1,2,2,2,0,2024,5,3,0,16,3,0,6639.975,2.0,2,0,1.0,9,31,1616.0,0.6449493635682252,78.44719582624413,79.23084709401536,8.759364777311836,1226.330683483547,8054.678800856533,10322.272,1495.236,1749.739,7077.2970000000005,2886.595,7435.677000000001,27.964725207783708,LEVE,2
6,1,19,2,2,4,-5.163911,-80.648004,0,3,7,1,2,2,2,0,2024,5,3,0,21,2,0,6543.555,2.0,4,4,1.0,14,33,1198.0,0.6582040223794163,78.74105515718446,77.3206684883171,11.334167841567446,1124.177237253568,178905.3426124197,8965.846000060003,1782.4120000599992,636.9959999999999,6546.438000000004,2214.505000059999,6751.341000000004,24.699342371541725,LEVE,2
3,1,14,2,4,1,-12.25012472194049,-76.93102612571977,0,2,7,1,2,2,2,0,2024,5,4,0,2,0,0,6639.975,2.0,2,0,1.0,9,31,1616.0,0.6909236767275176,78.41626133969348,70.97436336767564,9.826485374940413,1476.8351947609171,95908.53319057816,7626.313,1683.4029999999998,1599.0829999999996,4343.827000000001,1814.875,5811.438000000001,23.797541485643197,GRAVE_LESIONADOS,0
6,1,5,0,4,1,-6.882722,-78.135623,0,4,0,0,2,1,0,2,2024,5,4,0,3,0,2,2760.8550000000005,1.0,1,3,0.0,9,32,1208.0,0.4626426475820469,68.55306494378911,65.85969011943656,7.360220599067626,697.1780256934369,29011.38543897216,15935.565011852366,1733.9250000199986,935.692,13265.948011832368,2000.1670000199988,13935.398011832369,12.551591352627522,LEVE,2
6,1,7,0,4,1,-13.31189558,-72.10391432,0,4,7,1,2,1,0,4,2024,5,4,0,7,1,2,3447.8009999999995,1.0,2,3,0.0,9,12,1109.0,0.5961225511084856,78.53035911580116,68.81531875437855,9.019506278168732,1024.5153398091154,21509.777301927195,17779.13499998999,2097.3709999899997,2863.123,12818.640999999989,2878.713,14900.421999989989,16.19152450331032,LEVE,2
0,1,12,2,4,2,-7.424026822749218,-79.50308374665642,0,0,7,1,2,2,2,2,2024,5,4,0,20,2,0,6543.555,2.0,4,4,1.0,14,33,1198.0,0.6138517538553948,80.84826225715301,64.49339622566798,9.143362084626023,1095.689060330069,16852.97430406852,8931.828000000005,1335.5899999999997,1935.9830000000004,5660.255000000005,1219.309,7712.519000000005,13.651281686122925,LEVE,2
0,1,7,0,4,1,-13.597937,-71.773723,0,4,7,1,2,2,2,4,2024,5,4,0,21,2,2,7586.903,2.0,2,0,1.0,9,5,1198.0,0.5065580412535501,64.79370905469777,77.15417383818448,8.35812941450031,844.3117831870799,8658.316916488222,17779.13499998999,2097.3709999899997,2863.123,12818.640999999989,2878.713,14900.421999989989,16.19152450331032,LEVE,2
6,1,5,0,4,2,-6.249418,-78.862041,0,4,0,0,7,2,2,5,2024,5,5,1,4,0,2,6543.555,2.0,4,4,1.0,14,33,1198.0,0.2709828626030399,81.54140913838565,38.396457618936886,3.6271260773268033,269.1754478734465,4972.762312633833,15935.565011852366,1733.9250000199986,935.692,13265.948011832368,2000.1670000199988,13935.398011832369,12.551591352627522,LEVE,2
1,1,12,0,4,1,-7.746122048401552,-79.092496577822,0,4,7,1,2,2,2,0,2024,5,5,1,4,0,0,748.6850000000001,2.0,2,0,0.0,9,32,215.0,0.5721567587688113,77.67102283812494,66.21373667954742,8.464777379360486,978.4498488219192,15563.077087794432,8931.828000000005,1335.5899999999997,1935.9830000000004,5660.255000000005,1219.309,7712.519000000005,13.651281686122925,LEVE,2
3,2,10,2,4,1,-14.087787,-75.718012,0,3,7,1,2,2,2,2,2024,5,5,1,6,1,0,583.2950000000001,1.0,1,3,0.0,9,32,248.0,0.6637216310803388,79.6446050662278,81.37671161983333,11.724811319582514,1084.329233867723,142450.24411134905,3721.461,698.1859999999996,744.866,2278.409,1102.9029999999996,2618.558,29.636290693359403,LEVE,2
3,2,5,0,4,1,-5.777851,-78.782939,0,4,7,1,2,2,2,2,2024,5,5,1,14,3,2,7758.33400008,2.0,2,0,1.0,9,20,2133.0,0.5803239946829384,74.49544278598792,68.33065356443184,8.733179344969395,1046.078117086984,102362.46895074946,15935.565011852366,1733.9250000199986,935.692,13265.948011832368,2000.1670000199988,13935.398011832369,12.551591352627522,LEVE,2
6,1,3,0,4,1,-15.90465,-71.188063,0,4,0,1,2,1,1,0,2024,5,5,1,19,2,0,1504.4250000000002,2.0,2,0,1.0,7,25,241.0,0.4498224071382834,81.63336343193146,58.84842497065013,5.774685730039019,620.6584683449911,1358.612419700214,10322.272,1495.236,1749.739,7077.2970000000005,2886.595,7435.677000000001,27.964725207783708,LEVE,2
0,1,14,2,4,1,-12.297371,-76.855202,0,3,7,1,2,2,2,0,2024,5,5,1,21,2,0,6639.975,2.0,2,0,1.0,9,31,1616.0,0.6909236767275176,78.41626133969348,70.97436336767564,9.826485374940413,1476.8351947609171,95908.53319057816,7626.313,1683.4029999999998,1599.0829999999996,4343.827000000001,1814.875,5811.438000000001,23.797541485643197,LEVE,2
6,1,19,0,4,2,-5.476569,-80.745771,0,4,1,1,2,2,2,0,2024,5,5,1,21,2,0,6543.555,2.0,4,4,1.0,14,33,1198.0,0.4417380575387691,72.77752189696822,54.6318737514479,7.1134454660893205,625.1630507505248,7034.824411134903,8965.846000060003,1782.4120000599992,636.9959999999999,6546.438000000004,2214.505000059999,6751.341000000004,24.699342371541725,LEVE,2
3,3,7,0,4,1,-14.216545983228846,-71.29374342360288,0,4,7,1,2,2,2,2,2024,5,5,1,23,2,2,7586.903,2.0,2,0,1.0,9,5,1198.0,0.5265643824923771,76.3202150422939,72.59240802938885,8.636399400985075,746.7361126929013,59032.11777301927,17779.13499998999,2097.3709999899997,2863.123,12818.640999999989,2878.713,14900.421999989989,16.19152450331032,LEVE,2
6,1,5,0,4,1,-7.28043407907949,-78.5434316327248,0,4,0,0,2,1,1,2,2024,5,6,1,10,1,2,114.25,2.0,2,0,1.0,12,32,15.0,0.3499131122933449,74.39401817945264,56.6280544824882,4.625294965690104,417.1826098657696,8462.284796573875,15935.565011852366,1733.9250000199986,935.692,13265.948011832368,2000.1670000199988,13935.398011832369,12.551591352627522,GRAVE_LESIONADOS,0
1,1,14,2,2,4,-12.062222412658771,-77.01142928202842,0,0,7,1,2,2,2,0,2024,5,6,1,17,3,0,6543.555,2.0,4,4,1.0,14,33,1198.0,0.7141594849782824,79.90829932185413,74.79179886803175,10.522504814235935,1482.4793645077043,156887.87152034265,7626.313,1683.4029999999998,1599.0829999999996,4343.827000000001,1814.875,5811.438000000001,23.797541485643197,LEVE,2
0,1,24,2,4,0,-8.352035379068248,-74.59407151257452,0,0,1,1,4,1,0,0,2024,5,6,1,21,2,1,6543.555,2.0,4,4,1.0,14,33,1198.0,0.5478371208327225,74.17370407104559,60.31222796205821,9.40140543765922,905.3304073844272,113671.11777301929,2689.139,392.697,1311.5319999999997,984.91,261.598,2427.541,9.727946379863592,LEVE,2
0,2,7,2,4,1,-13.561486,-71.845278,0,4,7,1,2,2,2,4,2024,5,6,1,22,2,2,7586.903,2.0,2,0,1.0,9,5,1198.0,0.5196848738299176,77.87933372563211,69.4675909511807,8.375864983409588,727.1162363854935,6457.1220556745175,17779.13499998999,2097.3709999899997,2863.123,12818.640999999989,2878.713,14900.421999989989,16.19152450331032,LEVE,2
3,1,19,0,4,1,-5.18341702384324,-80.1363047328542,6,5,6,2,6,2,2,0,2024,5,0,0,1,0,0,1305.18,2.0,2,0,1.0,1,20,163.0,0.3893523155396837,73.6911779276771,49.78375684989758,4.513910151215105,616.2310203311459,12720.513918629553,8965.846000060003,1782.4120000599992,636.9959999999999,6546.438000000004,2214.505000059999,6751.341000000004,24.699342371541725,LEVE,2
6,1,12,2,4,2,-7.246859107944112,-79.46301694413772,0,0,1,1,2,2,2,0,2024,5,0,0,2,0,0,6543.555,2.0,4,4,1.0,14,33,1198.0,0.5650979329787121,81.32490571897102,68.6769211482833,7.868096912305706,909.6843705053026,43897.946466809415,8931.828000000005,1335.5899999999997,1935.9830000000004,5660.255000000005,1219.309,7712.519000000005,13.651281686122925,LEVE,2
6,1,7,0,4,1,-13.60648,-71.727483,0,4,0,1,2,2,2,1,2024,5,0,0,4,0,2,7586.903,2.0,2,0,1.0,9,5,1198.0,0.4475472256372688,60.13165495576951,63.56521874336077,7.651720948254891,772.3586316120596,4267.871520342612,17779.13499998999,2097.3709999899997,2863.123,12818.640999999989,2878.713,14900.421999989989,16.19152450331032,LEVE,2