CLASE SINIESTRO,CANTIDAD DE VEHICULOS DAÑADOS,DEPARTAMENTO,ZONA,TIPO DE VÍA,RED VIAL,COORDENADAS LATITUD,COORDENADAS  LONGITUD,CONDICIÓN CLIMÁTICA,ZONIFICACIÓN,CARACTERÍSTICAS DE VÍA,PERFIL LONGITUDINAL VÍA,SUPERFICIE DE CALZADA,¿EXISTE SEÑAL VERTICAL?,¿EXISTE SEÑAL HORIZONTAL?,CAUSA FACTOR PRINCIPAL,AÑO,MES,DIA_SEMANA,ES_FIN_SEMANA,HORA_NUM,FRANJA_HORARIA,REGION_NATURAL,MTC_RVN_LONGITUD_KM,MTC_RVN_N_CARRILES_MEDIANA,MTC_RVN_SUPERFICIE_DOMINANTE,MTC_RVN_ESTADO_DOMINANTE,MTC_RVN_ES_CONCESIONADA,MTC_RVN_CONCESION_PRINCIPAL,MTC_RVN_CORREDOR_LOGISTICO,MTC_RVN_N_TRAMOS,IDH_2019,IDH_ESP_VIDA_2019,IDH_EDUC_SECUND_PCT_2019,IDH_ANIOS_EDUC_2019,IDH_INGRESO_PERCAP_2019,IDH_POBLACION_2019,MTC_DEP_RED_TOTAL_KM,MTC_DEP_NACIONAL_TOTAL_KM,MTC_DEP_DEPARTAMENTAL_TOTAL_KM,MTC_DEP_VECINAL_TOTAL_KM,MTC_DEP_PAV_TOTAL_KM,MTC_DEP_NO_PAV_TOTAL_KM,MTC_DEP_PCT_PAVIMENTADA,CATEGORIA_SEVERIDAD,CATEGORIA_SEVERIDAD_ENC
0,1,10,0,4,1,-13.679126,-76.163569,0,2,7,1,2,2,2,0,2024,7,6,1,21,2,0,205.54999999999995,-1.0,2,0,1.0,13,31,15.0,0.5723734005661165,76.14778354007997,72.53650205141851,9.107715991741182,922.4721268572972,24272.76659528908,3721.461,698.1859999999996,744.866,2278.409,1102.9029999999996,2618.558,29.636290693359403,LEVE,2
3,2,5,0,4,1,-5.174859,-78.902342,0,4,7,1,2,1,0,2,2024,7,6,1,21,2,2,7758.33400008,2.0,2,0,1.0,9,20,2133.0,0.4391812721167056,75.54174317098156,56.236342149889175,6.489422517034793,610.2085755707644,37111.99571734476,15935.565011852366,1733.9250000199986,935.692,13265.948011832368,2000.1670000199988,13935.398011832369,12.551591352627522,LEVE,2
3,2,21,0,4,1,-6.016687,-77.233884,0,4,7,1,2,2,2,2,2024,7,0,0,3,0,1,7758.33400008,2.0,2,0,1.0,9,20,2133.0,0.5963332411867256,73.80959983510441,63.34953560123128,8.251886446437874,1232.7304200473363,24031.167023554604,5645.136,815.0759999999999,965.298,3864.762,1013.406,4631.73,17.95184385283189,LEVE,2
3,2,3,0,4,1,-16.427268,-71.65209,0,4,0,0,2,2,2,0,2024,7,0,0,4,0,0,1504.4250000000002,2.0,2,0,1.0,7,25,241.0,0.6689013265491138,80.68275010974979,77.5560025217936,10.466309714908672,1190.454984819332,14385.036402569593,10322.272,1495.236,1749.739,7077.2970000000005,2886.595,7435.677000000001,27.964725207783708,LEVE,2
1,1,14,2,2,4,-12.144538195374324,-77.01875820015456,0,3,7,1,2,2,2,0,2024,7,0,0,6,1,0,6543.555,2.0,4,4,1.0,14,33,1198.0,0.8207642838213052,80.14976904502905,78.34721798827678,12.592455139231284,1956.55173075211,27481.5653104925,7626.313,1683.4029999999998,1599.0829999999996,4343.827000000001,1814.875,5811.438000000001,23.797541485643197,LEVE,2
6,1,8,0,4,1,-12.503216962096868,-74.71641890798233,0,4,0,1,7,2,2,0,2024,7,0,0,8,1,2,7586.903,2.0,2,0,1.0,9,5,1198.0,0.2371271103914559,67.35907202388974,48.34285985638861,3.957778336278219,206.76708776763252,3746.0,8511.426,1445.3929999999996,2008.516,5057.516999999999,1879.579,6631.846999999998,22.08300935706896,GRAVE_MORTALIDAD,1
6,1,8,0,4,1,-13.41,-74.925,0,4,5,0,2,1,0,2,2024,7,1,0,4,0,2,1679.5849999999998,2.0,2,3,1.0,9,24,315.0,0.2997946406100768,72.83003345209801,46.42647217987546,4.997510303405721,292.6881439974165,3327.8779443254816,8511.426,1445.3929999999996,2008.516,5057.516999999999,1879.579,6631.846999999998,22.08300935706896,GRAVE_MORTALIDAD,1
0,1,14,2,2,4,-11.925076658325462,-77.04018127546745,0,0,7,1,2,2,2,0,2024,7,1,0,19,2,0,6543.555,2.0,4,4,1.0,14,33,1198.0,0.7218926988400113,80.0902077245261,77.9581888264889,10.971588327733102,1458.3206086290393,530000.3426124197,7626.313,1683.4029999999998,1599.0829999999996,4343.827000000001,1814.875,5811.438000000001,23.797541485643197,LEVE,2
6,1,2,0,3,4,-13.65252451,-73.41256592,0,4,7,0,7,2,2,2,2024,7,2,0,6,1,2,6543.555,2.0,4,4,1.0,14,33,1198.0,0.5127888132519094,75.56818459680073,75.23806976002929,8.476961866273152,698.0439852679892,48362.40899357601,8358.971,1282.451,1298.0969999999998,5778.423,1432.683,6926.288,17.139466089785454,LEVE,2
0,1,20,0,4,1,-15.853614,-69.964506,0,4,7,1,2,2,2,4,2024,7,2,0,8,1,2,7586.903,2.0,2,0,1.0,9,5,1198.0,0.6488901960567479,69.67312345830231,82.12448375199249,11.701623814093702,1230.336353415943,144745.3597430407,13642.312999999998,2020.7790000000005,2354.117,9267.416999999998,3314.0520000000006,10328.260999999997,24.29244952817019,LEVE,2
6,1,3,0,4,1,-16.243167,-71.670389,6,5,6,2,6,2,2,0,2024,7,2,0,9,1,0,1504.4250000000002,2.0,2,0,1.0,7,25,241.0,0.6005060748875158,78.21704200773246,77.40211893847457,8.994742794352394,996.014120858737,33335.45824411135,10322.272,1495.236,1749.739,7077.2970000000005,2886.595,7435.677000000001,27.964725207783708,LEVE,2
3,1,14,2,2,4,-11.952788592933713,-77.07007036337315,0,0,7,1,2,2,2,0,2024,7,2,0,14,3,0,6543.555,2.0,4,4,1.0,14,33,1198.0,0.758462599563312,80.5192231989937,79.20045639149897,11.33839041452458,1628.5661148492152,363987.54389721627,7626.313,1683.4029999999998,1599.0829999999996,4343.827000000001,1814.875,5811.438000000001,23.797541485643197,GRAVE_LESIONADOS,0
3,2,21,2,4,1,-5.739921,-77.50078,0,3,7,0,2,2,2,0,2024,7,2,0,17,3,1,7758.33400008,2.0,2,0,1.0,9,20,2133.0,0.395409368693869,74.01814372927417,48.94523443220634,5.029353255237231,594.0921143791977,22212.160599571733,5645.136,815.0759999999999,965.298,3864.762,1013.406,4631.73,17.95184385283189,LEVE,2
6,1,8,0,4,0,-13.837238,-75.307111,5,4,0,0,7,2,2,5,2024,7,2,0,18,2,2,6543.555,2.0,4,4,1.0,14,33,1198.0,0.2914644818809959,63.25476749280915,42.192776382557625,4.973288456823643,346.75244481458986,1844.8115631691644,8511.426,1445.3929999999996,2008.516,5057.516999999999,1879.579,6631.846999999998,22.08300935706896,GRAVE_MORTALIDAD,1
6,1,7,0,4,2,-13.309076925632349,-71.59909110922737,0,4,0,1,7,2,2,2,2024,7,2,0,21,2,2,6543.555,2.0,4,4,1.0,14,33,1198.0,0.2466226927938573,59.50771953912937,42.678907967899015,3.991373779253808,285.51302601039464,12676.173447537472,17779.13499998999,2097.3709999899997,2863.123,12818.640999999989,2878.713,14900.421999989989,16.19152450331032,LEVE,2
1,0,7,0,4,1,-13.780265426103185,-71.5715997854775,0,4,7,1,2,1,0,4,2024,7,2,0,22,2,2,7586.903,2.0,2,0,1.0,9,5,1198.0,0.2662629803896222,69.177138363648,53.22953524136351,4.064477176468824,251.91361966271845,10643.807280513918,17779.13499998999,2097.3709999899997,2863.123,12818.640999999989,2878.713,14900.421999989989,16.19152450331032,LEVE,2
3,1,6,2,4,1,-12.0383432174297,-77.1271565445014,0,0,7,1,2,2,2,2,2024,7,3,0,18,2,0,139.23,-1.0,2,0,0.0,9,32,69.0,0.5563774842369664,77.00938809632027,69.10246351364754,8.476961866273152,914.8835608305218,27932.19700214133,51.58600000000001,44.68700000000001,6.899000000000001,0.0,49.838000000000015,1.748,96.61148373589734,LEVE,2
5,1,20,0,4,2,-15.6959154,-70.1469839,6,5,6,2,6,2,2,2,2024,7,3,0,20,2,2,6543.555,2.0,4,4,1.0,14,33,1198.0,0.2854665786092111,68.20652818929607,60.093685673903856,6.4783911135975005,213.96417469515268,5194.406852248394,13642.312999999998,2020.7790000000005,2354.117,9267.416999999998,3314.0520000000006,10328.260999999997,24.29244952817019,LEVE,2
1,1,12,2,4,1,-8.053667518273413,-79.08758813694953,0,2,7,1,2,2,2,2,2024,7,4,0,20,2,0,6543.555,3.0,2,0,1.0,0,30,1475.0,0.583006771156836,78.2441938961209,62.24037484511178,8.807312392374042,1028.2282118265089,76607.295503212,8931.828000000005,1335.5899999999997,1935.9830000000004,5660.255000000005,1219.309,7712.519000000005,13.651281686122925,LEVE,2
0,1,10,0,4,1,-14.263935052364529,-75.68572114119382,0,4,7,1,2,2,2,0,2024,7,4,0,21,2,0,6639.975,2.0,2,0,1.0,9,31,1616.0,0.6261042306271147,80.48505954362174,76.55712631348362,9.341715591523595,1061.002261282891,31419.372591006424,3721.461,698.1859999999996,744.866,2278.409,1102.9029999999996,2618.558,29.636290693359403,LEVE,2
1,1,12,2,2,4,-8.0991959525,-79.0372378845,0,0,7,1,2,2,2,0,2024,7,4,0,22,2,0,6543.555,2.0,4,4,1.0,14,33,1198.0,0.7151155191839451,79.57652607829836,77.25576500264712,11.809756866444314,1377.9438475528384,331253.00214132766,8931.828000000005,1335.5899999999997,1935.9830000000004,5660.255000000005,1219.309,7712.519000000005,13.651281686122925,LEVE,2
6,1,3,0,4,2,-16.694413,-71.880678,6,5,6,2,6,2,2,0,2024,7,5,1,1,0,0,6543.555,2.0,4,4,1.0,14,33,1198.0,0.6105481451420971,78.10653088113892,68.35418098658066,8.411557426919764,1158.5430895193692,35025.678800856535,10322.272,1495.236,1749.739,7077.2970000000005,2886.595,7435.677000000001,27.964725207783708,GRAVE_MORTALIDAD,1
0,1,14,2,2,4,-12.032205730789377,-77.04969488578361,0,3,7,1,2,2,2,0,2024,7,5,1,6,1,0,6543.555,2.0,4,4,1.0,14,33,1198.0,0.7419979630670723,80.31822295927182,79.00446395716813,11.084203715652809,1554.6868971011318,739416.2413542903,7626.313,1683.4029999999998,1599.0829999999996,4343.827000000001,1814.875,5811.438000000001,23.797541485643197,LEVE,2
3,2,0,0,4,1,-6.157213,-77.90571,0,4,7,1,2,2,2,0,2024,7,5,1,14,3,1,196.9,2.0,2,0,0.0,9,0,40.0,0.4147556472702178,73.06259823842711,65.35856081597308,6.147659165471713,525.798289065862,1456.8693790149891,3903.732,1155.121,585.018,2163.5930000000003,943.591,2960.1410000000005,24.17151074920102,GRAVE_LESIONADOS,0
0,1,14,0,2,4,-11.02985,-77.57271,0,4,7,1,7,2,2,4,2024,7,5,1,15,3,0,6543.555,2.0,4,4,1.0,14,33,1198.0,0.644332113046051,78.61218205687396,70.04798203155518,8.919818005352203,1280.219555520582,36044.03426124197,7626.313,1683.4029999999998,1599.0829999999996,4343.827000000001,1814.875,5811.438000000001,23.797541485643197,LEVE,2
0,1,14,2,2,4,-12.22142759481516,-76.92059987261845,0,3,7,0,2,1,0,0,2024,7,5,1,16,3,0,6543.555,2.0,4,4,1.0,14,33,1198.0,0.6990481232857558,80.14597904142546,74.3851677794309,10.004397644056358,1432.5044292531525,459161.0728051392,7626.313,1683.4029999999998,1599.0829999999996,4343.827000000001,1814.875,5811.438000000001,23.797541485643197,LEVE,2
0,1,21,2,4,1,-5.94305,-77.30642,0,0,1,1,2,2,2,0,2024,7,5,1,19,2,1,7758.33400008,2.0,2,0,1.0,9,20,2133.0,0.4789759027469384,73.43778249935497,54.01635312204597,6.285279694551369,847.2910954428505,47552.6295503212,5645.136,815.0759999999999,965.298,3864.762,1013.406,4631.73,17.95184385283189,LEVE,2
3,1,14,2,4,1,-12.214798929916476,-76.97656200215687,0,0,7,1,2,2,2,0,2024,7,6,1,3,0,0,6639.975,2.0,2,0,1.0,9,31,1616.0,0.7583553928164398,79.82595632107274,76.7651270103073,11.46351379457763,1662.7771470294065,333655.3618843683,7626.313,1683.4029999999998,1599.0829999999996,4343.827000000001,1814.875,5811.438000000001,23.797541485643197,LEVE,2
1,1,14,2,2,4,-12.005755739542066,-77.00630354453264,0,0,7,1,2,2,2,0,2024,7,6,1,7,1,0,6543.555,2.0,4,4,1.0,14,33,1198.0,0.701053025277506,79.62867561460851,73.1469484600971,10.064317505194426,1464.6926161541437,1150285.0494171206,7626.313,1683.4029999999998,1599.0829999999996,4343.827000000001,1814.875,5811.438000000001,23.797541485643197,LEVE,2
3,1,14,2,4,1,-12.076388111888583,-76.97514534170547,0,0,7,1,2,1,0,0,2024,7,6,1,22,2,0,6639.975,2.0,2,0,1.0,9,31,1616.0,0.8452166148253858,80.64766902313956,78.16154022078278,14.700269515657656,1939.4672090018812,160839.29764453962,7626.313,1683.4029999999998,1599.0829999999996,4343.827000000001,1814.875,5811.438000000001,23.797541485643197,LEVE,2
1,1,12,2,2,4,-8.0671769,-78.996023504,0,0,7,1,2,2,2,0,2024,7,0,0,4,0,0,6543.555,2.0,4,4,1.0,14,33,1198.0,0.5628682280502054,79.35078533424159,59.07369130997599,7.880201475313533,999.8741857239928,209189.32119914345,8931.828000000005,1335.5899999999997,1935.9830000000004,5660.255000000005,1219.309,7712.519000000005,13.651281686122925,LEVE,2
0,1,3,2,3,4,-16.527022,-71.917742,6,5,6,2,6,2,2,0,2024,7,0,0,6,1,0,6543.555,2.0,4,4,1.0,14,33,1198.0,0.6455852322566902,78.58826324858522,78.38415596279924,8.472481180514539,1258.6172876652156,2628.282655246253,10322.272,1495.236,1749.739,7077.2970000000005,2886.595,7435.677000000001,27.964725207783708,LEVE,2
3,1,14,2,2,4,-12.031195934975363,-77.08246990440594,0,0,7,1,2,2,2,0,2024,7,0,0,6,1,0,6543.555,2.0,4,4,1.0,14,33,1198.0,0.7419979630670723,80.31822295927182,79.00446395716813,11.084203715652809,1554.6868971011318,739416.2413542903,7626.313,1683.4029999999998,1599.0829999999996,4343.827000000001,1814.875,5811.438000000001,23.797541485643197,LEVE,2
3,1,14,2,4,1,-12.30868259331959,-76.83637699156124,0,2,7,1,2,1,0,0,2024,7,0,0,12,3,0,6639.975,2.0,2,0,1.0,9,31,1616.0,0.6959889140821508,77.1307027422061,67.89627023388005,10.144340935046175,1549.2819792545554,12550.856531049252,7626.313,1683.4029999999998,1599.0829999999996,4343.827000000001,1814.875,5811.438000000001,23.797541485643197,LEVE,2
0,1,7,0,4,1,-14.412777,-71.11768,0,4,7,1,2,2,2,4,2024,7,1,0,6,1,2,7586.903,2.0,2,0,1.0,9,5,1198.0,0.3688068892893833,76.47283450634272,62.25751908213611,5.9696521090432615,372.1207781777657,9957.021413276232,17779.13499998999,2097.3709999899997,2863.123,12818.640999999989,2878.713,14900.421999989989,16.19152450331032,LEVE,2
6,2,12,0,4,1,-8.0718795427,-79.0924021211,0,4,7,1,2,2,2,0,2024,7,1,0,19,2,0,6543.555,3.0,2,0,1.0,0,30,1475.0,0.583006771156836,78.2441938961209,62.24037484511178,8.807312392374042,1028.2282118265089,76607.295503212,8931.828000000005,1335.5899999999997,1935.9830000000004,5660.255000000005,1219.309,7712.519000000005,13.651281686122925,LEVE,2
0,1,14,2,2,4,-12.034956467799615,-77.00384329649837,0,0,7,1,2,2,2,0,2024,7,2,0,1,0,0,6543.555,2.0,4,4,1.0,14,33,1198.0,0.6970617810314195,81.40501156526744,73.5715154770137,9.635174408411393,1428.892506292977,203379.9271948608,7626.313,1683.4029999999998,1599.0829999999996,4343.827000000001,1814.875,5811.438000000001,23.797541485643197,LEVE,2
3,1,14,2,2,4,-12.078733495366762,-77.06605431945458,0,3,7,1,2,2,2,0,2024,7,2,0,13,3,0,6543.555,2.0,4,4,1.0,14,33,1198.0,0.5563774842369664,77.00938809632027,69.10246351364754,8.476961866273152,914.8835608305218,27932.19700214133,7626.313,1683.4029999999998,1599.0829999999996,4343.827000000001,1814.875,5811.438000000001,23.797541485643197,LEVE,2
6,1,14,0,4,0,-10.8723,-76.8519,0,4,7,0,1,2,2,2,2024,7,2,0,17,3,0,6543.555,2.0,4,4,1.0,14,33,1198.0,0.3413897976191326,78.2906986953169,71.66217577370446,3.40354540958762,423.17442640380114,1497.6745182012849,7626.313,1683.4029999999998,1599.0829999999996,4343.827000000001,1814.875,5811.438000000001,23.797541485643197,GRAVE_MORTALIDAD,1
3,1,14,2,4,1,-12.031614062573912,-77.00445777153111,0,0,7,1,2,2,2,0,2024,7,3,0,6,1,0,6543.555,3.0,2,0,1.0,0,30,1475.0,0.6970617810314195,81.40501156526744,73.5715154770137,9.635174408411393,1428.892506292977,203379.9271948608,7626.313,1683.4029999999998,1599.0829999999996,4343.827000000001,1814.875,5811.438000000001,23.797541485643197,LEVE,2
3,1,3,0,4,2,-16.413098,-71.911865,6,5,6,2,6,2,2,0,2024,7,3,0,6,1,0,6543.555,2.0,4,4,1.0,14,33,1198.0,0.6455852322566902,78.58826324858522,78.38415596279924,8.472481180514539,1258.6172876652156,2628.282655246253,10322.272,1495.236,1749.739,7077.2970000000005,2886.595,7435.677000000001,27.964725207783708,LEVE,2
6,1,4,0,4,1,-14.63538,-74.03487,0,4,0,1,2,2,2,2,2024,7,3,0,9,1,2,1504.4250000000002,2.0,2,0,1.0,7,25,241.0,0.4950731249259912,69.7513864790014,70.34316166495033,8.507044598707784,730.72460938826,14073.599571734474,12678.733000000004,1805.074000000001,1774.0339999999994,9099.625000000004,2485.375000000001,10193.358000000002,19.602707936195205,GRAVE_LESIONADOS,0
1,1,14,2,2,4,-11.961057106789832,-76.98830056571667,0,0,1,1,2,2,2,0,2024,7,3,0,12,3,0,6543.555,2.0,4,4,1.0,14,33,1198.0,0.701053025277506,79.62867561460851,73.1469484600971,10.064317505194426,1464.6926161541437,1150285.0494171206,7626.313,1683.4029999999998,1599.0829999999996,4343.827000000001,1814.875,5811.438000000001,23.797541485643197,LEVE,2
0,1,7,0,4,1,-13.661707,-71.433908,0,4,7,1,2,1,0,4,2024,7,3,0,19,2,2,3263.58,2.0,2,0,1.0,5,18,566.0,0.2701433460922377,67.03086854576458,59.596346222865,3.690268129191559,281.2948228692088,16118.58886509636,17779.13499998999,2097.3709999899997,2863.123,12818.640999999989,2878.713,14900.421999989989,16.19152450331032,LEVE,2
1,1,20,0,4,1,-16.172154,-69.536041,0,4,7,1,2,2,2,0,2024,7,3,0,20,2,2,7586.903,2.0,2,0,1.0,9,5,1198.0,0.4020198374784472,77.80062735845667,75.295761294875,7.279851651626652,372.63390314535104,50686.62526766595,13642.312999999998,2020.7790000000005,2354.117,9267.416999999998,3314.0520000000006,10328.260999999997,24.29244952817019,LEVE,2
3,1,14,2,2,4,-12.089714879498835,-77.06591347309129,0,0,1,1,2,2,2,0,2024,7,4,0,13,3,0,6543.555,2.0,4,4,1.0,14,33,1198.0,0.8339285469381142,80.46197140280118,79.64957679364637,12.999280633187066,1986.2672977119664,57878.755888650965,7626.313,1683.4029999999998,1599.0829999999996,4343.827000000001,1814.875,5811.438000000001,23.797541485643197,GRAVE_LESIONADOS,0
10,1,18,0,4,1,-11.034331900242442,-76.38868989112866,5,4,7,1,2,2,2,2,2024,7,5,1,3,0,2,1084.715,2.0,2,3,0.0,9,23,1025.0,0.632230858329541,71.21665908427565,83.11645790367719,10.400797572253085,1174.7982599647726,11513.492505353315,3677.119863,564.5869999999999,910.845,2201.687863000001,590.8779999999998,3086.2418630000006,16.06904376290656,LEVE,2
5,2,21,2,6,4,-6.034733,-76.972679,0,0,1,1,2,2,2,0,2024,7,5,1,4,0,1,6543.555,2.0,4,4,1.0,14,33,1198.0,0.5294800468051228,72.46713251445857,60.50982579904599,7.757161651692042,952.984823255978,86435.21199143468,5645.136,815.0759999999999,965.298,3864.762,1013.406,4631.73,17.95184385283189,LEVE,2
6,1,14,2,2,4,-11.89333149607932,-77.02887954798464,0,0,1,0,2,2,2,0,2024,7,5,1,5,0,0,6543.555,2.0,4,4,1.0,14,33,1198.0,0.6498693508177541,78.84967382596041,74.11456675539837,9.21786785255454,1246.479589064551,356854.23554603854,7626.313,1683.4029999999998,1599.0829999999996,4343.827000000001,1814.875,5811.438000000001,23.797541485643197,LEVE,2
3,2,5,0,4,3,-6.077177,-78.657946,0,4,7,0,1,2,2,2,2024,7,5,1,16,3,2,6543.555,2.0,4,4,1.0,14,33,1198.0,0.3565921950343068,75.80989314334012,49.62459820353336,4.8127324462011165,441.77174669715976,6771.331905781584,15935.565011852366,1733.9250000199986,935.692,13265.948011832368,2000.1670000199988,13935.398011832369,12.551591352627522,LEVE,2
3,2,5,0,4,1,-7.270612,-79.260921,0,4,7,0,2,2,2,2,2024,7,5,1,16,3,2,887.28,2.0,2,0,1.0,8,17,155.0,0.5563774842369664,73.07406660240972,65.2611721745993,7.77984257932775,1045.7361851012442,7379.728051391864,15935.565011852366,1733.9250000199986,935.692,13265.948011832368,2000.1670000199988,13935.398011832369,12.551591352627522,LEVE,2
3,2,12,0,4,1,-7.324845210468321,-79.48085360646502,0,4,7,1,2,2,2,0,2024,7,5,1,23,2,0,6543.555,3.0,2,0,1.0,0,30,1475.0,0.5650979329787121,81.32490571897102,68.6769211482833,7.868096912305706,909.6843705053026,43897.946466809415,8931.828000000005,1335.5899999999997,1935.9830000000004,5660.255000000005,1219.309,7712.519000000005,13.651281686122925,LEVE,2
6,1,7,0,4,1,-13.656946,-72.287216,0,4,0,0,2,1,0,4,2024,7,6,1,4,0,2,2176.715,1.0,1,3,0.0,9,32,756.0,0.221263491726049,75.43345322294252,44.46514893903143,4.401911806337783,146.29272183158662,3523.3854389721623,17779.13499998999,2097.3709999899997,2863.123,12818.640999999989,2878.713,14900.421999989989,16.19152450331032,LEVE,2
1,1,14,2,4,1,-12.275511608670827,-76.89096800507835,0,2,7,1,2,2,2,0,2024,7,6,1,7,1,0,6639.975,2.0,2,0,1.0,9,31,1616.0,0.6909236767275176,78.41626133969348,70.97436336767564,9.826485374940413,1476.8351947609171,95908.53319057816,7626.313,1683.4029999999998,1599.0829999999996,4343.827000000001,1814.875,5811.438000000001,23.797541485643197,LEVE,2
3,2,5,0,4,2,-5.393828,-78.625466,0,4,0,0,3,2,2,2,2024,7,6,1,11,1,2,6543.555,2.0,4,4,1.0,14,33,1198.0,0.3897502333482171,74.75582926062155,36.831394495711805,5.053157042760983,640.8511455539096,9485.256959314776,15935.565011852366,1733.9250000199986,935.692,13265.948011832368,2000.1670000199988,13935.398011832369,12.551591352627522,LEVE,2
3,2,5,0,4,2,-6.993696,-78.85229,0,4,0,0,3,1,0,2,2024,7,6,1,14,3,2,6543.555,2.0,4,4,1.0,14,33,1198.0,0.3979651512756699,73.10247113897354,55.63441405918768,5.28885514612779,559.1636034389503,14086.278372591009,15935.565011852366,1733.9250000199986,935.692,13265.948011832368,2000.1670000199988,13935.398011832369,12.551591352627522,GRAVE_MORTALIDAD,1
0,1,14,2,4,1,-12.139991452109522,-76.98092575070824,0,0,7,1,2,2,2,0,2024,7,6,1,19,2,0,6639.975,2.0,2,0,1.0,9,31,1616.0,0.7289998534947872,80.50926319493618,76.9124822838204,10.358587270463827,1551.106643515347,384728.5117773019,7626.313,1683.4029999999998,1599.0829999999996,4343.827000000001,1814.875,5811.438000000001,23.797541485643197,LEVE,2
3,2,21,0,4,1,-6.044053,-77.143859,0,4,7,1,2,2,2,2,2024,7,6,1,21,2,1,7758.33400008,2.0,2,0,1.0,9,20,2133.0,0.5147882301210585,74.70882653725891,51.74890369370718,6.543161279603341,1011.2929178100565,4267.862955032119,5645.136,815.0759999999999,965.298,3864.762,1013.406,4631.73,17.95184385283189,LEVE,2
3,2,12,0,4,1,-8.536726169381975,-78.67956931549462,0,4,7,1,2,2,2,0,2024,7,0,0,2,0,0,6543.555,3.0,2,0,1.0,0,30,1475.0,0.4971504606547645,77.79759708660042,46.44666297237219,6.322206801902116,929.9716106661404,44368.59100642397,8931.828000000005,1335.5899999999997,1935.9830000000004,5660.255000000005,1219.309,7712.519000000005,13.651281686122925,LEVE,2
6,1,12,0,4,2,-7.958367855769947,-77.52431461411932,0,4,7,1,7,2,2,2,2024,7,0,0,3,0,0,6543.555,2.0,4,4,1.0,14,33,1198.0,0.5483466485199614,73.40947702180615,54.774559790319735,7.761827414252816,1085.433074508267,22858.52890792291,8931.828000000005,1335.5899999999997,1935.9830000000004,5660.255000000005,1219.309,7712.519000000005,13.651281686122925,LEVE,2
6,1,4,0,4,1,-14.630769,-73.800007,0,4,0,0,2,1,0,2,2024,7,0,0,4,0,2,2238.6850000000004,2.0,2,0,1.0,4,27,115.0,0.3269238992120961,64.4532898479144,55.85013843527398,5.761561257722655,366.8362436016676,3099.3426124197003,12678.733000000004,1805.074000000001,1774.0339999999994,9099.625000000004,2485.375000000001,10193.358000000002,19.602707936195205,GRAVE_MORTALIDAD,1
6,1,12,0,4,1,-7.820686125098988,-77.68399891266444,0,4,7,1,7,2,2,0,2024,7,0,0,6,1,0,1688.589,1.0,1,3,0.0,9,32,287.0,0.207075822859255,73.60541053493367,29.73929277754871,3.1136136928384035,197.8983803570278,9081.543897216274,8931.828000000005,1335.5899999999997,1935.9830000000004,5660.255000000005,1219.309,7712.519000000005,13.651281686122925,LEVE,2
0,1,7,2,4,1,-13.600589,-71.765022,0,0,7,1,2,2,2,4,2024,7,0,0,6,1,2,7586.903,2.0,2,0,1.0,9,5,1198.0,0.5065580412535501,64.79370905469777,77.15417383818448,8.35812941450031,844.3117831870799,8658.316916488222,17779.13499998999,2097.3709999899997,2863.123,12818.640999999989,2878.713,14900.421999989989,16.19152450331032,LEVE,2
6,1,7,0,4,1,-14.295348,-72.139363,0,4,7,1,4,2,2,2,2024,7,0,0,11,1,2,1780.161,1.0,1,3,0.0,9,32,490.0,0.2411536248675914,71.16845637511706,43.01729543604399,3.905041875737651,212.9084000245184,4403.670235546038,17779.13499998999,2097.3709999899997,2863.123,12818.640999999989,2878.713,14900.421999989989,16.19152450331032,LEVE,2
0,1,10,2,4,1,-13.437039,-76.134847,0,0,7,1,2,2,2,0,2024,7,1,0,6,1,0,6639.975,2.0,2,0,1.0,9,31,1616.0,0.6055729655078196,80.58213764502653,70.63839631717828,10.391391352220332,938.9082921830436,66625.16488222699,3721.461,698.1859999999996,744.866,2278.409,1102.9029999999996,2618.558,29.636290693359403,LEVE,2
3,1,23,2,4,1,-3.9908722811640938,-80.97274667841917,0,4,7,1,2,2,2,2,2024,7,1,0,14,3,0,6543.555,3.0,2,0,1.0,0,30,1475.0,0.541317038400816,72.94324989979708,53.43656724071051,7.565486393755631,1085.5161080725888,6440.817708333333,1009.101,138.47399999999996,287.471,583.156,276.972,732.129,27.447401201663663,LEVE,2
3,2,14,0,4,1,-11.179285010135423,-77.57978438914351,0,4,7,0,2,2,2,2,2024,7,1,0,17,3,0,6543.555,3.0,2,0,1.0,0,30,1475.0,0.7327345537337897,78.20903814342847,76.31492653513806,13.642917835589472,1405.6698219039215,62016.21841541756,7626.313,1683.4029999999998,1599.0829999999996,4343.827000000001,1814.875,5811.438000000001,23.797541485643197,LEVE,2
0,1,14,2,2,4,-12.014150301591329,-77.08711876284981,0,0,7,1,2,2,2,4,2024,7,1,0,23,2,0,6543.555,2.0,4,4,1.0,14,33,1198.0,0.7419979630670723,80.31822295927182,79.00446395716813,11.084203715652809,1554.6868971011318,739416.2413542903,7626.313,1683.4029999999998,1599.0829999999996,4343.827000000001,1814.875,5811.438000000001,23.797541485643197,LEVE,2