CLASE SINIESTRO,CANTIDAD DE VEHICULOS DAÑADOS,DEPARTAMENTO,ZONA,TIPO DE VÍA,RED VIAL,COORDENADAS LATITUD,COORDENADAS  LONGITUD,CONDICIÓN CLIMÁTICA,ZONIFICACIÓN,CARACTERÍSTICAS DE VÍA,PERFIL LONGITUDINAL VÍA,SUPERFICIE DE CALZADA,¿EXISTE SEÑAL VERTICAL?,¿EXISTE SEÑAL HORIZONTAL?,CAUSA FACTOR PRINCIPAL,AÑO,MES,DIA_SEMANA,ES_FIN_SEMANA,HORA_NUM,FRANJA_HORARIA,REGION_NATURAL,MTC_RVN_LONGITUD_KM,MTC_RVN_N_CARRILES_MEDIANA,MTC_RVN_SUPERFICIE_DOMINANTE,MTC_RVN_ESTADO_DOMINANTE,MTC_RVN_ES_CONCESIONADA,MTC_RVN_CONCESION_PRINCIPAL,MTC_RVN_CORREDOR_LOGISTICO,MTC_RVN_N_TRAMOS,IDH_2019,IDH_ESP_VIDA_2019,IDH_EDUC_SECUND_PCT_2019,IDH_ANIOS_EDUC_2019,IDH_INGRESO_PERCAP_2019,IDH_POBLACION_2019,MTC_DEP_RED_TOTAL_KM,MTC_DEP_NACIONAL_TOTAL_KM,MTC_DEP_DEPARTAMENTAL_TOTAL_KM,MTC_DEP_VECINAL_TOTAL_KM,MTC_DEP_PAV_TOTAL_KM,MTC_DEP_NO_PAV_TOTAL_KM,MTC_DEP_PCT_PAVIMENTADA,CATEGORIA_SEVERIDAD,CATEGORIA_SEVERIDAD_ENC
1,1,14,2,4,1,-12.276684000272018,-76.88874829640085,0,2,7,1,2,2,2,0,2024,11,0,0,6,1,0,6639.975,2.0,2,0,1.0,9,31,1616.0,0.6909236767275176,78.41626133969348,70.97436336767564,9.826485374940413,1476.8351947609171,95908.53319057816,7626.313,1683.4029999999998,1599.0829999999996,4343.827000000001,1814.875,5811.438000000001,23.797541485643197,LEVE,2
6,1,7,0,4,1,-13.593077,-71.719844,0,4,7,1,2,2,2,2,2024,11,0,0,17,3,2,3447.8009999999995,1.0,2,3,0.0,9,12,1109.0,0.4475472256372688,60.13165495576951,63.56521874336077,7.651720948254891,772.3586316120596,4267.871520342612,17779.13499998999,2097.3709999899997,2863.123,12818.640999999989,2878.713,14900.421999989989,16.19152450331032,LEVE,2
6,1,12,0,4,2,-7.898456885811393,-78.62447807792047,0,4,7,1,7,2,2,2,2024,11,1,0,14,3,0,6543.555,2.0,4,4,1.0,14,33,1198.0,0.3809823047796905,74.4473973089921,51.51705644975158,5.622573590650768,479.1502137748447,26695.141327623125,8931.828000000005,1335.5899999999997,1935.9830000000004,5660.255000000005,1219.309,7712.519000000005,13.651281686122925,LEVE,2
3,1,20,0,4,2,-15.980704,-69.635607,0,4,7,1,7,2,2,2,2024,11,1,0,15,3,2,6543.555,2.0,4,4,1.0,14,33,1198.0,0.3247057995130503,73.24682709519536,76.81044161661171,6.507336567861034,242.9773157546694,24872.03426124197,13642.312999999998,2020.7790000000005,2354.117,9267.416999999998,3314.0520000000006,10328.260999999997,24.29244952817019,LEVE,2
0,0,5,2,6,4,-7.157194,-78.523541,0,0,7,0,4,2,2,6,2024,11,1,0,19,2,2,6543.555,2.0,4,4,1.0,14,33,1198.0,0.6070175276741574,73.19224654097276,74.29530430690215,9.490386956642766,1117.141592366869,257380.9443254818,15935.565011852366,1733.9250000199986,935.692,13265.948011832368,2000.1670000199988,13935.398011832369,12.551591352627522,LEVE,2
0,1,7,0,4,1,-13.5888922,-71.801062,0,4,7,1,1,2,2,4,2024,11,1,0,19,2,2,7586.903,2.0,2,0,1.0,9,5,1198.0,0.5065580412535501,64.79370905469777,77.15417383818448,8.35812941450031,844.3117831870799,8658.316916488222,17779.13499998999,2097.3709999899997,2863.123,12818.640999999989,2878.713,14900.421999989989,16.19152450331032,LEVE,2
1,1,20,0,4,0,-16.248587,-69.074973,6,5,6,2,6,2,2,2,2024,11,1,0,20,2,2,6543.555,2.0,4,4,1.0,14,33,1198.0,0.4165447461855686,74.77127585660097,73.32833413464006,6.399479128468322,475.6850527085419,23516.528907922908,13642.312999999998,2020.7790000000005,2354.117,9267.416999999998,3314.0520000000006,10328.260999999997,24.29244952817019,LEVE,2
6,1,21,0,4,2,-5.911032,-77.278529,0,4,0,1,2,1,0,2,2024,11,1,0,20,2,1,6543.555,2.0,4,4,1.0,14,33,1198.0,0.4485498197897127,74.49810711941866,46.24499274035484,5.620091780278622,799.5159635206303,2965.0471092077096,5645.136,815.0759999999999,965.298,3864.762,1013.406,4631.73,17.95184385283189,LEVE,2
3,2,20,0,4,3,-16.712354,-69.245679,0,4,7,1,7,2,2,2,2024,11,1,0,23,2,2,6543.555,2.0,4,4,1.0,14,33,1198.0,0.3395425415266465,75.63312664085699,79.14276868152973,8.009431562906503,229.36973523840712,20389.45182012848,13642.312999999998,2020.7790000000005,2354.117,9267.416999999998,3314.0520000000006,10328.260999999997,24.29244952817019,GRAVE_MORTALIDAD,1
3,2,5,0,4,1,-6.61882394489821,-78.5866799029114,0,4,0,0,2,1,0,2,2024,11,2,0,19,2,2,9936.932,2.0,2,0,1.0,9,32,3830.0,0.4700875779194959,72.66081436888122,64.8808353209258,6.163018167008406,756.997154110016,46090.54817987152,15935.565011852366,1733.9250000199986,935.692,13265.948011832368,2000.1670000199988,13935.398011832369,12.551591352627522,LEVE,2
0,1,3,2,4,1,-16.32668,-71.5954,0,0,7,1,2,1,1,0,2024,11,2,0,22,2,0,1504.4250000000002,2.0,2,0,1.0,7,25,241.0,0.6411767862503931,77.2408324916572,78.204125011303,10.595705083047717,1107.223861768016,193412.3169164882,10322.272,1495.236,1749.739,7077.2970000000005,2886.595,7435.677000000001,27.964725207783708,LEVE,2
0,1,14,2,2,4,-11.8921706776834,-77.02816044391959,0,0,0,1,2,2,2,0,2024,11,2,0,22,2,0,6543.555,2.0,4,4,1.0,14,33,1198.0,0.6498693508177541,78.84967382596041,74.11456675539837,9.21786785255454,1246.479589064551,356854.23554603854,7626.313,1683.4029999999998,1599.0829999999996,4343.827000000001,1814.875,5811.438000000001,23.797541485643197,LEVE,2
0,1,14,2,2,4,-12.0643246241241,-76.94522786177386,0,3,7,1,2,2,2,0,2024,11,3,0,11,1,0,6543.555,2.0,4,4,1.0,14,33,1198.0,0.8452166148253858,80.64766902313956,78.16154022078278,14.700269515657656,1939.4672090018812,160839.29764453962,7626.313,1683.4029999999998,1599.0829999999996,4343.827000000001,1814.875,5811.438000000001,23.797541485643197,LEVE,2
6,1,14,2,4,1,-12.020897643281268,-76.93441268832746,0,2,7,1,2,2,2,0,2024,11,3,0,17,3,0,875.67,2.0,2,0,1.0,3,14,156.0,0.6831952456039544,78.60873873772867,74.49000793376607,10.00420210847705,1376.0472418044385,255143.7301927195,7626.313,1683.4029999999998,1599.0829999999996,4343.827000000001,1814.875,5811.438000000001,23.797541485643197,LEVE,2
6,1,8,0,4,0,-12.609566687431917,-75.20950468063636,0,4,5,0,1,2,2,0,2024,11,4,0,14,3,2,6543.555,2.0,4,4,1.0,14,33,1198.0,0.3217395555973242,64.23877100919071,62.518530146866,5.944178887510965,328.8912771481995,1307.4668094218414,8511.426,1445.3929999999996,2008.516,5057.516999999999,1879.579,6631.846999999998,22.08300935706896,LEVE,2
0,1,5,2,4,1,-7.09733656070228,-78.3438340384847,0,0,7,0,2,2,2,2,2024,11,4,0,17,3,2,2760.8550000000005,1.0,1,3,0.0,9,32,1208.0,0.2787832446449395,76.6302139673737,44.82684454743621,3.548077185984384,299.2159549691333,20782.33618843683,15935.565011852366,1733.9250000199986,935.692,13265.948011832368,2000.1670000199988,13935.398011832369,12.551591352627522,LEVE,2
3,3,21,2,4,1,-5.901865,-77.326959,0,4,7,1,2,1,0,2,2024,11,5,1,4,0,1,7758.33400008,2.0,2,0,1.0,9,20,2133.0,0.4789759027469384,73.43778249935497,54.01635312204597,6.285279694551369,847.2910954428505,47552.6295503212,5645.136,815.0759999999999,965.298,3864.762,1013.406,4631.73,17.95184385283189,LEVE,2
0,1,12,2,6,4,-7.424415142315533,-79.50517054101577,0,0,7,1,2,2,2,2,2024,11,5,1,10,1,0,6543.555,2.0,4,4,1.0,14,33,1198.0,0.6138517538553948,80.84826225715301,64.49339622566798,9.143362084626023,1095.689060330069,16852.97430406852,8931.828000000005,1335.5899999999997,1935.9830000000004,5660.255000000005,1219.309,7712.519000000005,13.651281686122925,LEVE,2
6,1,4,0,4,0,-13.474216,-74.15412,0,4,0,1,2,1,0,2,2024,11,5,1,15,3,2,6543.555,2.0,4,4,1.0,14,33,1198.0,0.3247312330485405,68.57537050324747,46.66146619568446,5.125443322268163,386.5923984732166,6998.3704496788005,12678.733000000004,1805.074000000001,1774.0339999999994,9099.625000000004,2485.375000000001,10193.358000000002,19.602707936195205,LEVE,2
3,2,5,0,4,1,-7.20512260414016,-78.4138790121879,0,4,7,0,2,2,2,2,2024,11,5,1,20,2,2,9936.932,2.0,2,0,1.0,9,32,3830.0,0.3658867820676106,77.61736312988027,56.72232982291409,4.846126768330761,429.7048027279435,5469.092077087795,15935.565011852366,1733.9250000199986,935.692,13265.948011832368,2000.1670000199988,13935.398011832369,12.551591352627522,LEVE,2
6,1,14,2,2,4,-12.137587323300783,-76.95544834304832,0,3,0,0,2,2,2,0,2024,11,5,1,21,2,0,6543.555,2.0,4,4,1.0,14,33,1198.0,0.7289998534947872,80.50926319493618,76.9124822838204,10.358587270463827,1551.106643515347,384728.5117773019,7626.313,1683.4029999999998,1599.0829999999996,4343.827000000001,1814.875,5811.438000000001,23.797541485643197,LEVE,2
4,1,14,2,2,4,-12.098882740974975,-77.00210472603328,0,0,7,1,2,2,2,0,2024,11,5,1,22,2,0,6543.555,2.0,4,4,1.0,14,33,1198.0,0.8236163632543221,80.64134543571234,78.76297514209003,13.635913030045838,1867.8532062234744,106584.52890792293,7626.313,1683.4029999999998,1599.0829999999996,4343.827000000001,1814.875,5811.438000000001,23.797541485643197,LEVE,2
3,1,14,2,4,1,-12.405637323741365,-76.75669771860223,0,2,7,1,2,2,2,0,2024,11,6,1,1,0,0,6639.975,2.0,2,0,1.0,9,31,1616.0,0.7466597389219729,79.05910008235186,64.03247149608075,10.538936737980546,1849.188069558907,1631.10278372591,7626.313,1683.4029999999998,1599.0829999999996,4343.827000000001,1814.875,5811.438000000001,23.797541485643197,LEVE,2
6,1,8,0,4,2,-13.060098372492908,-74.94368758531259,0,4,5,1,1,2,2,0,2024,11,6,1,3,0,2,6543.555,2.0,4,4,1.0,14,33,1198.0,0.488230635263319,69.43676718997209,51.35450690635422,6.587870960289425,965.860217779833,2302.593147751606,8511.426,1445.3929999999996,2008.516,5057.516999999999,1879.579,6631.846999999998,22.08300935706896,GRAVE_MORTALIDAD,1
10,2,3,0,4,2,-16.395789,-71.453828,7,4,0,1,2,1,1,0,2024,11,6,1,9,1,0,6543.555,2.0,4,4,1.0,14,33,1198.0,0.6497628344872909,78.50677470622946,79.58517547019379,10.832141867699551,1100.753355561081,126056.75374732334,10322.272,1495.236,1749.739,7077.2970000000005,2886.595,7435.677000000001,27.964725207783708,LEVE,2
0,1,12,0,4,1,-8.506555527687222,-78.68817500700135,0,4,7,1,2,2,2,0,2024,11,0,0,5,0,0,6543.555,3.0,2,0,1.0,0,30,1475.0,0.4971504606547645,77.79759708660042,46.44666297237219,6.322206801902116,929.9716106661404,44368.59100642397,8931.828000000005,1335.5899999999997,1935.9830000000004,5660.255000000005,1219.309,7712.519000000005,13.651281686122925,LEVE,2
6,1,20,0,4,1,-15.885669,-69.902386,0,4,0,0,2,2,2,2,2024,11,0,0,17,3,2,7586.903,2.0,2,0,1.0,9,5,1198.0,0.3492776286092784,69.0024577433395,71.96566663107897,6.507478728969356,328.2181581851397,6084.453961456104,13642.312999999998,2020.7790000000005,2354.117,9267.416999999998,3314.0520000000006,10328.260999999997,24.29244952817019,LEVE,2
3,2,21,0,4,1,-6.044246,-77.050903,0,4,7,1,2,2,2,1,2024,11,0,0,18,2,1,7758.33400008,2.0,2,0,1.0,9,20,2133.0,0.5147882301210585,74.70882653725891,51.74890369370718,6.543161279603341,1011.2929178100565,4267.862955032119,5645.136,815.0759999999999,965.298,3864.762,1013.406,4631.73,17.95184385283189,LEVE,2
3,1,14,2,2,4,-12.08494836725736,-77.0283723746829,0,1,1,1,2,0,1,0,2024,11,2,0,1,0,0,6543.555,2.0,4,4,1.0,14,33,1198.0,0.8424277365452573,80.46794153446162,82.55566521442681,12.702343140315376,2037.3265460598163,46298.76017130622,7626.313,1683.4029999999998,1599.0829999999996,4343.827000000001,1814.875,5811.438000000001,23.797541485643197,LEVE,2
6,1,8,0,4,1,-12.523262528755952,-74.86685155548146,0,4,7,1,1,2,2,0,2024,11,3,0,7,1,2,7586.903,2.0,2,0,1.0,9,5,1198.0,0.3072776616792935,70.23921279847005,63.20823203819893,5.207069920011393,278.563905979456,4622.456102783726,8511.426,1445.3929999999996,2008.516,5057.516999999999,1879.579,6631.846999999998,22.08300935706896,LEVE,2
0,1,20,0,4,1,-16.048075,-69.708688,0,4,7,1,2,2,2,4,2024,11,3,0,21,2,2,7586.903,2.0,2,0,1.0,9,5,1198.0,0.3247057995130503,73.24682709519536,76.81044161661171,6.507336567861034,242.9773157546694,24872.03426124197,13642.312999999998,2020.7790000000005,2354.117,9267.416999999998,3314.0520000000006,10328.260999999997,24.29244952817019,LEVE,2
3,3,3,0,4,1,-15.97156,-71.202597,0,4,7,1,2,1,1,0,2024,11,5,1,4,0,0,1504.4250000000002,2.0,2,0,1.0,7,25,241.0,0.4498224071382834,81.63336343193146,58.84842497065013,5.774685730039019,620.6584683449911,1358.612419700214,10322.272,1495.236,1749.739,7077.2970000000005,2886.595,7435.677000000001,27.964725207783708,GRAVE_LESIONADOS,0
3,1,14,2,4,1,-12.0315508235212,-77.05585270077225,0,0,0,0,2,2,2,0,2024,11,5,1,8,1,0,6543.555,3.0,2,0,1.0,0,30,1475.0,0.7419979630670723,80.31822295927182,79.00446395716813,11.084203715652809,1554.6868971011318,739416.2413542903,7626.313,1683.4029999999998,1599.0829999999996,4343.827000000001,1814.875,5811.438000000001,23.797541485643197,LEVE,2
6,1,12,2,2,4,-8.1231559242,-79.0226551181,0,0,9,1,2,2,2,0,2024,11,5,1,18,2,0,6543.555,2.0,4,4,1.0,14,33,1198.0,0.7151155191839451,79.57652607829836,77.25576500264712,11.809756866444314,1377.9438475528384,331253.00214132766,8931.828000000005,1335.5899999999997,1935.9830000000004,5660.255000000005,1219.309,7712.519000000005,13.651281686122925,GRAVE_MORTALIDAD,1
6,1,2,0,4,1,-14.563889924464432,-73.44992261786385,0,4,0,1,2,1,0,2,2024,11,6,1,1,0,2,2238.6850000000004,2.0,2,0,1.0,4,27,115.0,0.3664074671664916,64.98461839600242,49.21626723104894,6.514538355458617,485.1304734113088,4508.062098501071,8358.971,1282.451,1298.0969999999998,5778.423,1432.683,6926.288,17.139466089785454,LEVE,2
1,1,14,2,4,1,-12.254122717973557,-76.92498423773603,0,2,7,1,2,1,0,0,2024,11,6,1,5,0,0,6639.975,2.0,2,0,1.0,9,31,1616.0,0.6909236767275176,78.41626133969348,70.97436336767564,9.826485374940413,1476.8351947609171,95908.53319057816,7626.313,1683.4029999999998,1599.0829999999996,4343.827000000001,1814.875,5811.438000000001,23.797541485643197,LEVE,2
3,2,12,2,2,4,-8.0718298133,-79.0209893475,0,0,1,1,2,2,2,0,2024,11,6,1,9,1,0,6543.555,2.0,4,4,1.0,14,33,1198.0,0.5628682280502054,79.35078533424159,59.07369130997599,7.880201475313533,999.8741857239928,209189.32119914345,8931.828000000005,1335.5899999999997,1935.9830000000004,5660.255000000005,1219.309,7712.519000000005,13.651281686122925,LEVE,2
0,1,14,2,2,4,-12.01343515302371,-76.986078862222,0,3,7,1,2,2,2,0,2024,11,6,1,13,3,0,6543.555,2.0,4,4,1.0,14,33,1198.0,0.701053025277506,79.62867561460851,73.1469484600971,10.064317505194426,1464.6926161541437,1150285.0494171206,7626.313,1683.4029999999998,1599.0829999999996,4343.827000000001,1814.875,5811.438000000001,23.797541485643197,LEVE,2
3,2,12,2,2,4,-8.0417838879,-79.0589490404,0,0,7,1,2,2,2,0,2024,11,6,1,16,3,0,6543.555,2.0,4,4,1.0,14,33,1198.0,0.583006771156836,78.2441938961209,62.24037484511178,8.807312392374042,1028.2282118265089,76607.295503212,8931.828000000005,1335.5899999999997,1935.9830000000004,5660.255000000005,1219.309,7712.519000000005,13.651281686122925,LEVE,2
3,1,20,0,4,2,-15.96429,-69.793146,6,5,6,2,6,2,2,2,2024,11,6,1,18,2,2,6543.555,2.0,4,4,1.0,14,33,1198.0,0.3247057995130503,73.24682709519536,76.81044161661171,6.507336567861034,242.9773157546694,24872.03426124197,13642.312999999998,2020.7790000000005,2354.117,9267.416999999998,3314.0520000000006,10328.260999999997,24.29244952817019,LEVE,2
3,2,14,0,4,2,-11.23303,-77.39902,0,4,7,1,2,2,2,2,2024,11,6,1,21,2,0,6543.555,2.0,4,4,1.0,14,33,1198.0,0.625259356790912,76.00710856837651,64.39893010534446,7.928807895834627,1379.4198272918734,24684.304068522484,7626.313,1683.4029999999998,1599.0829999999996,4343.827000000001,1814.875,5811.438000000001,23.797541485643197,LEVE,2
0,1,5,2,3,4,-5.702946,-78.808604,0,0,7,0,4,2,2,2,2024,11,6,1,21,2,2,6543.555,2.0,4,4,1.0,14,33,1198.0,0.5803239946829384,74.49544278598792,68.33065356443184,8.733179344969395,1046.078117086984,102362.46895074946,15935.565011852366,1733.9250000199986,935.692,13265.948011832368,2000.1670000199988,13935.398011832369,12.551591352627522,LEVE,2
1,1,14,2,4,1,-12.041708479528856,-76.98714409229062,0,3,0,0,2,1,1,0,2024,11,6,1,22,2,0,6543.555,3.0,2,0,1.0,0,30,1475.0,0.7347309224519117,80.70014842215761,76.47981423089655,10.519505095866096,1571.8150981252256,229834.5310492505,7626.313,1683.4029999999998,1599.0829999999996,4343.827000000001,1814.875,5811.438000000001,23.797541485643197,LEVE,2
1,1,14,2,2,4,-12.03127231894131,-76.95029158645784,0,0,1,0,2,2,2,0,2024,11,0,0,2,0,0,6543.555,2.0,4,4,1.0,14,33,1198.0,0.7347309224519117,80.70014842215761,76.47981423089655,10.519505095866096,1571.8150981252256,229834.5310492505,7626.313,1683.4029999999998,1599.0829999999996,4343.827000000001,1814.875,5811.438000000001,23.797541485643197,LEVE,2
6,1,3,0,4,1,-16.054299,-71.34091,0,4,7,1,2,2,2,0,2024,11,0,0,4,0,0,1504.4250000000002,2.0,2,0,1.0,7,25,241.0,0.4685280505645348,81.83746865987648,70.74305753660312,6.037751599761188,617.4715908037651,1751.8736616702354,10322.272,1495.236,1749.739,7077.2970000000005,2886.595,7435.677000000001,27.964725207783708,LEVE,2
6,1,3,2,2,4,-16.418934481002058,-71.5363114004626,0,0,7,0,2,0,1,0,2024,11,0,0,4,0,0,6543.555,2.0,4,4,1.0,14,33,1198.0,0.7453744058790387,79.4589730074046,82.73398367318066,12.665195784530074,1448.5317937470898,76620.6295503212,10322.272,1495.236,1749.739,7077.2970000000005,2886.595,7435.677000000001,27.964725207783708,LEVE,2
6,1,14,2,4,1,-12.126724649530887,-76.97703900103295,0,0,7,1,2,2,2,0,2024,11,0,0,5,0,0,6639.975,2.0,2,0,1.0,9,31,1616.0,0.8017574897902351,80.48487267736287,78.74302427848284,13.156716040468266,1766.1488062170545,359776.608137045,7626.313,1683.4029999999998,1599.0829999999996,4343.827000000001,1814.875,5811.438000000001,23.797541485643197,LEVE,2
6,1,7,0,4,0,-14.364546,-72.040714,0,4,0,0,1,0,0,2,2024,11,0,0,5,0,2,6543.555,2.0,4,4,1.0,14,33,1198.0,0.3582063239468129,73.72125513625039,50.68912238545782,4.370934077592676,495.5648271945098,7210.27408993576,17779.13499998999,2097.3709999899997,2863.123,12818.640999999989,2878.713,14900.421999989989,16.19152450331032,GRAVE_MORTALIDAD,1
5,1,20,0,4,1,-16.218194,-69.492569,6,5,6,2,6,2,2,0,2024,11,0,0,22,2,2,7586.903,2.0,2,0,1.0,9,5,1198.0,0.4138545322335047,72.42365757071663,75.18782800461412,7.422478928805024,440.156451811849,19964.802997858675,13642.312999999998,2020.7790000000005,2354.117,9267.416999999998,3314.0520000000006,10328.260999999997,24.29244952817019,LEVE,2
3,1,14,2,4,1,-11.74092190766878,-77.1378463333404,0,4,7,1,2,2,2,0,2024,11,1,0,2,0,0,6543.555,3.0,2,0,1.0,0,30,1475.0,0.6688889885290078,77.65971620762488,72.11797581870952,9.343568875150348,1392.9562465448405,54956.252676659526,7626.313,1683.4029999999998,1599.0829999999996,4343.827000000001,1814.875,5811.438000000001,23.797541485643197,LEVE,2
6,1,14,2,6,4,-12.157176247439418,-76.94240417988301,0,1,7,0,7,2,2,0,2024,11,1,0,5,0,0,6543.555,2.0,4,4,1.0,14,33,1198.0,0.689811994580126,79.88015655965044,73.89553442371854,9.755251380104111,1409.8432274455126,452660.364025696,7626.313,1683.4029999999998,1599.0829999999996,4343.827000000001,1814.875,5811.438000000001,23.797541485643197,GRAVE_LESIONADOS,0
3,2,12,0,4,1,-8.565308276870145,-78.67376457322652,0,4,7,1,2,2,2,0,2024,11,1,0,6,1,0,6543.555,3.0,2,0,1.0,0,30,1475.0,0.4971504606547645,77.79759708660042,46.44666297237219,6.322206801902116,929.9716106661404,44368.59100642397,8931.828000000005,1335.5899999999997,1935.9830000000004,5660.255000000005,1219.309,7712.519000000005,13.651281686122925,LEVE,2
0,0,4,2,4,2,-13.1308309195074,-74.2337284647894,0,3,7,1,2,2,2,4,2024,11,1,0,14,3,2,6543.555,2.0,4,4,1.0,14,33,1198.0,0.5506252633070053,69.90928763641818,75.08622643893038,10.15415260514822,862.2051674470921,104520.79871520343,12678.733000000004,1805.074000000001,1774.0339999999994,9099.625000000004,2485.375000000001,10193.358000000002,19.602707936195205,LEVE,2
0,1,14,2,2,4,-12.036633049056668,-77.03078979505882,0,0,7,1,2,0,1,0,2024,11,1,0,18,2,0,6543.555,2.0,4,4,1.0,14,33,1198.0,0.7300036506368504,80.21724456394445,75.11639588359114,10.636845733066124,1559.041185521695,156759.78800856532,7626.313,1683.4029999999998,1599.0829999999996,4343.827000000001,1814.875,5811.438000000001,23.797541485643197,LEVE,2
0,1,14,2,4,1,-12.246522870163874,-76.93626354696862,0,2,7,1,2,2,2,0,2024,11,1,0,22,2,0,6639.975,2.0,2,0,1.0,9,31,1616.0,0.6909236767275176,78.41626133969348,70.97436336767564,9.826485374940413,1476.8351947609171,95908.53319057816,7626.313,1683.4029999999998,1599.0829999999996,4343.827000000001,1814.875,5811.438000000001,23.797541485643197,LEVE,2
3,1,14,2,4,1,-11.89046299549707,-77.06823869713902,0,0,7,1,2,2,2,0,2024,11,2,0,6,1,0,6543.555,3.0,2,0,1.0,0,30,1475.0,0.6632628912836565,79.15155564666024,73.19223743118206,9.629669813837666,1289.452647666346,383699.2119914347,7626.313,1683.4029999999998,1599.0829999999996,4343.827000000001,1814.875,5811.438000000001,23.797541485643197,LEVE,2
0,1,12,0,2,4,-8.54197054860154,-78.681222248212,0,4,7,1,2,2,2,0,2024,11,2,0,15,3,0,6543.555,2.0,4,4,1.0,14,33,1198.0,0.4971504606547645,77.79759708660042,46.44666297237219,6.322206801902116,929.9716106661404,44368.59100642397,8931.828000000005,1335.5899999999997,1935.9830000000004,5660.255000000005,1219.309,7712.519000000005,13.651281686122925,LEVE,2
3,1,7,0,4,1,-14.245399,-71.255016,0,4,7,1,1,2,2,2,2024,11,2,0,21,2,2,7586.903,2.0,2,0,1.0,9,5,1198.0,0.5265643824923771,76.3202150422939,72.59240802938885,8.636399400985075,746.7361126929013,59032.11777301927,17779.13499998999,2097.3709999899997,2863.123,12818.640999999989,2878.713,14900.421999989989,16.19152450331032,LEVE,2
3,1,3,0,4,1,-16.544919,-72.544892,0,4,7,0,2,1,1,0,2024,11,2,0,22,2,0,6639.975,2.0,2,0,1.0,9,31,1616.0,0.6077843615696785,76.53072135400231,69.81276959706165,8.77367759087771,1135.5159013374655,74658.55888650964,10322.272,1495.236,1749.739,7077.2970000000005,2886.595,7435.677000000001,27.964725207783708,GRAVE_MORTALIDAD,1
0,1,14,2,6,4,-12.066744062913394,-77.02224160706999,0,0,7,1,2,2,2,0,2024,11,4,0,13,3,0,6543.555,2.0,4,4,1.0,14,33,1198.0,0.7141594849782824,79.90829932185413,74.79179886803175,10.522504814235935,1482.4793645077043,156887.87152034265,7626.313,1683.4029999999998,1599.0829999999996,4343.827000000001,1814.875,5811.438000000001,23.797541485643197,LEVE,2
10,1,7,0,4,2,-12.8958,-72.744772,0,4,7,1,1,2,2,2,2024,11,4,0,15,3,2,6543.555,2.0,4,4,1.0,14,33,1198.0,0.5803892132127203,77.20158157453214,80.09764322421019,9.63293466488124,868.3252877671093,30810.066381156317,17779.13499998999,2097.3709999899997,2863.123,12818.640999999989,2878.713,14900.421999989989,16.19152450331032,LEVE,2
3,1,14,2,4,1,-12.04003992508227,-77.01643219509405,0,0,7,1,2,1,0,0,2024,11,4,0,20,2,0,6543.555,3.0,2,0,1.0,0,30,1475.0,0.7300036506368504,80.21724456394445,75.11639588359114,10.636845733066124,1559.041185521695,156759.78800856532,7626.313,1683.4029999999998,1599.0829999999996,4343.827000000001,1814.875,5811.438000000001,23.797541485643197,LEVE,2
0,1,2,2,4,0,-13.40976296,-73.66406618,0,0,7,1,2,2,2,4,2024,11,5,1,10,1,2,6543.555,2.0,4,4,1.0,14,33,1198.0,0.3586591509124671,68.04663803489149,68.13870484795856,4.978148188977928,440.9147630338738,5867.83511777302,8358.971,1282.451,1298.0969999999998,5778.423,1432.683,6926.288,17.139466089785454,LEVE,2
3,2,21,0,4,1,-6.133045,-76.841275,0,4,0,0,2,1,0,2,2024,11,5,1,10,1,1,7758.33400008,2.0,2,0,1.0,9,20,2133.0,0.3492524985551798,73.87945975179423,47.35782955662357,4.584830643679292,457.969668231556,16120.93790149893,5645.136,815.0759999999999,965.298,3864.762,1013.406,4631.73,17.95184385283189,GRAVE_MORTALIDAD,1
3,1,7,0,4,1,-14.099271,-71.43008,0,4,7,1,1,2,2,2,2024,11,5,1,14,3,2,7586.903,2.0,2,0,1.0,9,5,1198.0,0.3717239528846259,76.4422742356139,59.82899502431543,6.007606443030993,385.73605799411865,4791.610278372591,17779.13499998999,2097.3709999899997,2863.123,12818.640999999989,2878.713,14900.421999989989,16.19152450331032,LEVE,2
1,1,14,2,2,4,-12.070816521548712,-77.01005889319258,0,0,7,1,2,2,2,0,2024,11,5,1,19,2,0,6543.555,2.0,4,4,1.0,14,33,1198.0,0.7141594849782824,79.90829932185413,74.79179886803175,10.522504814235935,1482.4793645077043,156887.87152034265,7626.313,1683.4029999999998,1599.0829999999996,4343.827000000001,1814.875,5811.438000000001,23.797541485643197,LEVE,2
6,1,12,0,4,2,-7.791630620636654,-78.44046233250823,0,4,7,1,7,2,2,0,2024,11,5,1,20,2,0,6543.555,2.0,4,4,1.0,14,33,1198.0,0.1883083184611077,75.93360618381381,28.79507521744373,3.260895439511201,147.65429669929867,24235.73233404711,8931.828000000005,1335.5899999999997,1935.9830000000004,5660.255000000005,1219.309,7712.519000000005,13.651281686122925,LEVE,2
3,1,14,2,4,1,-11.851362194565006,-77.09113117642298,0,0,7,1,2,0,1,0,2024,11,5,1,21,2,0,6543.555,3.0,2,0,1.0,0,30,1475.0,0.6632628912836565,79.15155564666024,73.19223743118206,9.629669813837666,1289.452647666346,383699.2119914347,7626.313,1683.4029999999998,1599.0829999999996,4343.827000000001,1814.875,5811.438000000001,23.797541485643197,LEVE,2