CLASE SINIESTRO,CANTIDAD DE VEHICULOS DAÑADOS,DEPARTAMENTO,ZONA,TIPO DE VÍA,RED VIAL,COORDENADAS LATITUD,COORDENADAS  LONGITUD,CONDICIÓN CLIMÁTICA,ZONIFICACIÓN,CARACTERÍSTICAS DE VÍA,PERFIL LONGITUDINAL VÍA,SUPERFICIE DE CALZADA,¿EXISTE SEÑAL VERTICAL?,¿EXISTE SEÑAL HORIZONTAL?,CAUSA FACTOR PRINCIPAL,AÑO,MES,DIA_SEMANA,ES_FIN_SEMANA,HORA_NUM,FRANJA_HORARIA,REGION_NATURAL,MTC_RVN_LONGITUD_KM,MTC_RVN_N_CARRILES_MEDIANA,MTC_RVN_SUPERFICIE_DOMINANTE,MTC_RVN_ESTADO_DOMINANTE,MTC_RVN_ES_CONCESIONADA,MTC_RVN_CONCESION_PRINCIPAL,MTC_RVN_CORREDOR_LOGISTICO,MTC_RVN_N_TRAMOS,IDH_2019,IDH_ESP_VIDA_2019,IDH_EDUC_SECUND_PCT_2019,IDH_ANIOS_EDUC_2019,IDH_INGRESO_PERCAP_2019,IDH_POBLACION_2019,MTC_DEP_RED_TOTAL_KM,MTC_DEP_NACIONAL_TOTAL_KM,MTC_DEP_DEPARTAMENTAL_TOTAL_KM,MTC_DEP_VECINAL_TOTAL_KM,MTC_DEP_PAV_TOTAL_KM,MTC_DEP_NO_PAV_TOTAL_KM,MTC_DEP_PCT_PAVIMENTADA,CATEGORIA_SEVERIDAD,CATEGORIA_SEVERIDAD_ENC
6,1,14,2,4,1,-12.03302616226266,-77.0073929749146,0,3,7,1,2,1,0,0,2024,12,6,1,1,0,0,6543.555,3.0,2,0,1.0,0,30,1475.0,0.6970617810314195,81.40501156526744,73.5715154770137,9.635174408411393,1428.892506292977,203379.9271948608,7626.313,1683.4029999999998,1599.0829999999996,4343.827000000001,1814.875,5811.438000000001,23.797541485643197,LEVE,2
0,1,14,2,4,1,-11.75068424093838,-77.14646781175321,0,2,7,1,2,1,1,0,2024,12,6,1,4,0,0,6543.555,3.0,2,0,1.0,0,30,1475.0,0.6688889885290078,77.65971620762488,72.11797581870952,9.343568875150348,1392.9562465448405,54956.252676659526,7626.313,1683.4029999999998,1599.0829999999996,4343.827000000001,1814.875,5811.438000000001,23.797541485643197,LEVE,2
3,1,14,2,2,4,-12.180164074867236,-76.99803302373233,0,3,1,1,2,2,2,0,2024,12,6,1,8,1,0,6543.555,2.0,4,4,1.0,14,33,1198.0,0.7583553928164398,79.82595632107274,76.7651270103073,11.46351379457763,1662.7771470294065,333655.3618843683,7626.313,1683.4029999999998,1599.0829999999996,4343.827000000001,1814.875,5811.438000000001,23.797541485643197,LEVE,2
3,2,12,0,4,1,-8.00123659446682,-78.7850304464361,0,4,7,1,2,2,2,0,2024,12,6,1,10,1,0,610.6099999999999,2.0,2,0,1.0,8,29,100.0,0.4511366358384425,77.59010744042445,54.722554597765935,5.940436701537406,681.4371719975779,4289.124197002141,8931.828000000005,1335.5899999999997,1935.9830000000004,5660.255000000005,1219.309,7712.519000000005,13.651281686122925,LEVE,2
0,1,14,2,2,4,-12.111830458182215,-77.00284380737456,0,0,7,1,2,2,2,0,2024,12,6,1,17,3,0,6543.555,2.0,4,4,1.0,14,33,1198.0,0.8236163632543221,80.64134543571234,78.76297514209003,13.635913030045838,1867.8532062234744,106584.52890792293,7626.313,1683.4029999999998,1599.0829999999996,4343.827000000001,1814.875,5811.438000000001,23.797541485643197,LEVE,2
0,1,10,0,4,1,-13.458554,-76.136397,6,5,6,2,6,2,2,0,2024,12,0,0,0,0,0,6639.975,2.0,2,0,1.0,9,31,1616.0,0.575108675542622,80.48751485041296,69.97733945104977,8.91411717811534,891.3032819289404,12460.550321199144,3721.461,698.1859999999996,744.866,2278.409,1102.9029999999996,2618.558,29.636290693359403,LEVE,2
3,2,3,0,4,1,-16.42796,-71.6918,0,4,7,1,2,1,1,0,2024,12,0,0,4,0,0,1504.4250000000002,2.0,2,0,1.0,7,25,241.0,0.6689013265491138,80.68275010974979,77.5560025217936,10.466309714908672,1190.454984819332,14385.036402569593,10322.272,1495.236,1749.739,7077.2970000000005,2886.595,7435.677000000001,27.964725207783708,LEVE,2
6,1,8,0,4,1,-13.2866829046428,-75.53275948163703,0,4,5,0,1,2,2,0,2024,12,0,0,21,2,2,655.0550000000001,-1.0,6,3,0.0,9,32,60.0,0.3411173070312999,59.28231177702783,46.11417699668435,7.126424301872526,446.7355805404694,1172.0728051391864,8511.426,1445.3929999999996,2008.516,5057.516999999999,1879.579,6631.846999999998,22.08300935706896,LEVE,2
3,2,12,0,4,1,-7.12417177738708,-79.4818287937992,0,4,7,1,2,2,2,0,2024,12,1,0,4,0,0,6543.555,3.0,2,0,1.0,0,30,1475.0,0.5114727232493018,78.60606800160349,61.153108160372966,6.422343227671115,862.4189512831092,24701.19700214133,8931.828000000005,1335.5899999999997,1935.9830000000004,5660.255000000005,1219.309,7712.519000000005,13.651281686122925,LEVE,2
0,1,3,0,4,1,-17.14855,-71.79622,0,4,7,1,2,1,1,0,2024,12,1,0,4,0,0,1926.94,2.0,2,0,1.0,9,32,393.0,0.6064020802559494,77.82737834960788,75.48658600973863,8.303531284530445,1096.758694527593,6370.241970021414,10322.272,1495.236,1749.739,7077.2970000000005,2886.595,7435.677000000001,27.964725207783708,LEVE,2
5,1,20,0,4,3,-15.778955016478022,-70.03513810535165,6,5,6,2,6,2,2,0,2024,12,1,0,6,1,2,6543.555,2.0,4,4,1.0,14,33,1198.0,0.3204026151964153,69.29426309416309,70.2364823564305,6.371809812333516,265.9551058733816,4850.546038543897,13642.312999999998,2020.7790000000005,2354.117,9267.416999999998,3314.0520000000006,10328.260999999997,24.29244952817019,LEVE,2
6,1,4,0,4,1,-13.159,-74.239,2,4,0,0,1,1,0,2,2024,12,1,0,17,3,2,1679.5849999999998,2.0,2,3,1.0,9,24,315.0,0.5506252633070053,69.90928763641818,75.08622643893038,10.15415260514822,862.2051674470921,104520.79871520343,12678.733000000004,1805.074000000001,1774.0339999999994,9099.625000000004,2485.375000000001,10193.358000000002,19.602707936195205,LEVE,2
0,1,14,2,4,1,-12.100345,-76.979546,0,2,7,1,2,2,2,0,2024,12,1,0,19,2,0,6639.975,2.0,2,0,1.0,9,31,1616.0,0.8017574897902351,80.48487267736287,78.74302427848284,13.156716040468266,1766.1488062170545,359776.608137045,7626.313,1683.4029999999998,1599.0829999999996,4343.827000000001,1814.875,5811.438000000001,23.797541485643197,LEVE,2
5,1,23,2,3,4,-3.5620950299953624,-80.45761222849363,0,3,7,1,4,2,2,2,2025,1,2,0,14,3,0,6543.555,2.0,4,4,1.0,14,33,1198.0,0.6025111043634478,77.63758231637303,72.22144062196868,9.79150322507506,998.9716590818762,109744.95931477516,1009.101,138.47399999999996,287.471,583.156,276.972,732.129,27.447401201663663,LEVE,2
6,1,19,0,4,1,-5.238684,-79.992916,6,5,6,2,6,2,2,0,2025,1,2,0,16,3,0,722.9000000000002,2.0,1,0,1.0,2,32,123.0,0.4611707659321047,75.10249837094239,58.81051951010394,6.354218749759934,701.659112227466,7773.17130620985,8965.846000060003,1782.4120000599992,636.9959999999999,6546.438000000004,2214.505000059999,6751.341000000004,24.699342371541725,LEVE,2
3,2,12,0,4,1,-7.802651368518858,-79.19688102066583,0,4,7,1,2,2,2,0,2025,1,2,0,18,2,0,6543.555,3.0,2,0,1.0,0,30,1475.0,0.6137552402736777,77.488039372676,77.55476206305543,9.288784127631692,1053.6564617230836,8413.593147751606,8931.828000000005,1335.5899999999997,1935.9830000000004,5660.255000000005,1219.309,7712.519000000005,13.651281686122925,LEVE,2
6,1,20,0,4,2,-16.0199647,-69.9388408,6,5,6,2,6,2,2,0,2025,1,2,0,19,2,2,6543.555,2.0,4,4,1.0,14,33,1198.0,0.2884525097354768,64.20597588940076,72.15764778998134,7.048790399873092,210.31224233114625,7037.970021413275,13642.312999999998,2020.7790000000005,2354.117,9267.416999999998,3314.0520000000006,10328.260999999997,24.29244952817019,LEVE,2
0,1,3,2,2,4,-16.45123,-71.55468,5,0,7,1,2,0,1,0,2025,1,2,0,21,2,0,6543.555,2.0,4,4,1.0,14,33,1198.0,0.6631745849019589,78.63253022415783,79.29781888439902,10.779495299397515,1170.8241486483955,46994.9721627409,10322.272,1495.236,1749.739,7077.2970000000005,2886.595,7435.677000000001,27.964725207783708,LEVE,2
3,1,10,2,3,4,-13.420321,-76.130663,6,5,6,2,6,2,2,0,2025,1,3,0,11,1,0,6543.555,2.0,4,4,1.0,14,33,1198.0,0.6055729655078196,80.58213764502653,70.63839631717828,10.391391352220332,938.9082921830436,66625.16488222699,3721.461,698.1859999999996,744.866,2278.409,1102.9029999999996,2618.558,29.636290693359403,GRAVE_LESIONADOS,0
0,1,19,2,3,4,-5.762407,-80.853743,0,4,7,1,2,2,2,0,2025,1,3,0,14,3,0,6543.555,2.0,4,4,1.0,14,33,1198.0,0.4860724693701166,72.15814961491549,57.86687952143938,7.507596134322599,781.8218439197168,48691.10064239828,8965.846000060003,1782.4120000599992,636.9959999999999,6546.438000000004,2214.505000059999,6751.341000000004,24.699342371541725,LEVE,2
6,1,12,0,4,3,-7.54611765087164,-77.60686912276813,0,4,7,1,7,2,2,0,2025,1,3,0,18,2,0,6543.555,2.0,4,4,1.0,14,33,1198.0,0.2595559487171204,78.90675231188277,31.128561918449897,4.725417015617596,224.44743015084572,1674.1327623126338,8931.828000000005,1335.5899999999997,1935.9830000000004,5660.255000000005,1219.309,7712.519000000005,13.651281686122925,LEVE,2
0,1,5,0,4,1,-7.24186943880627,-79.0593128240189,0,4,7,1,2,1,0,0,2025,1,3,0,22,2,2,887.28,2.0,2,0,1.0,8,17,155.0,0.5563774842369664,73.07406660240972,65.2611721745993,7.77984257932775,1045.7361851012442,7379.728051391864,15935.565011852366,1733.9250000199986,935.692,13265.948011832368,2000.1670000199988,13935.398011832369,12.551591352627522,LEVE,2
6,1,23,0,4,0,-4.061167,-80.702533,0,4,7,1,7,2,2,2,2025,1,4,0,10,1,0,6543.555,2.0,4,4,1.0,14,33,1198.0,0.4399307731962694,72.67979120851548,52.093755051873366,7.00202158322391,639.5776949980533,2030.498929336189,1009.101,138.47399999999996,287.471,583.156,276.972,732.129,27.447401201663663,LEVE,2
0,1,3,2,4,2,-16.3901627067465,-71.5460038706564,0,3,7,1,2,1,1,0,2025,1,4,0,14,3,0,6543.555,2.0,4,4,1.0,14,33,1198.0,0.6738551636003771,78.16730405462371,80.12651178794934,11.26654579524565,1199.6180061497348,97926.27408993576,10322.272,1495.236,1749.739,7077.2970000000005,2886.595,7435.677000000001,27.964725207783708,LEVE,2
0,1,7,0,4,0,-13.60118,-71.959325,0,4,7,1,2,2,2,4,2025,1,4,0,15,3,2,6543.555,2.0,4,4,1.0,14,33,1198.0,0.6348954939297919,77.6245715059073,78.73535107148551,10.276562257168177,1084.1455565765216,94654.62312633834,17779.13499998999,2097.3709999899997,2863.123,12818.640999999989,2878.713,14900.421999989989,16.19152450331032,LEVE,2
7,1,20,0,4,3,-16.639392,-69.22611,6,5,6,2,6,2,2,0,2025,1,4,0,16,3,2,6543.555,2.0,4,4,1.0,14,33,1198.0,0.3395425415266465,75.63312664085699,79.14276868152973,8.009431562906503,229.36973523840712,20389.45182012848,13642.312999999998,2020.7790000000005,2354.117,9267.416999999998,3314.0520000000006,10328.260999999997,24.29244952817019,LEVE,2
3,2,14,0,4,1,-11.4491108,-77.3405447,0,4,7,0,2,2,2,0,2025,1,4,0,23,2,0,6543.555,3.0,2,0,1.0,0,30,1475.0,0.6328991168419597,79.8522840328396,72.51785912375117,8.65057438382499,1190.6734036432963,65701.61456102783,7626.313,1683.4029999999998,1599.0829999999996,4343.827000000001,1814.875,5811.438000000001,23.797541485643197,LEVE,2
3,1,7,0,4,1,-14.7289382,-71.31884003,0,4,7,1,1,2,2,2,2025,1,5,1,0,0,2,566.7160000000001,2.0,5,2,0.0,9,3,137.0,0.3365713390351058,64.75107972549431,51.55910204051147,4.90404313194694,457.550151920456,2850.758029978587,17779.13499998999,2097.3709999899997,2863.123,12818.640999999989,2878.713,14900.421999989989,16.19152450331032,GRAVE_MORTALIDAD,1
3,2,7,0,4,1,-13.598449003776391,-71.77179828819027,0,4,7,1,2,2,2,2,2025,1,5,1,5,0,2,7586.903,2.0,2,0,1.0,9,5,1198.0,0.5065580412535501,64.79370905469777,77.15417383818448,8.35812941450031,844.3117831870799,8658.316916488222,17779.13499998999,2097.3709999899997,2863.123,12818.640999999989,2878.713,14900.421999989989,16.19152450331032,GRAVE_MORTALIDAD,1
0,1,14,2,2,4,-12.090974073655154,-77.06673723684166,0,3,7,1,2,1,0,4,2025,1,5,1,11,1,0,6543.555,2.0,4,4,1.0,14,33,1198.0,0.8339285469381142,80.46197140280118,79.64957679364637,12.999280633187066,1986.2672977119664,57878.755888650965,7626.313,1683.4029999999998,1599.0829999999996,4343.827000000001,1814.875,5811.438000000001,23.797541485643197,LEVE,2
6,1,7,0,4,0,-13.0531993216957,-72.627867510286,0,4,0,1,7,2,2,2,2025,1,5,1,19,2,2,6543.555,2.0,4,4,1.0,14,33,1198.0,0.4183383728297812,76.39884073986579,59.363988970978056,6.559125700034828,507.29897716596827,5045.957173447538,17779.13499998999,2097.3709999899997,2863.123,12818.640999999989,2878.713,14900.421999989989,16.19152450331032,LEVE,2
4,1,7,0,4,1,-13.534673,-71.9392,0,0,7,1,2,1,0,2,2025,1,5,1,19,2,2,7586.903,2.0,2,0,1.0,9,5,1198.0,0.7389014524656411,77.12870395561643,80.53659510982042,13.123552539892293,1463.2590919973347,61899.75802997858,17779.13499998999,2097.3709999899997,2863.123,12818.640999999989,2878.713,14900.421999989989,16.19152450331032,GRAVE_LESIONADOS,0
0,1,14,2,4,3,-12.03388265680954,-76.92836175940424,0,3,1,1,2,2,2,0,2025,1,5,1,22,2,0,6543.555,2.0,4,4,1.0,14,33,1198.0,0.6868549636939637,79.62363164345142,76.30894566128948,9.209137883551294,1425.4498631666322,684921.8484148846,7626.313,1683.4029999999998,1599.0829999999996,4343.827000000001,1814.875,5811.438000000001,23.797541485643197,LEVE,2
6,1,7,0,4,1,-14.3715556,-71.32525,0,4,0,1,2,2,2,2,2025,1,6,1,6,1,2,203.87500000000009,1.0,2,3,0.0,9,32,71.0,0.3335583800255638,64.76699777563081,82.89465802650051,5.693188824750774,324.52702171263775,1833.167023554604,17779.13499998999,2097.3709999899997,2863.123,12818.640999999989,2878.713,14900.421999989989,16.19152450331032,LEVE,2
6,1,7,0,4,1,-14.3715556,-71.32525,0,4,0,1,1,2,2,2,2025,1,6,1,6,1,2,203.87500000000009,1.0,2,3,0.0,9,32,71.0,0.3335583800255638,64.76699777563081,82.89465802650051,5.693188824750774,324.52702171263775,1833.167023554604,17779.13499998999,2097.3709999899997,2863.123,12818.640999999989,2878.713,14900.421999989989,16.19152450331032,LEVE,2
10,1,21,2,4,1,-6.039502,-77.06126,0,0,7,1,2,2,2,2,2025,1,6,1,6,1,1,7758.33400008,2.0,2,0,1.0,9,20,2133.0,0.5147882301210585,74.70882653725891,51.74890369370718,6.543161279603341,1011.2929178100565,4267.862955032119,5645.136,815.0759999999999,965.298,3864.762,1013.406,4631.73,17.95184385283189,LEVE,2
0,1,3,2,4,0,-16.34086,-72.19509,7,0,0,1,2,0,1,0,2025,1,6,1,15,3,0,6543.555,2.0,4,4,1.0,14,33,1198.0,0.6077843615696785,76.53072135400231,69.81276959706165,8.77367759087771,1135.5159013374655,74658.55888650964,10322.272,1495.236,1749.739,7077.2970000000005,2886.595,7435.677000000001,27.964725207783708,LEVE,2
6,1,9,0,4,1,-8.5407504792,-77.211523416,0,4,7,1,1,2,2,5,2025,1,0,0,2,0,2,1703.219,1.0,0,3,0.0,9,28,247.0,0.3147536845962848,66.7597589865683,41.34449179605348,4.947836171342027,399.7975738451848,14485.197002141327,8209.057,1333.4779999999996,791.9770000000001,6083.602,1059.8589999999997,7149.198,12.910849565303296,GRAVE_MORTALIDAD,1
1,1,7,2,4,1,-13.5276956191727,-71.9898821413213,0,0,7,1,2,1,0,2,2025,1,0,0,9,1,2,7586.903,2.0,2,0,1.0,9,5,1198.0,0.6348954939297919,77.6245715059073,78.73535107148551,10.276562257168177,1084.1455565765216,94654.62312633834,17779.13499998999,2097.3709999899997,2863.123,12818.640999999989,2878.713,14900.421999989989,16.19152450331032,LEVE,2
3,2,7,2,4,1,-13.4684825769354,-72.137045716238,0,0,7,1,2,2,2,2,2025,1,0,0,14,3,2,7586.903,2.0,2,0,1.0,9,5,1198.0,0.4461630003962475,73.21502670801013,72.39928330950325,7.637017072327872,534.399353077353,18328.770877944324,17779.13499998999,2097.3709999899997,2863.123,12818.640999999989,2878.713,14900.421999989989,16.19152450331032,LEVE,2
6,1,7,0,4,2,-13.0676697068969,-72.0656557849802,0,4,7,1,1,2,2,2,2025,1,0,0,18,2,2,6543.555,2.0,4,4,1.0,14,33,1198.0,0.2310138329166804,69.70483973976968,39.26079785509049,3.4363371208003386,226.75902356837,5501.668094218416,17779.13499998999,2097.3709999899997,2863.123,12818.640999999989,2878.713,14900.421999989989,16.19152450331032,LEVE,2
0,1,3,0,4,1,-16.40553,-72.22581,0,4,7,1,2,0,1,0,2025,1,0,0,23,2,0,6639.975,2.0,2,0,1.0,9,31,1616.0,0.6077843615696785,76.53072135400231,69.81276959706165,8.77367759087771,1135.5159013374655,74658.55888650964,10322.272,1495.236,1749.739,7077.2970000000005,2886.595,7435.677000000001,27.964725207783708,LEVE,2
3,1,7,0,4,1,-13.5380595449706,-72.520106187488,0,4,7,1,2,2,2,2,2025,1,1,0,6,1,2,7586.903,2.0,2,0,1.0,9,5,1198.0,0.4039638292503104,73.01962146656598,46.462786926551615,6.233385645235881,568.0901664552928,2500.27408993576,17779.13499998999,2097.3709999899997,2863.123,12818.640999999989,2878.713,14900.421999989989,16.19152450331032,LEVE,2
0,1,14,2,2,4,-12.042161710353668,-77.04315979132093,0,0,7,1,2,2,2,4,2025,1,1,0,7,1,0,6543.555,2.0,4,4,1.0,14,33,1198.0,0.7646845961658533,80.23682119426338,77.96082737891015,12.014176158371615,1633.787715186093,250806.0877944326,7626.313,1683.4029999999998,1599.0829999999996,4343.827000000001,1814.875,5811.438000000001,23.797541485643197,LEVE,2
3,3,19,0,4,1,-5.550354,-80.818554,0,4,7,1,2,2,2,0,2025,1,1,0,11,1,0,453.9549999999999,2.0,2,3,0.0,9,32,133.0,0.4860724693701166,72.15814961491549,57.86687952143938,7.507596134322599,781.8218439197168,48691.10064239828,8965.846000060003,1782.4120000599992,636.9959999999999,6546.438000000004,2214.505000059999,6751.341000000004,24.699342371541725,LEVE,2
0,1,14,2,2,4,-12.023156480367572,-76.96511496545861,0,0,1,1,2,2,2,0,2025,1,1,0,11,1,0,6543.555,2.0,4,4,1.0,14,33,1198.0,0.701053025277506,79.62867561460851,73.1469484600971,10.064317505194426,1464.6926161541437,1150285.0494171206,7626.313,1683.4029999999998,1599.0829999999996,4343.827000000001,1814.875,5811.438000000001,23.797541485643197,LEVE,2
1,1,7,0,4,1,-14.19784,-71.320042,0,1,7,1,2,2,2,2,2025,1,1,0,12,3,2,7586.903,2.0,2,0,1.0,9,5,1198.0,0.3429990955037023,73.73981737249511,67.03441544896094,5.348378646997144,334.18752502890294,4044.237687366168,17779.13499998999,2097.3709999899997,2863.123,12818.640999999989,2878.713,14900.421999989989,16.19152450331032,LEVE,2
1,1,5,0,4,1,-6.543665,-78.705535,2,4,7,0,2,1,0,0,2025,1,1,0,22,2,2,9936.932,2.0,2,0,1.0,9,32,3830.0,0.3305799940760894,71.82871391566232,54.29754215940216,4.316582651932118,402.8189779925205,10312.132762312636,15935.565011852366,1733.9250000199986,935.692,13265.948011832368,2000.1670000199988,13935.398011832369,12.551591352627522,LEVE,2
10,1,3,0,4,1,-16.693724,-71.870564,0,3,7,1,2,1,1,0,2025,1,1,0,22,2,0,6639.975,2.0,2,0,1.0,9,31,1616.0,0.6105481451420971,78.10653088113892,68.35418098658066,8.411557426919764,1158.5430895193692,35025.678800856535,10322.272,1495.236,1749.739,7077.2970000000005,2886.595,7435.677000000001,27.964725207783708,LEVE,2
0,1,23,0,4,1,-3.514474845190771,-80.31997737947555,0,4,7,1,2,2,2,4,2025,1,2,0,5,0,0,6543.555,3.0,2,0,1.0,0,30,1475.0,0.506393213976091,71.09604779417722,66.88716723772843,7.8873292871222835,813.0857960318671,5253.152034261242,1009.101,138.47399999999996,287.471,583.156,276.972,732.129,27.447401201663663,LEVE,2
3,2,12,0,4,2,-8.421529391820037,-78.75230385956986,0,4,7,1,2,2,2,0,2025,1,2,0,19,2,0,6543.555,2.0,4,4,1.0,14,33,1198.0,0.5051395598219868,77.13285387085847,51.52067479184955,6.715328807318118,900.900383457586,67612.41755888652,8931.828000000005,1335.5899999999997,1935.9830000000004,5660.255000000005,1219.309,7712.519000000005,13.651281686122925,LEVE,2
0,1,14,0,4,1,-11.6083912,-77.2175561,0,1,1,1,2,1,1,0,2025,1,2,0,19,2,0,6543.555,3.0,2,0,1.0,0,30,1475.0,0.606011890732538,79.10580202061365,64.14379964647316,7.172095916125169,1269.9879605915198,20981.39186295503,7626.313,1683.4029999999998,1599.0829999999996,4343.827000000001,1814.875,5811.438000000001,23.797541485643197,GRAVE_MORTALIDAD,1
6,1,5,2,4,1,-7.524396,-78.147494,0,0,0,1,2,2,2,2,2025,1,2,0,20,2,2,9936.932,2.0,2,0,1.0,9,32,3830.0,0.2517980913588912,79.04120044279121,35.01748350135311,3.323753479451267,260.3952910099023,13301.858672376871,15935.565011852366,1733.9250000199986,935.692,13265.948011832368,2000.1670000199988,13935.398011832369,12.551591352627522,LEVE,2
6,1,4,0,4,2,-13.370327,-73.90041,0,4,0,0,1,2,2,2,2025,1,2,0,21,2,2,6543.555,2.0,4,4,1.0,14,33,1198.0,0.2301276524254768,69.17262093358879,47.7374662766037,4.513020146499461,170.11681755220445,5819.244111349037,12678.733000000004,1805.074000000001,1774.0339999999994,9099.625000000004,2485.375000000001,10193.358000000002,19.602707936195205,GRAVE_MORTALIDAD,1
6,1,14,2,2,4,-12.284073708732857,-76.86337971399395,0,2,7,1,2,2,2,0,2025,1,2,0,22,2,0,6543.555,2.0,4,4,1.0,14,33,1198.0,0.6909236767275176,78.41626133969348,70.97436336767564,9.826485374940413,1476.8351947609171,95908.53319057816,7626.313,1683.4029999999998,1599.0829999999996,4343.827000000001,1814.875,5811.438000000001,23.797541485643197,LEVE,2
6,1,8,0,4,1,-12.39773241738,-75.0504625881299,0,4,7,1,2,1,0,0,2025,1,3,0,10,1,2,7586.903,2.0,2,0,1.0,9,5,1198.0,0.3197508632812603,73.35600919181914,47.73247021173725,4.747967817478287,352.6352900736821,3265.2034261241965,8511.426,1445.3929999999996,2008.516,5057.516999999999,1879.579,6631.846999999998,22.08300935706896,GRAVE_MORTALIDAD,1
6,1,8,0,4,0,-12.967431,-74.713102,0,4,7,1,2,1,0,0,2025,1,4,0,10,1,2,6543.555,2.0,4,4,1.0,14,33,1198.0,0.3648777342527826,72.61386206398959,50.19709555656983,5.638488277525374,444.6393044914551,24733.083511777302,8511.426,1445.3929999999996,2008.516,5057.516999999999,1879.579,6631.846999999998,22.08300935706896,LEVE,2
6,1,5,0,4,0,-7.471807,-78.534956,5,4,7,0,7,2,2,2,2025,1,5,1,1,0,2,6543.555,2.0,4,4,1.0,14,33,1198.0,0.1913741190087475,72.16457305341952,25.12503806840365,3.650270193694703,156.4717005457997,6877.021413276232,15935.565011852366,1733.9250000199986,935.692,13265.948011832368,2000.1670000199988,13935.398011832369,12.551591352627522,GRAVE_MORTALIDAD,1
3,2,12,0,4,1,-7.419061555000607,-79.5350589325773,0,4,7,1,2,2,2,0,2025,1,5,1,6,1,0,6543.555,3.0,2,0,1.0,0,30,1475.0,0.6138517538553948,80.84826225715301,64.49339622566798,9.143362084626023,1095.689060330069,16852.97430406852,8931.828000000005,1335.5899999999997,1935.9830000000004,5660.255000000005,1219.309,7712.519000000005,13.651281686122925,LEVE,2
2,1,14,0,2,4,-12.266720583284222,-76.88368966576117,0,2,7,1,2,2,2,0,2025,1,5,1,11,1,0,6543.555,2.0,4,4,1.0,14,33,1198.0,0.6909236767275176,78.41626133969348,70.97436336767564,9.826485374940413,1476.8351947609171,95908.53319057816,7626.313,1683.4029999999998,1599.0829999999996,4343.827000000001,1814.875,5811.438000000001,23.797541485643197,LEVE,2
3,2,4,0,4,1,-13.3445747,-74.1211239,2,4,0,1,2,2,2,2,2025,1,5,1,18,2,2,7586.903,2.0,2,0,1.0,9,5,1198.0,0.3247312330485405,68.57537050324747,46.66146619568446,5.125443322268163,386.5923984732166,6998.3704496788005,12678.733000000004,1805.074000000001,1774.0339999999994,9099.625000000004,2485.375000000001,10193.358000000002,19.602707936195205,GRAVE_LESIONADOS,0
6,1,20,0,4,3,-16.454531,-69.138518,6,5,6,2,6,2,2,0,2025,1,5,1,20,2,2,6543.555,2.0,4,4,1.0,14,33,1198.0,0.2394362064959017,73.4288503002124,62.51290199484375,6.018616845068367,132.27646614855612,17422.250535331903,13642.312999999998,2020.7790000000005,2354.117,9267.416999999998,3314.0520000000006,10328.260999999997,24.29244952817019,LEVE,2
6,1,5,0,4,1,-7.521706,-78.146309,0,4,0,1,2,1,1,2,2025,1,5,1,22,2,2,9936.932,2.0,2,0,1.0,9,32,3830.0,0.2517980913588912,79.04120044279121,35.01748350135311,3.323753479451267,260.3952910099023,13301.858672376871,15935.565011852366,1733.9250000199986,935.692,13265.948011832368,2000.1670000199988,13935.398011832369,12.551591352627522,LEVE,2
6,1,7,0,4,0,-13.332718703227975,-71.58100818713108,0,4,7,1,1,2,2,2,2025,1,5,1,23,2,2,6543.555,2.0,4,4,1.0,14,33,1198.0,0.2466226927938573,59.50771953912937,42.678907967899015,3.991373779253808,285.51302601039464,12676.173447537472,17779.13499998999,2097.3709999899997,2863.123,12818.640999999989,2878.713,14900.421999989989,16.19152450331032,LEVE,2
0,1,3,2,4,1,-16.37993,-71.57551,0,0,2,1,2,0,1,0,2025,1,5,1,23,2,0,1504.4250000000002,2.0,2,0,1.0,7,25,241.0,0.6411767862503931,77.2408324916572,78.204125011303,10.595705083047717,1107.223861768016,193412.3169164882,10322.272,1495.236,1749.739,7077.2970000000005,2886.595,7435.677000000001,27.964725207783708,LEVE,2
0,1,14,2,4,1,-12.23728,-76.954092,0,0,7,1,2,2,2,0,2025,1,6,1,1,0,0,6639.975,2.0,2,0,1.0,9,31,1616.0,0.6990481232857558,80.14597904142546,74.3851677794309,10.004397644056358,1432.5044292531525,459161.0728051392,7626.313,1683.4029999999998,1599.0829999999996,4343.827000000001,1814.875,5811.438000000001,23.797541485643197,LEVE,2
3,2,5,2,4,1,-5.68531,-78.78899,0,0,7,1,2,2,2,2,2025,1,6,1,9,1,2,7758.33400008,2.0,2,0,1.0,9,20,2133.0,0.5803239946829384,74.49544278598792,68.33065356443184,8.733179344969395,1046.078117086984,102362.46895074946,15935.565011852366,1733.9250000199986,935.692,13265.948011832368,2000.1670000199988,13935.398011832369,12.551591352627522,LEVE,2
10,1,5,0,4,0,-6.968318,-78.796152,5,4,0,1,1,2,2,2,2025,1,6,1,16,3,2,6543.555,2.0,4,4,1.0,14,33,1198.0,0.3630943182971666,77.34490508033709,47.443858335273056,4.592105381754308,477.8334167639122,5564.1049250535325,15935.565011852366,1733.9250000199986,935.692,13265.948011832368,2000.1670000199988,13935.398011832369,12.551591352627522,LEVE,2