CLASE SINIESTRO,CANTIDAD DE VEHICULOS DAÑADOS,DEPARTAMENTO,ZONA,TIPO DE VÍA,RED VIAL,COORDENADAS LATITUD,COORDENADAS  LONGITUD,CONDICIÓN CLIMÁTICA,ZONIFICACIÓN,CARACTERÍSTICAS DE VÍA,PERFIL LONGITUDINAL VÍA,SUPERFICIE DE CALZADA,¿EXISTE SEÑAL VERTICAL?,¿EXISTE SEÑAL HORIZONTAL?,CAUSA FACTOR PRINCIPAL,AÑO,MES,DIA_SEMANA,ES_FIN_SEMANA,HORA_NUM,FRANJA_HORARIA,REGION_NATURAL,MTC_RVN_LONGITUD_KM,MTC_RVN_N_CARRILES_MEDIANA,MTC_RVN_SUPERFICIE_DOMINANTE,MTC_RVN_ESTADO_DOMINANTE,MTC_RVN_ES_CONCESIONADA,MTC_RVN_CONCESION_PRINCIPAL,MTC_RVN_CORREDOR_LOGISTICO,MTC_RVN_N_TRAMOS,IDH_2019,IDH_ESP_VIDA_2019,IDH_EDUC_SECUND_PCT_2019,IDH_ANIOS_EDUC_2019,IDH_INGRESO_PERCAP_2019,IDH_POBLACION_2019,MTC_DEP_RED_TOTAL_KM,MTC_DEP_NACIONAL_TOTAL_KM,MTC_DEP_DEPARTAMENTAL_TOTAL_KM,MTC_DEP_VECINAL_TOTAL_KM,MTC_DEP_PAV_TOTAL_KM,MTC_DEP_NO_PAV_TOTAL_KM,MTC_DEP_PCT_PAVIMENTADA,CATEGORIA_SEVERIDAD,CATEGORIA_SEVERIDAD_ENC
6,1,14,0,4,1,-11.5180918,-77.2407409,0,4,7,1,2,2,2,0,2025,2,6,1,9,1,0,48.79,2.0,2,0,1.0,10,15,19.0,0.6447048661877788,79.92873744030881,69.7224229508107,9.344738893386534,1220.4608925685638,104439.11563169166,7626.313,1683.4029999999998,1599.0829999999996,4343.827000000001,1814.875,5811.438000000001,23.797541485643197,LEVE,2
3,2,7,0,4,1,-12.64993,-72.545248,0,4,0,1,2,2,2,2,2025,2,6,1,11,1,2,3447.8009999999995,1.0,2,3,0.0,9,12,1109.0,0.4297325556987851,76.15904795703717,58.63823936731875,6.097264629229048,579.625724446144,29458.58458244112,17779.13499998999,2097.3709999899997,2863.123,12818.640999999989,2878.713,14900.421999989989,16.19152450331032,LEVE,2
5,1,19,0,4,1,-5.43769,-80.810483,0,4,7,1,2,2,2,0,2025,2,6,1,19,2,0,453.9549999999999,2.0,2,3,0.0,9,32,133.0,0.4078315256639867,72.18782112824292,57.15393862397758,6.1289994455100185,544.340202434044,15803.916488222698,8965.846000060003,1782.4120000599992,636.9959999999999,6546.438000000004,2214.505000059999,6751.341000000004,24.699342371541725,LEVE,2
3,2,23,0,4,1,-3.580603809089447,-80.46970867918775,0,4,7,1,2,2,2,2,2025,2,6,1,20,2,0,6543.555,3.0,2,0,1.0,0,30,1475.0,0.5691277377037675,76.83860361118322,66.3560753457607,8.686409348773196,962.153294603348,23971.755888650965,1009.101,138.47399999999996,287.471,583.156,276.972,732.129,27.447401201663663,LEVE,2
0,1,3,0,4,1,-16.491962,-71.854073,0,4,7,1,2,0,1,0,2025,2,6,1,22,2,0,6639.975,2.0,2,0,1.0,9,31,1616.0,0.6105481451420971,78.10653088113892,68.35418098658066,8.411557426919764,1158.5430895193692,35025.678800856535,10322.272,1495.236,1749.739,7077.2970000000005,2886.595,7435.677000000001,27.964725207783708,LEVE,2
3,2,5,0,4,1,-7.14765895119478,-78.4106155786715,0,4,0,0,2,1,0,2,2025,2,0,0,6,1,2,2760.8550000000005,1.0,1,3,0.0,9,32,1208.0,0.4873182795359782,74.24096566709692,64.6877883123536,6.6248391576573376,776.4319899416191,48280.91862955032,15935.565011852366,1733.9250000199986,935.692,13265.948011832368,2000.1670000199988,13935.398011832369,12.551591352627522,GRAVE_MORTALIDAD,1
6,1,8,0,4,1,-12.3996210445682,-75.0485358727413,0,4,7,1,2,1,1,0,2025,2,1,0,1,0,2,7586.903,2.0,2,0,1.0,9,5,1198.0,0.3197508632812603,73.35600919181914,47.73247021173725,4.747967817478287,352.6352900736821,3265.2034261241965,8511.426,1445.3929999999996,2008.516,5057.516999999999,1879.579,6631.846999999998,22.08300935706896,LEVE,2
3,1,3,2,4,1,-16.109627,-71.629489,5,4,0,0,2,0,1,0,2025,2,1,0,14,3,0,1504.4250000000002,2.0,2,0,1.0,7,25,241.0,0.6005060748875158,78.21704200773246,77.40211893847457,8.994742794352394,996.014120858737,33335.45824411135,10322.272,1495.236,1749.739,7077.2970000000005,2886.595,7435.677000000001,27.964725207783708,GRAVE_MORTALIDAD,1
0,1,14,2,4,1,-12.191107,-76.972735,0,2,7,1,2,2,2,0,2025,2,1,0,23,2,0,6639.975,2.0,2,0,1.0,9,31,1616.0,0.7289998534947872,80.50926319493618,76.9124822838204,10.358587270463827,1551.106643515347,384728.5117773019,7626.313,1683.4029999999998,1599.0829999999996,4343.827000000001,1814.875,5811.438000000001,23.797541485643197,LEVE,2
1,1,14,2,2,4,-12.06989176790404,-77.016826961116,0,0,7,1,2,2,2,0,2025,2,1,0,23,2,0,6543.555,2.0,4,4,1.0,14,33,1198.0,0.7141594849782824,79.90829932185413,74.79179886803175,10.522504814235935,1482.4793645077043,156887.87152034265,7626.313,1683.4029999999998,1599.0829999999996,4343.827000000001,1814.875,5811.438000000001,23.797541485643197,LEVE,2
6,1,14,2,4,1,-11.993569,-76.82844,0,2,7,1,2,2,2,0,2025,2,2,0,4,0,0,875.67,2.0,2,0,1.0,3,14,156.0,0.7410537419693288,80.72873693175681,77.76911521289269,11.20634409407566,1539.7635062745433,43755.852248394,7626.313,1683.4029999999998,1599.0829999999996,4343.827000000001,1814.875,5811.438000000001,23.797541485643197,LEVE,2
1,1,14,2,2,4,-12.17974230849083,-76.93685610505236,0,3,1,1,2,2,2,0,2025,2,2,0,8,1,0,6543.555,2.0,4,4,1.0,14,33,1198.0,0.689811994580126,79.88015655965044,73.89553442371854,9.755251380104111,1409.8432274455126,452660.364025696,7626.313,1683.4029999999998,1599.0829999999996,4343.827000000001,1814.875,5811.438000000001,23.797541485643197,LEVE,2
0,1,14,2,2,4,-12.08141252720953,-77.01889809371944,0,0,7,1,2,2,2,0,2025,2,2,0,11,1,0,6543.555,2.0,4,4,1.0,14,33,1198.0,0.7141594849782824,79.90829932185413,74.79179886803175,10.522504814235935,1482.4793645077043,156887.87152034265,7626.313,1683.4029999999998,1599.0829999999996,4343.827000000001,1814.875,5811.438000000001,23.797541485643197,LEVE,2
0,1,14,2,2,4,-12.160470244692483,-76.98934716155456,0,3,1,1,2,2,2,0,2025,2,2,0,15,3,0,6543.555,2.0,4,4,1.0,14,33,1198.0,0.8017574897902351,80.48487267736287,78.74302427848284,13.156716040468266,1766.1488062170545,359776.608137045,7626.313,1683.4029999999998,1599.0829999999996,4343.827000000001,1814.875,5811.438000000001,23.797541485643197,LEVE,2
5,1,12,0,4,1,-7.2224201402,-79.4384094891,0,4,7,1,2,2,2,0,2025,2,2,0,20,2,0,6543.555,3.0,2,0,1.0,0,30,1475.0,0.5885704819472196,78.81449187577415,72.29060549742594,8.763210867480462,976.1586325354776,48424.389721627405,8931.828000000005,1335.5899999999997,1935.9830000000004,5660.255000000005,1219.309,7712.519000000005,13.651281686122925,LEVE,2
3,2,10,0,4,1,-13.383005,-76.204386,0,4,7,1,2,2,2,0,2025,2,3,0,5,0,0,6639.975,2.0,2,0,1.0,9,31,1616.0,0.5736744275518083,81.67473861808857,68.1608574885675,9.138785887908334,865.1176766860625,26660.92933618844,3721.461,698.1859999999996,744.866,2278.409,1102.9029999999996,2618.558,29.636290693359403,LEVE,2
10,1,14,2,2,4,-12.05070178114465,-76.95537474495718,0,2,7,1,2,2,2,0,2025,2,3,0,5,0,0,6543.555,2.0,4,4,1.0,14,33,1198.0,0.7347309224519117,80.70014842215761,76.47981423089655,10.519505095866096,1571.8150981252256,229834.5310492505,7626.313,1683.4029999999998,1599.0829999999996,4343.827000000001,1814.875,5811.438000000001,23.797541485643197,LEVE,2
0,1,14,2,2,4,-12.061589126116075,-76.9533148487278,0,2,7,1,2,2,2,0,2025,2,3,0,16,3,0,6543.555,2.0,4,4,1.0,14,33,1198.0,0.8452166148253858,80.64766902313956,78.16154022078278,14.700269515657656,1939.4672090018812,160839.29764453962,7626.313,1683.4029999999998,1599.0829999999996,4343.827000000001,1814.875,5811.438000000001,23.797541485643197,LEVE,2
3,1,3,2,4,1,-16.679576,-71.870924,0,2,7,1,2,1,1,0,2025,2,3,0,22,2,0,6639.975,2.0,2,0,1.0,9,31,1616.0,0.6105481451420971,78.10653088113892,68.35418098658066,8.411557426919764,1158.5430895193692,35025.678800856535,10322.272,1495.236,1749.739,7077.2970000000005,2886.595,7435.677000000001,27.964725207783708,LEVE,2
6,1,4,2,2,4,-13.161562724023874,-74.21126818084073,0,3,7,1,2,1,0,2,2025,2,4,0,0,0,2,6543.555,2.0,4,4,1.0,14,33,1198.0,0.4899437684165864,67.47987002059479,71.17852875589804,8.937906787668284,719.5543619178692,35359.0,12678.733000000004,1805.074000000001,1774.0339999999994,9099.625000000004,2485.375000000001,10193.358000000002,19.602707936195205,LEVE,2
6,1,14,2,2,4,-12.080369729132563,-77.00304106006965,0,3,1,1,2,1,0,0,2025,2,4,0,2,0,0,6543.555,2.0,4,4,1.0,14,33,1198.0,0.7932581306844921,81.51631118964869,80.69904096659818,11.778592694814522,1769.655750737171,53672.69593147752,7626.313,1683.4029999999998,1599.0829999999996,4343.827000000001,1814.875,5811.438000000001,23.797541485643197,LEVE,2
6,1,19,0,4,2,-5.20084920919129,-79.4771448484935,0,4,7,1,2,2,2,0,2025,2,4,0,3,0,0,6543.555,2.0,4,4,1.0,14,33,1198.0,0.341904333393324,65.35963059310035,62.21769324538303,5.350982713855533,406.3194918886913,29126.03426124197,8965.846000060003,1782.4120000599992,636.9959999999999,6546.438000000004,2214.505000059999,6751.341000000004,24.699342371541725,GRAVE_MORTALIDAD,1
1,1,20,2,6,4,-15.837482,-70.025428,6,5,6,2,6,2,2,0,2025,2,5,1,2,0,2,6543.555,2.0,4,4,1.0,14,33,1198.0,0.6488901960567479,69.67312345830231,82.12448375199249,11.701623814093702,1230.336353415943,144745.3597430407,13642.312999999998,2020.7790000000005,2354.117,9267.416999999998,3314.0520000000006,10328.260999999997,24.29244952817019,LEVE,2
6,1,12,0,4,2,-7.7602013616,-78.4165422249,0,4,7,1,2,2,2,0,2025,2,5,1,3,0,0,6543.555,2.0,4,4,1.0,14,33,1198.0,0.1883083184611077,75.93360618381381,28.79507521744373,3.260895439511201,147.65429669929867,24235.73233404711,8931.828000000005,1335.5899999999997,1935.9830000000004,5660.255000000005,1219.309,7712.519000000005,13.651281686122925,LEVE,2
3,1,3,2,4,1,-15.877421,-74.171943,0,4,1,0,2,1,1,0,2025,2,5,1,16,3,0,6639.975,2.0,2,0,1.0,9,31,1616.0,0.6631877816162056,85.0,62.38032208961896,9.195113194516647,1296.462734377275,5426.683083511777,10322.272,1495.236,1749.739,7077.2970000000005,2886.595,7435.677000000001,27.964725207783708,LEVE,2
6,1,12,0,4,0,-7.894523267982306,-77.94596723055506,0,4,7,1,7,2,2,0,2025,2,5,1,16,3,0,6543.555,2.0,4,4,1.0,14,33,1198.0,0.1172719909274447,77.44715343374133,33.904645034075095,2.913801384108335,62.88944304653509,8213.20556745182,8931.828000000005,1335.5899999999997,1935.9830000000004,5660.255000000005,1219.309,7712.519000000005,13.651281686122925,GRAVE_MORTALIDAD,1
6,1,14,0,4,2,-11.4167312,-77.2921387,0,4,7,1,2,2,2,0,2025,2,5,1,22,2,0,6543.555,2.0,4,4,1.0,14,33,1198.0,0.6447048661877788,79.92873744030881,69.7224229508107,9.344738893386534,1220.4608925685638,104439.11563169166,7626.313,1683.4029999999998,1599.0829999999996,4343.827000000001,1814.875,5811.438000000001,23.797541485643197,LEVE,2
0,1,14,2,4,1,-11.826077,-77.121776,0,0,7,1,2,2,2,0,2025,2,5,1,23,2,0,6543.555,3.0,2,0,1.0,0,30,1475.0,0.6632628912836565,79.15155564666024,73.19223743118206,9.629669813837666,1289.452647666346,383699.2119914347,7626.313,1683.4029999999998,1599.0829999999996,4343.827000000001,1814.875,5811.438000000001,23.797541485643197,LEVE,2
0,1,10,2,4,1,-13.444899,-76.13558,6,5,6,2,6,2,2,0,2025,2,5,1,23,2,0,6639.975,2.0,2,0,1.0,9,31,1616.0,0.5587971735938619,78.87090394897412,58.2444201812792,8.651099683361522,938.67731243416,8209.766595289078,3721.461,698.1859999999996,744.866,2278.409,1102.9029999999996,2618.558,29.636290693359403,LEVE,2
0,1,14,2,4,1,-11.980798,-76.792217,0,3,7,1,2,2,2,0,2025,2,6,1,2,0,0,875.67,2.0,2,0,1.0,3,14,156.0,0.7410537419693288,80.72873693175681,77.76911521289269,11.20634409407566,1539.7635062745433,43755.852248394,7626.313,1683.4029999999998,1599.0829999999996,4343.827000000001,1814.875,5811.438000000001,23.797541485643197,LEVE,2
0,1,14,2,4,1,-12.0407342401879,-77.01728822773019,0,0,7,1,2,2,2,0,2025,2,6,1,3,0,0,6543.555,3.0,2,0,1.0,0,30,1475.0,0.7300036506368504,80.21724456394445,75.11639588359114,10.636845733066124,1559.041185521695,156759.78800856532,7626.313,1683.4029999999998,1599.0829999999996,4343.827000000001,1814.875,5811.438000000001,23.797541485643197,LEVE,2
6,1,20,0,4,3,-16.160242,-70.070883,6,5,6,2,6,2,2,0,2025,2,6,1,5,0,2,6543.555,2.0,4,4,1.0,14,33,1198.0,0.3279226888241855,68.17036545870775,72.54908010508095,6.085205709416528,293.1898870593515,5184.3083511777295,13642.312999999998,2020.7790000000005,2354.117,9267.416999999998,3314.0520000000006,10328.260999999997,24.29244952817019,LEVE,2
6,1,14,0,4,1,-12.397032,-76.758067,0,4,7,1,2,2,2,0,2025,2,6,1,6,1,0,6639.975,2.0,2,0,1.0,9,31,1616.0,0.7238335901083031,79.66547280467641,76.37525886646478,10.576617527878618,1528.3977840301418,8667.355460385439,7626.313,1683.4029999999998,1599.0829999999996,4343.827000000001,1814.875,5811.438000000001,23.797541485643197,LEVE,2
3,3,5,2,6,4,-6.37762854102387,-78.8145888568229,0,0,7,1,4,2,2,0,2025,2,6,1,11,1,2,6543.555,2.0,4,4,1.0,14,33,1198.0,0.3988811935496497,76.27795285736048,52.72074369701245,5.402568072747514,535.5131446860119,52449.71734475375,15935.565011852366,1733.9250000199986,935.692,13265.948011832368,2000.1670000199988,13935.398011832369,12.551591352627522,LEVE,2
3,1,14,2,2,4,-11.934025691395728,-77.06116072127766,0,3,7,1,2,2,2,0,2025,2,6,1,14,3,0,6543.555,2.0,4,4,1.0,14,33,1198.0,0.7218926988400113,80.0902077245261,77.9581888264889,10.971588327733102,1458.3206086290393,530000.3426124197,7626.313,1683.4029999999998,1599.0829999999996,4343.827000000001,1814.875,5811.438000000001,23.797541485643197,LEVE,2
0,1,3,2,4,1,-17.00552,-72.014936,5,2,7,1,2,1,1,0,2025,2,6,1,18,2,0,1926.94,2.0,2,0,1.0,9,32,393.0,0.6456305778571253,75.67334095395331,77.09261911098552,10.479683603540597,1179.2653123056473,21630.747323340474,10322.272,1495.236,1749.739,7077.2970000000005,2886.595,7435.677000000001,27.964725207783708,LEVE,2
0,1,20,0,4,1,-16.560755,-69.04202,0,4,7,1,2,2,2,2,2025,2,6,1,19,2,2,7586.903,2.0,2,0,1.0,9,5,1198.0,0.4241160460464029,74.28732425011668,75.63340579586843,8.070404038634907,431.1198673050291,28095.749464668093,13642.312999999998,2020.7790000000005,2354.117,9267.416999999998,3314.0520000000006,10328.260999999997,24.29244952817019,LEVE,2
5,1,20,0,4,0,-16.34003,-69.048818,6,5,6,2,6,2,2,0,2025,2,6,1,20,2,2,6543.555,2.0,4,4,1.0,14,33,1198.0,0.4165447461855686,74.77127585660097,73.32833413464006,6.399479128468322,475.6850527085419,23516.528907922908,13642.312999999998,2020.7790000000005,2354.117,9267.416999999998,3314.0520000000006,10328.260999999997,24.29244952817019,LEVE,2
1,1,14,2,4,1,-12.250098,-76.930909,0,0,7,1,2,2,2,0,2025,2,6,1,20,2,0,6639.975,2.0,2,0,1.0,9,31,1616.0,0.6909236767275176,78.41626133969348,70.97436336767564,9.826485374940413,1476.8351947609171,95908.53319057816,7626.313,1683.4029999999998,1599.0829999999996,4343.827000000001,1814.875,5811.438000000001,23.797541485643197,LEVE,2
6,1,12,0,4,2,-8.0326868432,-78.7963548628,0,4,7,1,7,2,2,0,2025,2,0,0,20,2,0,6543.555,2.0,4,4,1.0,14,33,1198.0,0.4479863437982818,78.23688749367776,52.08375947486971,6.220725749508742,655.2918384838929,2524.458244111349,8931.828000000005,1335.5899999999997,1935.9830000000004,5660.255000000005,1219.309,7712.519000000005,13.651281686122925,LEVE,2
0,1,20,0,4,1,-15.890218,-69.888463,6,5,6,2,6,2,2,2,2025,2,1,0,10,1,2,7586.903,2.0,2,0,1.0,9,5,1198.0,0.3492776286092784,69.0024577433395,71.96566663107897,6.507478728969356,328.2181581851397,6084.453961456104,13642.312999999998,2020.7790000000005,2354.117,9267.416999999998,3314.0520000000006,10328.260999999997,24.29244952817019,LEVE,2
6,1,14,2,4,1,-12.009017,-76.864641,0,0,7,1,2,2,2,0,2025,2,1,0,23,2,0,875.67,2.0,2,0,1.0,3,14,156.0,0.6868549636939637,79.62363164345142,76.30894566128948,9.209137883551294,1425.4498631666322,684921.8484148846,7626.313,1683.4029999999998,1599.0829999999996,4343.827000000001,1814.875,5811.438000000001,23.797541485643197,LEVE,2
7,0,4,0,4,3,-13.012644,-74.223282,2,4,0,0,7,2,2,2,2025,2,2,0,17,3,2,6543.555,2.0,4,4,1.0,14,33,1198.0,0.3182118584685479,77.25150459408908,52.46529757884336,4.999497882050312,300.2684757394725,4462.792057970449,12678.733000000004,1805.074000000001,1774.0339999999994,9099.625000000004,2485.375000000001,10193.358000000002,19.602707936195205,LEVE,2
0,1,14,2,4,1,-12.314491,-76.832649,0,0,7,1,2,2,2,0,2025,2,3,0,2,0,0,6639.975,2.0,2,0,1.0,9,31,1616.0,0.6959889140821508,77.1307027422061,67.89627023388005,10.144340935046175,1549.2819792545554,12550.856531049252,7626.313,1683.4029999999998,1599.0829999999996,4343.827000000001,1814.875,5811.438000000001,23.797541485643197,LEVE,2
7,2,14,0,4,1,-11.607227,-77.2401868,0,4,4,1,2,1,0,0,2025,2,4,0,1,0,0,6543.555,3.0,2,0,1.0,0,30,1475.0,0.6328991168419597,79.8522840328396,72.51785912375117,8.65057438382499,1190.6734036432963,65701.61456102783,7626.313,1683.4029999999998,1599.0829999999996,4343.827000000001,1814.875,5811.438000000001,23.797541485643197,GRAVE_MORTALIDAD,1
1,1,12,0,4,2,-7.455450007642637,-79.51805305431442,0,4,7,1,7,2,2,0,2025,2,4,0,15,3,0,6543.555,2.0,4,4,1.0,14,33,1198.0,0.6138517538553948,80.84826225715301,64.49339622566798,9.143362084626023,1095.689060330069,16852.97430406852,8931.828000000005,1335.5899999999997,1935.9830000000004,5660.255000000005,1219.309,7712.519000000005,13.651281686122925,LEVE,2
6,1,19,0,4,1,-5.177138,-80.562283,0,4,7,1,2,2,2,0,2025,2,4,0,16,3,0,1305.18,2.0,2,0,1.0,1,20,163.0,0.6220812987247925,80.20155828147696,72.71675503872983,10.02377668600292,1028.915688621886,159840.92719486082,8965.846000060003,1782.4120000599992,636.9959999999999,6546.438000000004,2214.505000059999,6751.341000000004,24.699342371541725,LEVE,2
6,1,19,0,4,2,-5.486393,-79.366206,0,4,0,1,7,2,2,0,2025,2,4,0,20,2,0,6543.555,2.0,4,4,1.0,14,33,1198.0,0.2282818400171304,64.81573407743915,33.825414350143774,4.002083561699308,227.94487715784868,7803.004282655245,8965.846000060003,1782.4120000599992,636.9959999999999,6546.438000000004,2214.505000059999,6751.341000000004,24.699342371541725,LEVE,2
1,1,3,2,4,1,-16.305901,-71.616539,2,3,7,1,2,1,1,0,2025,2,4,0,22,2,0,1504.4250000000002,2.0,2,0,1.0,7,25,241.0,0.6005060748875158,78.21704200773246,77.40211893847457,8.994742794352394,996.014120858737,33335.45824411135,10322.272,1495.236,1749.739,7077.2970000000005,2886.595,7435.677000000001,27.964725207783708,LEVE,2
3,1,7,0,4,1,-13.497872,-72.035011,0,4,7,1,2,2,2,2,2025,2,5,1,3,0,2,7586.903,2.0,2,0,1.0,9,5,1198.0,0.5274412304401489,73.00425188546517,71.95231209856809,7.816640161557368,853.7578403213545,6254.190578158458,17779.13499998999,2097.3709999899997,2863.123,12818.640999999989,2878.713,14900.421999989989,16.19152450331032,LEVE,2
1,1,14,2,2,4,-12.031580484526938,-76.93158047333715,0,0,7,1,2,1,0,0,2025,2,5,1,8,1,0,6543.555,2.0,4,4,1.0,14,33,1198.0,0.6868549636939637,79.62363164345142,76.30894566128948,9.209137883551294,1425.4498631666322,684921.8484148846,7626.313,1683.4029999999998,1599.0829999999996,4343.827000000001,1814.875,5811.438000000001,23.797541485643197,LEVE,2
0,1,12,2,4,1,-8.195911184436715,-78.98995040338481,0,2,7,1,2,2,2,0,2025,2,5,1,12,3,0,29.81,3.0,2,0,1.0,11,32,10.0,0.5704872313485707,78.73040511828864,66.00991236238886,8.931371175352043,922.6441961800402,20630.58672376873,8931.828000000005,1335.5899999999997,1935.9830000000004,5660.255000000005,1219.309,7712.519000000005,13.651281686122925,LEVE,2
0,1,5,0,4,1,-6.721302,-78.558327,0,4,7,0,2,2,2,4,2025,2,5,1,13,3,2,9936.932,2.0,2,0,1.0,9,32,3830.0,0.4526491117658796,79.17132243679694,59.43910685558323,5.161528057531929,710.0305343071761,15625.811563169163,15935.565011852366,1733.9250000199986,935.692,13265.948011832368,2000.1670000199988,13935.398011832369,12.551591352627522,LEVE,2
3,2,12,2,4,1,-8.1544961538,-79.012340231,0,2,7,1,2,2,2,0,2025,2,5,1,23,2,0,6543.555,3.0,2,0,1.0,0,30,1475.0,0.618325375347301,78.45577068094175,66.18977766598024,9.47415720612109,1128.5991234425228,37258.80942184154,8931.828000000005,1335.5899999999997,1935.9830000000004,5660.255000000005,1219.309,7712.519000000005,13.651281686122925,LEVE,2
3,2,12,0,4,1,-7.7533495158,-79.2777112142,0,4,7,1,2,2,2,0,2025,2,6,1,2,0,0,6543.555,3.0,2,0,1.0,0,30,1475.0,0.5345074857798321,76.79673752589963,64.57887254166187,7.835494818831411,867.2803588353443,27037.03854389721,8931.828000000005,1335.5899999999997,1935.9830000000004,5660.255000000005,1219.309,7712.519000000005,13.651281686122925,LEVE,2
1,1,12,0,4,1,-8.442423758023782,-78.74968879992255,0,4,7,1,2,2,2,0,2025,2,6,1,5,0,0,6543.555,3.0,2,0,1.0,0,30,1475.0,0.5051395598219868,77.13285387085847,51.52067479184955,6.715328807318118,900.900383457586,67612.41755888652,8931.828000000005,1335.5899999999997,1935.9830000000004,5660.255000000005,1219.309,7712.519000000005,13.651281686122925,LEVE,2
5,1,14,2,4,1,-11.867788,-77.072475,0,2,7,1,2,2,2,0,2025,2,6,1,5,0,0,6543.555,3.0,2,0,1.0,0,30,1475.0,0.6632628912836565,79.15155564666024,73.19223743118206,9.629669813837666,1289.452647666346,383699.2119914347,7626.313,1683.4029999999998,1599.0829999999996,4343.827000000001,1814.875,5811.438000000001,23.797541485643197,LEVE,2
3,2,20,0,4,0,-15.7933474,-70.3470706,0,4,7,1,2,2,2,2,2025,2,6,1,6,1,2,6543.555,2.0,4,4,1.0,14,33,1198.0,0.4360760481245086,71.86716529022274,75.80287611739901,6.733277286170152,544.9407922012352,5132.002141327624,13642.312999999998,2020.7790000000005,2354.117,9267.416999999998,3314.0520000000006,10328.260999999997,24.29244952817019,LEVE,2
3,1,19,0,4,1,-5.780642,-79.39637,6,5,6,2,6,2,2,0,2025,2,6,1,7,1,0,9936.932,2.0,2,0,1.0,9,32,3830.0,0.2117580020098525,65.37756662211437,42.30794939557186,3.975264599118591,171.62326554814578,38712.25053533191,8965.846000060003,1782.4120000599992,636.9959999999999,6546.438000000004,2214.505000059999,6751.341000000004,24.699342371541725,LEVE,2
6,1,7,0,4,2,-12.7371479817777,-73.1319760861093,0,4,7,0,4,2,2,1,2025,2,6,1,13,3,2,6543.555,2.0,4,4,1.0,14,33,1198.0,0.4297325556987851,76.15904795703717,58.63823936731875,6.097264629229048,579.625724446144,29458.58458244112,17779.13499998999,2097.3709999899997,2863.123,12818.640999999989,2878.713,14900.421999989989,16.19152450331032,GRAVE_LESIONADOS,0
1,1,14,0,4,1,-11.1920014,-76.6458709,2,4,5,0,1,1,0,0,2025,2,6,1,16,3,0,782.3000000000001,-1.0,0,0,1.0,9,15,161.0,0.5008795105432349,82.40350546439113,44.83847830254029,7.649487307453444,788.3371710884976,319.7558886509637,7626.313,1683.4029999999998,1599.0829999999996,4343.827000000001,1814.875,5811.438000000001,23.797541485643197,LEVE,2
0,1,14,2,4,1,-12.0943478111155,-76.98057726840962,0,3,7,1,2,2,2,0,2025,2,6,1,19,2,0,6639.975,2.0,2,0,1.0,9,31,1616.0,0.8236163632543221,80.64134543571234,78.76297514209003,13.635913030045838,1867.8532062234744,106584.52890792293,7626.313,1683.4029999999998,1599.0829999999996,4343.827000000001,1814.875,5811.438000000001,23.797541485643197,LEVE,2
3,1,14,2,4,1,-12.362247,-76.794153,0,4,7,1,2,2,2,0,2025,2,0,0,6,1,0,6639.975,2.0,2,0,1.0,9,31,1616.0,0.6997623570346938,76.1024633480164,67.4916969677081,10.594360693484372,1568.8925177861563,8292.871520342613,7626.313,1683.4029999999998,1599.0829999999996,4343.827000000001,1814.875,5811.438000000001,23.797541485643197,GRAVE_MORTALIDAD,1
0,1,7,0,4,1,-13.6846127,-71.651448,0,4,0,1,2,2,2,4,2025,2,0,0,9,1,2,7586.903,2.0,2,0,1.0,9,5,1198.0,0.4283714433870919,66.43187764474756,58.40915961759468,7.113360857534741,635.2250698338239,4265.441113490365,17779.13499998999,2097.3709999899997,2863.123,12818.640999999989,2878.713,14900.421999989989,16.19152450331032,LEVE,2
6,1,7,0,4,1,-13.2645,-72.2665,0,4,7,1,2,2,2,2,2025,2,0,0,11,1,2,3447.8009999999995,1.0,2,3,0.0,9,12,1109.0,0.4436910265814239,73.23231952981627,68.31759937357421,6.347812015893606,607.5963608103546,11277.284796573877,17779.13499998999,2097.3709999899997,2863.123,12818.640999999989,2878.713,14900.421999989989,16.19152450331032,GRAVE_MORTALIDAD,1
3,2,12,0,4,1,-8.41220326274806,-78.80055960047112,0,4,7,1,2,2,2,0,2025,2,0,0,17,3,0,6543.555,3.0,2,0,1.0,0,30,1475.0,0.5051395598219868,77.13285387085847,51.52067479184955,6.715328807318118,900.900383457586,67612.41755888652,8931.828000000005,1335.5899999999997,1935.9830000000004,5660.255000000005,1219.309,7712.519000000005,13.651281686122925,LEVE,2
3,1,7,0,2,4,-14.792322,-71.402907,0,4,7,1,2,2,2,1,2025,2,0,0,22,2,2,6543.555,2.0,4,4,1.0,14,33,1198.0,0.553052655456334,69.21726434550523,74.04128761826507,8.709280027519238,977.6848841665504,33976.192719486084,17779.13499998999,2097.3709999899997,2863.123,12818.640999999989,2878.713,14900.421999989989,16.19152450331032,LEVE,2
6,1,7,0,4,1,-13.5828,-71.0349,0,4,0,1,2,2,2,2,2025,2,0,0,22,2,2,3263.58,2.0,2,0,1.0,5,18,566.0,0.2049706052549527,63.12869858831351,30.49288384590369,3.8435928225617033,194.4551977882597,4199.537473233405,17779.13499998999,2097.3709999899997,2863.123,12818.640999999989,2878.713,14900.421999989989,16.19152450331032,LEVE,2