CLASE SINIESTRO,CANTIDAD DE VEHICULOS DAÑADOS,DEPARTAMENTO,ZONA,TIPO DE VÍA,RED VIAL,COORDENADAS LATITUD,COORDENADAS  LONGITUD,CONDICIÓN CLIMÁTICA,ZONIFICACIÓN,CARACTERÍSTICAS DE VÍA,PERFIL LONGITUDINAL VÍA,SUPERFICIE DE CALZADA,¿EXISTE SEÑAL VERTICAL?,¿EXISTE SEÑAL HORIZONTAL?,CAUSA FACTOR PRINCIPAL,AÑO,MES,DIA_SEMANA,ES_FIN_SEMANA,HORA_NUM,FRANJA_HORARIA,REGION_NATURAL,MTC_RVN_LONGITUD_KM,MTC_RVN_N_CARRILES_MEDIANA,MTC_RVN_SUPERFICIE_DOMINANTE,MTC_RVN_ESTADO_DOMINANTE,MTC_RVN_ES_CONCESIONADA,MTC_RVN_CONCESION_PRINCIPAL,MTC_RVN_CORREDOR_LOGISTICO,MTC_RVN_N_TRAMOS,IDH_2019,IDH_ESP_VIDA_2019,IDH_EDUC_SECUND_PCT_2019,IDH_ANIOS_EDUC_2019,IDH_INGRESO_PERCAP_2019,IDH_POBLACION_2019,MTC_DEP_RED_TOTAL_KM,MTC_DEP_NACIONAL_TOTAL_KM,MTC_DEP_DEPARTAMENTAL_TOTAL_KM,MTC_DEP_VECINAL_TOTAL_KM,MTC_DEP_PAV_TOTAL_KM,MTC_DEP_NO_PAV_TOTAL_KM,MTC_DEP_PCT_PAVIMENTADA,CATEGORIA_SEVERIDAD,CATEGORIA_SEVERIDAD_ENC
6,1,5,0,4,1,-6.677202,-78.4457155,5,4,7,0,1,2,2,2,2025,2,1,0,6,1,2,6543.555,3.0,2,0,1.0,0,30,1475.0,0.3484871558022944,76.33677469666252,53.28672218475212,4.131981838863427,447.1658531581213,76209.5845824411,15935.565011852366,1733.9250000199986,935.692,13265.948011832368,2000.1670000199988,13935.398011832369,12.551591352627522,GRAVE_LESIONADOS,0
6,1,5,0,4,1,-7.21733167378776,-78.287311380923,0,4,0,0,2,2,2,0,2025,2,1,0,7,1,2,9936.932,2.0,2,0,1.0,9,32,3830.0,0.2723221878437338,73.9254469105048,35.794306883925714,3.6855018180311454,315.0310385486801,10335.051391862957,15935.565011852366,1733.9250000199986,935.692,13265.948011832368,2000.1670000199988,13935.398011832369,12.551591352627522,LEVE,2
0,1,12,2,2,4,-8.0769660086,-79.0472639097,0,3,7,1,2,2,2,0,2025,2,1,0,16,3,0,6543.555,2.0,4,4,1.0,14,33,1198.0,0.5961574154611067,78.8610661942771,67.40352037574897,9.291971962737568,1010.620438228636,197397.5888650964,8931.828000000005,1335.5899999999997,1935.9830000000004,5660.255000000005,1219.309,7712.519000000005,13.651281686122925,LEVE,2
3,1,14,2,2,4,-12.163632294391675,-76.97293924414218,0,0,7,1,2,2,2,0,2025,2,1,0,18,2,0,6543.555,2.0,4,4,1.0,14,33,1198.0,0.7289998534947872,80.50926319493618,76.9124822838204,10.358587270463827,1551.106643515347,384728.5117773019,7626.313,1683.4029999999998,1599.0829999999996,4343.827000000001,1814.875,5811.438000000001,23.797541485643197,LEVE,2
1,1,14,2,2,4,-12.09148149624209,-77.07320447513847,0,0,7,1,2,2,2,0,2025,2,1,0,19,2,0,6543.555,2.0,4,4,1.0,14,33,1198.0,0.8339285469381142,80.46197140280118,79.64957679364637,12.999280633187066,1986.2672977119664,57878.755888650965,7626.313,1683.4029999999998,1599.0829999999996,4343.827000000001,1814.875,5811.438000000001,23.797541485643197,LEVE,2
3,2,12,0,4,1,-7.1266672765,-79.4788191263,0,4,7,1,2,2,2,0,2025,2,2,0,5,0,0,6543.555,3.0,2,0,1.0,0,30,1475.0,0.5114727232493018,78.60606800160349,61.153108160372966,6.422343227671115,862.4189512831092,24701.19700214133,8931.828000000005,1335.5899999999997,1935.9830000000004,5660.255000000005,1219.309,7712.519000000005,13.651281686122925,GRAVE_LESIONADOS,0
0,1,14,2,4,1,-12.041021196755414,-77.01780613195449,0,0,7,1,2,2,2,0,2025,2,2,0,19,2,0,6543.555,3.0,2,0,1.0,0,30,1475.0,0.7300036506368504,80.21724456394445,75.11639588359114,10.636845733066124,1559.041185521695,156759.78800856532,7626.313,1683.4029999999998,1599.0829999999996,4343.827000000001,1814.875,5811.438000000001,23.797541485643197,GRAVE_MORTALIDAD,1
3,1,20,2,2,4,-16.219494930604036,-69.47583312348367,6,5,6,2,6,2,2,0,2025,2,3,0,22,2,2,6543.555,2.0,4,4,1.0,14,33,1198.0,0.4138545322335047,72.42365757071663,75.18782800461412,7.422478928805024,440.156451811849,19964.802997858675,13642.312999999998,2020.7790000000005,2354.117,9267.416999999998,3314.0520000000006,10328.260999999997,24.29244952817019,LEVE,2
3,2,5,0,4,1,-7.190046,-78.47066,0,4,7,1,2,2,2,2,2025,2,4,0,5,0,2,9936.932,2.0,2,0,1.0,9,32,3830.0,0.3658867820676106,77.61736312988027,56.72232982291409,4.846126768330761,429.7048027279435,5469.092077087795,15935.565011852366,1733.9250000199986,935.692,13265.948011832368,2000.1670000199988,13935.398011832369,12.551591352627522,LEVE,2
6,1,5,0,4,2,-6.96484029921193,-78.3068928226549,2,4,7,1,1,2,2,2,2025,2,4,0,7,1,2,6543.555,2.0,4,4,1.0,14,33,1198.0,0.243053644302323,73.90270235965185,51.84880176180712,3.14586410045298,230.8916536163861,8131.117773019272,15935.565011852366,1733.9250000199986,935.692,13265.948011832368,2000.1670000199988,13935.398011832369,12.551591352627522,LEVE,2
3,2,5,0,4,2,-6.818408,-78.287364,0,4,7,1,1,2,2,2,2025,2,4,0,7,1,2,6543.555,2.0,4,4,1.0,14,33,1198.0,0.1969680140647228,72.48969518629403,34.151755804191964,3.1046095671239224,169.35483033030215,11733.86295503212,15935.565011852366,1733.9250000199986,935.692,13265.948011832368,2000.1670000199988,13935.398011832369,12.551591352627522,LEVE,2
0,1,14,2,2,4,-11.984292813246476,-77.06789078790082,0,3,7,1,2,2,2,0,2025,2,5,1,9,1,0,6543.555,2.0,4,4,1.0,14,33,1198.0,0.758462599563312,80.5192231989937,79.20045639149897,11.33839041452458,1628.5661148492152,363987.54389721627,7626.313,1683.4029999999998,1599.0829999999996,4343.827000000001,1814.875,5811.438000000001,23.797541485643197,LEVE,2
3,1,19,0,4,1,-5.1470957434447,-80.2674267210453,0,4,7,1,2,2,2,2,2025,2,5,1,18,2,0,1305.18,2.0,2,0,1.0,1,20,163.0,0.4653748048968089,74.19666709322776,61.11371397478021,6.596218102126203,701.9088264424688,75914.02997858672,8965.846000060003,1782.4120000599992,636.9959999999999,6546.438000000004,2214.505000059999,6751.341000000004,24.699342371541725,LEVE,2
1,1,7,0,4,1,-13.608327,-71.747919,0,4,7,1,2,0,1,0,2025,2,5,1,23,2,2,7586.903,2.0,2,0,1.0,9,5,1198.0,0.4475472256372688,60.13165495576951,63.56521874336077,7.651720948254891,772.3586316120596,4267.871520342612,17779.13499998999,2097.3709999899997,2863.123,12818.640999999989,2878.713,14900.421999989989,16.19152450331032,LEVE,2
0,1,14,2,4,1,-12.161960285368345,-76.98191405002699,0,0,7,1,2,2,2,0,2025,2,6,1,2,0,0,6639.975,2.0,2,0,1.0,9,31,1616.0,0.7289998534947872,80.50926319493618,76.9124822838204,10.358587270463827,1551.106643515347,384728.5117773019,7626.313,1683.4029999999998,1599.0829999999996,4343.827000000001,1814.875,5811.438000000001,23.797541485643197,LEVE,2
0,1,19,0,4,1,-5.382071,-80.739433,0,4,7,1,2,2,2,0,2025,2,6,1,3,0,0,453.9549999999999,2.0,2,3,0.0,9,32,133.0,0.4687740488762445,76.40259786416358,62.39999678810319,6.714528273892864,672.8003583579583,43346.27408993576,8965.846000060003,1782.4120000599992,636.9959999999999,6546.438000000004,2214.505000059999,6751.341000000004,24.699342371541725,LEVE,2
3,1,14,0,4,1,-11.801137,-77.138089,0,4,7,1,2,2,2,0,2025,2,0,0,3,0,0,6543.555,3.0,2,0,1.0,0,30,1475.0,0.6688889885290078,77.65971620762488,72.11797581870952,9.343568875150348,1392.9562465448405,54956.252676659526,7626.313,1683.4029999999998,1599.0829999999996,4343.827000000001,1814.875,5811.438000000001,23.797541485643197,GRAVE_MORTALIDAD,1
1,1,21,0,4,2,-5.922418,-77.300435,7,4,7,1,2,2,2,0,2025,2,0,0,7,1,1,6543.555,2.0,4,4,1.0,14,33,1198.0,0.4789759027469384,73.43778249935497,54.01635312204597,6.285279694551369,847.2910954428505,47552.6295503212,5645.136,815.0759999999999,965.298,3864.762,1013.406,4631.73,17.95184385283189,LEVE,2
6,1,7,0,4,0,-13.0495384780384,-72.9004808251881,5,4,5,0,1,2,2,6,2025,2,0,0,7,1,2,6543.555,2.0,4,4,1.0,14,33,1198.0,0.3248653336818013,75.79998450453292,52.19788001773824,5.638593201930974,300.73355652354127,14163.826552462526,17779.13499998999,2097.3709999899997,2863.123,12818.640999999989,2878.713,14900.421999989989,16.19152450331032,LEVE,2
6,1,3,2,7,4,-16.321459,-71.54468,5,4,2,0,7,2,2,0,2025,2,0,0,16,3,0,6543.555,2.0,4,4,1.0,14,33,1198.0,0.6738551636003771,78.16730405462371,80.12651178794934,11.26654579524565,1199.6180061497348,97926.27408993576,10322.272,1495.236,1749.739,7077.2970000000005,2886.595,7435.677000000001,27.964725207783708,LEVE,2
6,1,12,0,4,0,-8.074350010507949,-78.42064613168603,0,4,7,1,7,2,2,0,2025,2,1,0,0,0,0,6543.555,2.0,4,4,1.0,14,33,1198.0,0.2726428708882756,71.9300278838022,48.53498064218564,4.17554913360854,259.147827213591,9272.098501070664,8931.828000000005,1335.5899999999997,1935.9830000000004,5660.255000000005,1219.309,7712.519000000005,13.651281686122925,LEVE,2
3,1,14,2,4,1,-12.117231,-76.977406,0,1,7,1,2,2,2,0,2025,2,1,0,5,0,0,6639.975,2.0,2,0,1.0,9,31,1616.0,0.8017574897902351,80.48487267736287,78.74302427848284,13.156716040468266,1766.1488062170545,359776.608137045,7626.313,1683.4029999999998,1599.0829999999996,4343.827000000001,1814.875,5811.438000000001,23.797541485643197,LEVE,2
6,1,14,0,4,2,-11.3754942,-76.7928833,0,4,5,0,7,2,2,0,2025,2,1,0,6,1,0,6543.555,2.0,4,4,1.0,14,33,1198.0,0.5223306587904181,80.65108423706062,61.98260235939393,8.693711667135178,725.4207091901505,775.5096359743038,7626.313,1683.4029999999998,1599.0829999999996,4343.827000000001,1814.875,5811.438000000001,23.797541485643197,GRAVE_LESIONADOS,0
3,2,12,0,4,1,-8.05599742824537,-79.0882219587274,0,4,7,1,2,2,2,0,2025,2,1,0,6,1,0,6543.555,3.0,2,0,1.0,0,30,1475.0,0.583006771156836,78.2441938961209,62.24037484511178,8.807312392374042,1028.2282118265089,76607.295503212,8931.828000000005,1335.5899999999997,1935.9830000000004,5660.255000000005,1219.309,7712.519000000005,13.651281686122925,LEVE,2
1,1,12,2,2,4,-8.049221759796252,-79.05678000798721,0,3,7,1,2,2,2,0,2025,2,1,0,12,3,0,6543.555,2.0,4,4,1.0,14,33,1198.0,0.5961574154611067,78.8610661942771,67.40352037574897,9.291971962737568,1010.620438228636,197397.5888650964,8931.828000000005,1335.5899999999997,1935.9830000000004,5660.255000000005,1219.309,7712.519000000005,13.651281686122925,LEVE,2
1,1,14,0,4,1,-11.5090178,-77.2318686,0,4,7,1,2,2,2,0,2025,2,3,0,6,1,0,48.79,2.0,2,0,1.0,10,15,19.0,0.6447048661877788,79.92873744030881,69.7224229508107,9.344738893386534,1220.4608925685638,104439.11563169166,7626.313,1683.4029999999998,1599.0829999999996,4343.827000000001,1814.875,5811.438000000001,23.797541485643197,LEVE,2
6,1,1,0,4,2,-9.912037279293,-76.95093504689598,5,4,4,1,7,2,2,1,2025,2,3,0,7,1,2,6543.555,2.0,4,4,1.0,14,33,1198.0,0.4528764910178437,69.40385538780896,42.88781939545183,7.286327588134491,795.0167200790081,7349.483940042827,10767.648,1885.0630000000003,1222.721,7659.864000000001,2100.343,8667.305000000002,19.506051832303577,LEVE,2
3,1,3,2,4,1,-16.655917,-72.650658,0,0,7,1,2,1,1,0,2025,2,3,0,18,2,0,6639.975,2.0,2,0,1.0,9,31,1616.0,0.6438160463426852,84.71218617950387,69.3595667037428,8.966372569949256,1152.2024707992498,16526.967880085653,10322.272,1495.236,1749.739,7077.2970000000005,2886.595,7435.677000000001,27.964725207783708,GRAVE_MORTALIDAD,1
3,3,14,0,4,1,-11.6024709,-77.2457919,0,4,7,1,2,1,0,0,2025,2,3,0,20,2,0,6543.555,3.0,2,0,1.0,0,30,1475.0,0.6328991168419597,79.8522840328396,72.51785912375117,8.65057438382499,1190.6734036432963,65701.61456102783,7626.313,1683.4029999999998,1599.0829999999996,4343.827000000001,1814.875,5811.438000000001,23.797541485643197,GRAVE_MORTALIDAD,1
6,1,3,2,2,4,-17.161947,-71.795501,0,3,0,0,2,1,1,0,2025,2,4,0,3,0,0,6543.555,2.0,4,4,1.0,14,33,1198.0,0.6064020802559494,77.82737834960788,75.48658600973863,8.303531284530445,1096.758694527593,6370.241970021414,10322.272,1495.236,1749.739,7077.2970000000005,2886.595,7435.677000000001,27.964725207783708,LEVE,2
0,1,21,2,4,1,-5.98654,-77.284783,0,3,1,1,2,2,2,0,2025,2,4,0,8,1,1,7758.33400008,2.0,2,0,1.0,9,20,2133.0,0.3873075948511574,72.98119449957349,44.39725753934513,5.037096642387525,597.9287450392992,17629.94004282655,5645.136,815.0759999999999,965.298,3864.762,1013.406,4631.73,17.95184385283189,LEVE,2
6,1,14,0,4,1,-11.6098876,-77.2005398,0,4,7,0,2,1,0,0,2025,2,4,0,16,3,0,6543.555,3.0,2,0,1.0,0,30,1475.0,0.606011890732538,79.10580202061365,64.14379964647316,7.172095916125169,1269.9879605915198,20981.39186295503,7626.313,1683.4029999999998,1599.0829999999996,4343.827000000001,1814.875,5811.438000000001,23.797541485643197,GRAVE_LESIONADOS,0
6,1,8,0,4,3,-12.824457,-74.53272,0,4,7,1,7,2,2,0,2025,2,4,0,16,3,2,6543.555,2.0,4,4,1.0,14,33,1198.0,0.3795117565699695,74.45437317698715,61.75305030851912,5.730639493616658,430.3871336418616,3080.3147751606,8511.426,1445.3929999999996,2008.516,5057.516999999999,1879.579,6631.846999999998,22.08300935706896,LEVE,2
1,1,14,2,2,4,-12.03002832402608,-76.99372108679391,0,2,7,1,2,2,2,0,2025,2,4,0,22,2,0,6543.555,2.0,4,4,1.0,14,33,1198.0,0.6970617810314195,81.40501156526744,73.5715154770137,9.635174408411393,1428.892506292977,203379.9271948608,7626.313,1683.4029999999998,1599.0829999999996,4343.827000000001,1814.875,5811.438000000001,23.797541485643197,LEVE,2
0,1,14,2,4,1,-11.856644,-77.084768,0,0,7,1,2,2,2,0,2025,3,5,1,1,0,0,6543.555,3.0,2,0,1.0,0,30,1475.0,0.6632628912836565,79.15155564666024,73.19223743118206,9.629669813837666,1289.452647666346,383699.2119914347,7626.313,1683.4029999999998,1599.0829999999996,4343.827000000001,1814.875,5811.438000000001,23.797541485643197,LEVE,2
1,1,14,2,4,1,-12.169188167936444,-76.97961285336164,0,0,7,1,2,2,2,0,2025,3,5,1,3,0,0,6639.975,2.0,2,0,1.0,9,31,1616.0,0.7289998534947872,80.50926319493618,76.9124822838204,10.358587270463827,1551.106643515347,384728.5117773019,7626.313,1683.4029999999998,1599.0829999999996,4343.827000000001,1814.875,5811.438000000001,23.797541485643197,LEVE,2
6,1,3,0,4,1,-16.893335,-72.036419,0,4,0,0,2,1,1,0,2025,3,5,1,6,1,0,289.55,2.0,2,0,1.0,7,25,10.0,0.6456305778571253,75.67334095395331,77.09261911098552,10.479683603540597,1179.2653123056473,21630.747323340474,10322.272,1495.236,1749.739,7077.2970000000005,2886.595,7435.677000000001,27.964725207783708,LEVE,2
3,3,5,2,4,1,-6.377396,-78.811572,0,0,7,0,4,2,2,2,2025,3,5,1,9,1,2,9936.932,2.0,2,0,1.0,9,32,3830.0,0.3988811935496497,76.27795285736048,52.72074369701245,5.402568072747514,535.5131446860119,52449.71734475375,15935.565011852366,1733.9250000199986,935.692,13265.948011832368,2000.1670000199988,13935.398011832369,12.551591352627522,LEVE,2
6,1,3,0,4,1,-17.0013842978477,-71.7142859923547,0,4,0,1,2,1,1,0,2025,3,5,1,17,3,0,6639.975,2.0,2,0,1.0,9,31,1616.0,0.6449493635682252,78.44719582624413,79.23084709401536,8.759364777311836,1226.330683483547,8054.678800856533,10322.272,1495.236,1749.739,7077.2970000000005,2886.595,7435.677000000001,27.964725207783708,LEVE,2
3,2,7,0,4,2,-12.513098,-73.846375,0,4,0,0,1,2,2,2,2025,3,5,1,19,2,2,6543.555,2.0,4,4,1.0,14,33,1198.0,0.4776385336900227,75.76988073223662,55.29796232913024,7.386781472784202,715.5638333545031,22179.179871520344,17779.13499998999,2097.3709999899997,2863.123,12818.640999999989,2878.713,14900.421999989989,16.19152450331032,LEVE,2
0,1,14,2,2,4,-12.07940751311462,-77.06570588895616,0,0,7,1,2,2,2,0,2025,3,5,1,21,2,0,6543.555,2.0,4,4,1.0,14,33,1198.0,0.5563774842369664,77.00938809632027,69.10246351364754,8.476961866273152,914.8835608305218,27932.19700214133,7626.313,1683.4029999999998,1599.0829999999996,4343.827000000001,1814.875,5811.438000000001,23.797541485643197,LEVE,2
1,1,5,0,4,1,-5.1350091,-78.992492,0,4,7,0,2,2,2,0,2025,3,6,1,5,0,2,7758.33400008,2.0,2,0,1.0,9,20,2133.0,0.4391812721167056,75.54174317098156,56.236342149889175,6.489422517034793,610.2085755707644,37111.99571734476,15935.565011852366,1733.9250000199986,935.692,13265.948011832368,2000.1670000199988,13935.398011832369,12.551591352627522,LEVE,2
1,1,3,2,4,1,-16.465468,-71.934318,0,0,7,1,2,0,1,0,2025,3,6,1,9,1,0,6639.975,2.0,2,0,1.0,9,31,1616.0,0.6455852322566902,78.58826324858522,78.38415596279924,8.472481180514539,1258.6172876652156,2628.282655246253,10322.272,1495.236,1749.739,7077.2970000000005,2886.595,7435.677000000001,27.964725207783708,LEVE,2
3,1,14,0,4,1,-12.371581,-76.784265,0,2,7,1,2,2,2,0,2025,3,6,1,12,3,0,6639.975,2.0,2,0,1.0,9,31,1616.0,0.6997623570346938,76.1024633480164,67.4916969677081,10.594360693484372,1568.8925177861563,8292.871520342613,7626.313,1683.4029999999998,1599.0829999999996,4343.827000000001,1814.875,5811.438000000001,23.797541485643197,GRAVE_MORTALIDAD,1
6,1,3,2,4,0,-16.47925,-71.52575,0,3,0,1,2,2,2,0,2025,3,6,1,22,2,0,6543.555,2.0,4,4,1.0,14,33,1198.0,0.6667517543391563,77.72519918989518,79.84779472154914,11.061117097797226,1187.188317676406,87112.27408993576,10322.272,1495.236,1749.739,7077.2970000000005,2886.595,7435.677000000001,27.964725207783708,LEVE,2
3,2,8,0,4,1,-13.412535,-74.923013,2,4,0,0,2,2,2,2,2025,3,0,0,14,3,2,1679.5849999999998,2.0,2,3,1.0,9,24,315.0,0.2997946406100768,72.83003345209801,46.42647217987546,4.997510303405721,292.6881439974165,3327.8779443254816,8511.426,1445.3929999999996,2008.516,5057.516999999999,1879.579,6631.846999999998,22.08300935706896,GRAVE_LESIONADOS,0
0,1,2,2,4,1,-14.185717994630814,-73.54518146115718,0,0,7,1,2,1,0,4,2025,3,0,0,19,2,2,890.338,1.0,1,0,0.0,9,32,295.0,0.2658937827312702,73.59379125288481,38.16338365475775,4.963163739656491,231.23290660577044,2539.676659528908,8358.971,1282.451,1298.0969999999998,5778.423,1432.683,6926.288,17.139466089785454,LEVE,2
5,1,21,0,4,1,-6.036711,-77.196456,0,4,7,1,2,2,2,0,2025,3,0,0,22,2,1,7758.33400008,2.0,2,0,1.0,9,20,2133.0,0.5963332411867256,73.80959983510441,63.34953560123128,8.251886446437874,1232.7304200473363,24031.167023554604,5645.136,815.0759999999999,965.298,3864.762,1013.406,4631.73,17.95184385283189,GRAVE_LESIONADOS,0
0,1,5,2,4,1,-5.80054145213333,-79.3742189054048,0,0,7,0,2,2,2,6,2025,3,1,0,10,1,2,9936.932,2.0,2,0,1.0,9,32,3830.0,0.297786533612683,75.69574057602979,41.1628768446457,4.767924218405031,297.64961822948345,5424.732334047108,15935.565011852366,1733.9250000199986,935.692,13265.948011832368,2000.1670000199988,13935.398011832369,12.551591352627522,LEVE,2
3,1,3,0,4,1,-15.900136,-71.373568,2,4,0,1,2,1,1,0,2025,3,1,0,13,3,0,1021.21199996,1.0,0,2,0.0,9,32,277.0,0.4498224071382834,81.63336343193146,58.84842497065013,5.774685730039019,620.6584683449911,1358.612419700214,10322.272,1495.236,1749.739,7077.2970000000005,2886.595,7435.677000000001,27.964725207783708,GRAVE_LESIONADOS,0
6,1,5,0,4,2,-6.953219,-78.156725,0,4,0,0,1,2,2,0,2025,3,1,0,22,2,2,6543.555,2.0,4,4,1.0,14,33,1198.0,0.3487472001511887,74.09278158286126,46.40935724285755,4.942990843282798,433.7058066432156,5459.293361884368,15935.565011852366,1733.9250000199986,935.692,13265.948011832368,2000.1670000199988,13935.398011832369,12.551591352627522,LEVE,2
5,1,19,2,2,4,-5.183269,-80.666291,6,5,6,2,6,2,2,0,2025,3,2,0,12,3,0,6543.555,2.0,4,4,1.0,14,33,1198.0,0.5997462042553465,78.40793944726823,72.26811532412637,9.714064362322326,976.3169831713308,183875.0,8965.846000060003,1782.4120000599992,636.9959999999999,6546.438000000004,2214.505000059999,6751.341000000004,24.699342371541725,LEVE,2
0,1,19,0,4,1,-5.210241373981011,-80.01617688761642,0,4,7,1,2,1,0,0,2025,3,2,0,14,3,0,35.985,-1.0,2,3,0.0,9,32,25.0,0.4969002366620188,75.54645400071168,70.47588104937333,7.004965995332454,741.3176484677177,13757.368308351177,8965.846000060003,1782.4120000599992,636.9959999999999,6546.438000000004,2214.505000059999,6751.341000000004,24.699342371541725,LEVE,2
3,2,5,0,4,1,-7.37474645880619,-78.1285260797505,0,4,7,1,2,2,2,0,2025,3,2,0,15,3,2,9936.932,2.0,2,0,1.0,9,32,3830.0,0.3417904861011918,68.7622191785171,42.11578088566062,5.620034093077237,435.9007514783612,1240.0428265524629,15935.565011852366,1733.9250000199986,935.692,13265.948011832368,2000.1670000199988,13935.398011832369,12.551591352627522,LEVE,2
5,1,14,2,2,4,-12.169034361371407,-76.97770901878035,0,0,7,1,2,1,0,0,2025,3,2,0,16,3,0,6543.555,2.0,4,4,1.0,14,33,1198.0,0.7289998534947872,80.50926319493618,76.9124822838204,10.358587270463827,1551.106643515347,384728.5117773019,7626.313,1683.4029999999998,1599.0829999999996,4343.827000000001,1814.875,5811.438000000001,23.797541485643197,LEVE,2
6,1,4,0,4,2,-13.229054,-74.389388,2,4,5,1,2,2,2,2,2025,3,3,0,3,0,2,6543.555,2.0,4,4,1.0,14,33,1198.0,0.1859776092837948,69.85250115366037,39.77024304701982,3.1640035399309645,143.5227500887571,15617.884368308352,12678.733000000004,1805.074000000001,1774.0339999999994,9099.625000000004,2485.375000000001,10193.358000000002,19.602707936195205,GRAVE_MORTALIDAD,1
0,1,3,2,7,4,-16.378353,-71.576373,5,0,7,1,1,2,2,0,2025,3,3,0,11,1,0,6543.555,2.0,4,4,1.0,14,33,1198.0,0.6411767862503931,77.2408324916572,78.204125011303,10.595705083047717,1107.223861768016,193412.3169164882,10322.272,1495.236,1749.739,7077.2970000000005,2886.595,7435.677000000001,27.964725207783708,LEVE,2
3,1,14,0,4,1,-11.779259,-76.983315,0,4,7,1,2,2,2,0,2025,3,3,0,17,3,0,1084.715,2.0,2,3,0.0,9,23,1025.0,0.6498693508177541,78.84967382596041,74.11456675539837,9.21786785255454,1246.479589064551,356854.23554603854,7626.313,1683.4029999999998,1599.0829999999996,4343.827000000001,1814.875,5811.438000000001,23.797541485643197,GRAVE_MORTALIDAD,1
1,1,14,2,4,1,-12.1970602783019,-76.97311710868374,0,0,7,1,2,1,0,0,2025,3,3,0,20,2,0,6639.975,2.0,2,0,1.0,9,31,1616.0,0.6990481232857558,80.14597904142546,74.3851677794309,10.004397644056358,1432.5044292531525,459161.0728051392,7626.313,1683.4029999999998,1599.0829999999996,4343.827000000001,1814.875,5811.438000000001,23.797541485643197,LEVE,2
6,1,7,0,4,1,-14.299662,-71.213943,2,4,7,1,2,2,2,2,2025,3,4,0,0,0,2,7586.903,2.0,2,0,1.0,9,5,1198.0,0.5265643824923771,76.3202150422939,72.59240802938885,8.636399400985075,746.7361126929013,59032.11777301927,17779.13499998999,2097.3709999899997,2863.123,12818.640999999989,2878.713,14900.421999989989,16.19152450331032,LEVE,2
10,1,14,2,4,1,-12.043168,-77.026659,0,0,7,1,2,2,2,0,2025,3,4,0,0,0,0,6543.555,3.0,2,0,1.0,0,30,1475.0,0.7300036506368504,80.21724456394445,75.11639588359114,10.636845733066124,1559.041185521695,156759.78800856532,7626.313,1683.4029999999998,1599.0829999999996,4343.827000000001,1814.875,5811.438000000001,23.797541485643197,LEVE,2
3,1,14,2,3,4,-12.124985805096898,-77.03606751330736,0,3,7,1,2,2,2,0,2025,3,4,0,8,1,0,6543.555,2.0,4,4,1.0,14,33,1198.0,0.8326399351216524,80.31446032722859,77.78409882620639,13.96507415980228,1925.7868972542449,87898.66595289079,7626.313,1683.4029999999998,1599.0829999999996,4343.827000000001,1814.875,5811.438000000001,23.797541485643197,LEVE,2
10,1,14,2,4,1,-12.235851,-76.956506,0,2,7,1,2,2,2,0,2025,3,4,0,9,1,0,6639.975,2.0,2,0,1.0,9,31,1616.0,0.6990481232857558,80.14597904142546,74.3851677794309,10.004397644056358,1432.5044292531525,459161.0728051392,7626.313,1683.4029999999998,1599.0829999999996,4343.827000000001,1814.875,5811.438000000001,23.797541485643197,LEVE,2
0,1,14,2,4,1,-12.109182,-76.978338,0,0,7,1,2,2,2,0,2025,3,4,0,21,2,0,6639.975,2.0,2,0,1.0,9,31,1616.0,0.8236163632543221,80.64134543571234,78.76297514209003,13.635913030045838,1867.8532062234744,106584.52890792293,7626.313,1683.4029999999998,1599.0829999999996,4343.827000000001,1814.875,5811.438000000001,23.797541485643197,LEVE,2
0,1,14,2,2,4,-11.971033732415924,-77.07585871391758,0,0,7,1,2,2,2,0,2025,3,5,1,6,1,0,6543.555,2.0,4,4,1.0,14,33,1198.0,0.758462599563312,80.5192231989937,79.20045639149897,11.33839041452458,1628.5661148492152,363987.54389721627,7626.313,1683.4029999999998,1599.0829999999996,4343.827000000001,1814.875,5811.438000000001,23.797541485643197,LEVE,2
6,1,14,0,4,2,-11.5300942642771,-77.1718295920469,0,4,7,1,4,2,2,0,2025,3,5,1,16,3,0,6543.555,2.0,4,4,1.0,14,33,1198.0,0.606011890732538,79.10580202061365,64.14379964647316,7.172095916125169,1269.9879605915198,20981.39186295503,7626.313,1683.4029999999998,1599.0829999999996,4343.827000000001,1814.875,5811.438000000001,23.797541485643197,LEVE,2
3,2,7,0,4,1,-13.483822,-72.257571,2,4,7,1,2,0,1,2,2025,3,5,1,19,2,2,7586.903,2.0,2,0,1.0,9,5,1198.0,0.429914756045985,74.25916870636927,79.51566557864805,7.366336486335375,462.32789717794617,3225.312633832976,17779.13499998999,2097.3709999899997,2863.123,12818.640999999989,2878.713,14900.421999989989,16.19152450331032,LEVE,2
3,1,14,2,4,1,-12.057073798746671,-76.97383451894015,0,0,7,1,2,2,2,0,2025,3,5,1,22,2,0,6543.555,3.0,2,0,1.0,0,30,1475.0,0.7347309224519117,80.70014842215761,76.47981423089655,10.519505095866096,1571.8150981252256,229834.5310492505,7626.313,1683.4029999999998,1599.0829999999996,4343.827000000001,1814.875,5811.438000000001,23.797541485643197,LEVE,2