CLASE SINIESTRO,CANTIDAD DE VEHICULOS DAÑADOS,DEPARTAMENTO,ZONA,TIPO DE VÍA,RED VIAL,COORDENADAS LATITUD,COORDENADAS  LONGITUD,CONDICIÓN CLIMÁTICA,ZONIFICACIÓN,CARACTERÍSTICAS DE VÍA,PERFIL LONGITUDINAL VÍA,SUPERFICIE DE CALZADA,¿EXISTE SEÑAL VERTICAL?,¿EXISTE SEÑAL HORIZONTAL?,CAUSA FACTOR PRINCIPAL,AÑO,MES,DIA_SEMANA,ES_FIN_SEMANA,HORA_NUM,FRANJA_HORARIA,REGION_NATURAL,MTC_RVN_LONGITUD_KM,MTC_RVN_N_CARRILES_MEDIANA,MTC_RVN_SUPERFICIE_DOMINANTE,MTC_RVN_ESTADO_DOMINANTE,MTC_RVN_ES_CONCESIONADA,MTC_RVN_CONCESION_PRINCIPAL,MTC_RVN_CORREDOR_LOGISTICO,MTC_RVN_N_TRAMOS,IDH_2019,IDH_ESP_VIDA_2019,IDH_EDUC_SECUND_PCT_2019,IDH_ANIOS_EDUC_2019,IDH_INGRESO_PERCAP_2019,IDH_POBLACION_2019,MTC_DEP_RED_TOTAL_KM,MTC_DEP_NACIONAL_TOTAL_KM,MTC_DEP_DEPARTAMENTAL_TOTAL_KM,MTC_DEP_VECINAL_TOTAL_KM,MTC_DEP_PAV_TOTAL_KM,MTC_DEP_NO_PAV_TOTAL_KM,MTC_DEP_PCT_PAVIMENTADA,CATEGORIA_SEVERIDAD,CATEGORIA_SEVERIDAD_ENC
6,1,21,2,4,0,-6.05687841640869,-76.9726393527798,0,3,7,1,2,2,2,2,2025,5,4,0,4,0,1,6543.555,2.0,4,4,1.0,14,33,1198.0,0.5294800468051228,72.46713251445857,60.50982579904599,7.757161651692042,952.984823255978,86435.21199143468,5645.136,815.0759999999999,965.298,3864.762,1013.406,4631.73,17.95184385283189,LEVE,2
3,1,3,0,4,2,-16.52261,-72.64418,0,4,7,1,7,2,2,0,2025,5,4,0,5,0,0,6543.555,2.0,4,4,1.0,14,33,1198.0,0.6445408585995467,81.26293480409497,79.00455055322925,9.278885165396868,1126.181107120743,6803.177730192719,10322.272,1495.236,1749.739,7077.2970000000005,2886.595,7435.677000000001,27.964725207783708,LEVE,2
1,1,3,0,4,0,-16.302738,-72.205849,0,4,7,1,7,2,2,0,2025,5,4,0,15,3,0,6543.555,2.0,4,4,1.0,14,33,1198.0,0.6077843615696785,76.53072135400231,69.81276959706165,8.77367759087771,1135.5159013374655,74658.55888650964,10322.272,1495.236,1749.739,7077.2970000000005,2886.595,7435.677000000001,27.964725207783708,LEVE,2
0,1,3,2,2,4,-16.390425,-71.516481,7,3,7,0,2,1,1,0,2025,5,5,1,9,1,0,6543.555,2.0,4,4,1.0,14,33,1198.0,0.6893081609955986,78.72461703282094,81.31677090898836,11.55271371546442,1241.4976449826772,53016.63811563169,10322.272,1495.236,1749.739,7077.2970000000005,2886.595,7435.677000000001,27.964725207783708,LEVE,2
6,1,4,0,4,2,-13.6159570554151,-74.1408888681164,0,4,7,0,1,2,2,2,2025,5,5,1,13,3,2,6543.555,2.0,4,4,1.0,14,33,1198.0,0.4012828134779898,75.56604743111033,58.30948969455957,6.059350575193293,486.92222910100446,6408.9293361884365,12678.733000000004,1805.074000000001,1774.0339999999994,9099.625000000004,2485.375000000001,10193.358000000002,19.602707936195205,GRAVE_LESIONADOS,0
3,1,2,2,4,3,-13.812534001663469,-73.3317874232672,6,5,6,2,6,2,2,0,2025,5,5,1,15,3,2,6543.555,2.0,4,4,1.0,14,33,1198.0,0.5563774842369664,77.00938809632027,69.10246351364754,8.476961866273152,914.8835608305218,27932.19700214133,8358.971,1282.451,1298.0969999999998,5778.423,1432.683,6926.288,17.139466089785454,LEVE,2
0,1,7,0,4,1,-13.327553903114028,-72.0452744367236,0,4,7,1,2,2,2,2,2025,5,6,1,2,0,2,3447.8009999999995,1.0,2,3,0.0,9,12,1109.0,0.4746839628280104,74.76269963274814,80.53064804651179,8.225738795127288,561.5989157917511,5389.192719486081,17779.13499998999,2097.3709999899997,2863.123,12818.640999999989,2878.713,14900.421999989989,16.19152450331032,LEVE,2
3,2,4,0,4,1,-13.550614053895,-74.1816499912805,0,4,7,0,2,2,2,2,2025,5,6,1,5,0,2,1682.702,1.0,1,0,0.0,9,32,305.0,0.3406799305127204,82.16511766435296,69.531560090573,5.013679056365355,292.8865286463321,7946.807280513918,12678.733000000004,1805.074000000001,1774.0339999999994,9099.625000000004,2485.375000000001,10193.358000000002,19.602707936195205,GRAVE_MORTALIDAD,1
6,1,7,0,4,1,-13.242384500676966,-72.29380316683198,0,4,0,1,1,2,2,2,2025,5,6,1,7,1,2,3447.8009999999995,1.0,2,3,0.0,9,12,1109.0,0.4436910265814239,73.23231952981627,68.31759937357421,6.347812015893606,607.5963608103546,11277.284796573877,17779.13499998999,2097.3709999899997,2863.123,12818.640999999989,2878.713,14900.421999989989,16.19152450331032,LEVE,2
6,1,21,0,11,3,-5.938629,-77.300632,0,4,0,1,2,2,2,0,2025,5,6,1,13,3,1,6543.555,2.0,4,4,1.0,14,33,1198.0,0.4789759027469384,73.43778249935497,54.01635312204597,6.285279694551369,847.2910954428505,47552.6295503212,5645.136,815.0759999999999,965.298,3864.762,1013.406,4631.73,17.95184385283189,LEVE,2
0,1,7,2,4,1,-13.324225,-71.955884,0,0,7,1,2,2,2,4,2025,5,6,1,19,2,2,3447.8009999999995,1.0,2,3,0.0,9,12,1109.0,0.4562958894633943,70.99144093489087,58.8848672914879,7.768452023359112,649.1045217688833,23833.353319057816,17779.13499998999,2097.3709999899997,2863.123,12818.640999999989,2878.713,14900.421999989989,16.19152450331032,LEVE,2
10,1,5,0,4,1,-5.255974,-78.823854,0,4,0,0,2,2,2,0,2025,5,1,0,6,1,2,7758.33400008,2.0,2,0,1.0,9,20,2133.0,0.3892940905457197,75.5719627800036,47.67488871800354,5.313057380273734,537.3986971669038,13817.460385438972,15935.565011852366,1733.9250000199986,935.692,13265.948011832368,2000.1670000199988,13935.398011832369,12.551591352627522,LEVE,2
6,1,7,0,4,1,-14.407863,-71.132033,0,4,0,1,2,2,2,2,2025,5,1,0,7,1,2,7586.903,2.0,2,0,1.0,9,5,1198.0,0.3688068892893833,76.47283450634272,62.25751908213611,5.9696521090432615,372.1207781777657,9957.021413276232,17779.13499998999,2097.3709999899997,2863.123,12818.640999999989,2878.713,14900.421999989989,16.19152450331032,LEVE,2
6,1,5,0,4,1,-6.997698,-78.34717,0,4,7,0,1,2,2,0,2025,5,1,0,13,3,2,48.79,2.0,2,0,1.0,10,15,19.0,0.2787832446449395,76.6302139673737,44.82684454743621,3.548077185984384,299.2159549691333,20782.33618843683,15935.565011852366,1733.9250000199986,935.692,13265.948011832368,2000.1670000199988,13935.398011832369,12.551591352627522,LEVE,2
3,1,1,2,4,1,-9.14210418552568,-77.7460930338357,6,5,6,2,6,2,2,0,2025,5,4,0,21,2,2,9936.932,2.0,2,0,1.0,9,32,3830.0,0.4225175571417921,72.0073136099048,61.38289654748469,6.311615395277217,572.3923378688387,21231.406852248398,10767.648,1885.0630000000003,1222.721,7659.864000000001,2100.343,8667.305000000002,19.506051832303577,LEVE,2
0,1,5,0,4,1,-7.026276,-78.211091,0,4,7,1,2,1,0,4,2025,5,5,1,7,1,2,2760.8550000000005,1.0,1,3,0.0,9,32,1208.0,0.3487472001511887,74.09278158286126,46.40935724285755,4.942990843282798,433.7058066432156,5459.293361884368,15935.565011852366,1733.9250000199986,935.692,13265.948011832368,2000.1670000199988,13935.398011832369,12.551591352627522,LEVE,2
6,1,5,0,4,2,-6.278328,-79.018848,0,4,7,1,2,2,2,2,2025,5,6,1,3,0,2,6543.555,2.0,4,4,1.0,14,33,1198.0,0.2742253135147108,74.59588535012482,53.76867024071715,4.3437245050742455,233.14797525309496,14725.552462526768,15935.565011852366,1733.9250000199986,935.692,13265.948011832368,2000.1670000199988,13935.398011832369,12.551591352627522,LEVE,2
3,2,21,2,4,1,-6.1730294566101,-76.8325393509118,0,4,7,1,2,2,2,2,2025,5,6,1,20,2,1,7758.33400008,2.0,2,0,1.0,9,20,2133.0,0.3492524985551798,73.87945975179423,47.35782955662357,4.584830643679292,457.969668231556,16120.93790149893,5645.136,815.0759999999999,965.298,3864.762,1013.406,4631.73,17.95184385283189,LEVE,2
0,1,21,2,4,1,-5.814956,-77.38707,0,0,7,1,2,1,0,2,2025,5,0,0,5,0,1,7758.33400008,2.0,2,0,1.0,9,20,2133.0,0.4789759027469384,73.43778249935497,54.01635312204597,6.285279694551369,847.2910954428505,47552.6295503212,5645.136,815.0759999999999,965.298,3864.762,1013.406,4631.73,17.95184385283189,LEVE,2
6,1,7,0,4,0,-12.616003,-72.423874,0,4,7,1,1,2,2,2,2025,5,1,0,7,1,2,6543.555,2.0,4,4,1.0,14,33,1198.0,0.3224274496902619,73.65891617421137,66.5279854491578,5.808947591818988,270.08697278161645,17387.97858672377,17779.13499998999,2097.3709999899997,2863.123,12818.640999999989,2878.713,14900.421999989989,16.19152450331032,LEVE,2
6,1,7,0,4,1,-14.474858,-72.098543,0,4,0,1,1,2,2,2,2025,5,3,0,18,2,2,1780.161,1.0,1,3,0.0,9,32,490.0,0.339323744940919,67.8567694463257,60.573677132379146,5.206321478431428,388.7128879370376,24527.03426124197,17779.13499998999,2097.3709999899997,2863.123,12818.640999999989,2878.713,14900.421999989989,16.19152450331032,LEVE,2
0,1,7,0,4,2,-14.08636,-71.502842,0,4,7,1,1,2,2,2,2025,5,4,0,0,0,2,6543.555,2.0,4,4,1.0,14,33,1198.0,0.2868848693968708,64.19224905142373,77.91210046083839,5.136072112735632,243.26434259941576,2123.259100642398,17779.13499998999,2097.3709999899997,2863.123,12818.640999999989,2878.713,14900.421999989989,16.19152450331032,LEVE,2
6,1,5,0,4,1,-6.556244,-78.744502,0,4,7,0,1,2,2,2,2025,5,4,0,4,0,2,9936.932,2.0,2,0,1.0,9,32,3830.0,0.3305799940760894,71.82871391566232,54.29754215940216,4.316582651932118,402.8189779925205,10312.132762312636,15935.565011852366,1733.9250000199986,935.692,13265.948011832368,2000.1670000199988,13935.398011832369,12.551591352627522,GRAVE_LESIONADOS,0
3,1,7,0,4,1,-15.33731609649099,-71.11973093063617,0,4,0,1,2,2,2,2,2025,5,4,0,7,1,2,568.5409999999999,1.0,2,3,0.0,9,3,93.0,0.4222081089999886,68.53644198939976,64.0389062540908,6.228410225649751,607.1280595160617,1204.2119914346897,17779.13499998999,2097.3709999899997,2863.123,12818.640999999989,2878.713,14900.421999989989,16.19152450331032,LEVE,2
3,2,6,2,2,4,-12.0486122550387,-77.1010524073493,2,0,7,1,2,2,2,0,2025,5,5,1,3,0,0,6543.555,2.0,4,4,1.0,14,33,1198.0,0.5563774842369664,77.00938809632027,69.10246351364754,8.476961866273152,914.8835608305218,27932.19700214133,51.58600000000001,44.68700000000001,6.899000000000001,0.0,49.838000000000015,1.748,96.61148373589734,LEVE,2
6,1,1,2,4,1,-9.15557774479227,-77.7401737594647,0,4,0,1,2,2,2,0,2025,6,6,1,4,0,2,9936.932,2.0,2,0,1.0,9,32,3830.0,0.4225175571417921,72.0073136099048,61.38289654748469,6.311615395277217,572.3923378688387,21231.406852248398,10767.648,1885.0630000000003,1222.721,7659.864000000001,2100.343,8667.305000000002,19.506051832303577,LEVE,2
6,1,5,0,4,1,-6.030447,-79.137365,0,4,0,1,2,2,2,2,2025,6,6,1,7,1,2,9936.932,2.0,2,0,1.0,9,32,3830.0,0.5089064260692896,75.49593859459377,56.74492330977312,6.743539171475742,903.5347616610204,6985.957173447538,15935.565011852366,1733.9250000199986,935.692,13265.948011832368,2000.1670000199988,13935.398011832369,12.551591352627522,LEVE,2
0,1,7,0,4,2,-13.311488,-71.593823,0,4,7,1,1,2,2,2,2025,6,0,0,16,3,2,6543.555,2.0,4,4,1.0,14,33,1198.0,0.2466226927938573,59.50771953912937,42.678907967899015,3.991373779253808,285.51302601039464,12676.173447537472,17779.13499998999,2097.3709999899997,2863.123,12818.640999999989,2878.713,14900.421999989989,16.19152450331032,LEVE,2
3,2,5,0,4,1,-5.142528,-79.021396,0,4,0,0,2,2,2,2,2025,6,0,0,18,2,2,7758.33400008,2.0,2,0,1.0,9,20,2133.0,0.4391812721167056,75.54174317098156,56.236342149889175,6.489422517034793,610.2085755707644,37111.99571734476,15935.565011852366,1733.9250000199986,935.692,13265.948011832368,2000.1670000199988,13935.398011832369,12.551591352627522,GRAVE_LESIONADOS,0
1,1,7,0,4,1,-13.482307324518583,-72.26216214521465,0,4,7,1,2,2,2,4,2025,6,1,0,4,0,2,7586.903,2.0,2,0,1.0,9,5,1198.0,0.429914756045985,74.25916870636927,79.51566557864805,7.366336486335375,462.32789717794617,3225.312633832976,17779.13499998999,2097.3709999899997,2863.123,12818.640999999989,2878.713,14900.421999989989,16.19152450331032,LEVE,2
6,1,5,2,4,2,-7.144208,-78.491141,0,2,7,1,2,2,2,2,2025,6,1,0,18,2,2,6543.555,2.0,4,4,1.0,14,33,1198.0,0.6070175276741574,73.19224654097276,74.29530430690215,9.490386956642766,1117.141592366869,257380.9443254818,15935.565011852366,1733.9250000199986,935.692,13265.948011832368,2000.1670000199988,13935.398011832369,12.551591352627522,LEVE,2
1,1,3,2,4,1,-16.41294,-71.554685,0,0,7,1,2,0,1,0,2025,6,1,0,20,2,0,1101.78,1.0,5,2,0.0,9,32,202.0,0.6855214685752905,77.55287024349596,78.52978455751916,11.09515988146928,1299.5425610685809,22541.235546038544,10322.272,1495.236,1749.739,7077.2970000000005,2886.595,7435.677000000001,27.964725207783708,LEVE,2
6,1,5,0,4,1,-5.92329983866169,-78.8415507891376,0,4,7,1,2,2,2,2,2025,6,2,0,9,1,2,167.59499999999997,2.0,2,0,1.0,1,20,40.0,0.5803239946829384,74.49544278598792,68.33065356443184,8.733179344969395,1046.078117086984,102362.46895074946,15935.565011852366,1733.9250000199986,935.692,13265.948011832368,2000.1670000199988,13935.398011832369,12.551591352627522,LEVE,2
6,1,14,0,4,1,-11.6317883,-77.2067298,7,4,2,0,2,1,0,0,2025,6,3,0,16,3,0,6543.555,3.0,2,0,1.0,0,30,1475.0,0.606011890732538,79.10580202061365,64.14379964647316,7.172095916125169,1269.9879605915198,20981.39186295503,7626.313,1683.4029999999998,1599.0829999999996,4343.827000000001,1814.875,5811.438000000001,23.797541485643197,LEVE,2
1,1,7,0,4,1,-14.2450833,-71.2497778,0,4,7,1,2,2,2,4,2025,6,3,0,21,2,2,7586.903,2.0,2,0,1.0,9,5,1198.0,0.5265643824923771,76.3202150422939,72.59240802938885,8.636399400985075,746.7361126929013,59032.11777301927,17779.13499998999,2097.3709999899997,2863.123,12818.640999999989,2878.713,14900.421999989989,16.19152450331032,LEVE,2
6,1,5,0,4,1,-6.454806,-79.030885,0,4,0,1,2,2,2,2,2025,6,4,0,1,0,2,919.085,2.0,2,3,0.0,9,7,218.0,0.2654992518529382,70.41180563073365,40.80906856799879,3.652062959940575,299.1966256007116,8379.012847965738,15935.565011852366,1733.9250000199986,935.692,13265.948011832368,2000.1670000199988,13935.398011832369,12.551591352627522,LEVE,2
6,1,1,0,4,1,-9.38918892740591,-77.1257572126644,0,4,7,1,2,2,2,0,2025,6,4,0,18,2,2,2135.1760000000004,1.0,1,0,0.0,9,32,705.0,0.3513848742242688,77.65814071230194,21.78761459088128,5.839917289146716,524.4461706845484,1215.644539614561,10767.648,1885.0630000000003,1222.721,7659.864000000001,2100.343,8667.305000000002,19.506051832303577,LEVE,2
0,1,3,2,2,4,-16.404852,-71.49855,0,3,1,1,2,0,1,0,2025,6,4,0,20,2,0,6543.555,2.0,4,4,1.0,14,33,1198.0,0.6695059447902582,78.31157187229299,82.77181279277993,11.14882835263472,1162.805854980513,56182.85653104924,10322.272,1495.236,1749.739,7077.2970000000005,2886.595,7435.677000000001,27.964725207783708,LEVE,2
6,1,7,0,4,1,-15.028045,-71.144682,0,4,7,1,2,2,2,2,2025,6,5,1,8,1,2,568.5409999999999,1.0,2,3,0.0,9,3,93.0,0.3491291336434085,68.34579473193322,63.63866309000273,4.984551874124405,419.36068685534286,1114.627408993576,17779.13499998999,2097.3709999899997,2863.123,12818.640999999989,2878.713,14900.421999989989,16.19152450331032,GRAVE_MORTALIDAD,1
0,1,8,0,4,2,-12.732962,-74.664934,0,4,7,1,7,2,2,0,2025,6,5,1,15,3,2,6543.555,2.0,4,4,1.0,14,33,1198.0,0.307095146119662,76.81714663053356,65.38121087509398,5.2153365399199,243.45603655769963,29603.12847965739,8511.426,1445.3929999999996,2008.516,5057.516999999999,1879.579,6631.846999999998,22.08300935706896,LEVE,2
3,2,21,2,4,1,-6.046523,-77.002287,0,3,0,0,2,1,0,2,2025,6,6,1,6,1,1,7758.33400008,2.0,2,0,1.0,9,20,2133.0,0.5294800468051228,72.46713251445857,60.50982579904599,7.757161651692042,952.984823255978,86435.21199143468,5645.136,815.0759999999999,965.298,3864.762,1013.406,4631.73,17.95184385283189,GRAVE_MORTALIDAD,1
2,1,5,0,4,1,-7.219227,-78.912695,0,4,0,1,2,1,1,2,2025,6,0,0,6,1,2,887.28,2.0,2,0,1.0,8,17,155.0,0.4095613714220312,69.95619674953491,51.15883533026865,6.044934648261815,612.9415521199578,3213.601713062099,15935.565011852366,1733.9250000199986,935.692,13265.948011832368,2000.1670000199988,13935.398011832369,12.551591352627522,LEVE,2
0,1,7,2,2,4,-13.53671246,-71.9065964,0,3,7,1,2,2,2,4,2025,6,2,0,11,1,2,6543.555,2.0,4,4,1.0,14,33,1198.0,0.6806292796157144,77.51447806142957,82.6599812385644,11.044400293146794,1245.5372385926626,131240.7944325482,17779.13499998999,2097.3709999899997,2863.123,12818.640999999989,2878.713,14900.421999989989,16.19152450331032,LEVE,2
6,1,7,0,4,2,-13.607863,-71.486455,5,4,7,1,1,2,2,2,2025,6,2,0,19,2,2,6543.555,2.0,4,4,1.0,14,33,1198.0,0.2069338210823644,70.18429139615611,51.55366663392733,3.191922704338107,164.0274050481397,17389.845824411135,17779.13499998999,2097.3709999899997,2863.123,12818.640999999989,2878.713,14900.421999989989,16.19152450331032,LEVE,2
3,2,7,0,4,1,-15.036943,-71.138333,0,4,0,1,2,2,2,2,2025,6,3,0,7,1,2,568.5409999999999,1.0,2,3,0.0,9,3,93.0,0.3491291336434085,68.34579473193322,63.63866309000273,4.984551874124405,419.36068685534286,1114.627408993576,17779.13499998999,2097.3709999899997,2863.123,12818.640999999989,2878.713,14900.421999989989,16.19152450331032,GRAVE_MORTALIDAD,1
2,2,7,0,4,0,-14.423584,-72.065955,0,4,7,1,2,2,2,3,2025,6,3,0,7,1,2,6543.555,2.0,4,4,1.0,14,33,1198.0,0.339323744940919,67.8567694463257,60.573677132379146,5.206321478431428,388.7128879370376,24527.03426124197,17779.13499998999,2097.3709999899997,2863.123,12818.640999999989,2878.713,14900.421999989989,16.19152450331032,LEVE,2
6,1,7,0,4,1,-14.117843,-71.415313,0,4,7,1,2,2,2,2,2025,6,3,0,11,1,2,7586.903,2.0,2,0,1.0,9,5,1198.0,0.4337173562104641,75.15065004139942,79.9974723492709,7.143524482711378,473.5348889931674,5193.304068522484,17779.13499998999,2097.3709999899997,2863.123,12818.640999999989,2878.713,14900.421999989989,16.19152450331032,LEVE,2
1,1,3,2,4,1,-16.3961866718,-71.5837398566,0,3,1,1,2,0,1,0,2025,6,4,0,4,0,0,1504.4250000000002,2.0,2,0,1.0,7,25,241.0,0.6411767862503931,77.2408324916572,78.204125011303,10.595705083047717,1107.223861768016,193412.3169164882,10322.272,1495.236,1749.739,7077.2970000000005,2886.595,7435.677000000001,27.964725207783708,LEVE,2
6,1,3,0,4,1,-15.67704,-71.05146,7,4,7,1,2,1,1,0,2025,6,4,0,11,1,0,568.5409999999999,1.0,2,3,0.0,9,3,93.0,0.4498224071382834,81.63336343193146,58.84842497065013,5.774685730039019,620.6584683449911,1358.612419700214,10322.272,1495.236,1749.739,7077.2970000000005,2886.595,7435.677000000001,27.964725207783708,LEVE,2
0,1,7,2,3,4,-13.5295024109189,-71.9361138743671,0,3,7,1,4,2,2,4,2025,6,4,0,23,2,2,6543.555,2.0,4,4,1.0,14,33,1198.0,0.6806292796157144,77.51447806142957,82.6599812385644,11.044400293146794,1245.5372385926626,131240.7944325482,17779.13499998999,2097.3709999899997,2863.123,12818.640999999989,2878.713,14900.421999989989,16.19152450331032,LEVE,2
10,1,7,2,2,4,-13.5415198428003,-71.9153935500898,0,2,0,1,2,2,2,2,2025,6,6,1,4,0,2,6543.555,2.0,4,4,1.0,14,33,1198.0,0.6806292796157144,77.51447806142957,82.6599812385644,11.044400293146794,1245.5372385926626,131240.7944325482,17779.13499998999,2097.3709999899997,2863.123,12818.640999999989,2878.713,14900.421999989989,16.19152450331032,LEVE,2
3,2,7,0,4,0,-13.769763,-71.94924,0,4,0,1,1,2,2,2,2025,6,6,1,10,1,2,6543.555,2.0,4,4,1.0,14,33,1198.0,0.2980836729142476,62.914678307619695,69.48296141667373,3.79138990417463,365.98036203306685,1289.7537473233406,17779.13499998999,2097.3709999899997,2863.123,12818.640999999989,2878.713,14900.421999989989,16.19152450331032,LEVE,2
1,1,14,0,4,1,-11.4857237,-77.3058397,0,4,7,1,2,2,2,0,2025,6,6,1,18,2,0,6543.555,3.0,2,0,1.0,0,30,1475.0,0.6328991168419597,79.8522840328396,72.51785912375117,8.65057438382499,1190.6734036432963,65701.61456102783,7626.313,1683.4029999999998,1599.0829999999996,4343.827000000001,1814.875,5811.438000000001,23.797541485643197,LEVE,2
3,2,21,0,4,1,-6.033405,-77.203167,0,4,7,1,2,2,2,2,2025,6,0,0,7,1,1,7758.33400008,2.0,2,0,1.0,9,20,2133.0,0.5963332411867256,73.80959983510441,63.34953560123128,8.251886446437874,1232.7304200473363,24031.167023554604,5645.136,815.0759999999999,965.298,3864.762,1013.406,4631.73,17.95184385283189,LEVE,2
6,1,7,0,4,1,-13.135677,-72.288038,5,4,0,1,2,2,2,2,2025,6,0,0,11,1,2,3447.8009999999995,1.0,2,3,0.0,9,12,1109.0,0.4436910265814239,73.23231952981627,68.31759937357421,6.347812015893606,607.5963608103546,11277.284796573877,17779.13499998999,2097.3709999899997,2863.123,12818.640999999989,2878.713,14900.421999989989,16.19152450331032,GRAVE_MORTALIDAD,1
3,5,5,2,4,2,-7.17154049663413,-78.4500720679302,0,0,7,0,4,2,2,2,2025,6,0,0,14,3,2,6543.555,2.0,4,4,1.0,14,33,1198.0,0.4873182795359782,74.24096566709692,64.6877883123536,6.6248391576573376,776.4319899416191,48280.91862955032,15935.565011852366,1733.9250000199986,935.692,13265.948011832368,2000.1670000199988,13935.398011832369,12.551591352627522,LEVE,2
6,1,8,0,4,2,-12.816963501686,-74.9548410272543,0,4,7,1,1,2,2,0,2025,6,0,0,15,3,2,6543.555,2.0,4,4,1.0,14,33,1198.0,0.6115577679846016,69.4715106582134,81.41341310644326,10.846605635197736,1091.214473177582,41539.0278372591,8511.426,1445.3929999999996,2008.516,5057.516999999999,1879.579,6631.846999999998,22.08300935706896,GRAVE_MORTALIDAD,1
6,1,7,0,4,0,-13.33082,-71.591043,0,4,0,0,2,0,1,2,2025,6,1,0,10,1,2,6543.555,2.0,4,4,1.0,14,33,1198.0,0.2466226927938573,59.50771953912937,42.678907967899015,3.991373779253808,285.51302601039464,12676.173447537472,17779.13499998999,2097.3709999899997,2863.123,12818.640999999989,2878.713,14900.421999989989,16.19152450331032,LEVE,2
3,1,7,0,4,0,-12.948258,-71.414833,0,4,0,1,2,2,2,2,2025,6,2,0,5,0,2,6543.555,2.0,4,4,1.0,14,33,1198.0,0.3612121566150602,62.7406214315804,65.88597983983321,5.981484630062685,454.3036246295292,5308.728051391863,17779.13499998999,2097.3709999899997,2863.123,12818.640999999989,2878.713,14900.421999989989,16.19152450331032,LEVE,2
8,1,7,2,5,4,-13.5125615401785,-71.9916657131263,0,0,0,0,3,2,2,4,2025,6,2,0,15,3,2,6543.555,2.0,4,4,1.0,14,33,1198.0,0.659083927657813,75.61465237849653,81.09709385188002,11.294406746128049,1171.1134172238742,122604.71092077089,17779.13499998999,2097.3709999899997,2863.123,12818.640999999989,2878.713,14900.421999989989,16.19152450331032,LEVE,2
3,2,21,2,6,4,-6.03463687142622,-76.9727714169503,0,0,1,1,2,2,2,0,2025,6,4,0,12,3,1,6543.555,2.0,4,4,1.0,14,33,1198.0,0.5294800468051228,72.46713251445857,60.50982579904599,7.757161651692042,952.984823255978,86435.21199143468,5645.136,815.0759999999999,965.298,3864.762,1013.406,4631.73,17.95184385283189,LEVE,2
5,2,21,0,4,1,-5.795907,-77.410965,0,4,7,1,2,2,2,0,2025,6,5,1,19,2,1,7758.33400008,2.0,2,0,1.0,9,20,2133.0,0.3490236341472501,73.80303880571165,34.287308240418106,5.251593843982846,481.3272995041394,11414.025695931476,5645.136,815.0759999999999,965.298,3864.762,1013.406,4631.73,17.95184385283189,LEVE,2
1,1,1,2,4,3,-9.17576929975099,-77.3649404930691,0,4,1,1,2,2,2,0,2025,6,5,1,20,2,2,6543.555,2.0,4,4,1.0,14,33,1198.0,0.4295929300670698,70.82552525256294,56.17354212731762,6.41923360731264,633.5844117830641,4896.169164882228,10767.648,1885.0630000000003,1222.721,7659.864000000001,2100.343,8667.305000000002,19.506051832303577,LEVE,2
6,1,3,2,4,1,-16.402334,-71.584648,0,2,0,1,2,2,2,0,2025,6,6,1,3,0,0,1504.4250000000002,2.0,2,0,1.0,7,25,241.0,0.6411767862503931,77.2408324916572,78.204125011303,10.595705083047717,1107.223861768016,193412.3169164882,10322.272,1495.236,1749.739,7077.2970000000005,2886.595,7435.677000000001,27.964725207783708,LEVE,2
6,1,5,0,4,2,-6.118831,-78.951358,0,4,0,1,1,2,2,2,2025,6,6,1,9,1,2,6543.555,2.0,4,4,1.0,14,33,1198.0,0.3376083017713408,75.94590632761323,33.375617175125186,3.943688421298141,532.676256693481,9173.08993576017,15935.565011852366,1733.9250000199986,935.692,13265.948011832368,2000.1670000199988,13935.398011832369,12.551591352627522,GRAVE_MORTALIDAD,1
0,1,7,0,3,4,-12.9618293420773,-72.6644823557048,0,4,7,1,2,2,2,2,2025,6,0,0,18,2,2,6543.555,2.0,4,4,1.0,14,33,1198.0,0.4183542411977864,78.60420986928908,65.97202423964534,7.0147021896379735,445.4415464917241,4086.477516059957,17779.13499998999,2097.3709999899997,2863.123,12818.640999999989,2878.713,14900.421999989989,16.19152450331032,LEVE,2
1,1,1,0,4,1,-9.21178479661363,-77.6899685334868,0,4,1,1,2,2,2,0,2025,6,1,0,21,2,2,9936.932,2.0,2,0,1.0,9,32,3830.0,0.2358666576620399,69.68958452462475,39.06021927642114,3.4651330080250284,237.9148748123651,2022.079229122056,10767.648,1885.0630000000003,1222.721,7659.864000000001,2100.343,8667.305000000002,19.506051832303577,LEVE,2
3,2,21,2,4,1,-6.05309342957726,-77.1569169372298,0,3,0,1,2,2,2,2,2025,6,2,0,6,1,1,7758.33400008,2.0,2,0,1.0,9,20,2133.0,0.5963332411867256,73.80959983510441,63.34953560123128,8.251886446437874,1232.7304200473363,24031.167023554604,5645.136,815.0759999999999,965.298,3864.762,1013.406,4631.73,17.95184385283189,LEVE,2
6,1,4,0,4,3,-13.870951,-73.817526,0,4,0,1,7,2,2,2,2025,6,2,0,6,1,2,6543.555,2.0,4,4,1.0,14,33,1198.0,0.2550146536013822,66.57768571589438,41.33567601767229,4.6368415293519245,240.28980548786373,1091.338329764454,12678.733000000004,1805.074000000001,1774.0339999999994,9099.625000000004,2485.375000000001,10193.358000000002,19.602707936195205,LEVE,2