CLASE SINIESTRO,CANTIDAD DE VEHICULOS DAÑADOS,DEPARTAMENTO,ZONA,TIPO DE VÍA,RED VIAL,COORDENADAS LATITUD,COORDENADAS  LONGITUD,CONDICIÓN CLIMÁTICA,ZONIFICACIÓN,CARACTERÍSTICAS DE VÍA,PERFIL LONGITUDINAL VÍA,SUPERFICIE DE CALZADA,¿EXISTE SEÑAL VERTICAL?,¿EXISTE SEÑAL HORIZONTAL?,CAUSA FACTOR PRINCIPAL,AÑO,MES,DIA_SEMANA,ES_FIN_SEMANA,HORA_NUM,FRANJA_HORARIA,REGION_NATURAL,MTC_RVN_LONGITUD_KM,MTC_RVN_N_CARRILES_MEDIANA,MTC_RVN_SUPERFICIE_DOMINANTE,MTC_RVN_ESTADO_DOMINANTE,MTC_RVN_ES_CONCESIONADA,MTC_RVN_CONCESION_PRINCIPAL,MTC_RVN_CORREDOR_LOGISTICO,MTC_RVN_N_TRAMOS,IDH_2019,IDH_ESP_VIDA_2019,IDH_EDUC_SECUND_PCT_2019,IDH_ANIOS_EDUC_2019,IDH_INGRESO_PERCAP_2019,IDH_POBLACION_2019,MTC_DEP_RED_TOTAL_KM,MTC_DEP_NACIONAL_TOTAL_KM,MTC_DEP_DEPARTAMENTAL_TOTAL_KM,MTC_DEP_VECINAL_TOTAL_KM,MTC_DEP_PAV_TOTAL_KM,MTC_DEP_NO_PAV_TOTAL_KM,MTC_DEP_PCT_PAVIMENTADA,CATEGORIA_SEVERIDAD,CATEGORIA_SEVERIDAD_ENC
3,2,4,0,4,1,-13.0615749435509,-74.16638307526644,0,4,0,0,2,1,0,2,2025,8,4,0,3,0,2,3447.8009999999995,1.0,2,3,0.0,9,12,1109.0,0.3047264078916316,64.3603943646096,59.34157706697757,5.078528732132377,322.25271540749634,5716.304068522484,12678.733000000004,1805.074000000001,1774.0339999999994,9099.625000000004,2485.375000000001,10193.358000000002,19.602707936195205,LEVE,2
3,2,21,0,4,0,-5.969565,-77.049934,0,4,7,1,2,2,2,0,2025,8,5,1,19,2,1,6543.555,2.0,4,4,1.0,14,33,1198.0,0.4025996168881118,74.20835243540654,47.89706691371516,5.340221843324684,602.575833049756,3284.385438972163,5645.136,815.0759999999999,965.298,3864.762,1013.406,4631.73,17.95184385283189,LEVE,2
6,1,7,0,4,1,-13.0044258790302,-72.5073675104983,0,4,0,1,2,1,0,2,2025,8,6,1,11,1,2,3447.8009999999995,1.0,2,3,0.0,9,12,1109.0,0.4706944943299555,76.79406176595778,61.64424635983724,7.141255198110581,653.4175319142125,3282.6252676659524,17779.13499998999,2097.3709999899997,2863.123,12818.640999999989,2878.713,14900.421999989989,16.19152450331032,LEVE,2
0,1,7,0,4,2,-12.975169641189671,-71.42560913187148,0,4,7,1,1,2,2,2,2025,8,1,0,18,2,2,6543.555,2.0,4,4,1.0,14,33,1198.0,0.3612121566150602,62.7406214315804,65.88597983983321,5.981484630062685,454.3036246295292,5308.728051391863,17779.13499998999,2097.3709999899997,2863.123,12818.640999999989,2878.713,14900.421999989989,16.19152450331032,LEVE,2
0,2,7,0,4,1,-14.310066876000374,-71.20737808213053,0,4,7,1,2,2,2,4,2025,8,1,0,19,2,2,7586.903,2.0,2,0,1.0,9,5,1198.0,0.5265643824923771,76.3202150422939,72.59240802938885,8.636399400985075,746.7361126929013,59032.11777301927,17779.13499998999,2097.3709999899997,2863.123,12818.640999999989,2878.713,14900.421999989989,16.19152450331032,LEVE,2
6,1,8,0,4,2,-12.947990773751666,-74.77038499862464,0,4,7,1,1,2,2,0,2025,8,4,0,12,3,2,6543.555,2.0,4,4,1.0,14,33,1198.0,0.4056633829243492,69.45097928216407,60.39184769973637,6.0909028309190765,554.9540179364546,2397.8629550321198,8511.426,1445.3929999999996,2008.516,5057.516999999999,1879.579,6631.846999999998,22.08300935706896,GRAVE_LESIONADOS,0
6,1,3,0,4,0,-16.541826,-71.705467,0,4,7,0,2,1,1,0,2025,8,5,1,5,0,0,6543.555,2.0,4,4,1.0,14,33,1198.0,0.6105481451420971,78.10653088113892,68.35418098658066,8.411557426919764,1158.5430895193692,35025.678800856535,10322.272,1495.236,1749.739,7077.2970000000005,2886.595,7435.677000000001,27.964725207783708,LEVE,2
5,2,4,2,4,1,-13.161954486572489,-74.217768271299,0,3,0,0,2,2,2,2,2025,8,5,1,21,2,2,7586.903,2.0,2,0,1.0,9,5,1198.0,0.4899437684165864,67.47987002059479,71.17852875589804,8.937906787668284,719.5543619178692,35359.0,12678.733000000004,1805.074000000001,1774.0339999999994,9099.625000000004,2485.375000000001,10193.358000000002,19.602707936195205,GRAVE_MORTALIDAD,1
1,1,4,0,4,1,-13.195297,-74.202945,0,4,7,0,2,2,2,4,2025,8,5,1,21,2,2,7586.903,2.0,2,0,1.0,9,5,1198.0,0.5434028420964154,74.57852402616055,77.17897354337184,9.727501250603307,764.2338344578611,55908.47323340471,12678.733000000004,1805.074000000001,1774.0339999999994,9099.625000000004,2485.375000000001,10193.358000000002,19.602707936195205,LEVE,2
0,1,3,2,2,4,-16.4309176408146,-71.5263979161553,0,0,7,1,2,0,1,0,2025,8,6,1,17,3,0,6543.555,2.0,4,4,1.0,14,33,1198.0,0.7453744058790387,79.4589730074046,82.73398367318066,12.665195784530074,1448.5317937470898,76620.6295503212,10322.272,1495.236,1749.739,7077.2970000000005,2886.595,7435.677000000001,27.964725207783708,LEVE,2
10,1,8,0,4,1,-13.3475197344348,-74.6916430396068,2,4,0,0,2,1,0,6,2025,8,0,0,14,3,2,1679.5849999999998,2.0,2,3,1.0,9,24,315.0,0.2997946406100768,72.83003345209801,46.42647217987546,4.997510303405721,292.6881439974165,3327.8779443254816,8511.426,1445.3929999999996,2008.516,5057.516999999999,1879.579,6631.846999999998,22.08300935706896,LEVE,2
6,1,8,0,4,1,-13.368891,-75.771641,0,4,7,1,2,2,2,0,2025,8,2,0,12,3,2,1482.81,1.0,1,3,0.0,9,16,270.0,0.3411173070312999,59.28231177702783,46.11417699668435,7.126424301872526,446.7355805404694,1172.0728051391864,8511.426,1445.3929999999996,2008.516,5057.516999999999,1879.579,6631.846999999998,22.08300935706896,GRAVE_MORTALIDAD,1
6,1,7,0,4,2,-13.017787,-72.046501,0,4,0,1,2,2,2,2,2025,8,3,0,5,0,2,6543.555,2.0,4,4,1.0,14,33,1198.0,0.2310138329166804,69.70483973976968,39.26079785509049,3.4363371208003386,226.75902356837,5501.668094218416,17779.13499998999,2097.3709999899997,2863.123,12818.640999999989,2878.713,14900.421999989989,16.19152450331032,GRAVE_MORTALIDAD,1
10,1,3,2,3,4,-16.35246577048342,-71.55154583287722,0,3,7,0,2,0,1,0,2025,8,3,0,17,3,0,6543.555,2.0,4,4,1.0,14,33,1198.0,0.6738551636003771,78.16730405462371,80.12651178794934,11.26654579524565,1199.6180061497348,97926.27408993576,10322.272,1495.236,1749.739,7077.2970000000005,2886.595,7435.677000000001,27.964725207783708,LEVE,2
6,1,8,0,4,2,-12.491183,-74.960655,0,4,7,1,7,2,2,0,2025,8,4,0,23,2,2,6543.555,2.0,4,4,1.0,14,33,1198.0,0.3197508632812603,73.35600919181914,47.73247021173725,4.747967817478287,352.6352900736821,3265.2034261241965,8511.426,1445.3929999999996,2008.516,5057.516999999999,1879.579,6631.846999999998,22.08300935706896,GRAVE_MORTALIDAD,1
10,1,3,2,2,4,-16.333158,-71.576935,7,0,0,1,2,1,1,0,2025,8,5,1,1,0,0,6543.555,2.0,4,4,1.0,14,33,1198.0,0.6411767862503931,77.2408324916572,78.204125011303,10.595705083047717,1107.223861768016,193412.3169164882,10322.272,1495.236,1749.739,7077.2970000000005,2886.595,7435.677000000001,27.964725207783708,LEVE,2
6,2,7,0,4,1,-13.489751,-72.061916,0,4,7,1,2,2,2,2,2025,8,5,1,9,1,2,7586.903,2.0,2,0,1.0,9,5,1198.0,0.5501839526247441,74.57018076662551,79.68189360555867,8.95789239551298,819.0489811909576,2400.9036402569595,17779.13499998999,2097.3709999899997,2863.123,12818.640999999989,2878.713,14900.421999989989,16.19152450331032,GRAVE_MORTALIDAD,1
0,1,7,0,4,1,-13.4613157,-72.289675,0,4,7,1,2,2,2,4,2025,8,6,1,0,0,2,7586.903,2.0,2,0,1.0,9,5,1198.0,0.2811173960891883,77.11100763906057,59.78223574586323,5.012239116376277,206.45731953948768,6402.226980728051,17779.13499998999,2097.3709999899997,2863.123,12818.640999999989,2878.713,14900.421999989989,16.19152450331032,LEVE,2
6,1,23,0,4,1,-3.9516883245415135,-80.94752307923065,0,4,0,0,2,2,2,2,2025,8,6,1,4,0,0,6543.555,3.0,2,0,1.0,0,30,1475.0,0.541317038400816,72.94324989979708,53.43656724071051,7.565486393755631,1085.5161080725888,6440.817708333333,1009.101,138.47399999999996,287.471,583.156,276.972,732.129,27.447401201663663,LEVE,2
6,1,21,2,4,1,-6.041788,-77.13269,0,3,0,1,2,2,2,0,2025,9,0,0,0,0,1,7758.33400008,2.0,2,0,1.0,9,20,2133.0,0.5147882301210585,74.70882653725891,51.74890369370718,6.543161279603341,1011.2929178100565,4267.862955032119,5645.136,815.0759999999999,965.298,3864.762,1013.406,4631.73,17.95184385283189,LEVE,2
6,1,8,0,4,3,-12.398457131576746,-74.8868624413422,0,4,7,1,7,2,2,0,2025,9,0,0,9,1,2,6543.555,2.0,4,4,1.0,14,33,1198.0,0.3072776616792935,70.23921279847005,63.20823203819893,5.207069920011393,278.563905979456,4622.456102783726,8511.426,1445.3929999999996,2008.516,5057.516999999999,1879.579,6631.846999999998,22.08300935706896,LEVE,2
0,0,7,0,4,1,-13.622459,-71.546893,0,4,7,1,2,1,0,2,2025,9,0,0,15,3,2,3263.58,2.0,2,0,1.0,5,18,566.0,0.2069338210823644,70.18429139615611,51.55366663392733,3.191922704338107,164.0274050481397,17389.845824411135,17779.13499998999,2097.3709999899997,2863.123,12818.640999999989,2878.713,14900.421999989989,16.19152450331032,LEVE,2
1,1,4,0,4,1,-13.357008,-74.414337,6,5,6,2,6,2,2,0,2025,9,0,0,18,2,2,1679.5849999999998,2.0,2,3,1.0,9,24,315.0,0.1859776092837948,69.85250115366037,39.77024304701982,3.1640035399309645,143.5227500887571,15617.884368308352,12678.733000000004,1805.074000000001,1774.0339999999994,9099.625000000004,2485.375000000001,10193.358000000002,19.602707936195205,LEVE,2
10,1,7,0,4,0,-14.339286351337746,-72.00417709519428,0,4,7,1,1,2,2,2,2025,9,1,0,18,2,2,6543.555,2.0,4,4,1.0,14,33,1198.0,0.3582063239468129,73.72125513625039,50.68912238545782,4.370934077592676,495.5648271945098,7210.27408993576,17779.13499998999,2097.3709999899997,2863.123,12818.640999999989,2878.713,14900.421999989989,16.19152450331032,LEVE,2
6,1,4,0,4,0,-13.466142434885144,-74.649562141937,2,4,0,1,7,2,2,2,2025,9,2,0,15,3,2,6543.555,2.0,4,4,1.0,14,33,1198.0,0.2587772817968213,78.2313731727826,42.59351526103478,4.069708361522777,219.52972987349307,3876.4004282655246,12678.733000000004,1805.074000000001,1774.0339999999994,9099.625000000004,2485.375000000001,10193.358000000002,19.602707936195205,LEVE,2
3,2,4,0,4,1,-13.352814223552134,-74.6544330697182,0,4,0,0,2,1,0,2,2025,9,2,0,23,2,2,1679.5849999999998,2.0,2,3,1.0,9,24,315.0,0.2587772817968213,78.2313731727826,42.59351526103478,4.069708361522777,219.52972987349307,3876.4004282655246,12678.733000000004,1805.074000000001,1774.0339999999994,9099.625000000004,2485.375000000001,10193.358000000002,19.602707936195205,LEVE,2
0,1,7,2,3,4,-12.912910792486867,-71.40525960842317,0,3,7,1,4,2,2,2,2025,9,3,0,6,1,2,6543.555,2.0,4,4,1.0,14,33,1198.0,0.3612121566150602,62.7406214315804,65.88597983983321,5.981484630062685,454.3036246295292,5308.728051391863,17779.13499998999,2097.3709999899997,2863.123,12818.640999999989,2878.713,14900.421999989989,16.19152450331032,LEVE,2
6,1,8,0,4,1,-13.328889,-74.992257,0,4,7,1,1,2,2,0,2025,9,3,0,13,3,2,151.11500000000004,1.0,1,3,0.0,9,32,37.0,0.2997946406100768,72.83003345209801,46.42647217987546,4.997510303405721,292.6881439974165,3327.8779443254816,8511.426,1445.3929999999996,2008.516,5057.516999999999,1879.579,6631.846999999998,22.08300935706896,LEVE,2
6,1,7,2,4,0,-14.29925320828684,-72.03678189618539,0,4,7,1,1,2,2,2,2025,9,3,0,17,3,2,6543.555,2.0,4,4,1.0,14,33,1198.0,0.3582063239468129,73.72125513625039,50.68912238545782,4.370934077592676,495.5648271945098,7210.27408993576,17779.13499998999,2097.3709999899997,2863.123,12818.640999999989,2878.713,14900.421999989989,16.19152450331032,LEVE,2
3,1,3,0,4,1,-15.86967,-71.137238,0,4,7,1,2,0,1,2,2025,9,4,0,0,0,0,1504.4250000000002,2.0,2,0,1.0,7,25,241.0,0.4498224071382834,81.63336343193146,58.84842497065013,5.774685730039019,620.6584683449911,1358.612419700214,10322.272,1495.236,1749.739,7077.2970000000005,2886.595,7435.677000000001,27.964725207783708,LEVE,2
10,2,7,0,4,1,-14.336007306413311,-71.95862143020156,0,4,7,1,2,2,2,2,2025,9,4,0,17,3,2,781.9099999999999,-1.0,0,3,0.0,9,32,75.0,0.3582063239468129,73.72125513625039,50.68912238545782,4.370934077592676,495.5648271945098,7210.27408993576,17779.13499998999,2097.3709999899997,2863.123,12818.640999999989,2878.713,14900.421999989989,16.19152450331032,LEVE,2
3,2,21,0,4,1,-5.826285,-77.372659,0,4,7,1,2,2,2,2,2025,9,4,0,20,2,1,7758.33400008,2.0,2,0,1.0,9,20,2133.0,0.4789759027469384,73.43778249935497,54.01635312204597,6.285279694551369,847.2910954428505,47552.6295503212,5645.136,815.0759999999999,965.298,3864.762,1013.406,4631.73,17.95184385283189,GRAVE_MORTALIDAD,1
6,1,3,0,4,1,-16.24303793358947,-71.67024990420613,0,4,0,0,2,1,1,0,2025,9,5,1,9,1,0,1504.4250000000002,2.0,2,0,1.0,7,25,241.0,0.6005060748875158,78.21704200773246,77.40211893847457,8.994742794352394,996.014120858737,33335.45824411135,10322.272,1495.236,1749.739,7077.2970000000005,2886.595,7435.677000000001,27.964725207783708,LEVE,2
0,1,7,2,3,4,-13.530732,-71.959368,0,3,7,1,4,2,2,4,2025,9,6,1,21,2,2,6543.555,2.0,4,4,1.0,14,33,1198.0,0.7389014524656411,77.12870395561643,80.53659510982042,13.123552539892293,1463.2590919973347,61899.75802997858,17779.13499998999,2097.3709999899997,2863.123,12818.640999999989,2878.713,14900.421999989989,16.19152450331032,LEVE,2
4,1,21,2,4,1,-5.733252,-77.506772,0,3,0,0,2,2,2,0,2025,9,0,0,2,0,1,7758.33400008,2.0,2,0,1.0,9,20,2133.0,0.395409368693869,74.01814372927417,48.94523443220634,5.029353255237231,594.0921143791977,22212.160599571733,5645.136,815.0759999999999,965.298,3864.762,1013.406,4631.73,17.95184385283189,LEVE,2
0,1,7,2,3,4,-13.530732,-71.959368,5,3,7,1,4,0,1,4,2025,9,0,0,22,2,2,6543.555,2.0,4,4,1.0,14,33,1198.0,0.7389014524656411,77.12870395561643,80.53659510982042,13.123552539892293,1463.2590919973347,61899.75802997858,17779.13499998999,2097.3709999899997,2863.123,12818.640999999989,2878.713,14900.421999989989,16.19152450331032,LEVE,2
5,1,4,0,4,1,-13.200099,-74.205363,0,4,7,0,2,1,0,2,2025,9,1,0,1,0,2,7586.903,2.0,2,0,1.0,9,5,1198.0,0.5434028420964154,74.57852402616055,77.17897354337184,9.727501250603307,764.2338344578611,55908.47323340471,12678.733000000004,1805.074000000001,1774.0339999999994,9099.625000000004,2485.375000000001,10193.358000000002,19.602707936195205,LEVE,2
6,1,7,0,4,1,-14.479037,-72.093613,0,4,0,1,1,2,2,2,2025,9,1,0,9,1,2,1780.161,1.0,1,3,0.0,9,32,490.0,0.339323744940919,67.8567694463257,60.573677132379146,5.206321478431428,388.7128879370376,24527.03426124197,17779.13499998999,2097.3709999899997,2863.123,12818.640999999989,2878.713,14900.421999989989,16.19152450331032,LEVE,2
6,1,4,0,4,1,-13.384927044679095,-74.19011049669709,0,4,7,1,2,2,2,2,2025,9,1,0,23,2,2,1682.702,1.0,1,0,0.0,9,32,305.0,0.3247312330485405,68.57537050324747,46.66146619568446,5.125443322268163,386.5923984732166,6998.3704496788005,12678.733000000004,1805.074000000001,1774.0339999999994,9099.625000000004,2485.375000000001,10193.358000000002,19.602707936195205,LEVE,2
3,2,7,0,4,1,-14.15364,-71.391025,0,4,7,1,2,2,2,2,2025,9,2,0,15,3,2,7586.903,2.0,2,0,1.0,9,5,1198.0,0.4337173562104641,75.15065004139942,79.9974723492709,7.143524482711378,473.5348889931674,5193.304068522484,17779.13499998999,2097.3709999899997,2863.123,12818.640999999989,2878.713,14900.421999989989,16.19152450331032,LEVE,2
1,1,7,0,4,1,-12.944911,-72.670273,0,4,0,1,2,2,2,2,2025,9,4,0,3,0,2,3447.8009999999995,1.0,2,3,0.0,9,12,1109.0,0.5803892132127203,77.20158157453214,80.09764322421019,9.63293466488124,868.3252877671093,30810.066381156317,17779.13499998999,2097.3709999899997,2863.123,12818.640999999989,2878.713,14900.421999989989,16.19152450331032,LEVE,2
6,1,7,0,4,2,-13.357721,-71.556543,0,4,7,1,1,2,2,2,2025,9,6,1,7,1,2,6543.555,2.0,4,4,1.0,14,33,1198.0,0.2466226927938573,59.50771953912937,42.678907967899015,3.991373779253808,285.51302601039464,12676.173447537472,17779.13499998999,2097.3709999899997,2863.123,12818.640999999989,2878.713,14900.421999989989,16.19152450331032,LEVE,2
10,1,21,2,6,4,-5.953819,-77.302342,0,0,7,1,2,2,2,0,2025,9,0,0,4,0,1,6543.555,2.0,4,4,1.0,14,33,1198.0,0.4789759027469384,73.43778249935497,54.01635312204597,6.285279694551369,847.2910954428505,47552.6295503212,5645.136,815.0759999999999,965.298,3864.762,1013.406,4631.73,17.95184385283189,LEVE,2
6,1,14,0,4,2,-11.2247331,-76.9100512,7,4,5,0,7,2,2,0,2025,9,0,0,5,0,0,6543.555,2.0,4,4,1.0,14,33,1198.0,0.338207770396321,77.08483292263683,52.32680920272645,5.731381929347789,323.6137846955919,1795.188436830835,7626.313,1683.4029999999998,1599.0829999999996,4343.827000000001,1814.875,5811.438000000001,23.797541485643197,LEVE,2
3,1,3,0,4,1,-15.530523,-71.055222,0,4,7,1,2,1,1,0,2025,9,0,0,12,3,0,568.5409999999999,1.0,2,3,0.0,9,3,93.0,0.469770063095885,81.27982348835346,51.76965101353756,5.826975220426941,746.0309965688718,1373.7301927194858,10322.272,1495.236,1749.739,7077.2970000000005,2886.595,7435.677000000001,27.964725207783708,LEVE,2
3,3,21,0,4,1,-6.044842,-77.008884,0,4,7,1,2,2,2,2,2025,9,0,0,22,2,1,7758.33400008,2.0,2,0,1.0,9,20,2133.0,0.5294800468051228,72.46713251445857,60.50982579904599,7.757161651692042,952.984823255978,86435.21199143468,5645.136,815.0759999999999,965.298,3864.762,1013.406,4631.73,17.95184385283189,LEVE,2
3,2,7,0,4,1,-13.242697,-72.293616,0,4,7,1,2,2,2,2,2025,9,1,0,3,0,2,3447.8009999999995,1.0,2,3,0.0,9,12,1109.0,0.4436910265814239,73.23231952981627,68.31759937357421,6.347812015893606,607.5963608103546,11277.284796573877,17779.13499998999,2097.3709999899997,2863.123,12818.640999999989,2878.713,14900.421999989989,16.19152450331032,GRAVE_MORTALIDAD,1
1,1,3,2,4,1,-16.726349,-71.870022,5,4,7,0,2,1,1,0,2025,9,1,0,18,2,0,6639.975,2.0,2,0,1.0,9,31,1616.0,0.6105481451420971,78.10653088113892,68.35418098658066,8.411557426919764,1158.5430895193692,35025.678800856535,10322.272,1495.236,1749.739,7077.2970000000005,2886.595,7435.677000000001,27.964725207783708,LEVE,2
6,1,4,0,4,1,-13.354,-74.792,0,3,0,0,2,1,0,2,2025,9,2,0,1,0,2,1679.5849999999998,2.0,2,3,1.0,9,24,315.0,0.2587772817968213,78.2313731727826,42.59351526103478,4.069708361522777,219.52972987349307,3876.4004282655246,12678.733000000004,1805.074000000001,1774.0339999999994,9099.625000000004,2485.375000000001,10193.358000000002,19.602707936195205,GRAVE_LESIONADOS,0
1,1,14,0,4,1,-11.4099354,-77.3765669,0,4,7,0,2,1,0,0,2025,9,2,0,6,1,0,6543.555,3.0,2,0,1.0,0,30,1475.0,0.7327345537337897,78.20903814342847,76.31492653513806,13.642917835589472,1405.6698219039215,62016.21841541756,7626.313,1683.4029999999998,1599.0829999999996,4343.827000000001,1814.875,5811.438000000001,23.797541485643197,LEVE,2
1,1,7,0,2,4,-14.8018082194192,-71.4167482630405,0,3,7,1,4,2,2,2,2025,9,2,0,8,1,2,6543.555,2.0,4,4,1.0,14,33,1198.0,0.553052655456334,69.21726434550523,74.04128761826507,8.709280027519238,977.6848841665504,33976.192719486084,17779.13499998999,2097.3709999899997,2863.123,12818.640999999989,2878.713,14900.421999989989,16.19152450331032,LEVE,2
0,1,7,0,4,0,-13.999685,-71.52858,0,4,0,1,1,2,2,4,2025,9,4,0,15,3,2,6543.555,2.0,4,4,1.0,14,33,1198.0,0.2839733004600617,60.62202310654004,65.3437272939549,4.857201866936671,288.4908469332223,3215.259100642398,17779.13499998999,2097.3709999899997,2863.123,12818.640999999989,2878.713,14900.421999989989,16.19152450331032,LEVE,2
0,0,4,0,4,2,-13.366,-74.313,0,4,7,0,1,2,2,4,2025,9,4,0,16,3,2,6543.555,2.0,4,4,1.0,14,33,1198.0,0.1859776092837948,69.85250115366037,39.77024304701982,3.1640035399309645,143.5227500887571,15617.884368308352,12678.733000000004,1805.074000000001,1774.0339999999994,9099.625000000004,2485.375000000001,10193.358000000002,19.602707936195205,LEVE,2
1,1,3,2,6,4,-16.40197,-71.5762,0,0,7,1,2,1,1,0,2025,9,4,0,20,2,0,6543.555,2.0,4,4,1.0,14,33,1198.0,0.6411767862503931,77.2408324916572,78.204125011303,10.595705083047717,1107.223861768016,193412.3169164882,10322.272,1495.236,1749.739,7077.2970000000005,2886.595,7435.677000000001,27.964725207783708,LEVE,2
0,1,7,0,4,1,-14.29031,-71.221327,0,4,7,1,4,2,2,4,2025,9,5,1,13,3,2,7586.903,2.0,2,0,1.0,9,5,1198.0,0.5265643824923771,76.3202150422939,72.59240802938885,8.636399400985075,746.7361126929013,59032.11777301927,17779.13499998999,2097.3709999899997,2863.123,12818.640999999989,2878.713,14900.421999989989,16.19152450331032,LEVE,2
6,1,8,0,4,1,-12.665855,-74.712145,0,4,7,1,4,2,2,0,2025,9,5,1,14,3,2,778.685,-1.0,1,0,0.0,9,32,160.0,0.307095146119662,76.81714663053356,65.38121087509398,5.2153365399199,243.45603655769963,29603.12847965739,8511.426,1445.3929999999996,2008.516,5057.516999999999,1879.579,6631.846999999998,22.08300935706896,LEVE,2
0,1,7,2,4,1,-13.532413,-71.962001,0,3,7,1,4,1,0,2,2025,9,5,1,19,2,2,7586.903,2.0,2,0,1.0,9,5,1198.0,0.7389014524656411,77.12870395561643,80.53659510982042,13.123552539892293,1463.2590919973347,61899.75802997858,17779.13499998999,2097.3709999899997,2863.123,12818.640999999989,2878.713,14900.421999989989,16.19152450331032,LEVE,2
1,0,7,0,2,4,-13.553208,-71.881763,0,4,7,1,2,2,2,2,2025,9,5,1,20,2,2,6543.555,2.0,4,4,1.0,14,33,1198.0,0.6549025615332805,78.59637500870319,78.62696287300767,10.432612491698492,1156.1148957567648,59698.74304068524,17779.13499998999,2097.3709999899997,2863.123,12818.640999999989,2878.713,14900.421999989989,16.19152450331032,LEVE,2
3,2,21,2,2,4,-6.060153,-77.179152,7,0,1,1,2,2,2,0,2025,9,0,0,10,1,1,6543.555,2.0,4,4,1.0,14,33,1198.0,0.5963332411867256,73.80959983510441,63.34953560123128,8.251886446437874,1232.7304200473363,24031.167023554604,5645.136,815.0759999999999,965.298,3864.762,1013.406,4631.73,17.95184385283189,LEVE,2
3,2,23,0,4,0,-3.68369253583533,-80.43698072015664,0,4,7,1,2,2,2,2,2025,9,3,0,17,3,0,6543.555,2.0,4,4,1.0,14,33,1198.0,0.5386194716735454,74.7787740016357,67.49100182625884,7.936807809408202,894.646897473815,7012.0428265524615,1009.101,138.47399999999996,287.471,583.156,276.972,732.129,27.447401201663663,LEVE,2
3,2,21,0,4,1,-6.04457,-77.144425,0,4,7,1,2,2,2,0,2025,9,5,1,1,0,1,7758.33400008,2.0,2,0,1.0,9,20,2133.0,0.5147882301210585,74.70882653725891,51.74890369370718,6.543161279603341,1011.2929178100565,4267.862955032119,5645.136,815.0759999999999,965.298,3864.762,1013.406,4631.73,17.95184385283189,LEVE,2
0,0,4,2,8,4,-13.1543899554773,-74.2009359944067,0,3,7,1,7,2,2,2,2025,9,5,1,9,1,2,6543.555,2.0,4,4,1.0,14,33,1198.0,0.4899437684165864,67.47987002059479,71.17852875589804,8.937906787668284,719.5543619178692,35359.0,12678.733000000004,1805.074000000001,1774.0339999999994,9099.625000000004,2485.375000000001,10193.358000000002,19.602707936195205,LEVE,2
6,1,4,0,4,1,-13.414866,-73.967526,2,4,0,0,2,2,2,2,2025,9,6,1,12,3,2,7586.903,2.0,2,0,1.0,9,5,1198.0,0.2511977866304733,68.52299906881817,41.38980764331505,5.313682333529363,203.31119593828876,9734.820128479656,12678.733000000004,1805.074000000001,1774.0339999999994,9099.625000000004,2485.375000000001,10193.358000000002,19.602707936195205,LEVE,2
3,2,14,0,4,2,-11.4243413,-77.2858457,0,4,7,1,2,2,2,0,2025,10,2,0,7,1,0,6543.555,2.0,4,4,1.0,14,33,1198.0,0.6447048661877788,79.92873744030881,69.7224229508107,9.344738893386534,1220.4608925685638,104439.11563169166,7626.313,1683.4029999999998,1599.0829999999996,4343.827000000001,1814.875,5811.438000000001,23.797541485643197,LEVE,2
3,1,3,0,4,1,-15.8505087913192,-71.1140051338093,0,4,7,1,2,2,2,0,2025,10,3,0,3,0,0,1504.4250000000002,2.0,2,0,1.0,7,25,241.0,0.4498224071382834,81.63336343193146,58.84842497065013,5.774685730039019,620.6584683449911,1358.612419700214,10322.272,1495.236,1749.739,7077.2970000000005,2886.595,7435.677000000001,27.964725207783708,GRAVE_LESIONADOS,0
3,2,7,0,4,1,-13.617150416740582,-71.25246657565249,0,4,7,1,2,2,2,2,2025,10,3,0,7,1,2,3263.58,2.0,2,0,1.0,5,18,566.0,0.2701433460922377,67.03086854576458,59.596346222865,3.690268129191559,281.2948228692088,16118.58886509636,17779.13499998999,2097.3709999899997,2863.123,12818.640999999989,2878.713,14900.421999989989,16.19152450331032,GRAVE_MORTALIDAD,1
3,2,7,0,4,1,-13.932017,-71.503561,0,4,7,1,2,2,2,2,2025,10,0,0,3,0,2,7586.903,2.0,2,0,1.0,9,5,1198.0,0.2817996466757569,61.46221967841442,59.94392749373902,5.22767318167762,273.6262823371238,4178.871520342613,17779.13499998999,2097.3709999899997,2863.123,12818.640999999989,2878.713,14900.421999989989,16.19152450331032,LEVE,2
1,1,21,2,4,1,-6.049896,-77.17306,0,0,7,1,2,2,2,0,2025,10,0,0,5,0,1,7758.33400008,2.0,2,0,1.0,9,20,2133.0,0.5963332411867256,73.80959983510441,63.34953560123128,8.251886446437874,1232.7304200473363,24031.167023554604,5645.136,815.0759999999999,965.298,3864.762,1013.406,4631.73,17.95184385283189,LEVE,2
6,1,7,0,4,0,-13.849161,-71.945618,0,4,7,0,1,2,2,2,2025,10,1,0,5,0,2,6543.555,2.0,4,4,1.0,14,33,1198.0,0.2244190091334229,64.64082794550986,42.795438259848936,3.80933887341347,206.36543146846336,2897.199143468951,17779.13499998999,2097.3709999899997,2863.123,12818.640999999989,2878.713,14900.421999989989,16.19152450331032,LEVE,2