CLASE SINIESTRO,CANTIDAD DE VEHICULOS DAÑADOS,DEPARTAMENTO,ZONA,TIPO DE VÍA,RED VIAL,COORDENADAS LATITUD,COORDENADAS  LONGITUD,CONDICIÓN CLIMÁTICA,ZONIFICACIÓN,CARACTERÍSTICAS DE VÍA,PERFIL LONGITUDINAL VÍA,SUPERFICIE DE CALZADA,¿EXISTE SEÑAL VERTICAL?,¿EXISTE SEÑAL HORIZONTAL?,CAUSA FACTOR PRINCIPAL,AÑO,MES,DIA_SEMANA,ES_FIN_SEMANA,HORA_NUM,FRANJA_HORARIA,REGION_NATURAL,MTC_RVN_LONGITUD_KM,MTC_RVN_N_CARRILES_MEDIANA,MTC_RVN_SUPERFICIE_DOMINANTE,MTC_RVN_ESTADO_DOMINANTE,MTC_RVN_ES_CONCESIONADA,MTC_RVN_CONCESION_PRINCIPAL,MTC_RVN_CORREDOR_LOGISTICO,MTC_RVN_N_TRAMOS,IDH_2019,IDH_ESP_VIDA_2019,IDH_EDUC_SECUND_PCT_2019,IDH_ANIOS_EDUC_2019,IDH_INGRESO_PERCAP_2019,IDH_POBLACION_2019,MTC_DEP_RED_TOTAL_KM,MTC_DEP_NACIONAL_TOTAL_KM,MTC_DEP_DEPARTAMENTAL_TOTAL_KM,MTC_DEP_VECINAL_TOTAL_KM,MTC_DEP_PAV_TOTAL_KM,MTC_DEP_NO_PAV_TOTAL_KM,MTC_DEP_PCT_PAVIMENTADA,CATEGORIA_SEVERIDAD,CATEGORIA_SEVERIDAD_ENC
3,2,4,2,4,1,-12.941257,-74.251382,0,4,0,0,2,1,0,2,2025,10,1,0,14,3,2,7586.903,2.0,2,0,1.0,9,5,1198.0,0.4493406382074752,74.14434204360414,69.22696974128239,7.465486734942583,554.5288150874046,45975.54773927236,12678.733000000004,1805.074000000001,1774.0339999999994,9099.625000000004,2485.375000000001,10193.358000000002,19.602707936195205,LEVE,2
3,1,7,0,4,1,-13.650235,-71.592558,0,4,0,1,2,2,2,2,2025,10,2,0,17,3,2,3263.58,2.0,2,0,1.0,5,18,566.0,0.4629184740681672,65.5665792285447,72.8013940331536,7.251714555673934,719.1023705109678,7985.920770877943,17779.13499998999,2097.3709999899997,2863.123,12818.640999999989,2878.713,14900.421999989989,16.19152450331032,GRAVE_MORTALIDAD,1
6,1,3,2,4,2,-16.465726,-71.541744,0,4,1,1,2,2,2,0,2025,10,4,0,16,3,0,6543.555,2.0,4,4,1.0,14,33,1198.0,0.6667517543391563,77.72519918989518,79.84779472154914,11.061117097797226,1187.188317676406,87112.27408993576,10322.272,1495.236,1749.739,7077.2970000000005,2886.595,7435.677000000001,27.964725207783708,LEVE,2
3,1,3,2,4,1,-16.393403,-71.583374,0,0,7,1,2,0,1,2,2025,10,5,1,6,1,0,1504.4250000000002,2.0,2,0,1.0,7,25,241.0,0.6411767862503931,77.2408324916572,78.204125011303,10.595705083047717,1107.223861768016,193412.3169164882,10322.272,1495.236,1749.739,7077.2970000000005,2886.595,7435.677000000001,27.964725207783708,LEVE,2
6,1,8,0,4,1,-12.503808764420713,-74.84291259122247,0,4,0,1,2,1,0,2,2025,10,5,1,9,1,2,7586.903,2.0,2,0,1.0,9,5,1198.0,0.4978126391348558,76.18846528483702,75.15849085403467,8.220987270289033,646.4318586582874,10082.402569593149,8511.426,1445.3929999999996,2008.516,5057.516999999999,1879.579,6631.846999999998,22.08300935706896,GRAVE_MORTALIDAD,1
6,1,21,0,4,2,-6.271443,-76.77876,0,4,7,0,1,2,2,0,2025,10,5,1,16,3,1,6543.555,2.0,4,4,1.0,14,33,1198.0,0.3333052963989162,71.41266115066519,50.31288029341144,4.505229835455347,416.1192158407731,17759.14989293362,5645.136,815.0759999999999,965.298,3864.762,1013.406,4631.73,17.95184385283189,LEVE,2
0,1,21,0,4,1,-5.90214823812371,-77.3268810992615,0,4,7,1,2,2,2,0,2025,10,5,1,18,2,1,7758.33400008,2.0,2,0,1.0,9,20,2133.0,0.4789759027469384,73.43778249935497,54.01635312204597,6.285279694551369,847.2910954428505,47552.6295503212,5645.136,815.0759999999999,965.298,3864.762,1013.406,4631.73,17.95184385283189,LEVE,2
3,2,21,2,4,1,-5.943543,-77.306208,0,0,7,1,2,2,2,0,2025,10,6,1,5,0,1,7758.33400008,2.0,2,0,1.0,9,20,2133.0,0.4789759027469384,73.43778249935497,54.01635312204597,6.285279694551369,847.2910954428505,47552.6295503212,5645.136,815.0759999999999,965.298,3864.762,1013.406,4631.73,17.95184385283189,GRAVE_LESIONADOS,0
0,1,21,0,4,1,-6.25973743865179,-76.7817149577015,0,4,7,1,2,2,2,0,2025,10,6,1,22,2,1,7758.33400008,2.0,2,0,1.0,9,20,2133.0,0.3333052963989162,71.41266115066519,50.31288029341144,4.505229835455347,416.1192158407731,17759.14989293362,5645.136,815.0759999999999,965.298,3864.762,1013.406,4631.73,17.95184385283189,LEVE,2
6,1,23,0,4,2,-3.6929703,-80.4471108,0,4,0,0,2,1,0,2,2025,10,0,0,12,3,0,6543.555,2.0,4,4,1.0,14,33,1198.0,0.5386194716735454,74.7787740016357,67.49100182625884,7.936807809408202,894.646897473815,7012.0428265524615,1009.101,138.47399999999996,287.471,583.156,276.972,732.129,27.447401201663663,LEVE,2
6,1,7,0,4,2,-13.357721,-71.556543,0,4,0,1,1,2,2,2,2025,10,1,0,7,1,2,6543.555,2.0,4,4,1.0,14,33,1198.0,0.2466226927938573,59.50771953912937,42.678907967899015,3.991373779253808,285.51302601039464,12676.173447537472,17779.13499998999,2097.3709999899997,2863.123,12818.640999999989,2878.713,14900.421999989989,16.19152450331032,LEVE,2
0,1,21,0,4,1,-5.7307818955892,-77.5299189207874,0,4,7,1,2,2,2,4,2025,10,2,0,18,2,1,7758.33400008,2.0,2,0,1.0,9,20,2133.0,0.395409368693869,74.01814372927417,48.94523443220634,5.029353255237231,594.0921143791977,22212.160599571733,5645.136,815.0759999999999,965.298,3864.762,1013.406,4631.73,17.95184385283189,LEVE,2
3,2,8,0,4,1,-12.7727366,-74.5922933,0,4,0,0,2,1,0,2,2025,10,4,0,15,3,2,778.685,-1.0,1,0,0.0,9,32,160.0,0.2215265046905056,74.81473766188749,56.52031666434728,3.7714587632736456,150.22200869400956,6747.850107066381,8511.426,1445.3929999999996,2008.516,5057.516999999999,1879.579,6631.846999999998,22.08300935706896,LEVE,2
0,1,7,0,4,1,-14.309416,-71.207773,0,0,4,1,2,2,2,4,2025,10,5,1,11,1,2,7586.903,2.0,2,0,1.0,9,5,1198.0,0.5265643824923771,76.3202150422939,72.59240802938885,8.636399400985075,746.7361126929013,59032.11777301927,17779.13499998999,2097.3709999899997,2863.123,12818.640999999989,2878.713,14900.421999989989,16.19152450331032,LEVE,2
6,1,7,0,4,2,-13.456858,-71.898928,0,4,7,1,1,2,2,2,2025,10,5,1,23,2,2,6543.555,2.0,4,4,1.0,14,33,1198.0,0.3854606520670675,78.88797910851082,75.26298601433699,5.942700379355102,370.4502500235893,4673.113490364026,17779.13499998999,2097.3709999899997,2863.123,12818.640999999989,2878.713,14900.421999989989,16.19152450331032,GRAVE_MORTALIDAD,1
6,1,3,2,4,2,-16.470257,-71.495631,0,4,7,1,2,0,0,0,2025,10,6,1,19,2,0,6543.555,2.0,4,4,1.0,14,33,1198.0,0.6166469235795027,77.77225006805689,77.91875276745213,10.140371959554365,1006.4103716604302,12645.16488222698,10322.272,1495.236,1749.739,7077.2970000000005,2886.595,7435.677000000001,27.964725207783708,LEVE,2
3,2,21,0,4,1,-6.04139014457038,-77.1883271275821,0,4,7,1,2,2,2,2,2025,10,1,0,6,1,1,7758.33400008,2.0,2,0,1.0,9,20,2133.0,0.5963332411867256,73.80959983510441,63.34953560123128,8.251886446437874,1232.7304200473363,24031.167023554604,5645.136,815.0759999999999,965.298,3864.762,1013.406,4631.73,17.95184385283189,LEVE,2
6,1,3,2,4,1,-16.035324,-71.40243,0,4,0,1,2,1,0,0,2025,10,2,0,6,1,0,1021.21199996,1.0,0,2,0.0,9,32,277.0,0.6005060748875158,78.21704200773246,77.40211893847457,8.994742794352394,996.014120858737,33335.45824411135,10322.272,1495.236,1749.739,7077.2970000000005,2886.595,7435.677000000001,27.964725207783708,LEVE,2
3,1,3,0,4,1,-15.834422,-74.293082,0,4,0,0,2,0,1,0,2025,10,3,0,18,2,0,6639.975,2.0,2,0,1.0,9,31,1616.0,0.5759660838327949,85.0,57.78458871790271,8.237349280259481,955.2212903110584,731.8543897216274,10322.272,1495.236,1749.739,7077.2970000000005,2886.595,7435.677000000001,27.964725207783708,GRAVE_MORTALIDAD,1
6,1,3,0,4,1,-16.9936099,-71.7304756,4,4,0,1,2,1,0,0,2025,10,6,1,6,1,0,6639.975,2.0,2,0,1.0,9,31,1616.0,0.6449493635682252,78.44719582624413,79.23084709401536,8.759364777311836,1226.330683483547,8054.678800856533,10322.272,1495.236,1749.739,7077.2970000000005,2886.595,7435.677000000001,27.964725207783708,GRAVE_LESIONADOS,0
10,1,21,0,4,1,-6.03949550117566,-77.098177417361,0,4,7,1,2,2,2,2,2025,10,6,1,6,1,1,7758.33400008,2.0,2,0,1.0,9,20,2133.0,0.5147882301210585,74.70882653725891,51.74890369370718,6.543161279603341,1011.2929178100565,4267.862955032119,5645.136,815.0759999999999,965.298,3864.762,1013.406,4631.73,17.95184385283189,LEVE,2
6,1,8,0,4,2,-13.0456499590814,-74.3943412134477,0,4,0,1,2,2,2,1,2025,10,1,0,14,3,2,6543.555,2.0,4,4,1.0,14,33,1198.0,0.2885674365297043,73.1469860309209,85.31614394281824,7.697661128249196,159.00228503326167,6289.650963597431,8511.426,1445.3929999999996,2008.516,5057.516999999999,1879.579,6631.846999999998,22.08300935706896,LEVE,2
3,2,14,0,4,3,-11.5122467,-77.1423172,0,4,7,1,2,2,2,0,2025,10,3,0,11,1,0,6543.555,2.0,4,4,1.0,14,33,1198.0,0.606011890732538,79.10580202061365,64.14379964647316,7.172095916125169,1269.9879605915198,20981.39186295503,7626.313,1683.4029999999998,1599.0829999999996,4343.827000000001,1814.875,5811.438000000001,23.797541485643197,LEVE,2
3,2,21,0,4,1,-5.816409,-77.38497,0,4,7,1,2,2,2,2,2025,11,6,1,4,0,1,7758.33400008,2.0,2,0,1.0,9,20,2133.0,0.3490236341472501,73.80303880571165,34.287308240418106,5.251593843982846,481.3272995041394,11414.025695931476,5645.136,815.0759999999999,965.298,3864.762,1013.406,4631.73,17.95184385283189,LEVE,2
3,1,7,0,4,0,-14.338814616316428,-72.06086568259929,0,4,7,1,2,2,2,2,2025,11,6,1,14,3,2,6543.555,2.0,4,4,1.0,14,33,1198.0,0.3582063239468129,73.72125513625039,50.68912238545782,4.370934077592676,495.5648271945098,7210.27408993576,17779.13499998999,2097.3709999899997,2863.123,12818.640999999989,2878.713,14900.421999989989,16.19152450331032,LEVE,2
3,2,8,0,4,1,-12.979089,-74.736443,0,4,0,0,2,1,0,2,2025,11,2,0,8,1,2,943.58,1.0,1,0,0.0,9,32,135.0,0.3648777342527826,72.61386206398959,50.19709555656983,5.638488277525374,444.6393044914551,24733.083511777302,8511.426,1445.3929999999996,2008.516,5057.516999999999,1879.579,6631.846999999998,22.08300935706896,GRAVE_LESIONADOS,0
0,1,3,2,3,4,-16.424305,-71.534437,0,4,7,1,2,0,1,0,2025,11,3,0,20,2,0,6543.555,2.0,4,4,1.0,14,33,1198.0,0.7453744058790387,79.4589730074046,82.73398367318066,12.665195784530074,1448.5317937470898,76620.6295503212,10322.272,1495.236,1749.739,7077.2970000000005,2886.595,7435.677000000001,27.964725207783708,LEVE,2
6,1,7,0,4,1,-15.051019,-71.12941,0,4,4,1,2,2,2,2,2025,11,4,0,20,2,2,568.5409999999999,1.0,2,3,0.0,9,3,93.0,0.3491291336434085,68.34579473193322,63.63866309000273,4.984551874124405,419.36068685534286,1114.627408993576,17779.13499998999,2097.3709999899997,2863.123,12818.640999999989,2878.713,14900.421999989989,16.19152450331032,LEVE,2
3,1,3,2,4,1,-16.980001,-71.781158,0,3,2,1,2,0,1,0,2025,11,5,1,8,1,0,6639.975,2.0,2,0,1.0,9,31,1616.0,0.6449493635682252,78.44719582624413,79.23084709401536,8.759364777311836,1226.330683483547,8054.678800856533,10322.272,1495.236,1749.739,7077.2970000000005,2886.595,7435.677000000001,27.964725207783708,LEVE,2
3,1,3,0,4,1,-16.500944,-72.929594,0,4,0,1,2,1,1,6,2025,11,6,1,23,2,0,6639.975,2.0,2,0,1.0,9,31,1616.0,0.6284906431913255,82.78407372565209,71.14349913795081,8.056064718969015,1169.9648513716202,6654.391862955032,10322.272,1495.236,1749.739,7077.2970000000005,2886.595,7435.677000000001,27.964725207783708,LEVE,2
0,1,7,0,4,1,-13.3126008970692,-72.0122844128497,0,4,7,1,2,2,2,4,2025,11,1,0,7,1,2,3447.8009999999995,1.0,2,3,0.0,9,12,1109.0,0.4562958894633943,70.99144093489087,58.8848672914879,7.768452023359112,649.1045217688833,23833.353319057816,17779.13499998999,2097.3709999899997,2863.123,12818.640999999989,2878.713,14900.421999989989,16.19152450331032,LEVE,2
3,1,3,2,2,4,-16.331055,-72.197832,0,3,7,1,2,0,1,0,2025,11,3,0,0,0,0,6543.555,2.0,4,4,1.0,14,33,1198.0,0.6077843615696785,76.53072135400231,69.81276959706165,8.77367759087771,1135.5159013374655,74658.55888650964,10322.272,1495.236,1749.739,7077.2970000000005,2886.595,7435.677000000001,27.964725207783708,LEVE,2
1,1,14,2,4,1,-11.6039142,-77.2063534,0,1,7,0,2,1,0,0,2025,11,3,0,12,3,0,6543.555,3.0,2,0,1.0,0,30,1475.0,0.606011890732538,79.10580202061365,64.14379964647316,7.172095916125169,1269.9879605915198,20981.39186295503,7626.313,1683.4029999999998,1599.0829999999996,4343.827000000001,1814.875,5811.438000000001,23.797541485643197,LEVE,2
3,2,23,2,4,1,-3.4914283,-80.2676616,0,4,7,1,2,2,2,2,2025,11,5,1,0,0,0,34.68,2.0,2,0,0.0,9,32,10.0,0.4809550242578706,73.07176248806164,62.28512716598154,7.343272081128487,729.1613405110833,22758.41541755889,1009.101,138.47399999999996,287.471,583.156,276.972,732.129,27.447401201663663,LEVE,2
6,1,21,0,4,1,-6.048196,-77.147931,0,4,7,1,2,2,2,2,2025,11,5,1,17,3,1,7758.33400008,2.0,2,0,1.0,9,20,2133.0,0.5147882301210585,74.70882653725891,51.74890369370718,6.543161279603341,1011.2929178100565,4267.862955032119,5645.136,815.0759999999999,965.298,3864.762,1013.406,4631.73,17.95184385283189,LEVE,2
3,1,3,2,4,1,-15.819738,-71.07154,0,3,7,1,2,0,1,0,2025,11,6,1,3,0,0,1504.4250000000002,2.0,2,0,1.0,7,25,241.0,0.4498224071382834,81.63336343193146,58.84842497065013,5.774685730039019,620.6584683449911,1358.612419700214,10322.272,1495.236,1749.739,7077.2970000000005,2886.595,7435.677000000001,27.964725207783708,LEVE,2
3,1,3,2,2,4,-16.4294248605063,-71.4988601070911,0,4,7,1,2,2,2,0,2025,11,0,0,7,1,0,6543.555,2.0,4,4,1.0,14,33,1198.0,0.6497628344872909,78.50677470622946,79.58517547019379,10.832141867699551,1100.753355561081,126056.75374732334,10322.272,1495.236,1749.739,7077.2970000000005,2886.595,7435.677000000001,27.964725207783708,LEVE,2
6,1,3,0,4,2,-17.001671,-72.054978,0,4,7,1,2,0,1,0,2025,11,2,0,5,0,0,6543.555,2.0,4,4,1.0,14,33,1198.0,0.5784035125051519,74.737535639558,71.5667957422958,10.005034846291316,929.7976738409852,7264.014989293362,10322.272,1495.236,1749.739,7077.2970000000005,2886.595,7435.677000000001,27.964725207783708,LEVE,2
1,1,21,0,4,2,-5.90903125229912,-77.2690975319528,0,4,7,1,2,2,2,0,2025,11,2,0,23,2,1,6543.555,2.0,4,4,1.0,14,33,1198.0,0.4797278789109669,73.57625129312893,47.93902103362005,6.3765489816209255,890.1840358018073,3398.1798715203427,5645.136,815.0759999999999,965.298,3864.762,1013.406,4631.73,17.95184385283189,LEVE,2
3,1,3,0,4,1,-16.677733,-71.870904,0,4,7,1,2,0,1,0,2025,11,4,0,22,2,0,6639.975,2.0,2,0,1.0,9,31,1616.0,0.6105481451420971,78.10653088113892,68.35418098658066,8.411557426919764,1158.5430895193692,35025.678800856535,10322.272,1495.236,1749.739,7077.2970000000005,2886.595,7435.677000000001,27.964725207783708,LEVE,2
6,1,14,0,4,1,-11.6070792,-77.2143235,0,4,7,0,2,1,0,0,2025,11,6,1,4,0,0,6543.555,3.0,2,0,1.0,0,30,1475.0,0.606011890732538,79.10580202061365,64.14379964647316,7.172095916125169,1269.9879605915198,20981.39186295503,7626.313,1683.4029999999998,1599.0829999999996,4343.827000000001,1814.875,5811.438000000001,23.797541485643197,LEVE,2
0,1,23,0,4,1,-3.5084116,-80.2982707,0,4,0,0,2,1,0,2,2025,11,6,1,20,2,0,6543.555,3.0,2,0,1.0,0,30,1475.0,0.5517527352166962,72.19810860253655,65.69527868627884,9.147232287140229,937.8014966124026,23389.404710920768,1009.101,138.47399999999996,287.471,583.156,276.972,732.129,27.447401201663663,LEVE,2
3,2,23,0,4,1,-3.5892631,-80.4766528,0,4,7,1,2,2,2,2,2025,11,5,1,4,0,0,6543.555,3.0,2,0,1.0,0,30,1475.0,0.5691277377037675,76.83860361118322,66.3560753457607,8.686409348773196,962.153294603348,23971.755888650965,1009.101,138.47399999999996,287.471,583.156,276.972,732.129,27.447401201663663,LEVE,2
0,1,7,2,3,4,-14.2833294456838,-71.2297416225971,0,3,7,1,1,2,2,1,2025,11,5,1,17,3,2,6543.555,2.0,4,4,1.0,14,33,1198.0,0.5265643824923771,76.3202150422939,72.59240802938885,8.636399400985075,746.7361126929013,59032.11777301927,17779.13499998999,2097.3709999899997,2863.123,12818.640999999989,2878.713,14900.421999989989,16.19152450331032,LEVE,2
3,1,3,0,4,1,-16.391638,-72.20298,0,4,7,1,2,0,1,0,2025,11,6,1,4,0,0,6639.975,2.0,2,0,1.0,9,31,1616.0,0.6077843615696785,76.53072135400231,69.81276959706165,8.77367759087771,1135.5159013374655,74658.55888650964,10322.272,1495.236,1749.739,7077.2970000000005,2886.595,7435.677000000001,27.964725207783708,GRAVE_MORTALIDAD,1
6,1,7,0,4,0,-13.868303188960542,-71.94447683501927,0,4,0,1,1,2,2,2,2025,11,6,1,7,1,2,6543.555,2.0,4,4,1.0,14,33,1198.0,0.2244190091334229,64.64082794550986,42.795438259848936,3.80933887341347,206.36543146846336,2897.199143468951,17779.13499998999,2097.3709999899997,2863.123,12818.640999999989,2878.713,14900.421999989989,16.19152450331032,LEVE,2
0,1,21,0,4,1,-5.79701341737171,-77.4096056460597,0,4,7,1,2,2,2,0,2025,11,6,1,19,2,1,7758.33400008,2.0,2,0,1.0,9,20,2133.0,0.3490236341472501,73.80303880571165,34.287308240418106,5.251593843982846,481.3272995041394,11414.025695931476,5645.136,815.0759999999999,965.298,3864.762,1013.406,4631.73,17.95184385283189,LEVE,2
1,1,21,0,4,1,-5.860813,-77.347487,0,4,7,1,2,2,2,0,2025,12,0,0,0,0,1,7758.33400008,2.0,2,0,1.0,9,20,2133.0,0.4789759027469384,73.43778249935497,54.01635312204597,6.285279694551369,847.2910954428505,47552.6295503212,5645.136,815.0759999999999,965.298,3864.762,1013.406,4631.73,17.95184385283189,LEVE,2
3,3,21,0,4,1,-6.019445,-77.2288,0,4,7,0,2,2,2,0,2025,12,1,0,13,3,1,7758.33400008,2.0,2,0,1.0,9,20,2133.0,0.5963332411867256,73.80959983510441,63.34953560123128,8.251886446437874,1232.7304200473363,24031.167023554604,5645.136,815.0759999999999,965.298,3864.762,1013.406,4631.73,17.95184385283189,LEVE,2
6,1,21,0,4,2,-5.92976302902708,-77.3089590151594,0,4,7,1,2,2,2,0,2025,12,4,0,10,1,1,6543.555,2.0,4,4,1.0,14,33,1198.0,0.4789759027469384,73.43778249935497,54.01635312204597,6.285279694551369,847.2910954428505,47552.6295503212,5645.136,815.0759999999999,965.298,3864.762,1013.406,4631.73,17.95184385283189,LEVE,2
3,2,21,2,6,4,-6.137788,-77.104915,0,1,1,1,2,2,2,0,2025,12,4,0,16,3,1,6543.555,2.0,4,4,1.0,14,33,1198.0,0.4209273482033048,73.3551698063197,46.02617740809915,5.54816545192792,689.4538596354846,31717.576017130617,5645.136,815.0759999999999,965.298,3864.762,1013.406,4631.73,17.95184385283189,LEVE,2
0,1,14,2,4,1,-11.5914173,-77.2572694,0,4,7,0,2,2,2,0,2025,12,5,1,19,2,0,6543.555,3.0,2,0,1.0,0,30,1475.0,0.6328991168419597,79.8522840328396,72.51785912375117,8.65057438382499,1190.6734036432963,65701.61456102783,7626.313,1683.4029999999998,1599.0829999999996,4343.827000000001,1814.875,5811.438000000001,23.797541485643197,LEVE,2
3,2,14,0,4,1,-11.6729712,-77.1965717,0,4,5,1,2,2,2,0,2025,12,6,1,2,0,0,114.25,2.0,2,0,1.0,12,32,15.0,0.606011890732538,79.10580202061365,64.14379964647316,7.172095916125169,1269.9879605915198,20981.39186295503,7626.313,1683.4029999999998,1599.0829999999996,4343.827000000001,1814.875,5811.438000000001,23.797541485643197,LEVE,2
3,2,14,0,4,1,-11.4694393,-77.3095766,0,4,7,0,2,2,2,0,2025,12,6,1,6,1,0,6543.555,3.0,2,0,1.0,0,30,1475.0,0.6328991168419597,79.8522840328396,72.51785912375117,8.65057438382499,1190.6734036432963,65701.61456102783,7626.313,1683.4029999999998,1599.0829999999996,4343.827000000001,1814.875,5811.438000000001,23.797541485643197,LEVE,2
3,2,21,2,4,1,-5.96118,-77.29743,0,4,7,1,2,2,2,0,2025,12,6,1,11,1,1,7758.33400008,2.0,2,0,1.0,9,20,2133.0,0.4789759027469384,73.43778249935497,54.01635312204597,6.285279694551369,847.2910954428505,47552.6295503212,5645.136,815.0759999999999,965.298,3864.762,1013.406,4631.73,17.95184385283189,LEVE,2
6,1,21,2,4,2,-6.00111373027902,-76.9812832517358,0,2,2,0,1,2,2,0,2025,12,6,1,17,3,1,6543.555,2.0,4,4,1.0,14,33,1198.0,0.5294800468051228,72.46713251445857,60.50982579904599,7.757161651692042,952.984823255978,86435.21199143468,5645.136,815.0759999999999,965.298,3864.762,1013.406,4631.73,17.95184385283189,LEVE,2
3,2,23,2,4,1,-3.614284,-80.51437,0,4,7,1,2,1,0,2,2025,12,0,0,19,2,0,6543.555,3.0,2,0,1.0,0,30,1475.0,0.5691277377037675,76.83860361118322,66.3560753457607,8.686409348773196,962.153294603348,23971.755888650965,1009.101,138.47399999999996,287.471,583.156,276.972,732.129,27.447401201663663,LEVE,2
3,1,3,0,4,0,-16.459298,-71.624885,0,4,0,0,2,1,1,2,2025,12,1,0,15,3,0,6543.555,2.0,4,4,1.0,14,33,1198.0,0.6689013265491138,80.68275010974979,77.5560025217936,10.466309714908672,1190.454984819332,14385.036402569593,10322.272,1495.236,1749.739,7077.2970000000005,2886.595,7435.677000000001,27.964725207783708,GRAVE_LESIONADOS,0
1,1,14,0,4,1,-11.676886,-77.1837419,0,4,7,0,2,2,2,0,2025,12,4,0,12,3,0,6543.555,3.0,2,0,1.0,0,30,1475.0,0.606011890732538,79.10580202061365,64.14379964647316,7.172095916125169,1269.9879605915198,20981.39186295503,7626.313,1683.4029999999998,1599.0829999999996,4343.827000000001,1814.875,5811.438000000001,23.797541485643197,LEVE,2
3,1,3,0,4,1,-15.315688,-74.907817,0,4,7,1,2,2,2,0,2025,12,4,0,16,3,0,6639.975,2.0,2,0,1.0,9,31,1616.0,0.5140293355498681,82.11897853059659,54.01885147561242,9.200693902288776,697.8064626086847,1477.7837259100645,10322.272,1495.236,1749.739,7077.2970000000005,2886.595,7435.677000000001,27.964725207783708,LEVE,2
3,2,21,0,4,1,-6.052769,-77.156114,0,4,7,1,2,2,2,0,2025,12,5,1,20,2,1,7758.33400008,2.0,2,0,1.0,9,20,2133.0,0.5963332411867256,73.80959983510441,63.34953560123128,8.251886446437874,1232.7304200473363,24031.167023554604,5645.136,815.0759999999999,965.298,3864.762,1013.406,4631.73,17.95184385283189,LEVE,2
6,1,3,2,4,2,-16.460456,-71.547633,0,3,7,1,2,2,2,0,2025,12,6,1,2,0,0,6543.555,2.0,4,4,1.0,14,33,1198.0,0.6667517543391563,77.72519918989518,79.84779472154914,11.061117097797226,1187.188317676406,87112.27408993576,10322.272,1495.236,1749.739,7077.2970000000005,2886.595,7435.677000000001,27.964725207783708,LEVE,2
6,1,21,2,4,1,-5.94353015523087,-77.306147902828,0,0,7,1,2,2,2,2,2025,12,0,0,12,3,1,7758.33400008,2.0,2,0,1.0,9,20,2133.0,0.4789759027469384,73.43778249935497,54.01635312204597,6.285279694551369,847.2910954428505,47552.6295503212,5645.136,815.0759999999999,965.298,3864.762,1013.406,4631.73,17.95184385283189,LEVE,2
5,1,3,0,4,1,-16.432225,-72.005177,0,4,7,1,2,1,1,0,2025,12,0,0,21,2,0,6639.975,2.0,2,0,1.0,9,31,1616.0,0.6455852322566902,78.58826324858522,78.38415596279924,8.472481180514539,1258.6172876652156,2628.282655246253,10322.272,1495.236,1749.739,7077.2970000000005,2886.595,7435.677000000001,27.964725207783708,LEVE,2
6,1,21,0,4,1,-6.098945,-76.869748,0,4,7,1,2,2,2,0,2025,12,0,0,23,2,1,7758.33400008,2.0,2,0,1.0,9,20,2133.0,0.3492524985551798,73.87945975179423,47.35782955662357,4.584830643679292,457.969668231556,16120.93790149893,5645.136,815.0759999999999,965.298,3864.762,1013.406,4631.73,17.95184385283189,LEVE,2
6,1,23,0,4,0,-3.7124443,-80.4526939,0,4,0,0,2,1,0,2,2025,12,3,0,3,0,0,6543.555,2.0,4,4,1.0,14,33,1198.0,0.5487372145199809,74.84097561571106,72.74741822907339,8.228710766965138,889.3745801533016,8740.119914346895,1009.101,138.47399999999996,287.471,583.156,276.972,732.129,27.447401201663663,LEVE,2
3,2,23,2,4,1,-3.70561973337602,-80.7177304702349,0,3,7,1,2,2,2,2,2025,12,6,1,21,2,0,6543.555,3.0,2,0,1.0,0,30,1475.0,0.568342833663152,74.37886913017682,68.79116494388956,9.025058202905662,964.4271707185276,11360.244111349037,1009.101,138.47399999999996,287.471,583.156,276.972,732.129,27.447401201663663,LEVE,2
1,1,23,2,2,4,-3.56519282630022,-80.4588500357501,0,3,7,1,2,2,2,4,2025,12,6,1,22,2,0,6543.555,2.0,4,4,1.0,14,33,1198.0,0.6025111043634478,77.63758231637303,72.22144062196868,9.79150322507506,998.9716590818762,109744.95931477516,1009.101,138.47399999999996,287.471,583.156,276.972,732.129,27.447401201663663,LEVE,2
3,1,3,0,4,1,-15.97581,-71.227033,0,4,0,0,2,1,1,0,2025,12,2,0,3,0,0,1504.4250000000002,2.0,2,0,1.0,7,25,241.0,0.4498224071382834,81.63336343193146,58.84842497065013,5.774685730039019,620.6584683449911,1358.612419700214,10322.272,1495.236,1749.739,7077.2970000000005,2886.595,7435.677000000001,27.964725207783708,GRAVE_MORTALIDAD,1
3,1,3,2,2,4,-16.403622,-71.49484,0,1,1,0,2,1,1,0,2025,12,2,0,7,1,0,6543.555,2.0,4,4,1.0,14,33,1198.0,0.6695059447902582,78.31157187229299,82.77181279277993,11.14882835263472,1162.805854980513,56182.85653104924,10322.272,1495.236,1749.739,7077.2970000000005,2886.595,7435.677000000001,27.964725207783708,LEVE,2
6,1,23,2,4,1,-3.55800500853835,-80.4520372615088,0,3,0,1,2,1,0,2,2025,12,6,1,3,0,0,6543.555,3.0,2,0,1.0,0,30,1475.0,0.6025111043634478,77.63758231637303,72.22144062196868,9.79150322507506,998.9716590818762,109744.95931477516,1009.101,138.47399999999996,287.471,583.156,276.972,732.129,27.447401201663663,LEVE,2
6,1,3,0,4,3,-16.521657,-71.831193,0,4,7,1,1,0,1,0,2025,12,1,0,15,3,0,6543.555,2.0,4,4,1.0,14,33,1198.0,0.6105481451420971,78.10653088113892,68.35418098658066,8.411557426919764,1158.5430895193692,35025.678800856535,10322.272,1495.236,1749.739,7077.2970000000005,2886.595,7435.677000000001,27.964725207783708,LEVE,2